伊朗外长喊话欧洲国家：行使主权吧 别屈服于美欺凌,伊朗外长扎里夫（图源：美联社）海外网12月5日电 在伊核问题上，伊朗曾多次公开指责欧洲各国不履行《伊核协议》，并表示仍在等待其采取切实可行的措施落实协议内容。就在北约峰会刚结束一天后，伊朗外长扎里夫再次向欧洲各国喊话，让其行使主权，不要再屈服于美国的欺凌。据俄罗斯卫星通讯社报道，5日，扎里夫在社交平台提到了一封欧洲3国近期交给联合国秘书长的信，扎里夫称这封有关导弹研发的信就是一个“彻底的谎言”，它体现了欧洲国家在履行《伊核协议》上的无能。扎里夫表示：“如果欧洲3国还想获得一点全球可信度的话，就应该从行使主权开始，而不是屈服于美国的欺凌。”扎里夫说这番话之前，3日，伊朗副外长阿巴斯在同日本外相茂木敏会面时重申，伊朗并未寻求放弃《伊核协议》，但前提是要取消对伊朗的制裁。美国政府去年5月退出伊核协议，恢复并追加对伊制裁，试图以极限施压方式迫使伊方重新谈判。美方退出伊核协议的同时向欧洲盟友施压，要求重新启动对伊制裁。欧洲方面虽然表示继续支持协议，但同时警告称，他们的支持取决于伊朗对协议的全面承诺。自今年5月以来，伊朗一直在减少履行其对于协议的承诺以应对美国制裁，同时警告欧洲缔约方，除非采取更多措施，保护伊朗经济免受美国惩罚，否则将继续取消对本国核计划的限制。但欧洲则是强烈要求伊朗配合国际原子能组织（IAEA）的监察活动。（海外网 魏雪巍）
被特朗普批“双面人” 加总理回应：的确在议论他,在被曝光背地里调侃美国总统特朗普之后，加拿大总理特鲁多被特朗普批评为“双面人”。特鲁多稍后在新闻发布会上回应了这一事件，承认视频中自己的确在议论特朗普。据路透社、英国天空电视台和美国有线电视新闻网（CNN）12月5日报道，特鲁多在4日的新闻发布会上承认，此前曝光的他和其他国家领导人在招待会上聊天的视频中，自己的确在议论特朗普。特鲁多表示：“昨天晚上（指3日晚上的招待会）我提到了一个事实，即在我和特朗普总统会面之前有一个计划之外的发布会。”针对视频中自己 “我看见了他团队（工作人员）的下巴都掉到了地上”的说法，特鲁多称，这指的是他和特朗普进行双边会谈时，特朗普宣布明年的七国集团（G7）峰会将在美国戴维营举行，而特朗普宣布这一安排的行为也是计划外的。特鲁多说，“我们都很吃惊也很高兴”知道这一安排，还说每位领导人的团队都会时不时地被“计划外的惊喜惊掉下巴”，“比如就像那个视频一样”。今年10月，白宫宣布将在特朗普位于佛罗里达州迈阿密的高尔夫俱乐部举办G7峰会，后因外界批评取消了这一安排。此前曝光的一段视频显示，当地时间12月3日晚，在英国王宫白金汉宫举办的北约领导人招待会上，特鲁多和英国首相约翰逊、法国总统马克龙、荷兰首相吕特等人在一起聊天。约翰逊问马克龙：“这就是你迟到的原因吗？”特鲁多插话说：“他开了40分钟的发布会，所以迟到了。”特鲁多还说：“哦，对，他宣布了……”此后，英国的安妮公主也出现在视频中。特鲁多说：“我看见了他团队（工作人员）的下巴都掉到了地上。”视频中的大部分对话无法听清。虽然对话没有提到谈论的人是谁，但外界普遍认为就是特朗普。这段视频最早由加拿大广播公司（CBC）报道。CBC称，是该媒体的一名工作人员在浏览录像时，最先发现了这段对话的内容。12月4日，特朗普对媒体表示，特鲁多是个“双面人”（two-faced）。但他也称特鲁多“是个不错的人”。特朗普还称，因为自己批评加拿大的防务支出未达到GDP的2%，特鲁多“不是很高兴”。CNN报道称，北约消息人士透露，12月4日早上，特朗普和特鲁多进行了简短的沟通，但特鲁多并未道歉。另一位加拿大官员称，特鲁多将视频中事件的“背景”告知了特朗普。此外，特朗普取消了原定于北约峰会结束后举行的新闻发布会。据英国《独立报》报道，特朗普私下自夸取消发布会和批评特鲁多的行为。有录音显示，特朗普私下表示，“你知道他们会说什么吗？‘他没有开新闻发布会！他没有开新闻发布会！’”特朗普还说：“我说那个人（特鲁多）是‘双面人’的时候真有趣。”当地时间12月3日至4日，北约各成员国领导人在英国伦敦出席北约峰会，其间也举行了多场双边会谈。
香港立法会否决弹劾特首林郑月娥议案,政务司长张建宗指，林郑月娥并无违法或渎职，议案并无基础，特别呼吁非建制派与暴力割蓆，令香港回复平静。张建宗表示，政府修订逃犯条例并非履行政治任务，他批评有人倒果为因，颠倒是非，强调没有暴徒公然违法的话，警方也就没有需要执法；而针对警方执法行动的投诉，应该按既定制度处理，不应另设独立调查委员会，而政府计划成立独立检讨委员会，并非“语言伪术”，目的是要检视社会事件的前因后果，避免重蹈覆辙。身兼行会成员的立法会议员叶刘淑仪指出，林郑推动修例是有不足，但修例并不违宪。她又指，1998年民主党创党主席李柱铭首先提出尽快就中港两地移交疑犯问题与中国达成协议，当年多名民主派议员亦都支持，前政务司司长陈方安生亦认为要尽快去做，批评现时反对派却“扮失忆”，收纳税人粮的人“全球唱衰香港”，公民党更邀请美国制裁香港，对香港伤害甚大，反问他们是否对得起下一代。民主派议员批评林郑月娥漠视民意，强推修例，纵容警方滥用武力，以不合理的控罪控告示威者，造成社会撕裂。多名建制派议员表明反对，称林郑月娥未至于渎职，批评民主派纵容示威者使用暴力。辩论期间，工联会没有议员发言。
美官员竭力游说施压 北约峰会还是没把中国定为威胁,12月5日，外交部发言人华春莹主持例行记者会。有记者提问，尽管美方官员竭力游说、施压欧洲国家将中国定为威胁，但是北约峰会4日发表的伦敦宣言并未将中国定位为威胁。‌‌北约不具名的外交官称，北约认识到中国是崛起的大国，但不意味着要把中国作为新的敌人。请问发言人对此有何评论？‌‌华春莹（资料图）华春莹表示，中国的确块头很大，影响力在增强，但是我们坚持走和平发展道路，信奉的是天下一家、和而不同，倡导的是相互平等、相互尊重。中国力量的增长是和平力量的增长，是国际公平正义力量的增长。我们也注意到，北约内部也有很多不希望与中国为敌的客观的理性的声音。事实上当前世界面临的最大的威胁和挑战是单边主义和霸凌行径，就连美国的盟友都深受其害。‌‌‌制图：环球网/ 旺仔来源：人民日报客户端
王毅：任何遏制中国的图谋都将以失败告终,当地时间2019年12月5日，国务委员兼外长王毅在首尔同韩各界友好人士交流时表示，中国能取得世人瞩目的发展成就，是因为我们找到了一条正确的发展道路，即中国共产党领导下的中国特色社会主义道路。这条道路不仅符合中国国情，也顺应时代潮流；不仅被实践证明是成功的，也展现出巨大生命力；不仅获得中国人民衷心拥护，也日益受到世界上越来越多国家的理解和欢迎。王毅指出，当然，并不是所有人都希望中国成功，总有些势力千方百计抹黑中国，唱衰中国，甚至鼓吹遏制中国。这背后既有意识形态的偏见，也有强权政治的傲慢。但这些企图最终都将以失败而告终。任何一个国家都享有自身发展的权利；任何一个民族都理应受到平等的对待。冷战思维早已过时，霸权行径不得人心。中国的民族复兴是历史的必然，任何人都无法阻挡。中国的发展道路是人民的选择，一定会越走越宽广。（原题为《王毅：任何遏制中国的图谋都将以失败告终》）
中国海军第33批护航编队可可西里湖舰开展远海练兵,连日来，海军第33批护航编队可可西里湖舰以护航任务为牵引，组织开展多科目训练，提高官兵遂行多样化军事任务的能力。（原题为《我海军第33批护航编队可可西里湖舰开展远海练兵》）
美军机进入台北飞航情报区？台网友：滚！台不是战场,据台湾“中央社”12月5日报道，长期跟踪美军战机动态的推特账号美国“飞机守望”（Aircraft Spots）昨日披露，两架美军B-52H轰炸机当天自关岛基地起飞后，进入台北飞航情报区，随后返回关岛驻地。台媒报道截图报道称，“飞机守望”公布了美军B-52H轰炸机的飞行路线图，两架B-52H从关岛安德森空军基地起飞，进入台北飞航情报区巡航飞行后，再度返回安德森空军基地。据悉，飞航情报区是由国际民航组织所划定、为提供飞航情报服务和告警服务空间范围，中国共有11个飞航情报区，台北飞航情报区是其中一个。推特账号“飞机守望”（Aircraft Spots）截图“中央社”还援引所谓的军事专家陈维浩的言论称，这次的飞行有可能是“例行飞行”，美军此举是在回应解放军轰-6战机此前绕台飞行，因此开启了ADS-B（广播式自动相关监视系统），让一般民众得以了解其路径、高度。台防务部门发言人史顺文声称，对此不评论，但台军对于台湾周边海空域动态，均可运用联合情监侦作为掌握与应处，呼吁台民众放心。另据台湾《时报周刊》报道，根据飞行路线推断，从关岛起飞的美军B-52轰炸机多次进入南海、东海，还飞入了台北飞航情报区范围中，台湾“国防部”对此并没有否认，还强调对于台湾周边的海空动态，都能及时掌握并做出应变。美军方面表示这是常规的军事训练任务。面对美军B-52H轰炸机被曝曾进入台北飞航情报区，有岛内网友对此愤怒表示，“B-52滚，台湾不是战场”；还有网友称，直接发射防空导弹击落。↓有网友对此讽刺美国表示，流氓老大秀肌肉，香港不能去只能去台湾，并酸民进党说，“记得上缴保护费喔”。↓还有网友直言，美国是哪边有利益就往哪边跑，两岸和平不利于美国台海政策↓有网友则认为美军此举是要干预台湾选举，并怒斥“垃圾”↓对于台防务部门声称，台军对台湾周边海空域动态，均可运用联合情监侦作为掌握与应处，有岛内网友反问，应处了什么？F-16升空驱赶吗？他讽刺称，我看所谓的应处就是在电脑前已读不回吧。↓至于陈维浩的言论，有岛内网友讽刺，陈是“军事专家”？还是“政治专家”？美国军机路过而已，民进党不用自爽。↓还有网友怒称，台湾是想要美国攻击中国（大陆）？然后台湾承受大陆“报复”？这个当局是疯了吗？还有网友则表示，讲现实一点，B-52轰炸机在交战状态下没有绝对优势，飞来给人家当靶机吗？他还说，30年前应该还可以“吓死”解放军，这时候飞来，应该是在展示两岸和平相处的重要性了！↓
俄提议中俄两国首都建立二战“并肩胜利纪念碑”,俄罗斯中国和平、友好和发展委员会俄方主席季托夫表示，俄方提议在莫斯科和北京建伟大卫国战争和反对日本军国主义战争“并肩胜利纪念碑”。据俄卫星社12月5日消息，在当天开幕的俄罗斯中国和平、友好和发展委员会第十二次全体会议上，季托夫发表讲话时表示：“我们提议在莫斯科俯首山和北京宛平城建立伟大卫国战争和反对日本军国主义战争‘并肩’。”另外，季托夫还表示，在俄罗斯伟大卫国战争胜利75周年之际，中国是庆祝活动的主宾国之一。“为了纪念这个难忘的日子，委员会计划计划在塞瓦斯托贝尔举行‘共同胜利’战争题材电影节。”
韩官员：若驻韩美军撤走 让中国提供核保护伞怎么样,[文/观察者网 郭涵]韩美围绕驻军费的谈判始终没有进展。11月底，有韩媒透露驻韩美军正考虑撤走一个旅。而民调显示，即便美军撤出，仍有近七成韩国人拒绝接受美国大幅增加“保护费”的要求。在这样的背景下，韩国总统统一外交安全事务特别助理文正仁，12月4日在一场国际会议上抛出一个耐人寻味的问题，若驻韩美军在半岛未实现无核化的情况下撤走，“由中国来为韩国提供‘核保护伞’怎么样？”文正仁被视作韩国总统文在寅外交安保政策中最具影响力的人物之一。他去年夏天就曾公开表示，“希望韩美同盟终结”，认为这是国际关系中“非常不正常的一种状态。”文正仁：如果美国撤军，中国来提供核保护伞怎么样 《朝鲜日报》据韩国《朝鲜日报》报道，12月4日，韩国总统文在寅的统一外交安全事务特别助理文正仁，参加了由韩国国立外交院外交安保研究所举办的一场国际会议。主持会议期间，文正仁突然向与会中国代表提问：“如果美军在朝鲜半岛未实现无核化的情况下撤走，中国会为韩国提供‘核保护伞’、并在这种状态下与朝鲜谈判吗？”文正仁曾担任韩国《中央日报》报社会长、是延世大学名誉教授，在多所美国大学任教超过10年，并多次就朝鲜问题接受央视的电话采访。2017年5月，他被韩国总统文在寅任命为负责统一、外交、安全事务的总统特别助理。韩媒“pen&mike”提到，文正仁是文在寅的左右手，是政府外交与安保政策团队中最具影响力的人物之一。文正仁一直持“平衡外交”观点，认为韩国从地缘政治角度来说，不应过分仰仗任何一个国家。去年夏天，他在接受韩媒采访时公开表示：“我个人希望韩美同盟终结。”他认为，同盟是国际关系中“非常不正常”的一种状态，驻韩美军短期内应留在朝鲜半岛，但中长期来说是“不必要的”。青瓦台统一、外交、安全事务特别助理文正仁 @Photo IC文正仁这次讲话的背景是，美国近期在围绕驻韩美军军费的问题上“狮子大开口”，引发韩国民间不满。11月19日，双方最新一轮谈判无果而终。21日，《朝鲜日报》援引消息人士称，由于谈判进展不顺，美国正考虑从驻韩美军中撤走一个旅，但遭到美国防部长埃斯珀否认。美国目前在韩驻军约2.85万人。而韩国民调机构Realmeter22日的调查显示，68.8%的受访者认为，即使美国裁减驻韩美军，也不能接受大幅上调韩方防卫费分担额的要求。12月3日，美国总统特朗普刚在北约峰会上提到“不排除对朝鲜使用武力”。朝中社援引朝鲜人民军总参谋长朴正川回应，若美国动用任何形式的武力，朝鲜将迅速采取相应措施，后果不堪设想。4日，韩国外长康京和在同一场会议上发表主旨演讲，表示虽然美朝近期关系紧张，但对话大门依旧敞开。她还强调，朝鲜半岛在任何情况下都绝不会生战，半岛问题应以外交手段予以解决。
一蹲低就走光 日航空姐防偷拍明年制服改裤装,中新网12月5日电 据台湾联合新闻网报道，日前，日本航空表示，将于2020年废除女性职员必须穿着裙装上班的规定，并加入裤装的选择，报道称，此举是考虑到女性职员穿着裙装很容易被偷拍或性骚扰，同时，对长期注重服装礼仪的日本职场文化，也是一大革新。据报道，日本航空于2019年7月发布了一份空乘新制服的设计图，空姐的套装首次采用了裤装的形式，以降低空姐走光、被偷拍以及性骚扰的机会。资料图：日本一家航空公司的职员。此前，日本航空联盟曾对约1600名女性职员作过调查，结果显示出高达6成的员工，认为自己曾被偷拍。报道援引《BUSINESS INSIDER》指出，过去就有空姐认为，因制服的设计突显了胸部及臀部，在帮助乘客放置行李时，容易被男性乘客盯着看，她们对此感到很不舒服。此外，蹲下服务客人时，裙装更容易导致走光，十分令人担心。据介绍，过去，日本的职场文化普遍认为，女性必须穿上裙装才显得正式。报道分析称，此次制服改革，势必会改善日本女性在工作环境中受到的不平等对待。
美军无人机再次在俄边境侦察 首次接近这一地区,[环球网军事报道]俄罗斯卫星新闻通讯社12月5日报道，西方航空监测网站数据表明，美国空军一架RQ-4B全球鹰战略无人机12月4日（星期三）飞越乌克兰领空，首次接近俄罗斯别尔哥罗德以南的边境地区。报道称，当时正在乌克兰哈尔科夫上空的美国无人机在距离俄罗斯边境约35公里，距离别尔哥罗德64公里处飞行。这架无人机在执行任务期间，还在距离别尔哥罗德、沃罗涅日和俄罗斯罗斯托夫地区37-53公里的俄乌边境地区进行了数次飞行。俄空天军副总司令安德烈·尤金中将近日表示，2019年在俄罗斯边境附近发现的外国战机的数量同比增长8%。尤金在接受《红星报》采访时表示，“2019作训年度在空天防御作战执勤训练期间共发现和跟踪监视了190余万架次飞行器，其中包括大约5000架战机，比2018年增长8%。”他还强调，没有发生侵犯俄罗斯领空的事件。
外交部：按照美国逻辑 中国也可以怀疑波音,美国国务院发言人4日发表声明称，华为、中兴等中国电信企业参与一国5G网络任何部分的建设，都将对该国公民的隐私、人权和安全构成重大风险。美国敦促包括伙伴和盟友在内的所有国家防止不可信赖的供应商参与未来5G网络任何部分的建设。对此，中国外交部发言人华春莹5日在回应相关问询时反问道，美方动辄将安全挂在嘴边，但安全标准到底是什么？由谁来裁决？华春莹（资料图）华春莹在当天举行的外交部记者会上表示，如果在安全标准上，一个国家既当运动员，又当裁判员，还老吹黑哨，那它还能被信任么？她同时表示，中国出口到美国的服装等商品也很多，美国是否也要质疑其是否安全？这名中国外交官还引用世界前首富比尔·盖茨的话称，中国也购买美国的波音飞机，飞机引擎里有各种各样的软件，如果按照美国的逻辑，中国也可以怀疑美国发一条奇怪的命令，让波音引擎熄火，那世界上还有谁敢买美国的飞机？制图：环球网/旺仔来源：环球时报-环球网/ 白云怡
俄媒分析：西方输出“民主”如何引发多国乱局,参考消息网12月5日报道 《俄罗斯报》11月27日发表俄高等经济学院教授、《全球政治中的俄罗斯》双月刊主编费奥多尔·卢基扬诺夫的文章称，西方输出“民主”使国际环境混乱无序。文章编译如下：今天在拉美所发生的事件非常典型，包括委内瑞拉、厄瓜多尔、智利、玻利维亚、哥伦比亚，似乎还有巴西，因为暂时获准出狱的前总统卢拉正迫不及待地要投入到斗争当中。上述各国皆存在自身的特殊性，很难不分青红皂白将它们归为一类。毕竟它们的执政势力迥异，从极左到极右。然而，它们的共同之处在于，美国偏要悉心策划、不遗余力，蛊惑某些头脑简单、易冲动的民众走上街头。若是将今日事件的发生时间前移三四十年，那么其走势将南辕北辙。彼时，如果当地军方或是华盛顿“老大哥”，当然也可能两者不谋而合，决意推翻某个政权，行动一定非常迅速高效。西式民主水土不服如今，一切都不按套路发展。委内瑞拉事件表明，美国的实力相当有限，哪怕华盛顿已在公然鼓动政变；在玻利维亚，合法总统竟同意离开国家，满足军方要求，几乎是交出了全部权力。与此同时，公开的镇压和恐吓经常会适得其反。另一动荡之地非中东莫属。苏丹、伊拉克、黎巴嫩，或许埃及也可算在内，如今只怕还得加上伊朗。跟拉美一样，各国民怨沸腾，但导火索各不相同。当政者对于来自底层的诉求都无法掉以轻心。作为极具洞察力的外交政策评论家（一度也曾是制定者），布热津斯基早就对未来作出警告。2005年，他写道，大规模、极端化的政治热情在全球被唤醒，引发了普遍的民愤，这是我们当代的主要问题，全球各大洲甚至地区概莫能外，所有社会阶层都扬眉吐气。显然，他是对此可能给美国带来的后果深感忧虑。然而，他对现象本身的洞悉是正确的。他的看法同样睿智，即这一觉醒的催化剂恰是布什政府所奉行的积极推动中东民主化的路线，他曾就此表达过异议。移植民主造成失控事实上，推进“西方民主”的全球化已成为美国在冷战结束后主要政治目标，在克林顿和小布什的各两届任期中，它得到了循序渐进的贯彻。奥巴马上任后开始背离它，在特朗普时代，华盛顿公开宣称放弃“全球领导权”。颇值得玩味的是，上述目标似已达成，却与上世纪90年代其制定者的初衷存在出入。早在1993年，布热津斯基便推出《失控》一书，阐述自己对冷战后国际形势的理解。他并未被当时席卷西方的乐观情绪所裹挟，而是警告国际体系存在失控风险。26年后，我们终于意识到，这位地缘政治大家准确地预言了时局的发展方向。长期以来，我们都以为20世纪两大阵营冲突的胜者即西方，才是新国际形势的受益者，因为它能够掌控国际事件的走势。但事实正好相反，没有谁能够将一切玩弄于股掌之中。国际环境混乱无序，它的确是显得“民主”。然而，西方“民主”在其所有机制都低效运作（它们都非常糟糕，这毋庸置疑）的情形下，就如同买彩票一般无可奈何，因为所有人都在碰运气！
美方又黑中国5G 外交部：乍一听很堂皇实际很荒唐,12月5日，外交部发言人华春莹主持例行记者会。有记者提问，美国国务院发言人4日发表声明称，华为、中兴等中国电信企业参与英国5G网络任何部分建设，或将对该国公民的隐私、人权和安全构成更大风险，美国敦促包括伙伴和盟友在内的国家防止“不可信赖的供应商”参与未来5G网络任何部分的建设。请问中方对此有何评论？华春莹表示，美方动辄将安全挂在嘴边，我很想问一问安全的标准到底是什么？究竟应该由谁来裁定和判决什么是安全、什么是威胁？如果一个人既当运动员又当裁判员，还总是不停地“吹黑哨”，这个人值得信任吗？这场比赛还会是公平的比赛吗？美方的所谓“安全陷阱”，乍一听很堂皇，实际很荒唐。如果按照美方的 “只要是中国的东西就是不安全的”荒谬逻辑，那么是不是中国生产的衣服、鞋子美国也不能穿呢？因为这些衣服、鞋子也是中国人生产的，也可能产生“安全威胁”是不是？不久前我在网上看到微软公司前首席执行官比尔·盖茨在一场公开活动上作了一个非常有意思的类比，他也认为这种“只要是中国生产的东西就是威胁”的逻辑是很荒唐的。他说，中国也购买了波音公司大量的飞机，波音飞机上有美国大量的软件。如果按照美国某些人的逻辑，中国是不是也应该高度怀疑和不信任，（认为）美方也会发出奇怪的指令，让波音飞机的引擎突然熄火？那中国或者其他国家谁还敢买美国生产的飞机、汽车或者其他的任何电子产品呢？华春莹进一步表示，前天，我也详细介绍了包括英国政府、德国联邦信息安全办公室及欧盟委员会等机构经过多年的审查，都没有发现华为存在明显的“后门”。而相反，多家美国著名公司比如思科和苹果都已经公开曝出存在安全漏洞，也曝出过很多起“后门”事件。包括众所周知、臭名昭著的“棱镜门”事件，也都表明，在美国这种庞大的全球监听、窃听的体系面前，即便是美国的盟友，其领导人和民众毫无隐私可言。华为早已就公开表明愿与有关国家签署“无后门”协议，也愿意接受第三方的检测和监督，我真不知道美方能不能作出同样的承诺呢？我们相信有关国家应该会从自身长远利益出发，坚持独立的判断，坚持公平、公正、不歧视的原则，应该拿出足够的智慧，不要掉入美方所谓的“安全陷阱”里。
对美NGO制裁何时生效 中方：他们欠揍但你别急,海外网12月4日电 据外交部网站消息，外交部发言人华春莹4日主持例行记者会。有记者问：你能否提供制裁美国非政府组织的更多细节？是否会限制资金流入这些组织？或限制这些组织进入中国大陆？答：看来你们很着急，都觉得这些组织作恶多端、欠揍，是不是？板子打在谁身上，谁会觉得疼的。不用着急。问：这些制裁措施是否已经生效？如果没有，何时会生效？答：我刚才已经回答了这个问题。不用着急。你如果实在看不下去，也请先忍一忍，好吗？此前报道外交部12月2日例行记者会日前，美方不顾中方坚决反对，执意将所谓“香港人权与民主法案”签署成法，这严重违反国际法和国际关系基本准则，严重干涉中国内政，中方已就此表明坚决态度。针对美方无理行为，中国政府决定自即日起暂停审批美军舰机赴港休整的申请，同时对“美国国家民主基金会”、“美国国际事务民主协会”、“美国国际共和研究所”、“人权观察”、“自由之家”等在香港修例风波中表现恶劣的非政府组织实施制裁。中方敦促美方纠正错误，停止任何插手香港事务、干涉中国内政的言行，中方将根据形势发展采取进一步必要行动，坚定捍卫香港稳定繁荣，坚定捍卫中国主权、安全、发展利益。问：中方为何对美国有关非政府组织实施制裁？答：大量事实和证据表明，有关非政府组织通过各种方式支持反中乱港分子，极力教唆他们从事极端暴力犯罪行为，煽动“港独”分裂活动，对当前香港乱局负有重大责任。这些组织理应受到制裁，必须付出应有代价。外交部12月3日例行记者会问：昨天（2日）外交部宣布中国将制裁“美国国家民主基金会”等美国非政府组织，因为他们“通过各种方式支持反中乱港分子”。“美国国家民主基金会”等具体用什么样的方式支持反中乱港分子？“各种方式”具体指的是什么？答：大量事实和证据已经表明，“美国国家民主基金会”等非政府组织为反中乱港分子提供资金、物资以及组织、培训等方面的支持，极力教唆他们从事极端暴力犯罪行为，煽动“港独”分裂活动，对当前香港乱局负有重大责任。这些组织理应受到制裁，必须付出应有代价。你对这些非政府组织具体是怎么做的感兴趣，我觉得这很好。但今天由于时间原因，恐怕无法跟你详细列举。如果你要让我罗列的话，可能半小时都不够。所以我很乐意尽快找时间跟你们共同社单独聊聊，给你们详细介绍一下。
海盗劫持一艘悬挂香港特区旗油轮 19名船员被绑架,据美国福克斯新闻12月4日报道，周二晚些时候，有一伙海盗在尼日利亚海岸附近登上了一艘悬挂香港特区旗的满载超级油轮，并绑架了船上的19名船员。美媒报道截图根据美国彭博社的报道，事件发生在距离尼日利亚主要原油装载点——邦尼岛约80英里的海域。这艘油轮的所有者“纳维奥斯”（Navios）公司的发言人告诉媒体，船员仍下落不明，那些避免自己遭绑架的船员则设法将船开到了一个安全地点。印度外交部发言人库马尔证实，船上的19名船员中有18名是印度人，1名是土耳其人。“纳维奥斯”公司的发言人称，“最主要的问题是被海盗团伙劫持的19人是否安全，能否早日返回。包括香港特区政府在内的所有有关当局都已收到警报，并正在作出反应，正采取一切必要行动确保他们的健康和尽早获释。”尽管总数有所下降，但近年来该地区还是经常会发生小规模海盗袭击。今年7月，从喀麦隆前往象牙海岸的途中，有10名土耳其水手在尼日利亚沿海地区被武装分子绑架。根据国际海事局的数据，今年1月至9月期间，劫持者登船袭击事件中，有近20%发生在尼日利亚沿海。
特朗普抨击假新闻：我和北约国家领导人处得好着呢,[环球网报道 记者 王博雅琪]为期两天的北约峰会4日在伦敦落下帷幕。期间，特朗普因突然取消当天峰会后的记者会而引发外界种种猜想。4日当天，他“现身”推特澄清说，此次伦敦之行“特别成功”，自己和北约国家领导人也都“相处融洽”。特朗普 图自《华尔街日报》值得注意的是，在帖文开头，特朗普便将矛头指向了一些“假新闻媒体”，斥责其试图贬低自己“特别成功的伦敦之行”。“假新闻媒体正想尽一切办法贬低我在北约峰会期间特别成功的伦敦之行。我和北约国家领导人相处融洽，”接着，他还晒起了自己在此次峰会期间的“成绩单”，“（我）甚至还让他们每年多支付1300亿美元，3年后，他们将每年多支付4000亿美元。对美国来说不用多付……而只有深深的敬意！”尽管特朗普并未在推特中点明，究竟是什么“假新闻”惹怒了自己，但不少外媒都将其与一天前北约峰会晚宴的一次“小插曲”联系到了一起。英国《太阳报》5日报道特朗普上述推特时，提到了一段约翰逊、特鲁多等人3日晚在白金汉宫参加招待晚宴时的视频。视频中，约翰逊、马克龙、特鲁多和荷兰首相吕特在晚宴上聚在一起相谈甚欢。而他们讨论的对象，似乎正是美国总统特朗普。《太阳报》报道截图根据媒体给出的对话字幕，先是约翰逊面向马克龙问，“这就是你迟到的原因吗？”特鲁多插话进来说：“他迟到是因为开了个40分钟的新闻发布会。”之后，特鲁多又说：“我看到他团队的下巴都惊得掉到地板上了。”视频被爆出后，特朗普于4日稍早时候在推特上宣布：“今天的会议结束后，我就会飞回华盛顿。”他说：“我们不会在北约峰会结束后举行记者会了，因为过去两天我们已经举行很多记者会。大家一路平安！”↓尽管他在推特中解释说，自己是因开了太多记者会而取消了最后一场，但英国《卫报》却形容说，视频被曝光后，“脸皮薄”（thin-skinned）”的特朗普取消了峰会后的记者会。
印度外交部：一艘油轮遭海盗劫持 19人被绑架,印度外交部12月5日证实，一艘油轮日前在尼日利亚海岸附近遭海盗劫持，船上18名印度海员被绑架。印度外交部发言人库马尔在声明中说，印度驻尼日利亚使团已就印度海员被绑架一事与尼日利亚当局联系。声明没有透露更多消息。据印度媒体报道，一艘大型油轮12月3日晚在尼日利亚海岸附近被海盗劫持。除18名印度海员外，被绑架的还有一名土耳其海员。（原题为《印度外交部证实18名海员被绑架》）
中方：打贸易战损人害己 到头来损害美国人民利益,央视新闻12月5日消息，12月5日，外交部发言人华春莹主持例行记者会。有记者提问：我们注意到，美国近来在涉港、涉疆问题上采取针对中国的行动，并表示不急于达成中美经贸协议。我们也注意到，美股3日全线下跌。美国农会联合会发布报告称，去年9月至今年9月，美国破产农场已经达580家，同比增长24%，美国9个州的农场破产数更是达到了10年来的最高值。该机构主席杜瓦尔表示，磋商时间拖得越久，美国农民就越难以赢回在中国的市场份额。你对此有何回应？华春莹表示，我们早就说过，打贸易战损人害己，到头来损害的还是美国人民的利益。在平等和相互尊重的基础上达成互利共赢的协议，才符合中美两国人民的利益和国际社会各方期待。
北约峰会未将中国定为威胁 外交部回应,原标题：北约峰会未将中国定为威胁，外交部回应人民日报客户端韩晓明12月5日，外交部发言人华春莹主持例行记者会。有记者提问，尽管美方官员竭力游说、施压欧洲国家将中国定为威胁，但是北约峰会4日发表的伦敦宣言并未将中国定位为威胁。‌‌北约不具名的外交官称，北约认识到中国是崛起的大国，但不意味着要把中国作为新的敌人。请问发言人对此有何评论？‌‌华春莹表示，中国的确块头很大，影响力在增强，但是我们坚持走和平发展道路，信奉的是天下一家、和而不同，倡导的是相互平等、相互尊重。中国力量的增长是和平力量的增长，是国际公平正义力量的增长。我们也注意到，北约内部也有很多不希望与中国为敌的客观的理性的声音。事实上当前世界面临的最大的威胁和挑战是单边主义和霸凌行径，就连美国的盟友都深受其害。‌‌‌
美军开出史上最贵造舰合同 辩称是为回应中国威胁,[环球网报道 记者 徐璐明]美国海军近日签署了一份号称“史上最贵”的造船合同，将花费200多亿美元建造9艘核潜艇，还老调重弹地搬出“中国威胁论”作为借口。据CNN网站12月3日报道，美国海军在12月2日签署了有史以来最昂贵的一份造船合同，以总价222亿美元（约合1566亿元人民币）建造9艘最先进的弗吉尼亚级核潜艇。报道称，就在几个月前，负责太平洋地区的美国海军司令警告说，中国正在大力发展海军实力，而美国海军在获得足够多的的潜艇进行反制上遇到了阻力。美国太平洋司令部联合情报中心前作战主任卡尔·舒斯特（Carl Schuster）表示，签订新的造船合同“是美国海军对中国日益增长的军事实力和在西太平洋的军事活动作出的回应”。“中国海军日益强大，所以美国必须有所行动”，舒斯特说：“这并不意味着我们把中国当做敌人，但中国的行动的确值得关注。”报道称，弗吉尼亚级核潜艇是美国海军水下多任务平台中的主力，能够打击其他潜艇、水面舰艇和陆上目标，以及执行包括情报收集和侦察在内的特种任务。目前已有18艘弗吉尼亚级核潜艇在美军服役，另外还有10艘在建。但即将新建的9艘潜艇与这些现有潜艇相比，性能将会有实质性的提升。根据合同约定，美国海军还保留了建造第10艘潜艇的选择权，这或将使得该合同的总金额达到240亿美元。美国海军潜艇项目的执行官员、海军少将戴维·戈金斯（David Goggins）周一在美国海军官网上发布声明称，这是“美国海军潜艇作战能力的飞跃”。他表示，新潜艇将更大，水下排水量从目前的7800吨增长到10200吨；长度也更长，从377英尺（115米）增加到460英尺（140米）；还拥有更为强大的火力，能够发射的“战斧”巡航导弹数量从目前的12枚提升到40枚。这9艘新的弗吉尼亚级潜艇将用于取代部分早期服役的洛杉矶级攻击核潜艇，美国海军表示，新潜艇将在2025年到2029年之间交付。报道称，今年8月，一份来自悉尼大学美国研究中心的报道对美国海军潜艇部队目前的任务负担发出了警告。报告中称：“由于中国部署弹道导弹、高超音速武器和先进的防空系统，水面的战场生存环境变得更加恶劣，美国的水下作战优势在地区力量平衡中变得越来越重要。”美军印太司令部司令菲利普·戴维森在今年早些时候向美国国会表示，他需要国会增加投入，以确保美国在该地区的优势，需要更多的舰艇来做到这一点。戴维森说，美国海军舰队的前进十分严峻，他说：“到2025年左右，我们将在数量上失去优势，我认为这将对我们在该地区的利益构成挑战。”
波音首席工程师将退休 曾出席听证会为737MAX辩护,中新网12月5日电 据美联社5日报道，波音公司商用飞机首席工程师约翰·汉密尔顿（John Hamilton）即将退休。值得注意的是，汉密尔顿曾与波音首席执行官丹尼斯·米伦伯格，因波音737MAX坠机事件，出席了美国国会听证会，解释MAX机型的设计和生产。资料图：当地时间3月27日，美国西南航空公司的波音737 MAX系列飞机停放在号称“飞机坟场”的维克多维尔机场。报道称，汉密尔顿在波音公司工作了35年，担任过数架飞机的首席项目工程师，其中包括737 NG。波音公司表示，汉密尔顿在2018年就计划从商用飞机首席工程师的职位上退休，但他留了下来，帮助MAX重新投入使用。2018年印尼狮航空难发生后，波音737MAX机型的一款名为“MCAS”的飞行控制软件被认定与事故有关，波音公司的工程师开始更新该软件。然而，2019年3月，又发生了一起埃航波音737MAX坠毁事故。两起事故共造成346人遇难，波音737MAX遭全球停飞或禁飞。10月下旬的两场国会听证会上，汉密尔顿和米伦伯格一起解释了MAX的设计和生产。汉密尔顿承认波音公司犯了一些错误。其中包括没有测试一个有故障的传感器是否会引发飞机的防失速系统。据称，汉密尔顿还为波音公司的安全文化进行过辩护。据报道，波音公司表示，接任汉密尔顿的是波音商用飞机工程副总裁林恩·霍珀（Lynne Hopper）。
美军称已完成从叙利亚东北部撤军 留下600士兵驻守,中新网12月5日电 据外媒报道，当地时间4日，美国国防部长埃斯珀表示，美国已经完成了在叙利亚东北部的军事撤军，目前，还有大约600名美国士兵部署在叙利亚其他地区。埃斯珀强调，根据需要，他保留了将少量部队调入或调出叙利亚的能力。但他表示，在可预见的未来，军队数量将在600人左右浮动。资料图：美国国防部长埃斯珀。中新社记者 沙晗汀 摄“这个数字将相对稳定。但如果看到有事情发生……我可以稍微再调整人数”，埃斯珀4日晚些时候在从伦敦郊区的北约峰会返回的飞机上说。埃斯珀还表示，如果欧洲盟友为叙利亚行动做出贡献，他不排除进一步减少美国在叙利亚驻军的可能性。“联盟又在大谈特谈了。我们可以看到一些盟国想要派遣志愿军”，他说，“如果一个北约盟国决定给我们50人，我可能会减少50人。”美国军方称，之所以在叙利亚保留撤军，是为了防止极端组织“伊斯兰国”在叙利亚卷土重来。特朗普在伦敦表示，他希望美国继续驻军，以确保叙利亚的石油储备不会落入这个激进组织的手中。
大选倒计时一周：约翰逊自信公布获胜后百日工作计划,中新网12月5日电 据外媒报道，距离12月12日英国大选还有一周时间，首相鲍里斯·约翰逊已经满怀信心地谈论，他将在多数政府执政时的首个100天计划。资料图：英国首相约翰逊。据报道，由于民调显示保守党仍处于领先优势，约翰逊宣布了未来让下议院进行投票的几个事项，包括英国脱欧、女王的演讲以及脱欧后预算。约翰逊的自信心并非空穴来风。据民调显示，保守党领先工党约10个百分点，这表明约翰逊在12月12日大选时将获48%的绝对多数选票。据Savanta ComRes为英国《每日电讯报》所做的最新民调显示，保守党的支持率是42%，工党为32%，自由民主党是12%。不过21%受访者表示，从现在到投票日可能会改变想法。约翰逊表示，下周将迎来重要的大选。他说：“在短短7天时间内，英国人民将在一个多数政府或另一个陷入僵局的悬浮议会中，作出选择。”“如果下周保守党能取得多数席位，我们将在2020年1月底完成脱欧。2020年将是我们最终摆脱围绕脱欧的争论和不确定性的一年。”报道称，如果能赢得多数席位，保守党计划在12月19日启动立法程序，在圣诞节前重新让议会批准约翰逊的脱欧协议，并及时通过立法以便能在2020年1月31日脱欧。除了脱欧相关内容外，这项前100天计划包括：2月家庭减税预算、终止对严重暴力和性侵犯者的自动提前释放、增加对学校的资助、让移民支付更多钱使用国家医疗保健服务（NHS）、开展围绕社会关怀的跨党派对话、改善农村地区的移动电话信号。对此，工党和自由民主党给约翰逊“泼下冷水”。工党回应称，保守党的胜利将意味着更多的紧缩、私有化和税收优惠。工党竞选活动负责人安德鲁·格温嘲笑了这番“吹嘘”，他说：“保守党执政已有3494天，在那些日子里，我们看到儿童贫困急剧增加，无家可归的人越来越多，食品银行的使用频率升高，暴力犯罪也在变多。”他称：“国民保健服务（NHS）有更多的人在等待做手术，且出现了前所未有的职位空缺。”“很明显，更多同样失败的紧缩、私有化和对少数人减税并不是解决之道。”另外，自由民主党副领袖戴维表示：“鲍里斯·约翰逊再一次欺骗英国公众，假装他可以兑现这些承诺。”“这纯粹是幻想。保守党政府将继续为英国脱欧而焦头烂额，不仅在未来100天，将在未来数年都是如此。”
"香港暴徒称""冲动犯案"" 法官:再敢犯一定让你坐牢",来源：东网海外网12月5日电 位于香港西环西营盘的“加记”餐厅在一次警方驱散行动中，因给防暴警察一些冰水喝而遭暴徒“起底”、威吓。29岁装修工杨梓阳在“加记”店门外以胶水黏塞门口锁孔，并用黑漆涂鸦正门，事后被警方拘捕，被起诉刑事毁坏罪。被告早前认罪，昨日（4日）被判处120小时社会服务令。综合《文汇报》《星岛日报》消息，曾有案底的被告杨梓阳在法庭上辩称，因“政治立场”不同，属“冲动犯案”。裁判官香淑娴当场质疑，带着油漆到现场，明显有预谋，“何来一时冲动？”被告则支吾应对，最终判处120小时社会服务令。裁判官表示，被告已有一次刑事毁坏案底，早前虽愿向本案受害者赔偿1000港元，但感化令不足以反映案情的严重性，遂判被告须接受120小时社会服务令。裁判官还严词警告，这已是他第二次犯同类案件，若再犯必判监禁。报道称，杨梓阳于今年8月5日凌晨在“加记”门外，以胶水塞门口锁孔及用黑油漆涂鸦其正门。餐厅主人发现并报警，警方最终凭闭路电视片段锁定被告身份并将其拘捕。杨梓阳承认犯案，认罪时表明愿向“加记”赔偿1000港元。暴乱持续逾5个月来，“黑色恐怖”笼罩市民，一些小店铺更频频遭黑衣暴徒滋扰、威吓。“加记”餐厅在一次警方驱散行动中，只因给防暴警察一些冰水喝就被黑衣人“起底”，更不断被骚扰甚至接获恐吓电话。餐厅老板黄先生早前大吐苦水，指餐厅已亏损80多万港元，“如果到最后都无办法，只能申请破产，再楼跳，都是你们逼死我”。好在如今越来越多爱国爱港人士表示支持警察，盼望抵制黑暴，恢复和平理性。由“守护香港大联盟”发起的“反黑暴、禁蒙面、护家园”网上大联署，截止12月4日人数已突破130万。（海外网/朱箫）
网民称林心如是“台独” 被状告后判赔偿6万,本文转自微信公号“中国青年报”。据北京星权律师事务所，2019年12月4日，林心如诉黄某梅名誉权纠纷案一审胜诉！被告黄某梅因在其个人新浪微博账号中发布针对林心如的恶意侮辱、诽谤内容，公然贬损林心如的人格，被判构成对林心如名誉权的侵犯，须向林心如公开赔礼道歉并赔偿精神损害抚慰金及合理维权支出共计人民币60000元。据北京星权律师事务所，2016年8月至2017年10月期间，网络用户黄某梅通过其新浪微博账号“月白色的三苏”持续公开发布上百条含有侮辱诽谤性质言辞的博文对林心如女士逬行人身攻击，贬损其人格尊严，涉嫌侵犯林心如女士的名誉权。目前，微博账号@月白色的三苏 已被投诉，无法查看。北京市海淀区人民法院审理后认为：涉案微博内容由黄某梅注册和使用的新浪微博账号“月白色的三 苏”发布，大量内容具有谩骂和发泄情绪的性质，并包含没有相关事实基础的描述，如“台独”等，对原 告构成侮辱和诽谤。并且，其言辞已超出正常在网络平台公开表达意见的正常范围。本院认定黄某梅的行为具有明显的主观过错，侵犯了原告的名誉权。故判令：本判决生效后十五日内，被告黄某梅在《人民法院报》发布致歉声明，就其发布涉案系列微博内容构成侵权向原告林心如赔礼道歉，并赔偿原告林心如精神损害抚翘金及维权合理支出合计人民币60000元。案件播报后，@林心如工作室 也发声支持维权：互联网并非法外之地，对于一切恶意造谣诽谤行为，必将维权到底，法律绝不会姑息违法者。网友也纷纷对林心如维权表示支持：延伸阅读中国青年报发现，近年来，侵犯艺人名誉权的案件时有发生。此前，霍建华、林心如联合起诉宋祖德名誉权纠纷案引发关注。被告因发布名为《霍建华与林心如竟然没有领结婚证》的文章而被告上法庭。依据判决结果，宋祖德须在涉案微博首页置顶位置连续二日发布致歉声明分别向原告霍建华、林心如赔礼道歉，并分别赔偿霍建华、林心如精神损害抚慰金及维权合理费用100000元，两案合计200000元。互联网并非法外之地，支持依法维权！中国青年报（ID：zqbcyol）综合@北京星权律师事务所、@林心如工作室、中国青年报此前报道等
香港暴徒内讧：我在前面冲 你躲后面赚钱？,海外网12月5日电 数月以来，香港暴力活动持续不断。暴徒们打砸抢烧、残害市民、暴力袭警、大肆破坏，严重威胁了公共安全，对香港正常的经济秩序和民众生活也造成严重影响。但最近发现，一些暴徒却借着搞所谓“抗争”的旗号，私底下售卖相关的“周边产品”，趁机赚钱。事情一出，引发暴徒内讧。不少“连登仔”大骂这些借机赚钱的“手足”是在吃“人血馒头”。据港媒5日报道，在“连登讨论区”里，有暴徒发帖称在社交媒体上发现有“手足”在售卖公仔，这些公仔的造型是依照香港暴徒的形象来制作——黄头盔、黑衣、面罩……还举着他们的“口号标语”，甚至被命名为“革命公仔”。暴徒在私底下售卖相关的“周边产品”，趁机赚钱的事情一出，不仅被香港市民痛斥，就连其他“连登仔”也大骂这些借机赚钱的“手足”“只会不断赚钱”，这种行为是在吃“人血馒头”。还扬言要将店家起底出来批斗。暴徒躲在背后偷偷赚钱的行为也遭到网友的吐槽。“（暴徒）不是说好的一起冲嘛？怎么有人却背地里偷偷赚大钱呢？”还有网友调侃“卖了钱，是不是会捐给暴徒呢？”其实，暴徒内讧已经不是第一次。一名曾参与中大暴乱、在理大当“哨兵”的暴徒日前接受港媒采访时，亲述沉沦暴乱半年，误走违法歧途的心路历程。种种黑暴恶行，令他开始反思，不能再以“和理非”自欺欺人了，现在早已“和勇不分”。他甚至忍不住坦言“我也觉得他们变质了”。该名暴徒亲眼目睹了一名看似“勇武”的约20多岁的暴徒带头煽暴冲击警方防线，发号施令“冲出去”，而当防暴警察开始追捕时，该暴徒却害怕到率先逃走，并非如煽暴“文宣”所谓的“齐上齐落”。（海外网/张荣耀）
北约计划增加军事开支 俄媒：俄不会与之军备竞赛,参考消息网12月5日报道 俄媒称，俄罗斯总统新闻秘书佩斯科夫表示，北约计划增加军事开支，俄方对此表示担忧，但不会进行军备竞赛。据俄罗斯卫星通讯社12月4日报道，佩斯科夫说：“普京总统曾多次指出，俄罗斯不会搞军备竞赛，不会参与防务支出竞赛，这严重损害经济发展。我们将继续沿这样的路走下去。”另据《俄罗斯报》网站12月4日报道，普京总统在索契举行的军事会议上称，北约朝俄边界步步紧逼一事是对俄安全的潜在威胁之一。因此，俄将继续高度重视军队武器装备的改造升级，包括海军现代化。普京强调：“今天，我们必须注意到，北约东扩及其在俄边界附近发展军事基础设施是对我国安全的潜在威胁之一。因此，我要指出，我们已经并将继续高度重视更新军队的武器装备。”据他介绍，海军战略核力量正在装备携带“布拉瓦”弹道导弹的“北风之神”级潜艇，俄还将把能携带“口径”导弹的舰船数量增加一倍。普京指出，总体上，现代化武器在俄海军装备中占比达68%。
美军：中国在半年内连续7次拒绝美军舰访问香港申请,参考消息网12月5日报道 据美国海军学会新闻网站12月3日报道，在香港爆发抗议活动后不久，中国政府便开始拒绝美国海军军舰访问这个港口城市。12月2日，中国政府把至少从7月以来的做法正式化，宣布暂停审批美军舰机赴港休整的申请，直至另行通知。美军太平洋舰队发言人迈尔斯·瓦斯克斯向美国海军学会新闻网站表示：“我们知道中国已经暂停美国海军赴港访问。我们希望未来能对香港进行港口访问，以保障我们水兵的生活质量。”中国外交部发言人华春莹发表声明称，中方暂停美国海军军舰访问香港的原因是美国国会通过了“香港人权与民主法案”，上周特朗普总统将该法案签署成法。华春莹说，美方不顾中方坚决反对，执意将所谓“香港人权与民主法案”签署成法，这严重违反国际法和国际关系基本准则，严重干涉中国内政。她表示：“中方敦促美方纠正错误，停止任何插手香港事务、干涉中国内政的言行。”美国海军学会新闻网站称，据美国太平洋舰队说，在过去6个月里，北京曾七次拒绝美国海军舰船访问香港的申请。据美国海军学会新闻网站报道，虽然对香港的港口访问仍然颇受欢迎，但美国海军已经降低了其在后勤方面的重要性。
日本拟向中东派遣270人规模的自卫队,据日经中文网12月5日报道，日本政府为确保在中东航行的日本船舶安全将派遣自卫队一事展开协调，拟以海上自卫官为中心派出270人规模。根据日本《防卫省设置法》，将以“调查研究”为目的，派遣1艘军舰和1架巡逻机。规定期限、每隔1年调整的方案最为有力。将与执政党协调，年内在内阁会议上敲定纳入上述内容的实施计划。报道称，日本将派遣4000~5000吨级、可搭载直升飞机的军舰，预定约250人搭乘。还有司令部人员50人乘舰。此外，还将配备约20名巡逻机人员。目前在索马里海域亚丁湾负责打击海盗任务的“P3C”将被利用。派遣海域以阿曼湾、阿拉伯海北部的公海和曼德海峡东侧的公海为中心。派遣期间定为1年，如有必要将再次举行内阁会议，讨论调整的机制。以公明党为中心，对于不设期限的派遣感到担忧，上述举措意在应对这种情况。此次派遣的目的为《防卫省设置法》中不使用武器的“调查研究”。美国主导的意愿联盟“哨兵行动”预计1月下旬正式展开活动。美国、英国、澳大利亚、巴林、沙特阿拉伯、阿联酋和阿尔巴尼亚等7国参加。另一方面，法国和印度将自主派遣舰船。
NHK拍东京地震模拟剧 开播后民众开始担心了,《平行东京》剧照（NHK）海外网12月5日电 日本放送协会（NHK）从2日开始，播放4集电视剧《平行东京》，描述在平行时空中的12月2日，东京正下方发生7.3级地震后的混乱局面。该剧开播后，日本关东地区3日至4日连续发生5次地震，相关新闻报道引发民众不安情绪以及各种猜测。《平行东京》海报（NHK）据日本NHK、共同通信社综合报道，日本NHK电视台从2日开始播放电视剧《平行东京》，以平行时空中的东京为舞台，描写了2日当天东京正下方发生7.3级地震时的场景。该剧以2日为地震发生“第一天”，并在随后3天按现实时间播放当天震后东京的景象，还在现实中通过手机APP实时推送“东京7.3级地震”相关信息，让观众切身体会灾情。《平行东京》剧照（NHK）该剧以日本内阁府公布相关报告为原型，并参考最新研究，但由于其画面过于真实，引发很多观众感官上的不适，网友纷纷发表“看得非常痛苦”、“感觉恶心”、“地狱风景”等评论。日本政府的地震预估报告显示，东京在30年内发生类似程度地震的几率为70%，而剧中程度的地震一旦发生，将造成约2.3万人死亡，12.3万人受伤，720万人离家避难，经济损失将超过95兆日元（约合人民币6.2兆元）。就在电视剧开播后，东京所在的关东地区北部在3至4日内连续发生5次地震，其中3次为日本震度4级以上。《平行东京》剧照（NHK）相关地震报道再次引发日本民众的不安情绪，纷纷在网上发表评论。这位网友猜测称，“NHK做地震预防节目，国家是不是确信不远的将来会发生大地震。真的发表的话会引发恐慌，是不是已经明确会造成多少伤亡了”。这位网友则表示，“越来越在意了。这周二早上，冲绳附近地震了，之后没多久青森好像又震了。刚觉得好烦的时候，上午突然（东京）也开始摇。久违的吓得我叫了出来，之后又摇了好几次，好怕会继续下去”。日本气象厅5日表示，这些地震的震源主要分布在茨城、栃木两县内的3处位置，震源深度和发生原因各不相同。现阶段没有明确根据表明这些地震是连动发生的，关联性不明。日本气象厅呼吁当地居民保持警惕。（海外网 王西洛）
砸钱不手软！彭博或再掷千万美元推新竞选广告,中新网12月5日电 据美国中文网报道，美国亿万富翁彭博宣布参加民主党2020大选初选已经过去逾一周，他在各个平台也已投放了大量竞选广告。彭博在最新的民调中，支持度也有所上升，分析也指出，彭博的广告宣传初具成效。据美联社报道，彭博正在新的电视广告上投入数千万美元，他在广告中自称有能力击败现任总统特朗普。新广告定于4日在全美50个州投放。资料图：美国前纽约市长彭博。中新社发 毛建军 摄报道称，这位前纽约市市长在不到两周前正式宣布参加总统大选，之后他花费近四千万美元在一系列的全国性的广告宣传活动中，向全美选民介绍自己。尽管彭博竞选团队没有透露新一轮广告投放所花费的具体金额，但有消息称，本轮支出与首轮广告支出数目一致。彭博竞选团队投放的首个广告着重介绍了彭博本人的人生经历，包括他在商业和慈善事业上的成功。而本月4日广告的的重点是，彭博在与美国枪支游说团体、煤炭产业和烟草产业斗争中取得的成功。新的广告说，如果彭博能够赢得同上述团体的斗争，那么他就有能力击败特朗普。美联社称，新广告将在接下来的两周内播放，并将取代其首个竞选广告，在全国50个州和大约100个电视台上投放。彭博曾表示，他不会在四个首先进行民主党初选的州（爱荷华州，新罕布什尔州，内华达州和南卡罗来纳州）进行竞选活动，但他的竞选广告将在这些州播出。彭博竞选团队发言人指出，彭博对上述四个州的计划没有改变，他不会成为这四州任何选民的投票选项。尽管如此，彭博仍计划在民主党进行2020年3月“超级星期二”初选的州进行“深耕”。分析称，事实证明，彭博庞大的个人财富在民主党初选中既是资产又是“累赘”。彭博在2020年大选的党内对手指责他试图用钱“收购”选举，尽管彭博的团队坚称其策略是避免受到任何特殊利益的影响。彭博也拒绝接受任何政治捐赠，而是依靠其超过500亿美元的个人财富进行选举。据报道，在新广告中，彭博被特别刻画成具有击败特朗普能力的人。但尚不清楚该广告能否帮助彭博克服别人对其此前政治经历的怀疑。彭博在过去二十年中的大部分时间内是共和党和独立人士。“迈克·彭博从不惧怕艰难的斗争，也就是真正改变人们生活的斗争”，这则新广告说，“而麦克也赢得了斗争。”
NASA称首先找到印度探月器残骸 印度航天局断然否认,印度探月飞行器“月船2号”的着陆器“维克拉姆”号，今年9月7日试图在月球进行软着陆时坠毁。此后，NASA利用轨道飞行器多次拍摄坠毁地点图像，并在12月3日表示首次发现残骸。然而，当事方印度却对此断然否认，表示几个月前早已确定“失联”的着陆器位置。今日俄罗斯（RT）12月4日报道，印度空间研究组织（ISRO）主席凯拉萨瓦迪沃•西万否认是美国国家航空航天局（NASA）第一个发现了“维克拉姆”号着陆器，并称印度早在几个月前就已经发现了残骸。西万在采访中说道：“关于这件事，我们不想透露任何信息。在着陆之后，我们的网站上就表示，印度自己的轨道飞行器就已经找到了‘维克拉姆’号。我们早就在网站上声明了，你可以去看看。”报道称，在今年9月9日，ISRO的推特账号确实发布了一条推文，表示“月船2号”任务的轨道飞行器已经定位了“维克拉姆”号着陆器的位置，但着陆器处于失联状态。ISRO正在尽一切努力恢复与着陆器的联系。然而，这则推文当时并没有引起人们的关注。ISRO在着陆两天后就宣布找到了探测器 图片来源：ISRO推特截图而在周二，NASA发布的声明却引起了全世界的关注。NASA表示已拍摄到了“维克拉姆”号着陆器坠毁的图像，并在一名印度工程师的帮助下，在图像中定位到了着陆器的坠落地点和碎片位置。《今日印度》杂志的网站也在4日发文称，ISRO对NASA的发现表示沉默，其网站和社交媒体页面上都没有提到NASA的声明。同时，一位ISRO的高级官员质疑这一发现，认为NASA所发现的不一定是“维克拉姆”号的残骸。ISRO的高级顾问塔潘·米斯拉在研究了NASA发布的图像后表示，携带部分燃料的“维克拉姆”号重量在700-800公斤之间，时速为每小时534公里，相当于一架小型喷气式飞机。他认为，着陆器在撞击到月球表面时，会扬起许多尘埃并形成一个小坑或者凹痕。而着陆器上未用完的燃料，会在月球表面留下一些烧焦的黑斑：“但我在图中没见到这些情况，我还以为在第一个撞击点会留下一些残骸。但我什么也没看见。”NASA周二公布的撞击点图像，其中的绿点表示碎片位置 图片来源：NASA推特截图米斯拉还提到，着陆器的碎片应该会沿着一条直线散布而不是撒的到处都是。此外，着陆器所有部件都是黑色，但看起来被发现的碎片都闪闪发光。不过他在采访最后也表示，自己只是在发表个人观点，并未得出任何结论。此前，NASA在11月11日获取的照片显示，印度“维克拉姆”号着陆器在原定着陆点东南方约750米处坠毁，向外喷射出大量碎片。NASA表示，由于光照条件不好，在9月17日的图像中并未识别出残骸和撞击点。若“维克拉姆”号成功着陆，印度将成为美、俄、中后第四个实现月球软着陆的国家，且是第一个实现在月球南极附近着陆的国家。《今日印度》在报道中依然坚称，印度自主研发的“月船2号”探月器由GSLV MK III-M1火箭发射升空后，在9月2日成功分离了“维克拉姆”号着陆器，并在两次成功变轨后进行减速，以实现在月球表面的软着陆。然而，印度政府表示其下降时减少的速度与设计参数不符。报道称，ISRO计划在明年11月左右发射“月船3号”探月器。
我军少将谈北约峰会：吵归吵但欧洲最后还得靠美国,为期两天的北约峰会12月4日在英国伦敦闭幕。在北大西洋公约成立70周年之际，北约29国首脑聚集开会本应热烈而隆重，但这次会议，北约发言人不仅尽力避免使用“峰会”一词，还强调此次会议只是领导人碰个头，交换一下意见，最后也不发布正式公告。北约70周年如此低调，显得耐人寻味。这就是今天《一南军事论坛》要关注的话题。主持人：70岁，本应可以“从心所欲不逾矩”，然而如今的北约，内部不和，各方裂痕清晰可见。美国总统特朗普大念“紧箍咒”，要求其他北约成员国增加军费；法国总统马克龙抛出“北约脑死亡”观点，批评美国带错节奏、北约内部缺乏战略协调；德国总理默克尔则认为马克龙言过其实；土耳其总统埃尔多安更直接强硬回怼马克龙。北约内部这错综复杂的关系看得人眼花缭乱，一南教授，北约这找不到“北”的状态是准备要散伙了吗？金一南：这次峰会可能是自北约建立以来最揪心的一次峰会，为什么？因为存在三大颠覆因素，第一特朗普，第二马克龙，第三埃尔多安，这是北约的三位骨干。美国特朗普讲“北约是一头过时的恐龙”，这是很大的颠覆因素。马克龙前段时间讲北约已经脑死亡，这话讲得很重。第三是埃尔多安，根本不管北约的任何劝阻、任何协调行动，单方面进军叙利亚。这三家出现的主要矛盾，其实反映了北约的矛盾淤积到今天已经达到了不可开交的地步。北约到底是整合还是解体，是前进还是后退，引用莎士比亚写的《哈姆雷特》中那句著名的话，“To be or not to be”，北约现在就是“To be or not to be”，目前北约正面临这样的风险问题。12月3日，在英国伦敦，北约秘书长斯托尔滕贝格（左）与美国总统特朗普会谈其实北约本身就是为了对付苏联而产生的，问题是苏联1991年已经解体，解体之后北约的历史使命就完成了，但是我们可以看到北约不甘心退出历史舞台，然后开始了东扩的进程。我们经常讲西方最主要的是契约精神，在苏联解体以前，戈尔巴乔夫与科尔，包括与英国的撒切尔夫人，包括与美国的老布什所签署的北约不再东扩的协议，如今烟消云散。当时协议里就规定了，北约以德国东部为界，决不超过德国的东部，今天扩到哪里去了？波罗的海三国，下一步还准备吸收乌克兰，吸收格鲁吉亚、波兰、罗马尼亚、匈牙利。北约在自己的历史使命结束以后，却继续扩大，把新生的俄罗斯作为下一步行动的对象，这便注定了北约今天的困境。这困境不是别人造成的，是自己造成的。资料图：法国总统马克龙（左）和美国总统特朗普主持人：继发表北约“脑死亡”言论后，近日，法国总统马克龙再次质疑北约成员国共识。他表示，应详细研究俄罗斯发出的暂停部署中程核导弹的提议。其实马克龙的这种想法早在2016年就已经初见端倪，当时他在宣布竞选总统之际曾出版了一本名叫《革命》的书。书中透露，他追求不受美国想法支配的独立的欧洲对俄政策。那么一南教授，如今法国是想要重新建立对俄关系吗？金一南：其实马克龙提议倒不是要站在俄罗斯一方，他的提议是欧洲要完成自己的独立防务体系，欧洲没有必要与俄罗斯为敌，因为俄罗斯本身也不想与欧洲为敌，而是想与欧洲做朋友，俄罗斯的西进计划还想融入欧洲、融入西方，是这样的想法。马克龙认为如果欧洲与俄罗斯为敌，整个北约将被美国长期牵制。欧洲一定要营造自己的独立防务，这个独立防务不是想打世界大战，不是想与俄罗斯对抗，也不是想在全世界到处伸手，欧洲首先要维护好自身的利益，建立自己独立的军队，独立的预算，独立的装备研发体系，包括隐形战机，包括网络系统，包括卫星导航，欧洲都要搞自己的独立系统，这个独立就是从传统的美国控制之下独立出来，这就是马克龙的想法。其实德国和法国是欧盟的核心，北约是美国主导的，欧盟想要搞另外一套军事系统，就是德法主导的欧洲独立的防务系统。但是美国对此毫无兴趣，并且予以全力打压。美国说你独立搞一套防御系统那不就是想从我手底下独立出来，不听我话了嘛，这一点使美国很不高兴。资料图：德国总理默克尔主持人：早前马克龙就曾提议建立一支真正的欧洲军队，对此，德国总理默克尔在表示支持的同时，还曾经表示要和法国人一起建造“欧洲航母”，这似乎表明德法两国在欧洲独立防务问题上志同道合。可是在这次北约峰会发言中，默克尔表示，“欧洲应该搞一个独立于北约存在的内部的军事同盟，但成立同盟的目的不是要取代北约”，这和法国提出的“更多摆脱美国的控制”有所不同。一南教授，为什么德国的态度发生了变化？金一南：德国现在很矛盾，其实从斯诺登解密中能看出来，美国对欧洲监视最厉害的是德国，最不放心的也是德国。德国在独立欧洲防务体系中不太愿意做出头鸟。马克龙年轻，冲在第一线，德国总理默克尔到底是位老政客，她让马克龙打头炮，自己不愿意过多地开罪美国，但从德国内心来说它的独立意向依然是非常强的。德国的问题是什么呢？默克尔执政时间不长了，很快就要下去，默克尔也要考虑到后面继任者的感受，所以现在不敢把让欧洲独立的话说得太满，而且德国难民问题也收到了各方的压力。这些矛盾的信息综合在一起，德国就决定，在未来可预见的一个阶段还是与美国搞好关系为妙，所以德国准备往后退一退，与美国搞好关系。土耳其国防部11月25日发布声明称，在首都安卡拉郊外的穆尔特空军基地开始对从俄罗斯进口的S-400防空导弹系统进行测试主持人：可以说北约各成员国目前是各打算盘，美国是不是想刚好借着召开峰会这个契机，再次给北约的各个成员国敲敲警钟、洗洗脑、统一思想，方便自己的管理控制？金一南：对。特朗普在北约峰会上向盟友强调中国和俄罗斯仍是重大挑战，尤其是中国，中国在5G方面的主导地位将给欧洲安全带来重大威胁，就是在北约峰会上他一定要营造一个对手。因为美国已经禁用华为的5G了，但欧洲的很多国家都在使用，美国要借这个机会重塑自己在欧洲的领导地位，重塑在北约的地位，其中一个很大的落实点就是你们要封杀华为的5G。他从最大的点到最小的点，这种战争目标和战术手段都结合在一起，就是要牢牢地控制欧洲。现在特朗普想牢牢地控制欧洲，最不听话的就是两个刺头，一个是马克龙，一个是埃尔多安，这是美国控制欧洲最大的障碍。埃尔多安已经直接部署了俄罗斯的S-400，而且为了检验S-400的对空目标发射能力，起飞了土耳其的F-16，就是美制战斗机，然后用S-400来捕捉，锁定这个目标，这让美国国会气得要命，让美国行政部门气得要命，说土耳其用俄罗斯的防空系统对准美国的空中飞行器，将来不是会对美国形成很大的威胁吗？土耳其做得多说得少，平时不怎么吭气，说北约是挺好的，但是进军叙利亚，就和美国打了招呼，跟北约不打招呼，完全破坏了北约所谓集体安全的基本原则。法国马克龙是说得多做得少，马克龙讲的北约脑死亡，他不攻击个人，说这个组织脑死亡。埃尔多安则代表土耳其对马克龙喊话：你应该检查自己是不是脑死亡了，这完全是对国家元首非常不礼貌的人身攻击。所以你看北约现在乱成一锅粥，我们有一句话叫家丑不可外扬，自己内部的事基本不要让外面人知道，好了，现在捅破了天，大家都知道了，闹到这个地步。资料图：土耳其总统雷杰普·塔伊普·埃尔多安主持人：那么在这样无组织无纪律还内讧不断的军事同盟内，有没有可能法国异军突起，正如马克龙呼吁的那样，将俄罗斯纳入新的欧洲安全架构，发展军事合作关系，成为北约与俄罗斯关系的新样板、新模式？金一南：现在北约峰会闹事的三剑客，特朗普、马克龙、埃尔多安，他们三者都与俄罗斯关系非常暧昧。马克龙提出与俄罗斯谈，表面上看是他自己单枪匹马，实际上不是这样的，北约内部还是有一些这样的呼声，他是能得到一些响应、一些默许的。但是对于真正实施，要注意不管是北约还是美国，强大的冷战力量、冷战利益团体会阻止这样的前景实现。北约分崩离析、四分五裂的趋势很明显，但是从中长期看，现在欧洲还是离不开美国，所以说吵归吵、闹归闹，最后还得委曲求全，还得归入旗下。因为欧洲距离真正建立独立的防务，还有很长的路要走。欧洲到今天为止也没有从这个怪圈里摆脱出来，没有出现挣脱这个怪圈的力量。
我军官谈中国军事透明度：西方房子没围墙中方正相反,8次参加香格里拉对话会，9次参与筹备香山论坛，作为中美防务关系研究专家，赵小卓经常代表中国军队在国内外媒体上发声，但是他本人的经历却极少见诸媒体。赵小卓（右）赵小卓，1964年出生，1979年入伍。很少有人知道，他最初的梦想是当一名飞行员。“我当兵的时候才十五六岁，当时是想当一个飞行员。70年代末是什么情况？人们都吃不饱饭，当飞行员就能吃肉，据说还有配餐，还有水果，简直是天堂般的日子。而且，飞行员在人们眼中是非常神圣的。我们县那年就招了我一个，走的时候，县委书记、县长都来了。县委书记还把我抱起来，说，‘我看看这个飞行员和别人有什么不一样’。”飞行员的选拔培养向来实施全程淘汰。赵小卓入伍第二年，就因身体原因离开航校，被分配到西藏。他边工作边学习，通过自学考取了大专文凭。“那时候学习主要靠自学，尤其是英语学习非常困难。我原来那个单位，八几年的时候订了《中国日报》，放在那个地方没人看，我就每天拿来看。开始看是很难的，因为都是生单词，拿个字典翻过来翻过去，一版能看半天。看了几个月之后就很快了，一版一个小时、半个小时就看完了。”1994年，出于对世界军事的关注，也源于对英语学习的热爱，30岁的赵小卓考上了军事科学院外国军事思想专业研究生。两年后毕业留校，走上了军事学术之路。“这时候它（英语）就不是一种爱好了，那是具体的工作。每天要读大量的东西，做一个课题要穷尽那里面所有的资料，中文的、外文的，外语就变成一种必需的工具了。”理论只有与实际紧密联系，才能迸发出更大能量。1998年，刚果（金）爆发了非洲现代史上最大的一场战争，卢旺达等6国卷入其中。2001年，交战各方达成初步停火协议后，联合国从世界各国征召军事观察员，中国派出10名军人参加。赵小卓成为第一批联合国派驻刚果（金）的军事观察员。赵小卓在刚果（金）担任联合国观察员“10个人分散在不同地方，每天跟联合国报告情况。我们是中立方，看到什么报什么。我们所在的中间停火带有很多地雷，埋地雷的人都不知道在哪儿埋的。只要我们开出一条道，之后你就沿着那条道走。经常有人死，观察员死过，当地老百姓死得更多。很多次，要么我们去核查的时候，要么是在营地里边待着的时候，当地老百姓过来报告，哪个地方有人被炸死。我们要去查看现场，还要拍照，看完之后回来，我们要给联合国写报告，把这个情况报上去。”赵小卓说，那时真正让他感到后怕的不是地雷，而是疾病。“有天早晨醒来之后就觉得有点冷，老觉得有风从我后背吹过来。我就把我的毛巾被全部都裹上，把衣服能裹的全裹上，还是冷，摸了一根温度计量了一下，拿出来一看39.5℃。当时心里边开始有点慌了。到了医院之后，大家一说疟疾，就开始住院。于是我就吃药，吃了那个药之后，每天生不如死，睡不着、吃不下，特别难受。前前后后两三个星期，我才慢慢恢复。”赵小卓在刚果（金）担任联合国观察员2001年，911事件爆发，正在刚果（金）执行联合国维和任务的赵小卓，通过卫星电视看到了这个震惊世界的消息。“9·11当天我在非洲，在联合国维和，做刚果（金）的观察员。一个外军的观察员，他自己架了一口锅，装了一个电视，我在那个地方看到的这个电视画面。当时，我脑子里边就想，这是一个非常大的事情。因为我知道美国的历史，1865年南北战争结束之后再没有过大的战争，150年之后突然有了这么一起事件，这个事情对美国的震动会非常大。果然，后来就有了阿富汗战争。”非洲维和经历，让研究外国军事思想的赵小卓对外军有了更多感性认识。回国之后，阿富汗战争余波未尽，第二年美国又发动了伊拉克战争。赵小卓跟踪研究了这些热点事件，编著了《伊拉克战争研究》等学术专著。2010年底，已经晋升大校军衔的赵小卓得到了赴澳大利亚国防大学战略班进修的机会。这是为澳大利亚培养将军的课程，全班42名军官一半来自澳方，其余21名来自16个国家，赵小卓是班上唯一的中国人。如果说在非洲赵小卓面对的最大挑战是战争与疾病，那么在澳大利亚，最大的挑战来自西方对中国的偏见。“我在澳大利亚待了一年，深切地感受到中国的强大，这是第一点。第二，西方对中国的偏见。我们上了整整一年课，无论上什么课中国基本都要被提到。台湾问题要讲，南海问题要讲，讲日本的时候要讲中日关系，讲美国的时候也要讲中美关系、中印关系等等。总而言之，中国是那个“房间里的大象”，不断地被提及。只要是涉及中国的，本能确定你是有问题的，再开始给你慢慢地找证据、找理由。因为讲中国比较多，他又经常有偏见，如果我不主动站起来，有人就会说，这个地方有中国军队的一个大校，让这个大校来回答一下。你就必须得站起来，给他点评，你刚才讲的哪不对，为什么不对。”在澳大利亚国防大学学习的一年间，赵小卓几乎每天都在回应来自其它国家对中国的质疑。毕业时，校长评价他是传播中国文化的大使。“我回来时的评价是校长给我写的，其中有一句话给我印象特别深，说我是传播中国文化的一位非常优秀的大使，英文用的ambassador这个词，就是‘做一些工作让外国人了解中国文化’。”从澳大利亚回国第二年开始，也就是2012年，赵小卓每年都作为军队代表团专家组成员参加新加坡香格里拉对话会。2014年10月，他还作为军队代表团成员赴美国五角大楼参加“中美重大军事行动相互通报机制”和“中美海空安全行为准则”谈判。“在那个班上待了一年，再参加任何国际会议，再讨论任何敏感问题，第一，你心里边一点都不怵；第二，你也不觉得那个东西多敏感，因为后来的很多问题都是过去那些问题的重复、发展和衍生。”2006年，第一届香山论坛在北京举办，赵小卓开始把参加国际会议的经验逐渐用在参与和筹备香山论坛的工作上。2014年，香山论坛从传统的“二轨”升级到“一轨半”，由学者对话机制升级到了官方与学者共同对话的机制。2018年开始，赵小卓有了一个新身份——北京香山论坛秘书处办公室主任。“我每一届都参与了，角色不一样。有时候我是作为会议代表，有时候是作为工作人员，现在我是负责筹划、组织工作。我有很多经历，比如在澳大利亚留学的经历，参加若干次香格里拉对话会的经历，参加慕尼黑安全会议的经历等等，这些对我怎么办好香山论坛有不少帮助。”赵小卓参加第8届北京香山论坛如今，香山论坛已成功举办八届，发展成为亚太地区具有重要国际影响力的高端安全与防务对话平台。谈及多年来研究国际防务关系的感悟，赵小卓说，最重要的是讲好中国故事。“我讲中国的军事透明度，放了两张图。我说你看一下中国的房子，看一下西方的房子。西方的房子有一个特点，它基本没有围墙。我说你看中国的房子，我就把四合院拿出来了，主人一般是住在最后边的，而且中国的房子还有个照壁，你必须绕过这堵墙才能进到院子里。这个透明度背后有个问题是‘文化’。讲完之后，他们听懂了，好几个人都上来跟我握手，说你把东方的东西讲出来了。所以，关键是我们这个道理是不是都讲到了，让他切切实实理解你。”
美国海军南海闯岛新模式：报复意味越来越浓厚,11月20日、21日，美海军“吉福兹”号濒海战斗舰、“迈耶”号导弹驱逐舰，分别擅自进入中国南沙岛礁邻近海域、西沙群岛领海，开展“航行自由行动”。这也是美海军濒海战斗舰首次在南海执行“航行自由行动任务”。此前9月13日，美海军导弹驱逐舰“迈耶”号（USS Wayne E。 Meyer，DDG-108）闯入中国西沙群岛海域；8月28日，“迈耶”号在南沙群岛美济礁、永暑礁附近海域开展了“航行自由行动”，并一度进入岛礁12海里水域内。近两年以来，美军在南海开展此类行动的频次、烈度和针对性日益增强，其特点和趋势值得高度关注。“迈耶号”导弹驱逐舰等西南沙“航行自由行动”的战术特点及政策启示“迈耶”号导弹驱逐舰属于美海军第三舰队，它8月9日由夏威夷珍珠港海军基地出发，前往西太平洋地区执行军事部署任务。8月17日抵达关岛阿普拉海军基地，稍作休整之后于21日出港进入菲律宾海开始执行军事巡逻任务。8月25日晚该舰经巴士海峡进入南海，并于28日在南沙群岛美济礁、永暑礁附近海域开展航行自由行动，8月30日下午进入新加坡樟宜海军基地。9月4日“迈耶”号导弹驱逐舰从新加坡出港，并沿着马来半岛东部海域北上进入泰国湾参加为期5天的美国东盟联合演习。演习结束之后“迈耶”号导弹驱逐舰经南海北上，并于9月13日在西沙群岛开展“航行自由行动”。根据公开信息，结合“迈耶”号导弹驱逐舰近期在西南沙的“航行自由行动”，近期美海军此类“航行自由行动”呈现出以下特点：选择时机敏感 报复意味浓厚自2015年以来，美国海军已经形成了在中国重大节庆期间闯岛闯礁的“传统”，以期创造更大政治效果和影响。如国庆节、春节等节假日都是美国海军重点“关照”的时间点。此外，“航行自由行动”也越来越有报复的意味。8月27日美国防部官员对路透社记者透露中方拒绝了美海军军舰近日提出对青岛港进行访问的请求，随即在8月28日“迈耶”号导弹驱逐舰就在南沙群岛开展了“航行自由行动”。同样在8月上旬中方拒绝两艘美海军舰船访问香港之后，时隔一周美海军格林湾号两栖船坞运输舰（USS Green Bay，LPD-20）就自南向北穿越台湾海峡。近年来，随着中美海上战略竞争加剧，美国变得过于敏感，美军通过在南海开展“航行自由行动”或者过航台湾海峡等对中方进行报复性回击已经成为常态。强化“海空协同”和体系行动虽然美军自认为“航行自由行动”不具有挑衅性，是“最温和的行动”，但在具体的行动过程中，却始终高度戒备，充分发挥自身海域态势感知能力和体系行动的优势，最大可能保证其行动的安全。在行动前，P-8A反潜巡逻机往往会前出到相关海域进行情报侦察；而在行动中，空中则至少会保持一架P-8A或其他类型侦察机对执行任务的水面舰艇进行情报支援和策应。目前，美海军有2至3架P-8A反潜巡逻机常态化部署在菲律宾克拉克空军基地，用于在南海方向开展侦察巡逻任务。根据互联网ADS-B信息显示，在9月13日“迈耶”号导弹驱逐舰开展“航行自由行动”前后，至少有两架P-8A反潜巡逻机部署在菲律宾克拉克空军基地，编号分别是169011和168996，其中编号为169011的P-8A反潜巡逻机在13日当天从菲律宾克拉克空军基地起飞，前往南海开展了军事行动。其任务之一很可能就是配合“迈耶”号进行“航行自由行动”。编号为168996的P-8A反潜巡逻机是美海军部署在西太平洋地区的唯一一架装备APS-154高级空中感应器的飞机，主要用于提供空中情报支援。此外，美海军现役的阿里·伯克级导弹驱逐舰和提康德罗加级导弹巡洋舰均具备搭载SH-60海鹰直升机的能力，在开展战术行动尤其是在他国领海线附近开展“航行自由行动”中起飞舰载直升机是美军一贯的行动策略。针对西沙和南沙采取不同的行动方式在西沙群岛海域开展“航行自由行动”通常采用岛屿间穿梭进行的方式。比如2019年1月7日的行动中，当时美海军的“麦克坎贝尔”号导弹驱逐舰（USS McCampbell，DDG-85）就在西沙群岛的赵述岛、东岛和永兴岛三个岛屿之间穿梭航行；2018年5月27日美海军导弹驱逐舰“希金斯”号（USS Higgins，DDG-76）和导弹巡洋舰“安提坦”号（USS Antietam，CG-54）在西沙群岛的东岛、赵述岛、永兴岛和中建岛一线穿梭航行。在南沙群岛海域，美军通常采用“之字形”航线进行的方式。比如2017年5月24日美海军导弹驱逐舰杜威号（USS Deway，DDG-105）进入了美济礁附近6海里的海域，并在美济礁周围12海里范围内采取“之”字形航行了近90分钟，期间没有实行无害通过而是正常航行，并且还实施了一次救生演习。另外，值得注意的是，与奥巴马政府时期相比，特朗普政府的“航行自由行动”虽然频率和烈度都在显著上升，但战略意义明显下降；白宫和国安会当然支持美军继续加大行动，但对行动本身鲜有过多关注，国防部及印太总部以下的操作层面的行动空间增大，风险性和危险性也在上升。行动频率在大幅升高且日益常态化从对美海军近年来在南海开展闯岛闯礁式“航行自由行动”的统计来看，美海军行动的频次呈逐年上升，时间间隔逐渐缩短的趋势。2016年美海军在南海开展了3次，2017年开展了4次，2018年开展了5次，而今年截止9月13日就已经开展了6次。2018年美军开展的5次“航行自由行动”中时间间隔基本保持在两个月之间，而今年时间间隔最短的已经达到了15天。在开展此类“航行自由行动”期间，美军通过密切的海空协同配合和精密的路线选择，在南沙群岛、西沙群岛以及黄岩岛等三个地点南北交替进行，且对西沙群岛的兴趣越来越大。近些年来，美军的这些行动变得更加随意，有意寻求常态化。绝大多数闯岛闯礁式“航行自由行动”都是由过航的军舰来实施的，如“迈耶”号导弹驱逐舰此次部署至南海，执行了很多其他类的行动，主要目的是显示存在，在南沙和西沙的“航行自由行动”很可能只是附带任务。特别是2019年以来，美军行动不再遵循一定的时间间隔，有时隔近3个月，有时仅隔13天，有意打造“随时随地想做就做”的态势。美国一种日趋流行的观点认为，“既然美国没有承认中国对南海的这些地貌拥有主权，也就没有义务遵循理论上的领海范围。”、“持续地自由航行，而非反应式的‘航行自由行动’，才是最好反制中国南海扩张的政策，特别是在南沙群岛，中国没有任何实际的法理主张需要被挑战。”目前看，这种学界的普遍认知也逐渐传导到政策层面。结合美官方一直是南海仲裁案裁决的坚决拥护者，美或将“航行自由行动”视作自身落实仲裁裁决的一部分，将南沙群岛视作孤立、不相联系、海洋权益范围有限的海上地物，并以持续、可见的方式加以推进。同时，针对西沙群岛基点基线划法、岛水比例等美视作过度的海洋声索，采取更为激进、频繁的挑战方式，以求创设国际法上意义上的国家实践。在观察美“航行自由行动”时，也需注意其后的法律背景和目的。（作者署名：南海战略态势感知）本栏目所有文章目的在于传递更多信息，并不代表本网赞同其观点和对其真实性负责。凡本网注明版权所有的作品，版权均属于新浪网，凡署名作者的，版权则属原作者或出版人所有，未经本网或作者授权不得转载、摘编或利用其它方式使用上述作品。新浪军事：最多军迷首选的军事门户！
被特朗普说“两面派” 特鲁多回应：是该注意,[编译/观察者网 童黎]美国总统特朗普和加拿大总理特鲁多近日又打起了“口水仗”，用实力演绎“相爱相杀”。这次先“认怂”的，是特鲁多。被特朗普骂成“两面派”后，他4日终于打破沉默，承认在一段前一晚白金汉宫晚宴视频中，他和英首相、法总统等领导人背后调侃的正是美总统。据美国有线电视新闻网（CNN）12月4日报道，特鲁多在当天的记者会上说：“在我与特朗普总统会晤前，曾有一场临时新闻发布会，昨晚我谈到了这件事。我很高兴成为谈话的一员，但当时确实应该注意。”关于疑似说出“你可以看到他团队下巴都掉地上了”，特鲁多解释称，这是指特朗普在他俩双边会晤中，突然宣布下届G7峰会在华盛顿郊外的总统度假地戴维营举行一事。“每个领导者都有自己的团队，他们会不时地对意外感到惊讶，好比这段视频本身。”视频截图他还表示，并不担心自己的言论会影响美加关系。不过，特朗普当天早些时候曾愤怒指责特鲁多“两面派”，但又说他“是个好人”，可能是因为军费开支争议不高兴。3日晚，英首相约翰逊、法总统马克龙和特鲁多等人在参加北约70周年招待晚宴时，被拍到在现场“大谈特谈”。期间虽然没有提到特朗普的名字，但外媒都猜测被调侃的主角就是他，以及特鲁多提到的“40分钟新闻发布会”就是指特朗普与马克龙的会晤，二人期间就北约和土耳其问题展开了激烈争论。之后，特朗普取消了原定在北约峰会结束时举行的记者会。但有人从打开的麦克风中听到他事后持续“输出”道，“哦，你知道他们会说什么——‘他没开新闻发布会。他没开新闻发布会。’我说那家伙是个两面派，你知道的，真是好笑。”东道主约翰逊则在新闻发布会上表示，视频表明他没有严肃对待特朗普的说法是“无稽之谈”，“我不知道这是怎么来的。”另外两名主角——马克龙及荷兰首相吕特的发言人都表示，对此“无可奉告”。有意思的是，这已经不是“双特组合”的第一次“口水仗”。去年G7峰会时，特朗普曾因特鲁多的言论公开拒签会议公报，并人身攻击特鲁多“又假又软”，美国高官连番羞辱后还引发了加拿大人的“抵制美国货”行动。那一次，是炮轰特鲁多“下地狱”的白宫“鹰派”贸易顾问纳瓦罗先服软道歉。
香港舆论惊讶：不光内地 港生连澳门学生也比不过了,资料图“中学生能力澳门爬香港头”，香港《东方日报》4日以此为题报道称，PISA由经济合作与发展组织（OECD）策划，每3年进行一次，旨在评估15岁学生的能力，本届共有79个国家或经济体参与。香港中文大学教育数据研究中心受委托于去年4-5月间，随机抽取152所中学、逾6000名15岁学生进行测试，评估其母语阅读、数学和科学素养。3日全球同步公布的研究结果显示：在母语阅读能力方面，香港名列第四，比上一次下跌两名，分数从527分降至524分；在数学能力方面，香港排名跌至第四位，分数从548上升至551；在科学能力方面，香港排名维持第九，分数则微降至517，比澳门低27分，也是2000年以来得分最低的。报道特别提到，排名第一及第二的内地及新加坡中学生，在阅读、数学和科学能力方面均抛离港生20多分至70多分不等，澳门学生在上述三项评分中也全面力压港生，成功进入三甲。香港《星岛日报》4日称，本届中国内地在北京、上海、江苏和浙江4个省市取样，学生整体成绩均在三项夺冠。例如，以能力为第四级至第六级高的“尖子”比率计算，香港在阅读方面较内地少逾一成，数学和科学则分别少18%和33%；能力低于第二级的“差生”比率，香港则比内地多一两成，而双方科学范畴足足相差近56%，“意味着每100人中，就有56名内地学生的科学能力比港生高”。对于这样的结果，香港教育局回应称，港生在本届PISA整体表现优秀，三方面的能力均远高于国际水平，会借助国际评估结果作为其中一个参考指标，知悉港生强弱项并加以改进。中文大学卓敏教育心理学讲座教授侯杰泰称，澳门学生过去落后港生约40分，现在在阅读、数学及科学三方面均超过香港，对香港来说是一个警讯；若不改善，日后必定要“吃苦”。他分析说，澳门了解教育问题后会针对性地提出方案解决，如留级问题严重就加强老师对学生的关注及教学方式等；反观香港非但未与世界接轨，科学排名更有下跌趋势，对比以往有四成学生修读物理、化学及生物等理科科目，教改后只有两成学生选修，甚至有部分学生在初三选择不修读理科，均是令香港科学排名下降的主因。当被问及为何内地学生能力远超港生时，侯杰泰认为难以比较内地成绩，因为不是全部省市都参加，且每次参加的省市不一，不过江浙地区学生表现出色是毋庸置疑的，其中有五成学生比香港优秀值得检讨。《东方日报》认为，香港唯一值得安慰的是全球大部分城市男生能力评分比女生好，只有香港刚好相反。香港女生理解和记忆、综合能力比较强，因此在阅读表现上优于男生，差距高达35分；在数学和科学方面，香港女生也比男生高出6分及9分。香港《明报》4日注意到，香港学生的归属感（例如觉得自己在学校是个局外人，或在校容易结交朋友）及评价教师的支持，都低于OECD平均分。有分析认为，香港学生的生活满意度偏低，在应付学习、评核及其他生活方面的压力极高。澳门对取得的成绩相当欣慰。《澳门日报》4日称，澳门学生的阅读成绩为525分、科学544分、数学558分，三项素养首次位居全球第三，也是澳门参加历届PISA测试的最佳成绩。其中澳门一向成绩较低的阅读素养，在PISA 2009年整体得分低于OECD平均水平，如今差不多提升了一个年级的水平，尤其是男生阅读素养大幅上升，值得鼓舞。研究结果同时显示，经过两三年的努力，澳门的校园欺凌现象已得到改善，已从2015年排列末段提高到中游位置。在澳门中学任教的澳门立法会议员区锦新称，澳门政府近年投放在教育上的资源有所增加，学校可自由运用政府津贴安排更多课外活动，不知道是否因此令学生的表现提升。曾在澳门大学担任副校长的香港恒生大学校长何顺文说，澳门与香港中学教育的一个差别是澳门政府没有制定统一的课程大纲，每所中学都可以自主按照学生的实际情况安排不同课程，中学生压力较香港中学生小。不过，他认为排名有升有跌很正常，难以用一次排名比较两地教育优劣。至于台湾方面，数学全球排第五、科学第十。台湾《联合报》称，虽然仍然优异，但分别比上次2015年退步一名和六名；阅读则进步六名，全球排第17。和亚洲邻近地区比较，台湾落后于大陆、新加坡和澳门，香港的数学和阅读也都超过台湾；日韩的数学略输台湾，但阅读、科学领先。
珍珠港枪击案枪手系美军水手已自杀 另有2位平民死亡,珍珠港-希卡姆联合基地在社交平台发表声明（推特截图）海外网12月5日电 综合美国广播公司和路透社报道，当地时间4日，美国夏威夷珍珠港-希卡姆联合基地枪击案凶手已经在袭击后自杀，其身份为基地的一名美国海军水手。此外，福克斯新闻网消息称，袭击发生在一艘潜水艇附近，有3名平民受到枪击，其中受重伤的2人已经死亡。基地发言人表示，目前基地出入口已经被封锁，相关调查正在进行中。（海外网 赵健行）
美加州州长：特朗普成解决加州无家无归问题的绊脚石,中新网12月5日电 据美国中文网报道，当地时间4日，美国加州州长纽森指责特朗普政府故意隐瞒加州无家可归人口的关键数据，使该州无法应对不断加剧的危机。纽森称，州政府将接受近5亿美元的拨款申请，这些资金将用于地方项目，以对抗越来越严重的无家可归问题，尽管联邦政府还没有公布最后的统计数据，而这些数据通常用来决定如何分配这些资金。资料图：美国总统特朗普。中新社记者 陈孟统 摄加州州长办公室表示，特朗普政府拒绝公布数据，为加州设置了“政治化的路障”，尽管各市和郡在几个月前进行了统计，并将结果提交联邦政府批准。纽森在一份声明中说：“加州正在进行历史性的投资，帮助我们的社区与无家可归作斗争”，“但我们有工作要做，我们需要联邦政府尽其所能。”2019年6月，州议会通过了一项预算，其中包括为各市郡提供6.5亿美元的紧急资金，以解决无家可归问题。根据联邦政府规定的两年一次的统计，无家可归者人数较多的地方理应获得更大份额的资金。2019年早些时候，加州各地的地方政府进行了统计，发现没有固定住所的人数呈爆炸式增长。旧金山有9784名无房居民，较2017年增加了17%，但根据该市过去使用的更宽泛的无家可归标准，这一增幅接近30%。据报道，各市和郡将初步数据提交给美国住房和城市发展部，后者负责审核数据并将最终结果发送给各州。与此同时，加州找到了一个变通办法，收集各市和郡向联邦政府提交的初步统计数据，并利用这些数据开始向大约四分之三的无家可归者申请救助。剩下的1.5亿美元将保留到最后的无家可归人数审批通过之后。纽森在一份声明中说，“加州在解决无家可归危机方面比以往任何时候都做得更多，但是包括联邦政府在内的各级政府都必须站出来，真正地参与进来。”报道指出，无家可归已经成为加州州长和特朗普之间的另一个冲突来源。2018年9月，特朗普访问旧金山湾区时表示，旧金山和加州其他城市的无家可归者正在“毁灭自己”。一周后，他所在的环境保护署警告纽森清理该州的脏水，称这与旧金山的家庭生活有关。据报道，特朗普还在探索如何打击加州无家可归者的营地。纽森12月3日宣布，特朗普和前总统奥巴马领导下的美国跨部门无家可归问题委员会前执行主任马修•多尔蒂将为加州的无家可归问题提供建议。上个月，在特朗普政府的要求下，多尔蒂离职。
"北约将太空列为""新战场"" 普京：反对太空军事化",当地时间12月4日，俄罗斯总统普京表示，俄罗斯一贯反对太空军事化的想法，但美国及其盟国的行动迫使莫斯科抵制这种日益增长的威胁。俄罗斯总统普京。视觉中国 图据“今日俄罗斯”12月4日报道，普京在一次政府军事政策会议上表示，“俄罗斯一直反对并将持续反对太空军事化。”但同时，普京也对世界大国在具有军事用途的空间系统方面取得的发展表示关注。“美国政治和军事领导人公开将太空视为战场……这种趋势要求我们要更加重视加强轨道星座的部署及整个火箭航天业。”普京表示。“今日俄罗斯”报道称，普京所谓的轨道星座是一个由150多颗卫星组成的星座，其中三分之二具有军事用途，是军事卫星通信系统的一部分。此外，俄罗斯也有监测洲际弹道导弹和短程战术导弹发射的卫星。12月4日，美国总统特朗普在推特上称，北约现在已经将太空视作行动领域，也会因此变得更加强大。“美国的领导将通过这种优势保障和平。我们必须在陆、海、空，还有太空领域，都继续展现这种优势。”特朗普表示。在12月3日至4日庆祝北约成立70周年的峰会期间，北约成员国宣布太空是“新战场”，并将致力于确保包括5G在内的电信基础设施安全。但是，有关在这一方向上的具体实施方案和时间表，北约没有公开发表任何言论。
歼20贴身武器有何亮点：机动性提高60%还能后向发射,霹雳-10E的过人之处1、采用新一代近距格斗空空导弹常用的常规布局，特点是升阻比较高，可用攻角大，弹体对于全弹升力贡献增加，有利于提高该弹的机动性能。2、射程接近中距弹。霹雳-10E的尺寸仅比SD-10A中距空空导弹稍细稍短，弹长在3.5~3.6米左右，这很可能是根据歼-20侧弹舱的长度设计的，普通格斗弹一般只有3米左右。因而，霹雳-10E的射程应该比普通格斗弹更远，据推测有可能增加到20千米左右，已经不逊于某些中距空空导弹。图注：霹雳-10E采用正常式气动布局，个头不小，仅比旁边展出的中距弹SD-10A稍细、稍短3、导引头采用红外焦平面阵列成像技术，可以对目标进行红外成像，具备很高的灵敏度和空间分辨率，可在夜间或烟雾条件下以被动方式全方位对冷目标进行探测，对红外诱饵、假目标也具有较高的鉴别能力，并且可以抑制背景干扰。4、矢量机动和高过载。从霹雳-10E的尾部结构来看，它采用了推力矢量技术，尾喷管处有燃气舵控制机构。推力矢量控制使导弹在低速、高空飞行状态下仍然可以产生较大的横向过载，对导弹初始飞行段（速度较低）和高空飞行段（空气稀薄）的控制特别有好处，霹雳-10E的最大过载可能达到50~55g，远超霹雳-8的35g。图注：霹雳-10E尾部的反梯形X尾翼（主要气动作动面）和燃气舵，组成了气动力+矢量推力复合控制体制5、可视即可射。超强的矢量机动性、过载能力和先进的导引头，使霹雳-10E的发射离轴角可以达到±90度，具备越肩发射（即后向发射）能力，不但在飞机的整个后半球都能发射、跟踪并命中，而且首次对于迎头高速飞来的敌机目标有了真正有把握的攻击能力，再加上可以与头盔瞄准具联动，让飞行员实现可视即可射。好弹配好机霹雳-10E的亮相，让大家不再担心“没有好弹配好机”，该弹先进的战术性能可以让歼-20的矛头更加锐利， 在空战时的攻击性更强、打击距离也更远，再配合歼-20的隐身性能和高机动能力，霹雳-10E会像高手过招时突然甩出的袖箭，隐蔽而致命。（作者署名：兵工科技）本栏目所有文章目的在于传递更多信息，并不代表本网赞同其观点和对其真实性负责。凡本网注明版权所有的作品，版权均属于新浪网，凡署名作者的，版权则属原作者或出版人所有，未经本网或作者授权不得转载、摘编或利用其它方式使用上述作品。新浪军事：最多军迷首选的军事门户！
美夏威夷海军造船厂发生枪案 目击者：枪手开枪自杀,中新网12月5日电 据夏威夷当地媒体“Hawaii NewsNow”报道称，当地时间4日，美国夏威夷珍珠港海军造船厂发生枪击事件，造成至少3人受伤，其中2人伤势情况严重。目击者称，枪手已开枪自杀。珍珠港-希卡姆联合基地发言人说，情况已经得到控制。消息人士称，枪击受害者是平民。报道称，其中一名情况极其危急的受害者已被送往特里普勒陆军医疗中心，另一人被送往巴利莫米医疗中心。据报道，当地时间4日下午2点30分，第一批救援人员赶到了现场。基地现场在下午4点左右解除封锁。但当地法医办公室表示，“正在与牵头调查的美国海军合作。”据称，火奴鲁鲁的警探也做出了回应。夏威夷州长戴维·伊格表示，白宫在枪击案发生后提供了援助。伊格在一份声明中说，“我与夏威夷人民在一起，我对这起悲剧表示痛心，也对那些受到枪击影响的人表示关切。”
美军为何让服役近半个世纪的A10攻击机再飞20年,作者署名：兵工科技据美国《空军时报》报道称，美国空军装备司令部表示，其装备的173架A-10攻击机已完成换装新机翼的工作。目前，这批接受改装的A-10约占美国空军282架A-10攻击机的61%，这也标志从上世纪70年代服役的A-10亚音速非隐身对地攻击机仍将继续服役下去。那么，对于如今已经拥有包括F-22、F-35乃至MQ-9“死神”无人攻击机等众多新型作战飞机的美国空军，为何还要痴情于它呢？这还是得从A-10自身的性能说起。对地支援能力强A-10对地攻击机是美军目前唯一一款能够执行低空对地面部队提供密集火力支援的飞机，被认为是对手装甲部队和防御阵地的杀手。在执行对地支援任务时，A-10攻击机能够携带18颗227千克的MK82通用炸弹或多枚空对地导弹，还能使用机载GAU-8型7管加特林机炮发射炮弹摧毁对手的抵抗。图注：A-10对地攻击机是美军目前唯一一款能够执行低空对地面部队提供密集火力支援的飞机战场生存能力强A-10对地攻击机的两个巨大的由通用公司研发的TF34-GE-100非加力涡扇发动机被单独分别安装在了机体后部靠上方的位置。之所以“不同寻常”，是因为这个位置布置的航发有利于降低被地面武器命中的概率，也有利于战时的快速更换和维护。同时，采用双发设计的好处在于一旦其中一台发动机在飞行时受损，此时A-10攻击机也可以凭借另外一台好的发动机飞回基地，从而提高了A-10攻击机的生存性能。此外，为了尽可能地提高A-10对地攻击时的防护能力，A-10攻击机在机体的几个重要部位，如飞行员座舱、机腹等部位都安装了钛合金制成的装甲，最厚处甚至达到了50毫米，如此一来就可以很轻松的防御类似23毫米高射炮的直接打击。图注：据相关数据显示，A-10攻击机执行一次任务的成本只有几十万美元作战性价比高从未来较长一段时间来看，F-22、F-35等五代隐身战斗机，虽然其具备隐身突防能力，也具备携带对地攻击武器的能力。但首先，这些飞机的价格和飞行成本都太过昂贵（据相关数据显示，A-10攻击机执行一次任务的成本只有几十万美元，而F-35战机的成本可能高达数百万美元），加之也缺少装甲防护，执行飞行高度较低的对地攻击时一旦受到什么损失，显然会 “更肉痛”，而如果让它们携带一些防区外弹药对一些散兵游勇进行攻击，又显得“更亏本”；至于像F-16、F-15等型号的非隐身战斗机，这些战斗机首先一没装甲，二不具备隐身，加之价格和飞行成本也比A-10要高很多。因此，让它们去执行较为危险的对地攻击任务，无疑是“更冒险”。可以说，目前在美军没有新的对地攻击机服役之前，让能飞、能打且能防的A-10继续服役下去，用来执行对地攻击或对地近距支援任务实在是不二之选。本栏目所有文章目的在于传递更多信息，并不代表本网赞同其观点和对其真实性负责。凡本网注明版权所有的作品，版权均属于新浪网，凡署名作者的，版权则属原作者或出版人所有，未经本网或作者授权不得转载、摘编或利用其它方式使用上述作品。新浪军事：最多军迷首选的军事门户！
"乱港分子再赴台""求助"" 蔡英文连""口头支持""都没有了",作者 | 朱箫▲来源：台湾“中央社”12月3日，香港部分高校学生会及乱港组织“学生动源”钟瀚林组团到台湾，由当地政棍陪同举行记者会，让蔡英文当局落实“难民法”、修订“港澳条例”等。颇为尴尬的是，会场气氛冷清，原本受邀的陆委会和“移民署”官员都临时不出席，部分人犹如自说自话。综合香港《大公报》、台湾“中央社”消息，自称“学界代表”的所谓“香港大专学界国际事务代表团”等赴台，与“时代力量”人士窜谋，要蔡当局提供“更多支持”，结果坐冷板凳，没有台官员到场。“时代力量”徐永明抱怨称，蔡英文打“香港牌”已“检到枪”，“是否在收割政治红利后，枪就丢了？”他说，原本邀请的陆委会和“移民署”官员都临时不出席，“今天香港朋友来这边，官员避而不出席，那到底态度是什么？”事实上，黄之锋、朱凯廸、岑敖晖等一班乱港派早前窜台，乞求庇护暴徒时已经碰壁。当时蔡英文一改先前为香港暴徒摇旗呐喊的姿态，赶忙“打起太极”，声称“支持但不介入”，还说“必要时可以提供必要的协助”，台“行政院长”苏贞昌当时含糊回应，称“现有机制”是最好的。而这次，蔡英文连“口头支持”也没有了。不过，徐永明的表态也一样是在打“政治盘算”。台湾“立委”选举下月进行，政界人士踢爆徐永明只想利用残余的“香港牌”，讨好台湾的年轻选民。▲黄之锋（来源：东森新闻）台湾2020“大选”越来越近，台湾当局及“台独”势力一直蠢蠢欲动，如跗骨之蛆般盯上了东方之珠，为香港暴徒摇旗呐喊，拿香港当“大选”提款机。香港前特首董建华曾直指，在香港事件的背后可以看到美国和台湾两只黑手。香港修例风波以来，各界以为蔡英文“捡到枪”，但是面对“难民法”，民进党当局却“突然退缩”，有岛内网友一针见血指出，“黑手会汉奸，早晚会让台湾引火自焚，自食恶果！”此外，香港纵暴派一直宣称获台湾民众“力撑”，而事实则刚好相反。台湾使用量颇高的网络论坛“批踢踢”（PTT），反映出大部分当地人对“难民法”的态度十分负面，他们留言称：“蔡英文不可能修啦，没好处又没票”“人家说声援香港只是讲讲、精神支持而已，还信以为真？”黄之锋9月到台湾时，有岛内民众举五星红旗抗议，“‘港独’滚回去！”许多台网友痛骂，让他“别在台湾讲鬼话找温暖”“拒绝接受这些故意暴乱的人跑到台湾搞乱”。国台办发言人马晓光早前明确指出，近期香港局势复杂严峻，民进党及其当局在其中扮演了极不光彩的角色。我们要正告民进党及其当局立即收回伸向香港的黑手，否则必将自食恶果。马晓光表示，在中央政府坚定支持下，香港特别行政区政府、社会各界完全能止暴制乱、恢复秩序，保持香港长期繁荣稳定。
美研发天基反导对抗东风17 张召忠：只是空中楼阁,当地时间12月2日，美国诺斯罗普·格鲁曼公司宣布，其已经被美国导弹防御局选中，开发下一代天基高超音速飞行器防御系统：弹道跟踪空间传感器（HBTSS）系统。根据该公司近期发布的消息，诺斯罗普·格鲁曼公司正在开发一种功能强大，价格合理，可生存且可扩展的太空传感解决方案，用于高超音速和弹道导弹防御。这也是美国构建高超音速飞行器拦截系统的第一步：建立一个能够有效监测高超音速飞行器飞行的监测系统。“星球大战”计划的概念图其实，美国利用天基监测系统拦截导弹，早已经不是一天两天的事了。早在冷战时期，美国了提出了“星球大战”计划，准备建立一套天基导弹预警和拦截系统。虽然这一计划后来被取消，但美国依然建立了相当庞大的天基监测系统。在1991年的海湾战争中，美军就利用这套天基导弹监测系统，成功识别确认了伊拉克发射的弹道导弹。美军检查一枚被摧毁的“飞毛腿”导弹不过，由于高超音速飞行器的轨道远低于传统弹道导弹，因此现有的导弹监测系统已经很难探测到这些低轨道飞行器了。这也是在现有技术的基础上，探测高超音速飞行器的难点所在。所以如果想要拦截高超音速飞行器，美国就必须构建更加强大的探测系统。国际空间站就位于近地轨道建立一套这样的拦截系统，首先需要使用近地轨道卫星，才能有效的探测到高超音速飞行器飞行中的信号。其次，这一系统必须能够有效消除地面的杂波，并从中准确辨认出高超音速飞行器的信号，避免错报或漏报。另外，由于高超音速飞行器的飞行速度极快，短时间内就会脱离单枚卫星的探测范围。因此这一探测系统就对卫星之间相互联通传递信息的能力提出了更高要求。只有在几枚卫星协同工作的状态下，才能有效持续监测高超音速飞行器。这也是这套拦截系统最大的难点所在。俄罗斯“先锋”高超音速导弹虽然美国对高超音速飞行器的研究相当早，但近年来相比中俄两国，美国的高超音速飞行器进度却严重滞后。中国的东风-17高超音速导弹已经服役，俄罗斯的“先锋”高超音速导弹也已经进入战略值班，但估计直到2023年，美国的高超音速武器才能正式服役。虽然美国高超音速武器研究起步较早但进度却落后了在这样的背景下，美国面对中俄的新锐高超音速导弹，不仅没有有效的反击能力，也缺乏相应的探测和拦截能力，这对美国人来说显然是无法接受的。而在高超音速飞行器研究缺乏进展的情况下，同时发展拦截和探测高超音速飞行器的能力也就成了美国的战略防御重点。不过事实上，这套高超音速飞行器的监测系统，仅仅是美国构建高超音速飞行器拦截系统的第一步。目前该系统的相关研究都没有真正完成，实现卫星组网更是遥遥无期。想要组建一套有效的高超音速飞行器的监测系统，短时间内是不可能做到的。“萨德”系统其次，以美国现有的拦截系统，想要拦截高超音速武器，其难度也相当之大。而国土防卫和战区防御所需要的拦截系统又有相当大的区别，因此如果想要开发一种先进的高超音速飞行器拦截系统，也需要相当一段时间才能完成。被美军取消的YAL-1激光拦截机其实，美国也十分清楚，针对飞行中的高超音速武器进行拦截是十分困难的，短期内只能寄希望于在助推段对其进行拦截，但这就对监测系统提出了更高的要求。庞大的卫星数量、高新技术和优异的性能指标，可以估计的是，这套系统无疑又是一头恐怖的“吞金巨兽”。东风-17高超音速导弹相比建立一支高超音速导弹部队，构建一套先进的高超音速武器监测与拦截系统所耗费的资金无疑是惊人的。但这也是目前美国“反制”中俄高超音速武器的唯一手段。只不过这个“手段”能否成形、需要多久才能投入运作、将会消耗多少资金，最终性能又会如何，目前都还是未知数。短时间来看，美国的这套“天基高超音速飞行器监测系统”还只不过是空中楼阁，象征意义大于实用意义。不过在长远来看，这套针对高超音速武器的监测与拦截系统起到的作用，仍然是非常深远的。而其究竟具备多少实用价值，就只能让时间来证明了。（作者署名：局座召忠）本栏目所有文章目的在于传递更多信息，并不代表本网赞同其观点和对其真实性负责。凡本网注明版权所有的作品，版权均属于新浪网，凡署名作者的，版权则属原作者或出版人所有，未经本网或作者授权不得转载、摘编或利用其它方式使用上述作品。新浪军事：最多军迷首选的军事门户！
"形象不佳怎么办？台""国安局""：拉帅哥来拍写真(图)",台“大选”将近，打开新闻台满是选举新闻，让民众觉得有些腻。台“国安局”趁势推出帅哥写真挂历，以挽救“走私香烟案”造成的形象受损。据台湾联合新闻网3日报道，国民党候选人韩国瑜身边的一名保镖连日来吸引了不少人的眼球，让网民大感惊艳，直呼“就算被字幕挡住还是超帅”。文章称，他是“国安特勤中心”派出的随扈人员，之前爆发“总统府走私烟案”时，“国安局”为挽回形象，特别打破特勤人员不露脸、不透露身份的保密原则，派出一众帅气的哥哥姐姐拍摄形象月历，其中就有这名随从。月历还大发“福利”，不仅有他们帅气的西装照，还有展露健美身材的训练照。韩国瑜保镖，网民赞“就算被字幕挡住还是超帅”。图源：台媒根据台“中选会”公告，本届“总统”“副总统”参选人自11月登记为候选人起，特勤编组即启动维安工作。11月7日，“国安局”特勤中心举行“安维七号”成军典礼，共有330名经训练合格的特勤人员，将在候选人出线之际保障其人身安全。据联合新闻网4日报道，韩国瑜日前完成“总统”登记后，台“国安局”已接手维安，不过担任韩“侍从组长”要职的汪姓中校被发现7月之前是蔡英文的警卫，因涉入购买走私烟案被调回“特勤中心”本部，如今又被分配保护韩国瑜，令人怀疑可能是蔡英文当局派人打入韩阵营搜集情报。联合新闻网评论称，此事发生在战况激烈的“大选”前，这样的安排显然不是一句“人手不足”可以解释的。联想到此前“国防部”保防剧海报影射韩国瑜是“共谍”，更凸显相关部门已经成为民进党的“选举打手”。来源：环球时报-环球网/张雯雯
美媒称美国将向中东派遣1.4万名士兵 美国防部回应,中新网12月5日电 据俄罗斯卫星网报道，美国国防部于12月5日否认了有关拟向中东地区派遣1.4万名美军的消息。据报道，美国防部新闻发言人法拉赫（Alyssa Farah）在“推特”上写道：“我来解释：这个消息是错误的。美国没有考虑向中东地区增派1.4万名军人。”美国总统特朗普资料图。中新社记者 陈孟统 摄早前，《华尔街日报》援引美国官员的话报道称，美总统特朗普政府正考虑向中东地区派遣1.4万名美军，来“对抗”伊朗的可能性。官员们指出，除了军人外，美方还将向中东地区派遣数十艘舰艇和其他军事技术装备。他们补充道，美国总统“坚信有必要对抗德黑兰构成的威胁”。此前，美国指责伊朗袭击沙特阿拉伯的石油设施，伊朗对此予以否认。美国国防部长埃斯珀随后表示，因伊朗疑似袭击沙特，特朗普已批准向中东地区增派部队。
中国研发空天飞机发动机 无需借助火箭就能直接入轨,千百年来，人类羡慕鸟儿和鱼儿，随着人类探索未知领域的发展，最近100年已经超越了鸟儿和鱼儿，飞机实现了人类的飞行梦想，而潜水艇则实现了潜水的想象，随着飞机的发展，逐渐遇到瓶颈：喷气飞机升限大多在20公里，超过20公里空气过于稀薄困难重重，如何突破大气层，杀入太空，甚至走向外星球，最终这个愿望由中国发明的火箭摆平，巨型串联火箭在1957年实现了太空梦想，人造地球卫星入轨，太空终于被人类攻克！人类制造了成千上万火箭向太空投送卫星，飞船，日复一日年复一年，人类很快发现火箭发动机的弊端：体重太大，价格太高，射一次卫星就要报废所有，虽然科学家一直致力于重复使用火箭弹体和发动机，半个多世纪来，重复使用还是停留在梦想，发射一公斤到太空花4-5万美元，真是太贵了，能不能更便宜些？中国航天开发了新型发动机，可以一步到位，重复使用从技术的角度来说，火箭一次入轨是很不经济的，在30公里以下，大气阻力很大，采用喷气发动机水平起飞，依靠机翼产生升力，这种推进模式对起飞发动机功率要求非常低，所以能有效降低发动机重量和功率，可以说是最有效的方法，30公里以上则有很多分支，最先进的是采用超燃冲压发动机推进，最大飞行速度可以达到10马赫甚至20马赫，继续利用稀薄的空气，可以产生4倍火箭发动机的推力，是一种最有优势的发动机，但是这种发动机要求太高，启动速度要达到5马赫，所以很难。最简单的办法是，喷气发动机结合火箭发动机，火箭发动机在稀薄空气中工作很方便，在30公里以上是火箭发动机的天下，能不能将二者结合起来，科学家想了很多办法！最有名的是英国的云霄塔空天飞机！云霄塔空天飞机采用喷气发动机和火箭发动机结合，水平起飞，一步入轨这款空天飞机设计最大的特点是，具有一个类似飞机的外形，发动机安装在机翼尖端，发动机采用特殊的喷气发动机和火箭发动机结合模式，地面起飞直到28公里高度以下都采用涡喷发动机工作模式，发动机工作需要的氧气通过进气道从大气层中吸气，并通过多级压气机将空气高度压缩之后，进入燃烧室和燃料混合燃烧，产生推力，这是常见的喷气发动机工作模式。而到了28公里以上，空气非常稀薄，外加阻力很小，这个机翼几乎不产生升力，所以使用机体内携带的液氧做燃料，喷入燃烧室，作为一种简单的火箭发动机工作，将飞机推进入轨。这是英国人的构思，前面是喷气发动机，后面是火箭发动机英国人的构想，可以采用现成的飞机跑道，水平起飞，水平降落，这种模式非常省钱，唯一消耗的就是燃料，可以将12吨重的载荷送入近地轨道，价格可望大幅度下降。中国航天31所的发动机设计，有点类似英国方案，最大的特点是，避开复杂的超燃冲压发动机，采用涡喷发动机和火箭发动机结合，降低研发难度和费用，这是一种很聪明的设计方案，虽然不够极端先进，但是胜在成功率高，涡喷发动机和火箭发动机都是成熟技术，结合起来难度也不算太大。（作者署名：大水）本栏目所有文章目的在于传递更多信息，并不代表本网赞同其观点和对其真实性负责。凡本网注明版权所有的作品，版权均属于新浪网，凡署名作者的，版权则属原作者或出版人所有，未经本网或作者授权不得转载、摘编或利用其它方式使用上述作品。新浪军事：最多军迷首选的军事门户！
"外媒：美军精确打击叙利亚武装分子 发射""忍者""导弹",[环球网报道 记者 徐璐明]美军近日在叙利亚发起了一次精确打击的空袭行动，击毙了两名身份不明的人员，外媒分析认为美军在此次行动中再次动用了被称为“忍者”的秘密导弹。据英国《每日邮报》网站12月3日报道，美军在本周二在叙利亚西北部对一辆小型货车发动了袭击，击毙了车内的两名人员。报道称，美军在此次具有针对性的打击行动中使用了名为“忍者”的AGM-114R9X秘密导弹。这种导弹在击中目标时不会爆炸，而是靠刀刃撞击摧毁目标，在对付恐怖分子头目时可以悄无声息地干掉对方。这种武器被设计用于打击车辆和建筑物，使得对平民造成的伤亡影响最小化。《每日邮报》援引“战区”网站的报道称，这次空袭发生在叙利亚伊德利卜省的阿特梅地区（Atmeh），距离土耳其边境约为5公里，距离此前巴格达迪的藏身地巴里沙（Barisha）不到10英里。报道称，有两人被当场击毙，但他们的身份并没有公布。网络上有消息称，其中一人是“基地”组织的叙利亚分支“沙姆解放组织”的成员。空袭发生后不久，被击毁的小型货车的照片就在社交媒体上流传开来，照片显示这项小汽车的驾驶座位置被严重损坏，但其他部位仍保持完好，“战区”网站分析认为，这是“忍者”导弹特有的打击效果。当地媒体报道称，车内人员被撞得“血肉模糊”，这表明美军使用的是非爆炸性的弹头。《每日邮报》报道称，“基地”组织二号人物马斯里在2017年2月就是被这种“忍者”导弹除掉的，当时的场景与此次的袭击现场就有不少相似之处。马斯里当时所乘坐的车辆受损最严重的部位就是前排的乘客座位，而车身其他部位仍旧完好，这也正是AGM-114R9X“忍者”导弹的特点，不过美军极少使用这种武器。一位名为尼克·沃特斯的尼克·沃特斯曾在社交媒体上发布过马斯里遇袭现场的照片，车顶上，可以看到车顶上有6道金属穿透后留下的“刀痕”，这与AGM-114R9X导弹的刀刃数量吻合。在今年5月，《华尔街日报》在报道中对这种“忍者”导弹进行了揭秘。报道称，自2017年以来，五角大楼和美国中央情报局一直在利比亚、叙利亚、伊拉克、也门和索马里的军事行动中使用这种秘密导弹。该报援引未透露姓名的美国官员的话称，该导弹携带有一个惰性弹头，在击中目标不会爆炸，而在接近目标过程中会展开6片弹翼，带着锋利的刀刃撞击到目标上，然后刀锋会“切断一切轨迹上的东西”。这种武器实际上是著名的“地狱火”导弹的改进版本。报道称，美国军方很少使用这种导弹，只是在某些条件下使用，比如当一个恐怖组织头目的位置确定，而使用其它武器会造成平民伤亡时。该报的消息来源称，总共大约使用了 “六次”，能确定的是其中一次是2017年2月在叙利亚上空，还有一次是今年1月份在也门上空。
