出道一年半便解散 蔡徐坤感慨NPC聚少离多,新浪娱乐讯 作为从《偶像练习生》出道的偶像团体，NINEPERCENT出道仅一年半便宣布解散。对此，蔡徐坤在《限定的记忆》感慨，表示出道一年半以来最大的遗憾就是NINEPERCENT“哥几个聚的少了一点”，直言有一种聚少离多的感觉，透露有一些很好的歌还没有来得及表演，但是只要大家聚在一起就会很放松很开心，“气氛很不一样”。(责编：kita)
蔡徐坤回应上与音乐无关热搜 很在意作品不被关注,新浪娱乐讯 蔡徐坤自出道以来上了很多次与音乐和舞台无关的热搜，近日，在《限定的记忆》中，蔡徐坤回应此事，直言是因为大家更容易把焦点放在舆论的事件上，相反自己的舞台会有人选择性屏蔽掉。蔡徐坤表示很在意别人不关注自己的作品，想做好音乐和舞台让更多人看见是他一直不变的想法。为了能听到大家对音乐和舞台的真实反映和声音，蔡徐坤坦言每一次表演完都看大家的评价，但是感觉只有一小部分人关注舞台。(责编：kita)
新浪观影团《星际探索》IMAX版卢米埃影城抢票,活动时间和影城：（中奖团员均为每人一张票）2019年12月07日  周六  12：00签到北京卢米埃影城长楹天街店活动人数：20人（每人一票）参与规则：1、关注@新浪观影团2、转发下方活动微博3、点击报名链接下方[+参加活动]按钮，填写报名信息。影片简介：片名：《星际探索》导演： 詹姆斯·格雷编剧： 詹姆斯·格雷、伊森·格罗斯主演： 布拉德·皮特、汤米·李·琼斯、鲁丝·内伽、唐纳德·萨瑟兰、丽芙·泰勒类型： 科幻、悬疑、冒险制片国家/地区： 美国语言： 英语上映日期： 2019-12-05（中国大陆）、2019-08-29（威尼斯电影节）、2019-09-20（美国）片长： 124分钟又名： 星际救援（台）、星际任务（港）、星际探险剧情：地球上接连出现神秘怪象，科学家发现某种失控的反物质反应正在威胁整个太阳系，人类生存极度堪忧……地球生死攸关之际，天才航天工程师罗伊（布拉德·皮特 饰）被派往外太空，试图揭开谜团拯救人类。这是一场横跨地球、月球、火星、海王星，穿越整个太阳系的硬核冒险，一路危机重重险象环生，罗伊直面爆炸、陨石、月球飙车枪战、神秘生物等意想不到的考验，还找回了失联20年的父亲！当年罗伊的父亲（汤米·李·琼斯 饰）离开地球探寻外星智慧生物，结果任务失败，消失在茫茫宇宙之中。如今父子重逢，罗伊在太空深处发现了不为人知的秘密，渐渐触达所有事件的终极真相……影城信息：北京朝阳区朝阳北路长楹天街购物中心东区5F-09卢米埃影城乘坐地铁6号常营站E口直达抢票提示：中奖团员均为每人一张票。获奖网友将在活动开始前一到两天收到官微私信通知，请及时留意查看，因错过回复时效而导致取消获奖资格，后果自负，如需请假请至少提前6小时以上私信@新浪观影团 官微，本活动解释权归北京卢米埃影城长楹天街店所有。观影点评：请所有中奖团员于12月08日 12：00前使用[用手机客户端或电脑客户端的微博电影点评功能]点击进入《星际探索》微博电影点评页提交不少于140字的原创观后感，欢迎大家使用写长评功能发布长影评，优秀的作业我们将会在观影团微博中转发，并有机会获得更多免费观影券。点评格式：@新浪观影团 @卢米埃北京影城 +真实观后感。（观后感提交越认真，未来的观影机会越大哦，严禁任何形式的抄袭，感谢大家的配合，未按时提交者或抄袭者将会列入黑名单，请珍惜你的观影机会哦。）关于违规：1、临时请假的中奖团员（开场前6小时内），将失去未来一个月中奖资格。2、未提前请假无故缺席将失去未来三个月中奖资格。3、因未在规定时间内提交观后感，或观后感涉嫌抄袭拼凑、未写满最低字数要求（140字）等、由工作人员判定属于无效观后感的，发现首次拉黑三个月，再次将永久拉黑。4、如发现中奖团员私自转让替换转卖，一经发现将会永久失去中奖资格，私自转让或替换团员将无法入场。关于我们：新浪观影团是新浪娱乐频道为广大电影爱好者提供提前免费观赏国内外最新影片、首映礼、主创见面会等机会的平台。了解我们欢迎点击：新浪观影团
86部展播优秀电视剧绽放荧屏 口碑收视双丰收,创作者必须摈弃拼投资、拼包装、拼大咖的理念，在增强剧本文学性、塑造人物上下功夫一流的编剧、一流的导演、一流的演员、一流的服化道、一流的摄录美，环环相扣是出精品的保证为庆祝中华人民共和国成立70周年，国家广播电视总局精心组织“优秀电视剧百日展播活动”，遴选推介了86部电视剧。这些作品聚焦中华民族站起来、富起来到强起来的不同阶段，唱响团结奋进的新时代主旋律。一些作品取得口碑与市场双丰收，成为年度电视剧热点。据统计，不少作品观众规模突破2亿人，《伟大的转折》《激情的岁月》等收视率突破1%，《外交风云》更是被许多网友称赞。时代画卷与信仰力量破除题材与观众的“时差”展播剧中，一些优秀的革命历史题材作品以历史唯物主义史观为指导，生动展现中国革命和社会主义建设波澜壮阔的历史画卷，彰显饱满的爱国精神和信仰力量。这些剧作或以宏大的历史视野、雄浑的史诗气质，再现重要历史阶段和重大革命事件；或在历史洪流中细腻描摹个体命运，展现杰出人物丰富深刻的精神世界，塑造有温度、有风采的光辉形象。不少作品注重揭示历史发展的内在逻辑与规律，润物无声地把革命信仰与崇高品格深植其中，让观众感知中国共产党的先进性及其在中国革命中的中流砥柱作用。其中，《可爱的中国》将方志敏的人生经历和革命事迹娓娓道来，让观众从人物身上看到了伟大而顽强的民族魂。《伟大的转折》详述遵义会议确立毛泽东同志在中央领导地位的过程，揭示了中国共产党领导下的中国革命实现转折、走向胜利的历史必然性。这些作品既有宏大深邃的历史视野，又充满丰富生动的感人细节，破除了革命历史题材电视剧与当下年轻观众之间存在的“时差”，形成观剧热潮。年代剧也是展播剧中的一抹亮色。很多作品找到历史与现实的精神契合点，产生良好反响。从讲述科研工作者扎根戈壁为祖国制造“两弹一星”的《激情的岁月》，到描写新中国电力机车人毕生奉献的《奔腾年代》，再到以平民英雄的群像展现奋斗者风貌与担当的《希望的大地》，均通过跌宕起伏的故事铺陈、几经波折的人物经历，将个体同民族的命运交融在一起，昭示强烈饱满的民族精神。还有一些年代剧艺术手法精致考究，展示和弘扬了优秀传统文化。电视剧《老酒馆》，人物各具样貌，台词精妙深刻，以编年体的形式把老酒馆的故事置于风云变幻的时代背景下，将爱国情怀和文化之美深植津津有味的情节叙述。电视剧《国家孩子》《在桃花盛开的地方》等，在平凡的故事中寄寓人性美善和传统文化的精神基因。现实温度与生活质感建构平凡人的“高光时刻”描摹当下百姓生活的作品受到欢迎。有的作品全面深入反映时代的巨大变迁和个体命运的转变，充分发挥电视剧记录时代的功能，表现人民群众对美好生活的向往和追求；有的通过故事情节的编织、人物命运的设定，表达创作者的鲜明立场，实现艺术追求与人民要求的统一，正向引导社会舆论。《在远方》生动描摹物流行业背后鲜为人知的故事，通过展示大时代和小人物命运的紧密交织，建构平凡人的“高光时刻”。《遇见幸福》聚焦都市生活，给予观众温暖的精神观照和情感抚慰，向每一个奋斗者表达敬意。《激荡》在大城市经济发展日新月异的背景下，以普通人的视角讲述时代风云，给观众带来正能量。《都是一家人》通过少数民族同胞的创业故事，展现了崇高善良的人格之美和民族融合的历史进程。军旅剧《空降利刃》《陆战之王》《飞行少年》等，艺术化还原当代军人风貌，展现我国军事强国战略的丰硕成果，激发不少观众的兴趣。上述作品多以“小成本、正能量、大情怀”为创作原则，其间所蕴含的现实温度与生活质感，让很多观众产生亲近感和代入感。这些剧作从不同侧面表现创作者的民生情怀，给人以奋斗与前进的动力。实践证明，只有坚持现实主义创作原则，深入反映现实生活，充分挖掘现实资源，直面社会问题，紧贴时代脉搏，展现时代风貌，艺术化地反映时代的脚步和人民的心声，现实题材电视剧才能立得住、叫得响、传得开。优化资源与融合传播讲好故事是创作重中之重这批展播剧虽然题材不同、风格各异，但在社会上产生良好的收视效果，为未来电视剧行业的高质量发展带来启示。第一，讲好故事始终是电视剧创作的重中之重。依靠荒诞情节、感官刺激的电视剧或许能火爆一时，但绝难有长久的生命力。创作者必须摈弃拼投资、拼包装、拼大咖的理念，在增强剧本的文学性、塑造好人物形象上下足功夫。展播剧中的几部高品质重大革命历史题材作品便是典型例证，它们用跌宕起伏的故事、血肉丰满的人物来吸引人、感染人、打动人，尤其在革命领袖人物的塑造上形神兼备、出新出彩，受到不同年龄段观众的青睐。“典型人物所达到的高度，就是文艺作品的高度”。创作者只有真正深入生活、扎根人民，才能塑造形神兼备的典型形象、打造雅俗共赏的精品力作。第二，优化资源配置，以制度建设推动精品创作。这批展播剧不仅让从业者拓宽对主旋律题材的认知空间，也为主旋律作品的创作生产探索出一条“集中力量办大事”的有效路径。一流的编剧、一流的导演、一流的演员、一流的服化道、一流的摄录美，精干力量的搭配组合是出精品的必要保证。《激情的岁月》《在远方》《希望的大地》等剧在短时间内高质量完成，证明聚拢行业优势资源、集中力量出成果的做法切实可行。可以预期，通过探索实现优化资源配置的制度化机制，推动精品创作必定大有可为。第三，做好宣发是提升电视剧影响力的重要手段。2019年8月25日，国家广播电视总局举办了“我爱你中国——庆祝中华人民共和国成立70周年优秀电视剧百日展播活动启动仪式”，为这批剧目的播出烘托氛围、做足铺垫。在全媒体传播的背景下，电视剧没有固守“酒香不怕巷子深”的传统观念，应声而动，顺势而为。《在远方》利用“互联网分发”和话题策划的方式，让作品在观众中产生舆论效应。《激情的岁月》通过多终端直播、点播等，使作品的收视数和点击量持续攀升。这些都对电视剧如何在媒体融合环境下有效触达受众做出示范。对于新时代的电视剧创作者来说，只有坚持用心、用情、用功创造精品的初心与使命，只有不遗余力地追求作品的精神高度、文化内涵和艺术价值，才能创作出更多有筋骨、有道德、有温度的精品力作。（作者单位：中国电视艺术委员会）
《庆余年》热播评分高达8分 看男频IP如何出圈,金羊网讯 记者何晶报道：11月26日，由腾讯影业、新丽电视、阅文影业等联合打造的年度重磅IP大剧《庆余年》在腾讯视频、爱奇艺上线首播，由陈道明、张若昀[微博]、李沁[微博]、肖战[微博]等主演。该剧改编自起点中文网作家“猫腻”的同名小说，讲述了一个有着神秘身世的少年，自海边小城初出茅庐，历经家族、江湖、庙堂的种种考验、锤炼的故事。目前，该剧在豆瓣评分高达8分。《庆余年》小说自2007年开始在起点中文网连载至今，持续保持在历史类收藏榜前五位。在起点读书等平台，读者粉丝贡献超10万次打赏、340余万张推荐票，目前已经聚集超百万粉丝，形成一个以内容为核心的读者社区，粉丝自发创作的广播剧、地图疆域、武功排行、人物漫画、同人文等层出不穷，拥有超高人气基础。剧版《庆余年》则是国内男频IP改编的重要尝试，人气IP的改编是把双刃剑，改编成功自然好，但稍有偏差，很容易遭到粉丝的大规模“反弹”。《庆余年》剧组的做法是，尊重原著个性鲜明的人物刻画，塑造气势磅礴的跌宕情节，同时也突出剧集场景下的改编能力和剧情化演绎。从目前的评价来看，观众对这部剧的呈现颇为满意。豆瓣网友“Alice”评价说：“戴着镣铐能把舞跳得这么好我是佩服的，开头的穿越设定很惊艳，第一集的还原度没话说。”也有人说：没理由不关注这部剧，毕竟是我当年最喜欢的小说，对陈道明出演“史上最大反派”莫名认可。据悉，新丽传媒在剧情推进中设计了不少有趣的、互动性强的点，希望引起观众的共鸣和讨论。在故事内核设定上，主题为现代思维和古代制度的碰撞，这样的冲突和矛盾让读者和观众投入更多情感，更关注主角的命运进程，从始至终保持现代思维的独立性，拥有清醒而独特的视角。在角色人性设计方面，突出人物的精彩和复杂，所有的矛盾都围绕最根本的人性冲突，将人性的爆发做到极致。这样的改编将全体观众视作潜在受众，多少改变了以往男频大IP破圈不易的难题。
《勇敢者游戏2：再战巅峰》曝全面进阶特辑 明日上映蓄势待发,由美国哥伦比亚影片公司出品的好莱坞动作冒险巨制《勇敢者游戏2：再战巅峰》即将于本周五12月6日全国上映，“巨石”强森率领勇敢者战队再次集结，这一次游戏世界全面失控，关卡难度直线飙升，视觉奇观重重升级，四人随时命悬一线。片中惊险刺激的关卡设计与轰炸眼球视觉特效，将带来前所未有的震撼体验！今日影片发布“全面进阶”特辑，主创全员亮相展现影片有趣的拍摄过程，所有人团结一心努力创作更高水准的作品，完美诠释了勇敢者挑战巅峰的精神。影片由杰克·卡斯丹执导，道恩·强森、杰克·布莱克、凯文·哈特、凯伦·吉兰将全阵容回归，将于明日登陆全国院线，预售火爆进行中。主创全员现身全面进阶特辑 勇敢者齐心协力再战巅峰今日，影片发布“全面进阶”特辑，特辑中除了影片惊险搞笑的片段之外，还首次曝光了幕后拍摄花絮，主创全员亮相讲述了对于这部影片的期待。强森作为主演及制片人对于这部电影有着非常高的要求：“如果你有幸拍了部跟第一部《勇敢者游戏》一样成功的电影，那在拍续集时你必须得更上一层楼。”对于导演杰克·卡斯丹来说也同样想要“再战巅峰”：“我们想挑战自我，做些第一部电影里没有的新尝试。”为呈现出全面升级的游戏世界，这一次拍摄过程中他们挑战了无限的可能性，不仅场景更为多样与宏大，演员也上天入地超越体能极限。整只优秀团队的重聚激发了所有人的创作灵感，产生了奇妙的化学作用，同时制造出接连不断的笑点，比如强森饰演的艾迪爷爷就让饰演神秘新角色的奥卡菲娜十分赞叹。另外，勇石博士也遇到了更加强大的对手——残暴者尤尔根，令人十分好奇勇敢者们将如何对抗这个“终极敌人”。“人鸟大战”“极速飞车”让人心惊肉跳 嘴炮拍档相爱相杀带来爆笑连连此次回归观众视野的勇敢者游戏世界，迎来危险升级与全面失控，多个极度惊险的全新关卡迅速转换令人目不暇接。除了在前作中暗藏食人河马的原始丛林，还有随时让人殒命的万丈深渊，无数狂暴山魈围攻的峰林浮桥，突然山崩石裂的极寒雪山，成群巨型鸵鸟穷追不舍的无人沙漠……游戏世界的狂暴山魈、愤怒鸵鸟、食人蟒蛇、凶恶鬣狗等猛兽逼真可怕，毛发表情清晰可见，还原度100%；鸵鸟奔腾如同身临其境，飞石走砾如同就在眼前，沉浸式视效体验带来让人肾上腺飙升的极限刺激。同时，片中笑点密集，无论是强森扮演坏脾气老爷爷，还是欢脱的凯文·哈特变身语速超慢的优雅老先生，高反差“笑”果都令人捧腹，两人一路上开启相爱相杀模式，互喷互损让人狂笑不止。另外，勇敢者们与愤怒的鸵鸟大队展开激烈对战，与变身黑马的贝瑟尼并肩作战，超燃团战紧张刺激又充满笑料，是一部难得的好“效”又好笑的巨制。全球口碑收获好评如潮 “年度最大惊喜”引发全民期待《勇敢者游戏2：再战巅峰》自宣布定档以来不断收获媒体好评，近日开始在其它地区与国家上映，更传来无数盛赞。作为超强IP的续作让人感受到满满诚意：“能看到这样精彩的续作实在太棒了！””惊喜、惊艳！看完后更期待IP的后续开发”“2019年最惊喜、最惊险、最有诚意的好莱坞动作冒险大片”；全面升级的视效奇观令人赞叹：“这次的勇敢者游戏世界为我们呈现了令人震惊的奇观”；主演们精彩的表演获得无数称赞：“强森和凯文·哈特最佳拍档值得观看，奥卡菲娜演技精湛”“我无法选出最棒的演员，因为里面每个人都表演得超级精彩，让人由衷赞叹！”；电影为大家带来惊险刺激又爆笑连连的感官享受：“电影给我带来了超乎想象的刺激和接连不断的笑点，简直处处是惊喜！”“惊险与好笑结合的恰到好处，鸵鸟的部分惊喜满满”“能让所有观众忘我大笑”各地媒体与观众给出的超强口碑，点燃国内影迷对于电影上映的强烈期待。入围奥斯卡最佳视觉特效奖初选名单 顶级制作团队打造“同档最强大片”近日，《勇敢者游戏2：再战巅峰》入围了奥斯卡最佳视觉特效奖初选名单，预告中所呈现出的震撼视效吸引了无数观众，这都归功于顶级的幕后制作团队：来自全球各地超过5000人的视效团队打造凶猛野兽的逼真细节；充满想象力的奇观场景及关卡，由参与过《海王》《钢铁侠3》等特效大片的艺术指导操刀；参与制作《阿凡达2》的奥斯卡级视效总监也参与了本片的制作，将想象中的游戏世界逼真呈现，满足了无数人进入游戏世界的梦想。影片自上周开启预售到目前为止，预售票房已超过千万，预售排片比排名第一，想看等其他指标数值也都占尽优势，碾压同档上映影片。无论从IP热度、制作水准、卡司阵容等方面来看，都可以称之为年底最强巨制。全新升级的关卡与新鲜加盟的角色，更会为大家呈现新奇有趣、刺激震撼翻倍的感官体验，绝对无愧于年底最值得期待的好莱坞动作冒险大片之称号。好莱坞动作冒险巨制《勇敢者游戏2：再战巅峰》由杰克·卡斯丹执导，四大主角“勇石博士”道恩·强森、“地质学家”杰克·布莱克、“语言学家”凯文·哈特、“性感打女”凯伦·吉兰将全阵容回归！为了拯救消失的同伴，勇敢者四人组再次集结，进入全面失控的未知世界，面对难度爆表的危险关卡，强森领队挑战极限搏命逃生。一场惊险刺激又充满惊喜的冒险之旅即将展开！影片将抢先北美于12月6日全国震撼上映，预售火爆进行中！特别声明：以上文章内容仅代表作者本人观点，不代表新浪网观点或立场。如有关于作品内容、版权或其它问题请于作品发表后的30日内与新浪网联系。
王菊《告白之夜》MV化身剑道武士 与Ayasa合体上演唯美告白意境,自加盟唱片公司爱贝克思后，王菊的音乐事业也掀起了一波小高潮，专辑新歌陆续解锁，第二波主打歌曲《告白之夜（feat.Ayasa）》更是邀请日本小提琴家Ayasa倾情助阵，担当歌曲中小提琴协奏部分，而在《告白之夜（feat.Ayasa）》MV中，王菊和Ayasa首度合体现身，两位各具魅力的“女神”相遇，共同演绎一段唯美的告白意境。王菊挑战剑道武士造型 诠释“专心一志”坚毅精神一直以靓丽时尚形象出镜的王菊，在MV中大胆挑战剑道武士造型，一身英气装束搭配王菊凌冽严肃的表情，似是从古战场走下的飒爽勇士，持剑出击的赫然果敢诠释着剑道“专心一志”的坚毅勇气精神。镜头下，勇士褪去戎装，王菊青春活力的现代装扮在光影调和下愈发引人入胜，没有夸张华丽的礼服衬托，只是白与黑的色调裙衣，却像是阴阳太极下广义的人生规律演变，在动、静以及刚、柔中达到自然平衡。王菊与Ayasa首度合体 破次元组合演绎温柔告白对于Ayasa镜头的处理，导演同样是深挖出她最为柔美的一面呈现给大众，不管是窗纱长殿，还是浅草山间，当她低头轻弹琴弦仿佛桃花源就在眼前。这是王菊与Ayasa的首度合体，潺潺琴音作陪，镜头下的两人无疑成为整支MV中最为温柔的画面。告白，既是宽泛广爱的情感表述，同时也是独一无二的专一独白，要完成心中所愿同样是需要勇气与耐心，《告白之夜（feat.Ayasa）》MV运用镜头的拼接将剑道的坚毅与琴声的温柔完美结合，导演通过两者之间的平衡互补传递出这首歌曲的音乐理念：任何意义上的告白都需要坚毅的勇气与温柔的耐心。落英缤纷和湖光水色自有一派怡然自乐，通向这座令人向往的桃花源，需要付出很多努力。流沙曲折，高山低谷的一趟人生，不正是为了收获这份令人心动的“告白”而变的无所畏惧。从《每一次花开》到《告白之夜（feat.Ayasa）》，大气清澈的抒情风在王菊的驾驭下独具“菊式”韵味，属于她的多元化音乐style远不止于此，更多音乐惊喜未完待续！特别声明：以上文章内容仅代表作者本人观点，不代表新浪网观点或立场。如有关于作品内容、版权或其它问题请于作品发表后的30日内与新浪网联系。
《大叔的爱》第二季很“杰克苏” 圆大叔的少女梦,《大叔的爱》这部朝日电视台最早在2016年年末作为单发特别篇推出的剧集，于2018年改编成连续剧后收获了意想不到的好评。在日本和多个国家的社交网站上，观众对于故事的讨论和再创作一度刷屏。今年夏天推出的同名剧场版也有着不错的票房成绩。但在秋季档回归的第二季不但更换了重要角色的演员，而且把整个故事的背景也进行了重制。消息一出，网上便哀嚎一片。但正当大家以为《大叔的爱》第二季是准备最后捞一笔就跑路的模式时，它却在不少地方让观众们又找回追剧的初心。在第二季里，故事的发生地从第一季的“天空不动产”变成了真的“天空”中。由田中圭饰演的春田创一突然被公司解雇转而成为一名35岁的新人乘务员。而故事的“女主角”则是仍由吉田钢太郎扮的黑泽武藏。只是这次他从上司变成了深受同事信赖的机长。除了这两位元老之外，还新加入了由千叶雄大饰演的副机师成濑龙和户次重幸扮演的修理师四宫要。他们两个人与春田一起住在公司的宿舍，上演了一出同性版《双层公寓》（日本一档超热的恋爱真人秀节目）。和第一季的故事一样，如果要用一个词来概括第二季《大叔的爱》的话，那一定就是“杰克苏”。工作笨拙为人也不机灵的春田，发现自己的春天突然到来。剧中的主要男性角色（和次要的女性角色）都对他迷得死去活来，并为了他展开争夺战，而他则为了要选择谁而陷入深深的迷茫之中。客观地说，本来作为特别篇加长版的第一季已经在不少地方有注水的嫌疑，再加上剧场版把故事后续的发展也基本交代完毕。因此，第二季在保留两位主角名字和性格设定的基础上选择新的故事发展也情有可原。就目前播出的集数来看，第二季的故事确实也保留并化用了许多第一季的经典桥段。比如第一集中春田就发现有人偷偷地给自己画了许多画像，再比如告白修罗场等等。以吉田钢太郎为首的演员们丝毫不顾自己的形象，用大开大合的浮夸演出传递出了欢乐和温情。话说回来，其实在《大叔的爱》第一季大热的时候，就有不少人在讨论本剧是否给以LGBT为主角的电视剧带来新的表现模式。这个问题不禁让人想到了数年前因为烂尾而被观众唾弃的日剧《伪装夫妇》。编剧游川和彦曾表示自己没有讨论LGBT议题的企图，而是想展现出世界上无数种恋爱形态中的一种。但大概是对于故事节奏没有把握到位的缘故，电视剧结尾留下了为“同妻”洗地的不适后味。相比之下，《大叔的爱》的处理似乎更胜一筹。作为本剧三位女性策划人之一的贵岛彩理表示，创作故事的初衷是因为在大学期间遇到了一位对她十分照顾的女性前辈。她自己时不时会想“为什么我不能和她结婚呢？”，并由此开始了对这部刻画同性情侣作品的创作。诚如编剧德尾浩司所说，《大叔的爱》故事的整体框架深受日本少女漫画的影响：平凡的主角，优秀的追求者们，心眼其实并不坏的反派，再加上随时都在助攻的路人。和一些欧美LGBT电视或电影不同，《大叔的爱》中基本没有任何关于这一群体的社会处境和心理状态的描写。但反过来说，这些所谓建立在LGBT“身份政治”之上的欧美剧又有多少达到了想要创造不同于建立在“异性恋霸权”之上的叙事方法的意图呢？相反的，它们中的许多作品靠着混乱的情感关系来制造话题并吸引眼球，而这似乎只加深了人们的刻板印象。虽然近两年的日剧也有更深刻探讨相关议题的作品，但《大叔的爱》没有选择这样的路数。你也许可以批判它只是靠着“同性”的新瓶来卖少女漫的旧酒。但就像在去年老牌日本动画《光之美少女》中出现了第一位男性“美少女”一样，又有谁能说粗糙的中年大叔不可以和“少女”做一样的梦呢？而这本身或许就是一种对于“多样性”的最好呈现。责任编辑：程娱校对：丁晓
孟子义生日释出写真  复古优雅绽放灵动之美,12月5日，正值孟子义生日，当天一组巴黎街拍曝光。孟子义置身巴黎街头颇具复古气息的咖啡厅，尽享浪漫秋日风光。浅蓝色牛仔衬衫优雅有型，双排扣点缀细节感满满，打破单调与沉闷，将内里气质尽情凸显，破洞牛仔短裤个性别致，修长美腿一览无遗，白色绑带马丁靴彰显摩登范，整体look将独特的法式风情与浪漫尽情演绎，光影变幻间编织出温柔秋色，随性绽放自由灵动之美。作为一名新人演员，孟子义此前曾在多部剧中饰演过重要角色，表现不俗。目前，她正在横店拍摄新戏，期待新作品与我们见面！特别声明：以上文章内容仅代表作者本人观点，不代表新浪网观点或立场。如有关于作品内容、版权或其它问题请于作品发表后的30日内与新浪网联系。
“亚洲电视论坛与市场”开幕 《创业时代》被推荐,中新社新加坡12月4日电 （记者 陈悦）亚洲最大的电视节目交易市场——第二十届亚洲电视论坛与市场（ATF）4日在新加坡开幕，“中国联合展台”展台面积和参展机构数量创历届新高，不少中国影视作品受到较高评价。12月4日，亚洲最大的电视节目交易市场——第二十届亚洲电视论坛与市场（ATF）在新加坡开幕。图为中国新作品推介会现场。中新社记者 陈悦 摄据介绍，今年ATF“中国联合展台”面积224平方米，共有19家中国影视机构参展，涵括广电机构、影视公司、动漫机构和新媒体企业等。“中国军团”还为国际市场带来百余部优秀的中国影视作品，以形式各异的丰富内容，向国际市场全方位展示了中国影视媒体产业的盛况和爆发力。在12月4日，即ATF内容市场开始第一天，还举行了由中国国务院新闻办公室、国家广播电视总局主办，上海五岸传播承办的“中国新作品推介会”。12月4日，亚洲最大的电视节目交易市场——第二十届亚洲电视论坛与市场（ATF）在新加坡开幕。图为中国联合展台吸引买家关注。中新社记者 陈悦 摄推介会精选6部中国参展作品进行推介。其中包括今年“中国联合展台”重点推荐片目电视剧《在远方》《创业时代》，动画片《23号牛乃唐》；中国第一部民族重工业题材的动画电影《江南》；现实主义题材电视剧《梦在海这边》；优秀动画片《豆小鸭》和《包呫呫》。ATF节展期间，动画电影《江南》还于12月3日晚在新加坡国泰戏院举办了海外首映。新加坡资讯通信媒体发展局、新加坡Starhub，Singtel、马来西亚ASTRO和DIMSUMOTT、印尼Genflix等多家东南亚地区媒体机构和播出平台的代表前来观影并对影片给予较高评价。据悉，该影片将在包括Youtube平台和马来西亚iFlix、新加坡toggle、俄罗斯SPBTV等国家和区域的海外新媒体平台上线。另外，影片有望在北美、俄罗斯、新加坡、马来西亚、越南等国和港澳台地区电视媒体播出。本届ATF“中国联合展台”系列活动的成功举办也为2020年中新建交30周年提前预热造势。据悉，明年“中国联合展台”将与新加坡亚洲电视论坛与市场（ATF）及新加坡媒体节（SMF）进一步升级合作，相关活动目前正在筹备和策划中。12月4日，亚洲最大的电视节目交易市场——第二十届亚洲电视论坛与市场（ATF）在新加坡开幕。中新社记者 陈悦 摄亚洲电视论坛及市场每年在新加坡滨海湾金沙展览会议中心举行，汇集来自亚洲和世界各地的电视台、影视制作商、销售商、工作室及影院机构，为全球影视娱乐行业提供全方位最新资讯，支持购买、销售、融资、发行以及跨平台合作。展会每年吸引万余名与会者，被誉为亚洲地区的mipcom（法国秋季戛纳电视节）。据官方资料，今年ATF市场规模较去年增长了5%，共有来自55个国家和地区的参会者，多样性的电视内容及合作商机折射出亚洲在媒体与娱乐领域地位不断攀升。（完）
上线后视频网站“崩溃”！《庆余年》火了吗？,羊城晚报记者 龚卫锋随着播出一周，良好的口碑持续发酵，在爱奇艺和腾讯视频双网平台播出的古装剧《庆余年》终于火了！火到什么程度？前晚，这部剧第7—11集上线，腾讯视频居然“崩溃”了，观众一度无法播放该剧。同在当日，该剧男主角张若昀[微博]连着上了两次热搜：一次是他逼着网友抄《庆余年》原著；一次是因为他在剧中扮演的范闲写的“丑萌”毛笔字。一来二去，这部剧的关注度又上涨了一个level。《庆余年》第一季共46集，会不会达到暑期档《陈情令》一般的火爆程度？对这部集合权谋、搞笑、励志、悬疑、爱情等多种元素，目前看来糅合得不错的剧集，不少网友十分看好！壹张若昀寻找“鸡腿姑娘”《庆余年》改编自猫腻的同名小说，是男频网文的经典作品之一。小说版是个“穿越+架空”故事，讲述年轻人范闲的成长之路，他与去世母亲叶轻眉的一生组成全书一明一暗两条线索，把江湖朝野几十年风雨尽揽其中。在电视剧中，第一场戏就巧妙地交代了“穿越梗”：文学史专业的学生张庆（张若昀饰），为请叶教授（袁泉饰）当导师，用自己创作的小说《庆余年》来表达学术观点。于是，整部剧讲述的，就是张庆所著的小说内容。在张庆的小说中，设置了一个架空的王朝——庆国。故事一开始，范闲刚出生，母亲叶轻眉就死于非命。还在襁褓中的范闲被送到澹州，交给祖母抚养。在两位师父的魔鬼式训练下，范闲成长为一个文武双全、才智过人的少年。为了探寻自己的身世，他前往庆国京都，与父亲范建团聚。到了虎狼环伺的京都，范闲面对以庆帝（陈道明饰）为中心，太子、二皇子、长公主等势力环绕的政治格局，成为所有势力暗中争夺的对象。范闲与父亲范建的一次夜谈，揭开了母亲叶轻眉的往事。原来，叶轻眉擅长发明创造，还是经商奇才，曾开创商号，富甲天下。她早逝后，商号更名“内库”，归长公主掌管。长公主（李小冉[微博]饰）与当朝宰相林若甫有一私生女，叫林婉儿（李沁[微博]饰）。范建认为庆帝赐婚范闲与林婉儿，是有意让范闲接手内库，但长公主暗中支持太子，不愿让范闲接手——这其中必然有一场较量。由于范闲的人物设定有着现代人思维，对古代事物和场景进行了大量解构。陈道明饰演的庆帝，从穿着打扮到言谈举止，更像一位谋略家，轻描淡写一句话，就具备强大的杀伤力。范闲的弟弟范思辙（郭麒麟[微博]饰）、鉴查院官员王启年（田雨饰）则成了全剧的搞笑担当，两人抖的包袱，充满了现代元素。《庆余年》的爱情故事也很有看点。范闲刚到京都就在庆庙偶遇林婉儿，当时林婉儿正藏在桌下偷偷啃鸡腿，范闲掀开桌布，一见钟情！“寻找鸡腿姑娘”成为前十集范闲在“工作”之余的最大兴趣。贰陈道明饰庆帝威严有加《庆余年》在解构传统古装剧之余，不乏玩转现代思维的桥段。例如：一本叫《红楼》的书，在庆国广为流传，原来，这是范闲为了哄妹妹范若若（宋轶[微博]饰）开心，为她复述的《红楼梦》故事。虽然范闲坚称《红楼》的作者是“曹先生”，但范若若不相信。同时，市面上有人很快印制了盗版书，范思辙打起了“运营”这本书的主意。在最近播出的“作诗大会”上，范闲用一首杜甫的《登高》技压群雄，一时间，这首诗传到街知巷闻，范闲又收获了一众迷妹粉丝。还有一个围绕全剧思想中心的桥段，和范闲母亲叶轻眉有关。叶轻眉一生的梦想是改变世界，范闲在鉴查院看到母亲碑文上的席话：“愿终有一日，人人生而平等，再无贵贱之分，守护生命，追求光明，此为我心所愿，虽万千曲折，不畏前行，生而平等，人人如龙。”范闲随后立下宏图壮志：“要是没有这众生就没有庆国，所以我想为了这些人，跟这世上的道理斗一斗。”范闲智商、情商、武商、毒商都很高，行事作风颇为现代：见了太子、官员，他坚决不下跪；皇上指婚，他不稀罕，偏偏要找一见钟情的“鸡腿姑娘”，想悔婚就悔婚；等发现“鸡腿姑娘”就是指婚对象林婉儿时，他想保婚就保婚。关于权谋，《庆余年》也在陈道明演技的加持下，表达得恰到好处。例如，庆帝发现身边的侍卫宫典投靠了太子一党，他只对宫典说了句：“听说太子送你的那幅画，你很喜欢。”就把宫典吓得马上跪下认错，随后，他跑到太子面前撕画，以划清界限。第十集，庆帝接见京都府尹梅大人（李建义饰），也只说了一句：“君臣一番，总得有个善始善终，只可惜事往往不从人愿。”就把梅大人吓跪了……目前，一人之下、万人之上的鉴查院院长陈萍萍（吴刚饰）只在首播时露了一下脸，后续剧情中，他与庆帝的制衡、斗法，也是该剧的一大看点。
我们的浪潮引发鄙视链讨论 马伯骞非洲街头说唱,新浪娱乐讯 由腾讯视频出品的首部全球潮流文化体验式纪录片《我们的浪潮》，于11月28日首播。体验者马伯骞、胡天祐去往全球的不同城市，与不同潮流圈层代表人物深入交流，在当地体验最纯正的街头文化，了解潮流消费的每一个环节。影片上线后，引发网友对“潮流圈鄙视链”的讨论。今日，《来自街头（下）》将视角转移到英国伦敦和非洲的尼日利亚拉各斯，记录全球年轻Z世代的故事与态度。马伯骞直言潮流乱象 滑板与潮牌展现文化反差作为《我们的浪潮》纪录片的开篇，《来自街头（上）》从当代年轻人追捧的潮牌、球鞋切入，邀请体验者马伯骞去往洛杉矶，与北美最大球鞋经销商之一的夏嘉欢交流，夏嘉欢在片中展示其庞大的球鞋仓库，揭秘潮牌生意产业链的运作；而国内优秀的职业滑手胡天祐与Raph则来到二手滑板店，亲眼见证这里为了扶持更多优秀的滑手能够脱颖而出，30年从不涨价的坚持。滑板生态与潮流生意同样从街头出发的文化，通过镜头的推移和切换，不仅展示出了有张力的反差对比，更像二者之间的一次对话，掀起观众内心的浪潮。《我们的浪潮》探讨潮流生意链《来自街头（上）》播出后，有网友认为“潮流圈存在鄙视链”，作为体验者的马伯骞针对“潮流圈鄙视链”，次日发博回应“如果只在乎热度、价格这样表面的东西，很容易被潮流割韭菜。以前不同的圈子追求高下立判，但现在的潮流世界，大家都在一起玩”，更对愿意分享街头文化的人们表达了自己的尊敬。《我们的浪潮》以客观纪实的镜头，记录不同文化圈层的人群面貌，马伯骞在亲身体验后更直言态度，以个人表达引出《我们的浪潮》在记录以外更深层的意义，点破潮流消费乱象，引发观点碰撞和良性讨论，让大众了解文化本源，有所思考。马伯骞非洲街头即兴说唱 介入式记录体验纯正街头文化今日，《来自街头（下）》21：00上线腾讯视频，马伯骞、胡天祐将去往英国伦敦和尼日利亚拉各斯，在具有反差性的两个城市，体验当地街头文化的蓬勃发展。观众能够看到非洲滑手如何克服地形困难坚持爱好、英国年轻人怎样通过艺术作品表达潮流态度，这也体现出Z世代不受地域、文化限制的丰富想象力。正如艺术家Blondey McCoy在片中说道“所有的东西都很酷，但是我想要点新鲜的”，《我们的浪潮》也希望带给观众具有启发意义的文化知识、最新鲜的潮流动向，让观众看到来自Z世代鲜活的创造力。作为国内在音乐、滑板领域的代表人物，马伯骞与胡天祐此次在尼日利亚拉各斯也深入到非洲街头的嘻哈文化中，马伯骞更与当地的嘻哈音乐人交流说唱技巧，在街头展开了一场即兴说唱的表演接力。通过体验者介入式的拍摄手法，《我们的浪潮》不仅记录了全球各个城市青年的潮流态度，更让马伯骞等人加入当地的文化社群，成为潮流体验的实践者，展现出国内潮流青年的崭新面貌。今晚21：00锁定腾讯视频，在《我们的浪潮》第二集《来自街头（下）》中，共同领略街头文化的魅力，体验青年创造力带来的无限可能。据悉，《我们的浪潮》之后还将展示美妆、发型与造型、派对几大备受年轻人关注的潮流文化，敬请期待！(责编：明侦探)
女版“深夜食堂”老板娘在线营业 崔心心新剧大胆挑战反差魅力,近日，爱情悬疑剧《你是我的奇迹》开播，凭借优良制作获得了一众网友的好评，其中夏天的扮演者演员崔心心在《我心深触》之后，再次被网友冠以“中国好闺蜜”的称号，剧中更是大胆挑战反差魅力，表面温柔婉约，实则舌灿莲花，不失“女老板”的爽朗霸气，这也是崔心心诠释的又一个深入人心的角色。青年演员崔心心在剧中饰演一位温柔却有点毒舌的日料店老板娘——夏天。剧中她不仅是陈梦的金牌情感参谋，更是频频爆出金句怼人不带重样，常常怼到别人毫无还口之力，可以说是剧中最具反差魅力的角色之一。也正是因为有夏天这样严格自律又温柔贴心的“中国好闺蜜”守护在陈梦的身边，默默为其推波助澜出谋划策，才让自己的好朋友陈梦与林泽的感情得以迅速发展。此前，提到“美食料理家”，给大众的印象都是类似《我的前半生》里的陈道明、《深夜食堂》里的黄磊和《都挺好》里的杨祐宁等影视前辈，而此次在《你是我的奇迹》中，青年女演员崔心心以日料店老板娘的身份出现在观众面前，无疑是给了大家眼前一亮的感觉。这部剧除了在剧情和选角上用心之外，画面也很精美，剧中的道具、服装以及造型都十分符合大众的口味，崔心心的每一次出场造型都可以看出是精心设计，网友评价“可以说是行走的衣架了”。据悉，《你是我的奇迹》正在腾讯视频独家热播当中，每周一周二更新2集，精彩剧集值得期待！特别声明：以上文章内容仅代表作者本人观点，不代表新浪网观点或立场。如有关于作品内容、版权或其它问题请于作品发表后的30日内与新浪网联系。
杨千嬅《妻子3》成“游戏黑洞” 既飒又萌展反差魅力,《妻子的浪漫旅行》第三季持续泰国风情游，打卡完网红地标治愈之旅后，妻子团来到了泰国拳馆，感受了一把解压泰拳的力与美。运动达人杨千嬅一马当先大展拳脚，专业的招式动作和充沛的力量感令在场的妻子团和导播间的丈夫团都大为惊艳，飒爽英姿和酷帅气场也令观众们直呼：“杨千嬅真的好A一女的！”一如杨千嬅经典粤语金曲《烈女》唱的那样，气势铿锵，烈性如虹。大展酷A一面之后，反差萌属性上线的杨千嬅，又暴露了小可爱的呆萌一面。曾经难倒过一众明星的恶搞游戏“数马”，毫无意外地也难倒了萌新苦手杨千嬅，新晋游戏黑洞杨千嬅，起初还一脸看戏状神同步地模仿唐一菲，几轮游戏失败后则被激发出了胜负欲，不甘心又猜不透的懵懵脸可爱满分，观众们也纷纷表示：“又努力又好笑的千fa太真实了！”连老公丁子高也发微博互动：“有几匹马不重要，重要的是你玩游戏的样子超可爱！”甜蜜满分，羡煞旁人。一番轻松的玩闹之后，睡前的谈心夜聊也令观众颇有感同身受的共情之感。在聊到婚后的变化时，杨千嬅坦言自己曾是“娱乐圈怪物”，不善言谈过于自我，因为家庭与婚姻，她开始慢慢变得平滑和“妥协”，也学会了更好的平衡家庭与自己。而谈到与婚前友人的渐行渐远，杨千嬅更是动情落泪，坦言自己始终如一，人生并不需要做戏。真诚坦率，令人动容。因《妻子的浪漫旅行》，我们得以认识到一个更加鲜活而多面的杨千嬅，她的直率、真诚、反差与感性也收获了更多的喜爱与支持。每周三中午12:00，芒果TV&爱奇艺，“千丁万嘱”夫妇，一起还原爱情最默契的模样！特别声明：以上文章内容仅代表作者本人观点，不代表新浪网观点或立场。如有关于作品内容、版权或其它问题请于作品发表后的30日内与新浪网联系。
保剑锋克拉拉携《长安伏妖》亮相海南岛电影节,近日，古装玄幻动作电影《长安伏妖》亮相海南岛国际电影节。该片导演王凯，制片人张炜、程中豪，总策划曾虹源，主演保剑锋、克拉拉受邀来到三亚，为电影节送上祝福，也为即将在明年上映的电影《长安伏妖》宣传造势。片中，克拉拉出演大家闺秀公孙小姐，与饰演李长安的保剑锋是一对恋人。在电影节红毯上，克拉拉与保剑锋这对 “伏妖CP”成为现场媒体的焦点。因主演《情圣》、《胖子行动队》等电影深受观众喜爱的克拉拉，穿一席香槟色拖尾礼服现身，以精致五官、傲人身材、曼妙造型惊艳全场。香槟色礼裙高端大气，贴身剪裁勾勒出克拉拉迷人曲线。蕾丝、亮钻作为点缀，为礼裙增添了精致质感。大片薄纱以斗篷式样披散身后，这种设计上的小心思在个性之余，更凸显克拉拉与生俱来的时尚气韵，举手投足尽展大家闺秀的高雅风姿。搭配的钻石戒指和耳环，雍容华贵，女神范十足。古装玄幻动作大片《长安伏妖》由浙江大叔影业出品，上海瀚赢文化传播有限公司等联合出品，香港金牌导演李力持和内地著名导演王凯联合执导，制片人张炜、程中豪，出品人张琪，总策划曾虹源，执行制片人柏舒漫，由保剑锋、克拉拉、孙耀威、迟帅、吴孟达、罗家英、徐冬冬、贾冰、安琥、李子雄、周韦彤等联合主演。男主角保剑锋曾主演《又见一帘幽梦》、《至尊红颜》、《在远方》等热门影视剧，演技、颜值与气质深受观众喜爱。据《长安伏妖》制片人张炜透露，影片从前期项目孵化、演员阵容确认，到开机拍摄，前前后后历经了两年时间，可谓匠心之作。相信这部集玄幻、悬疑、温情等各元素于一体、运用国际顶尖特效技术的大片，必将为观众呈现一个魔幻、惊险、酣畅淋漓的“伏妖”世界。据悉，古装玄幻动作大片《长安伏妖》将在2020年登陆全国各大院线。
《宠爱》曝“大声说爱”版预告 檀健次阚清子上演“最甜暗恋”,昨日，由徐峥监制，刘瑞芳总制片人，杨子导演的电影《宠爱》发布了一支檀健次和阚清子的角色预告。互相暗恋却没有勇气表白的两人，在一只小猫的牵线下，慢慢靠近对方，终于勇敢说爱。预告中，阚清子利用一切机会接近意中人，却迟迟不敢开口的状态，让不少网友共鸣满满，直言看到了自己的影子。一瞬间，许多人留言讨论，“遇见爱情的时候，是静静等待还是大声说出口？”电影中，檀健次和阚清子是幸运的，因为一只小猫，给两人搭起了鹊桥。戏中是爱情的神助攻，而戏外，这只中国小猫也用软萌的外表和出神入化的表演，让两人爱不释手。尤其是檀健次，养狗的他彻底拜倒在小猫的魅力下，“太可爱了，我看到它就被融化了”。檀健次阚清子演出“初恋感”超甜吻戏竟是导演现场加的？预告结尾处，檀健次和阚清子亲吻的定格镜头，让不少网友看得心动不已，表示“找到了初恋的感觉”。有意思的是，这场勾起大家少女心的吻戏，竟然是导演现场加的。杨子透露道，“当时他们俩坐在沙发上，看起来特别有CP感。”甜蜜的化学反应，给了杨子创作灵感，直言“如果不接吻那就不太对了”，这才有了接下来的超甜一吻。值得一提的是，这是檀健次和阚清子的第一场戏。首场戏就迎来吻戏，也让一开始还不太熟悉的两人有些害羞，不过拍摄时，两人还是展现了专业演员的态度，一遍遍尝试，只为呈现最甜蜜的状态。遇见爱，要不要大声说出口？阚清子鼓励大家：勇敢追求，不要留下遗憾电影中，刻意在电梯前等待、偷偷记下工号、帮他照顾猫…明明已经动心，却不敢靠近对方的阚清子；主动送猫从而靠近对方、鼓起勇气告白的檀健次，两个人展现出的在暗恋中的不同状态，引发了大家的讨论，“遇见爱的时候，要不要勇敢告诉对方？”对此，与电影中的角色性格有很大反差的阚清子，也分享了自己的看法，鼓励大家勇敢追求爱，“很多东西，尤其是爱情都不是等来的，错过就真的没有了，不要给自己留下遗憾。”电影《宠爱》由真乐道文化、海润影业联合出品，徐峥监制，刘瑞芳总制片人，杨子导演，于和伟、吴磊、张子枫、钟汉良、杨子姗、陈伟霆、钟楚曦、檀健次、阚清子、郭麒麟、李兰迪领衔出演，将于12月31日全国上映，陪大家一起温暖跨年。特别声明：以上文章内容仅代表作者本人观点，不代表新浪网观点或立场。如有关于作品内容、版权或其它问题请于作品发表后的30日内与新浪网联系。
郁可唯跨界担任MV导演 哀号：剪辑也太难了！,新浪娱乐讯  郁可唯为新歌《你知道》MV献出个人导演处女作，她是首次跨界担任MV导演解锁新身份，以光影与镜头语言表现，将自我的多面个性融入其中，把对音乐与人生的新思考一一呈现。在MV中先是以繁星闪烁的开场营造静谧的时空感，犹如每个前行著却伴随迷茫时刻的你我，走进自己的内心世界，直面个性的每一个棱角。随后郁可唯化身鼓手，在全白的场景裡穿上全黑的劲装展现率性洒脱率，在画面的切换与交替中带来音乐的力量，并透过不同的色彩、氛围表达内心的向往。首度“自编自导自演自剪”MV，郁可唯从拍摄筹备期间开始参与，大到场景设计与氛围呈现、服装选择，小到道具摆放、拍摄景别、剪辑方式等细节，每一个环节都十分精细与严格。连续超过12小时的拍摄结束后，郁可唯表示：“在拍摄过程中真的太投入，没有注意到时间，拍摄结束竟然已经是早上，从棚裡出来天都亮了。”对于第一次担任导演，她也试出一番心得：“这次是一个全新的尝试，但当导演太难了，剪辑也太难了！”更笑说自己好像把MV剪得很细碎，整个过程中也一直不断的在调整剪辑的画面。尽管这次的MV自己花费很多心思和心力，但郁可唯看到成品后也非常开心，觉得所有的付出都值得了，相信歌迷们都会喜欢，也期待大家能够借由这支MV了解更多面的自己。今年行程满档的郁可唯，年底将担任选秀节目评审、出席多项音乐类大型颁奖典礼，并持续展开专辑的海外宣传，一路忙到春节过后。对于即将来到的农曆新年也会在马不停蹄的工作中度过，郁可唯笑说：“真是北漂游子的百味心情啊。”虽然没办法放年假，但一定会尽可能想办法抽出一点空档陪陪家人。（新浪娱乐台湾站  林怡妘/文）(责编：漠er凡)
A-Lin十五岁照片曝光 自侃长相是“丑小鸭”,新浪娱乐讯  第 15 届 KKBOX 风云榜颁奖典礼将于明年 1 月 18 日在台北小巨蛋盛大举办，主办单位4日公布首波表演卡司名单，包含邓紫棋、A-Lin、顽童 MJ116、高尔宣等人，主持人由Lulu黄路梓茵担任。适逢活动迈入第15 届，A-Lin十五岁的照片也曝光，她谦称自己15岁时的长相是个“丑小鸭”，自曝当时曾为了跟喜欢的男生告白而去偷用妈妈的化妆品，被发现后还被妈妈糗说“像演歌仔戏！”后来在歌唱上找到自信的A-Lin表示：“我记得那时我喜欢听叶瑷菱，会学她的四十五度角，摆她的pose，然后腮红画一条，很酷很帅！我还因此跑去参加很多歌唱比赛，还跟蔡依林、江美琪去比中广之星及MTV新声卡位战，现在想起来觉得替自己感到骄傲。”问A-Lin如果遇到15岁的自己，会想对自己说什么？A-Lin表示：“谢谢你不断地让自己去寻找梦想，让我们可以坚持下去！”而G.E.M.邓紫棋除了在KKBOX上有好成绩，她也受邀在第 30 届金曲奖上演唱破亿歌曲组曲，其中《光年之外》MV在今年九月突破两亿观看次数，成为华语点击量第一的歌曲，也是华语歌手第一人。同月《再见》也突破一亿观看次数。成为首位拥有两支破亿MV的华语女歌手。邓紫棋今年第3次荣获“年度风云歌手”，也将亲临现场。（新浪娱乐台湾站  林怡妘/文）(责编：漠er凡)
“我不要你觉得我要我觉得”入选2019十大流行语,新浪娱乐讯 国民度和品牌力作为今年荧屏最出圈的热门综艺之一，湖南卫视青春合伙人经营体验节目《中餐厅3》得到全民热议的同时，斩获上佳口碑和收视，取得“双效合一”好成绩。临近2019年尾声，经过公开征集、专家评选、媒体投票等程序，《咬文嚼字》编辑部评选出了“2019年十大流行语”，《中餐厅3》“店长”黄晓明名语录“我不要你觉得，我要我觉得”作为唯一一个出自综艺节目的流行语高票入选，又一次彰显出这档致力于传播中华优秀传统文化，促进“文化走出去”的节目在观众心目中超高的影响力和品牌国民度。《咬文嚼字》发布年度十大流行语 《中餐厅》“明言明语”高票入选在12月2日《咬文嚼字》编辑部发布的“2019十大流行语”中，黄晓明“明言明语”第一热梗“我不要你觉得 我要我觉得”与“文明互鉴”“区块链”“硬核”“融梗”“XX千万条 XX第一条”“柠檬精”“996”“我太难/南了”“霸凌主义”共同入选。流行语一经发出便吸引了人民日报、央视等众多媒体大V争相转载，网友们纷纷表示“今年这流行语太硬核了”“这些流行语都蹭过，看来我还没落伍”。对于出自“黄店长”的这句网络热梗，“咬文嚼字”点评：节目中，作为“店长”的黄晓明为了关心受伤的杨紫说：“我不要你觉得，我要我觉得。”为了提高团队工作效率，“店长”还说：“这事不需要讨论。”“听我的，我说了算。这些“经典”台词迅即在网上流传开来。“我不要你觉得，我要我觉得”的流行，反映了人们对自我坚持的调侃和打趣。入选年度流行语印证品牌国民度 “情怀综艺”带动中国文化走出去由节目衍生出的一句话成为年度流行语，从侧面印证了《中餐厅3》在受众中的广泛影响力。作为湖南卫视暑期重点节目，《中餐厅3》开播以来收视高热，全国网、CSM59城12期节目平均份额均破5%，全国城域平均份额超过6%，三网平均忠实度均超30%，全国城域平均忠实度逼近40%，累计推及人口1.2亿；年轻观众群体忠实追看，城域00后观众平均份额超过12%，同时段第一，忠实度高达41%，为忠实度最高群体；国民度高，城域90后观众平均份额超过7%，在同时段排名第一，是忠实度次高人群，城域80后观众平均份额超过8%，是份额次高群体，城域70后观众占比25%，是占比最高人群。与收视高热相伴的是《中餐厅3》在全网的讨论热度一路领跑。节目播出13期共斩获250多个热搜，节目更是囊括了话题榜、短视频榜、明星热度榜、媒介指数榜、用户搜索榜等几乎全线榜单第一，相关内容的10万+微信文章多达320篇。“中餐厅”不仅通过展现青春合伙人海外经营餐厅中的拼搏、协作，激发了当下都市人群巨大情感共鸣，这档“情怀综艺”还以中华美食为载体，弘扬优秀传统文化，促进中外交流，促进“文化走出去”，通过扎实创新、精湛制作和正向传播，得到《人民日报》《光明日报》《中国日报》等主流媒体多次高度肯定。拍摄国意大利主流媒体也对节目予以强烈关注和正面宣传。意大利权威电视台Rai1、Rai3专程前往节目拍摄地跟踪节目拍摄，采访节目主创，《意大利共和报》等主流报纸也对节目在两国签署共建“一带一路”合作谅解备忘录大背景下，促进经济和文化交流给予了充分肯定。湖南卫视发挥独特优势与时代同频共振 彰显价值新力量随着三季节目先后在泰国、法国、意大利的拍摄对当地经济的大幅拉动，“中餐厅”俨然成为一张闪亮的“中国名片”和各国政府争相邀请的“文化使者”。总导演王恬表示，节目以美食为载体传播中国文化、推动文明互鉴，始终致力于让“奇妙的东方味道”透过电视荧幕飘进中国观众的家中、飘向世界各地，“如何能透过当代观众喜闻乐见的形式，传递中华文化的精神内核，发挥电视节目在传播中华文化过程中的独特作用，既做到“走进去”——让年轻群体树立文化自信，又做到“走出去”——让中华文明的果实在海外的土壤上生根发芽，一直是我们努力的目标和不变的方向”，“我认为电视作品要完成文化输出的使命，必须走出国门、站在不同的角度讲中好国故事、传播中国文化，让外界更好认识中国、深入了解中国，让文化自信得到更为坚定的表达。”文化是一个国家，一个民族的灵魂。大众可以看到，始终与时代同频共振的湖南卫视不断利用自身平台独特优势，用贴近老百姓的语言，通过新闻专题、纪录片、公益广告、综艺节目、主题晚会、电视剧等形式多样、视角丰富的表现形式，给观众奉献了一大批有内涵、有温度、有力度、有效果的精品文化力作，彰显了主流媒体的职责使命和价值新力量，让国人越来越清晰地看到“美美与共，天下大同”的华夏愿景正在变成可能。(责编：明侦探)
小凉帽获第十四届加拿大中国电影节最佳儿童片奖,2019年11月29日晚，第十四届加拿大中国电影节在温哥华市中心Play House大剧院隆重举行，加拿大各族裔侨领代表，以及来自影视界、文化界的共计600名嘉宾齐聚大剧院见证盛典。《小凉帽之白鹭归来》斩获最佳儿童片奖。加拿大中国电影节是最早在海外举办的中国电影节，是中国电影走向北美的最重要平台，具有广泛的国际影响力。加拿大国会议员Alice Wong、BC省议员Teresa Wat、BC省议员Michael Lee，以及中华人民共和国驻温哥华代总领事孔玮玮均发来贺信，对加拿大中国电影节的成功举办表达诚挚的祝贺。继威尼斯电影奖、玉猴奖、金竹奖、加拿大中国电影节等一系列国内国际大奖的获得，标志着小凉帽已跻身为具有国际影响力的动漫IP。《小凉帽之白鹭归来》共26集，是小凉帽系列动画片第一季。动画由知名导演贺明泉执导，故事改编自知名作家胡梅林创作的童话小说《会飞的小凉帽》，故事讲述了生活在客家赤竹镇的小姐妹阿凉和阿妹拯救受伤白鹭，勇斗偷猎黑商，并意外获得凉帽魔法，成为森林动物守护者。浓郁的岭南人文背景、神奇的森林、温馨的家园、美丽的小镇和快乐的小动物伙伴，演绎了小凉帽快乐成长的童年时光。该片即将在央视、金鹰、嘉佳、深视、腾讯、爱奇艺、优酷等主流频道黄金时段播出。此前，小凉帽12分钟VR电影作品获得2017年威尼斯电影奖亚太单元最佳沉浸影片和最佳未来影片两项金狮奖。影片在华侨城旗下V谷乐园播出后，累计接待超百万人次，体验式观影票房及衍生收入超亿元，成为中国最卖座的VR电影之一。《会飞的小凉帽》图书和广播剧自今年6月出版播出以来，在深圳飞扬971、喜马拉雅等平台总播放量已突破2000万次，成为最热门儿童广播剧之一。小凉帽作为全球文旅四强华侨城集团旗下重磅打造的超级IP，自2016年诞生以来，迅速形成了绘本、小说、广播剧、VR电影、TV动画等多种艺术作品，受到央视新闻联播、焦点访谈等主流媒体多次深度报道，近期由广东省推荐为国家广电总局重点题材创作项目。频频夺得大奖的小凉帽IP正快速崛起，展现其国际影响力，成为讲好中国故事的代表作品。小凉帽故事创作原生地深圳甘坑客家小镇，也从名不经传的破旧老村，成为深圳十大文化街区之一，累计接待游客已突破600万人次，成为深圳文化新地标。温哥华是北美三大电影工业中心之一，人称加拿大“好莱坞”，小凉帽此次电影节展播收到各界好评，多家北美视频平台表达发行意向，为动画片进入北美市场打下良好的基础。(责编：Koyo)
张力尹献唱《答案》MV发布 娓娓道来内心情感,爱情悬疑剧《漫长的告别》自上线以来，热度不断攀升。少年为爱追凶，扑朔迷离的案情，引发了观众的追剧热情。随着该剧的播出，电视剧OST也受到不少观众的喜爱。其中张力尹为电视剧献唱的插曲《答案》，更是被网友们频频求音源。今天歌曲和MV正式上线。在张力尹深情婉转的嗓音中，去探寻真相的答案。张力尹深情献唱插曲迷雾中寻找《答案》张力尹演唱电视剧插曲《答案》，歌曲由张鹏鹏作词，吴姝霆作曲，陈沁扬担任制作人。钢琴和弦乐声渐起，张力尹情感充沛的嗓音像一首叙事诗，将内心的情感娓娓道来。副歌部分，饱满大气的弦乐交织，她高亢的声线将情绪一层层推进。这首歌曲对应剧中人物陈雪，歌曲MV也是以陈雪为视角展开，在情感两难中，等待迷雾散开，寻找答案。陈雪和连舟的感情将会何去何从，还是等待剧情慢慢揭晓。电视剧《漫长的告别》播出中再掀悬疑热《漫长的告别》是由刘阳、吴昊担任制作人，马志宇执导，由周峻纬、何晟铭、蒲巴甲、习雪领衔主演，由范雷、张经伟、王艺明、高曙光、傅亨、党浩予、冯若绮等主演的爱情悬疑剧。男主连舟（周峻纬饰）的漫长追凶路上，与刑警付翔（何晟铭饰）产生了深厚的友谊，并结识了陈雪（习雪饰）等人。随着剧情的层层推进，线索不断浮出水面，观众们也越来越期待案件的真相。《答案》由完美青春（成都）文化传播有限公司制作及营销。看《漫长的告别》，跟随张力尹独具质感的嗓音，去探寻答案。特别声明：以上文章内容仅代表作者本人观点，不代表新浪网观点或立场。如有关于作品内容、版权或其它问题请于作品发表后的30日内与新浪网联系。
《燥梦英雄》剧组亮相海南岛国际电影节红毯,12月1日，由国家电影局指导，中央广播电视总台，海南省人民政府主办的第二届海南岛国际电影节在海南三亚拉开帷幕，作为国内最重要的电影盛事之一，此次海南岛国际电影节吸引了国内外众多优秀的电影人出席。开幕当天，海南岛的红毯星光熠熠，秦昊[微博]、张译[微博]、李晨[微博]、杨幂[微博]、赵薇[微博]、黄圣依[微博]、陈小春[微博]、任达华[微博]、蒋雯丽、谢飞、黄建新等上百位中外电影人走上电影节红毯。音乐励志电影《燥梦英雄》剧组获组委会邀请参加开幕式红毯，导演兼制片人杨博[微博]、编剧温岩晶、演员林永灿盛装出席，该片由胡海泉[微博]担任监制，阮世生[微博]担任艺术顾问，宋洋、陈意涵领衔主演，及陈翔[微博]、高捷[微博]、张可盈[微博]曹然然联袂出演，主要讲述一支以梦为马，坚持不懈的年轻乐队，排除万难实现自己的音乐梦想。目前，该片青岛冬季部分已拍摄取景完成，将于2020年继续拍摄春季部分，于年底与观众见面。(责编：Koyo)
蔡徐坤谈舆论困扰 用音乐的方式回应争议,新浪娱乐讯 本周四，《限定的记忆》即将迎来最后一位主人公——蔡徐坤[微博]。自出道以来，关于蔡徐坤的标签和新闻层出不穷。节目中，蔡徐坤正面回应争议。蔡徐坤谈舆论困扰 选择用音乐来回应“委屈”NINEPERCENT出道的一年半时间里，蔡徐坤在享受着巨大光环的同时，也承受着同样的压力与烦恼。虽然蔡徐坤一直都专注于自己的音乐，“但公众的注意力好像并不在舞台上”。蔡徐坤表示疑惑：“好像我并没有做奇怪的事情，为什么会这样？”在歌曲作品“不出圈”和被误解的困扰下，蔡徐坤了解到抱怨并不能改变现状，于是选择对新闻置之不理，选择让自己“小小的失忆”来更专注音乐。蔡徐坤表示，只想做自己想做的音乐，一切的委屈，会用音乐的方式来回应。自《偶像练习生》毕业之后，蔡徐坤没有参加太多综艺节目和影视剧拍摄，而是专注于打造自己的单曲，可见蔡徐坤对音乐的热爱。蔡徐坤表示，曾听到别人说自己是个“疯子”，是很偏执的人，为了做音乐，已然放弃了生活。无疑，是音乐激活了蔡徐坤的“偏执与疯狂”。蔡徐坤排练花絮曝光 与舞者分享歌曲背后的故事节目预告中，还曝光了多段蔡徐坤的彩排幕后花絮。在歌曲《蒙着眼》排练时，蔡徐坤与舞者们分享自己的创作初衷，全英文为舞者们讲解歌曲的情绪、故事、创作背景，以帮助舞者们更好的表演；《重生》的乐队排练，蔡徐坤增加了电子元素，并表示live版会更加躁一点，“是一件蛮酷、蛮好玩的事情”。蔡徐坤为《限定的记忆》录制新歌的花絮中，透露《梦》这首歌竟然是他在刚刚录制完《偶像练习生》时期创作的，在一年多后才决定放在NINEPERCENT 的专辑里发表出来。蔡徐坤表示，《梦》这首歌比较符合团体专辑，也符合“限定的记忆”这个概念。“因为那一刻（《偶像练习生》出道），我们九个人好像都离自己的梦更近了，但好像所有人都没有想到，那一刻，（一切）才刚刚开始。”不仅是歌曲、舞蹈的排练，连现场的舞美、灯光，蔡徐坤都亲自参与讨论和设计，尽显“细节控”特质。(责编：哈哈大王)
《鹤唳华亭》剧情催泪 王劲松罗晋师徒情深,中新网12月3日电 由优酷全网独播，杨文军执导，罗晋、李一桐、黄志忠[微博]、张志坚、苗圃[微博]、金瀚[微博]、郑业成[微博]等领衔主演，王劲松[微博]、郝蕾[微博]、刘德凯[微博]等特别主演的年度匠心历史传奇剧《鹤唳华亭》昨日正式开启加更。在昨晚播出的剧情中，由罗晋饰演的男主角皇太子萧定权和黄志忠饰演的皇上，本已父子关系升温，但不料由于科举殿试中阴错阳差的事故，两人再度生出嫌隙。为了挽救太子，由王劲松饰演的卢世瑜虽已辞官准备回乡，但身为太子老师的他依然肩负师者责任，采用了“死谏”的方式进言。卢世瑜临终前用一段感人肺腑的独白，讲述了太子的成长过程及15年来师生间相互陪伴走过的时光，其中情谊令观众感动不已。虽然仅仅是加更的第一日，但《鹤唳华亭》中的众角色均迎来了天翻地覆般的命运转变。由李一桐饰演的女主角陆文昔从书香世家的才女，一转眼变成父兄皆入狱、家破人亡的孤女；对太子一直严格要求的皇上则被一连串的变故气到晕厥；由郑业成饰演的太子表哥顾逢恩渴望通过自己努力金榜题名，但殿试中他却也被连累，遭遇了永久从科举考试中除名的惩罚……众多角色人生境遇的反转为之后的剧情增添了更多看点及不确定性。(责编：珞小嬜)
张碧晨追星成功！舒畅发文晒美照庆生 好姐妹相伴,新浪娱乐讯 12月4日，舒畅在微博晒出庆生照，配文：“昨晚的我们仨，好开心。”舒畅坐在c位双手作出许愿的姿势，淡妆素雅。网友表示：“女神生日快乐！！！！茜茜公主！！！碧晨追星成功！”“ 哇哇哇，友谊长存！”“舒畅姐姐生日快乐呀！”(责编：山水)
周二珂《复乐园》专辑上线 融合多种音乐元素,“唯一真实的乐园是已经失去的乐园，唯一有吸引力的世界是尚未踏入的世界。”周二珂2019全新个人专辑《复乐园》今日完整上线，融合了Electro Pop、复古Disco、世界音乐等多种元素，展现了属于二珂的专属音乐魅力。以《复乐园》之名，周二珂用这张专辑讲述了关于追寻、勇气与爱的故事。整张专辑10首歌曲，背后皆有各自的故事，但曲曲相连交织，勾画出女孩的成长之诗。在专辑同名曲《复乐园》里，周二珂传递了她对明日的呼唤，对未来笃定的信念；在《橘子树下的阳光》里，她勇敢地向复杂的成人世界进发，善良是女孩的保护色；她会像一个吉普赛人一样，在浪漫的月光下，吟唱着《即兴流亡》的乐章；她也可以沿着《蓝莓之夜》的浪漫想象地图，抵达一切内心向往的地方；哪怕纷纷扰扰的世界里，我们一切珍爱之物都被打碎，她也会怀揣着《自我拼图说明》，沿路拾回完整的自己。周二珂始终相信，爱是战胜一切的武器。在《复乐园》里，她无畏地讨论着爱的力量，爱的苦乐参半。在《我终究是爱你的》里，她为困顿于爱情中的人们加油打气，始终挥舞着手中那份关于爱的执着。在《爱应该》里，她勾勒爱的理想模样，哪怕跋山涉水，穷尽岁月，她也希望得到关于爱的答案。她还把这一路的回忆感动凝结成《纽扣》。距离上一张个人专辑已两年有余，周二珂在《复乐园》中呈现了不同于过往的蜕变，散发出个人专属的音乐魅力。同名曲《复乐园》大胆使用混合利底亚中古调式，结合西塔琴所编制的世界音乐迷人色彩，她向我们展现了声音中的艺术感；专辑中也有多首“触电”之作，二珂的纯净音色和鬼马性格与电子乐一拍即合，包括《走失在1990》中在Electro Pop中电光火石的嗓音跃动；在《厌氧》的Trip-Hop英伦神游舞池里，二珂展现她全新的“气泡音”；在《蓝莓之夜》的80年代复古新浪潮Disco里，无论是挥洒的青春气息，还是抑扬顿挫的唱句，都代表了二珂不受时空和风格限制的鲜活生命力。周二珂用《复乐园》这张专辑展现了作为歌手的无限可能与潜力。面对黑夜的降临和一切未知，凭借坚定的信念，也能像她一样大步向前，找寻失而复得的、从未抵达的美丽新世界。期待周二珂带给我们的更多惊喜。特别声明：以上文章内容仅代表作者本人观点，不代表新浪网观点或立场。如有关于作品内容、版权或其它问题请于作品发表后的30日内与新浪网联系。
毕夏现身央视节目献唱《野子》 静心创作音乐,12月2日，摇滚女王毕夏帅气现身CCTV-3央视《开门大吉》柔情献唱《野子》，温柔沙哑的声音别有一番滋味。结束骑行之旅回来的毕夏本人更是脱去浮华的外衣，在参与综艺、演出的同时静心且精心的创作自己的歌曲。本周一晚，毕夏一身黑色马甲帅气登上央视《开门大吉》的舞台，并倾情演唱《野子》。有别于以往给人的第一印象，温柔略带沙哑的女声将歌曲故事里所表达的坚韧展现的淋漓尽致，能把耳熟能详的作品唱出自己的理解和味道，这就是毕夏的特质。毕夏版本的《野子》有着独属于她的美，声音里依旧饱含着对音乐一如既往的热爱和坚持，这一路走来用身为女子的坚韧、坚持、坚强给很多观众带来不少感动，就像歌曲诉述的内涵那样“只要够坚定，再大的逆境都不算什么”。在综艺、演出的紧张行程中，毕夏也不忘放弃自己的喜爱，喜欢的骑行活动和舞蹈都在自己的安排中。看着世界之大，褪去满身浮华，静下心来创作歌曲。六年时光，打扮依旧帅气的毕夏对音乐始终保持着“孩子气”般的热爱和炙诚，满腔热血，肆意高歌，执着地做着自己喜欢的事情！特别声明：以上文章内容仅代表作者本人观点，不代表新浪网观点或立场。如有关于作品内容、版权或其它问题请于作品发表后的30日内与新浪网联系。
毛不易匠心复刻单曲《二零三》:唱出漂泊者的回忆,新浪娱乐讯 12月3日零点，毛不易“内心私房曲”《二零三》上线。这是毛不易匠心复刻专辑《小王》的开门之作，唱出无数漂泊者的心声和回忆。这首歌首唱于2017年8月19日《明日之子》比赛期间，彼时的毛不易刚进入大众的视野，是毛不易写给自己曾经生活过、门牌号203小屋的歌曲。203留下了他的生活痕迹，也记录了他在那座小城里的故事。最后他离开了203，成为这间屋子的匆匆过客之一。毛不易向制作人介绍，在这个时代，很多年轻人像他一样，也在经历着从一个城市到另一个城市，从城市一端到另一端的漂泊。每一间小屋都承载着一段回忆，而对于那个屋子来说，人人都是过客，过客都是小王。在专辑首发凌晨，毛不易在微博上写下这样一段话：“说来惭愧，两年多光景。重唱《二零三》的巨星本人依然没有脱离租房的生活。来来往往，匆匆忙忙，仍在旅途，谨以此歌献给时光与你我。”《二零三》唤起了无数共鸣与回忆，听众纷纷表达对这首歌的喜爱：“听前奏的时候感觉脑海里有一种一帧帧慢速的回忆画面，充满了怀念与想念，也许有时候缘分遇上了对的人，但却只能成为过客的伤感。这首歌我想也是送给无数个为生活打拼的我们，及那些临时收留我们称之为家的地方。”(责编：山水)
黎小田12.15设灵翌日出殡 灵堂将以白色为主,新浪娱乐讯 据香港媒体报道 音乐人黎小田（Michael Lai）于2019年12月1日离世，享年73岁。黎小田秘书Clara在社交网公布丧礼事宜。“遵照黎小田先生遗愿将以低调私人形式设灵，谨择于2019年12月15日（星期日）下午5时在九龙红磡畅行道10号世界殡仪馆地下世界堂设灵，并于翌日12月16日（星期一）‪上午10时‬举行告别仪式，仪式后灵柩随即出殡，前往柴湾哥连臣角火葬场进行火化。为配合灵堂布置，诚送花圈友好请以白色花为主。谨此敬告 恕不另刊讣闻”。(责编：珞小嬜)
毛晓彤《我的机器人男友》温暖收官 2020年精彩持续加载,由曾丽珍执导，毛晓彤、姜潮、宁理、刘天佐等领衔主演的科幻爱情轻喜剧《我的机器人男友》将于今晚正式收官。毛晓彤饰演的蒋梦言勇敢执着，与机器人林墨白的恋爱之路克服了种种困难，最终能否收获幸福引发网友关注。同时，由毛晓彤主演的青春热血竞技剧《谁的青春不叛逆》持续热播，剧中唐诗与鹿相误会不断，虐心的恋爱日常引发讨论。蒋梦言收获完美爱情唐诗反转虐恋升级在《我的机器人男友》近期剧情中，蒋梦言终于得知了林墨白是机器人的真实身份。一向面对感情勇敢执着的她，却接受不了这样残酷的现实，决定与林墨白彻底结束。可当蒋梦言坐车遇到危险的时候，林墨白第一时间出现解救，让她感动不已，决定克服困难和林墨白重新在一起，大结局两人能否收获幸福也引发网友高度关注。在《谁的青春不叛逆》中，唐诗和鹿相的恋爱之路困难重重。魏总对唐诗展开猛烈的爱情攻势，还将鹿相赶出了公司，导致他几次产生误会，即使唐诗主动向他提出搬回出租屋的建议时，他也冷漠的拒绝了。毛晓彤将女强人外刚内柔的性格，细腻真实的演绎出来，让人感同身受的同时，也被她的演技所打动。热播剧高燃收官毛晓彤2020年持续发热热播剧《我的机器人男友》将于今晚收官，《谁的青春不叛逆》也接近尾声，毛晓彤用精彩的演绎温暖了2019年的寒冬，而新的一年她也将持续发热。在待播冒险题材剧《盗墓笔记重启之极海听雷》中，她饰演身手不凡的仓库管理员白昊天，颠覆固有印象以飒爽利落的造型亮相，引发观众期待。另外，由毛晓彤主演的现实主义题材都市情感剧《三十而已》于近日杀青，剧中她饰演勇敢无畏又温暖治愈的妻子钟晓芹，通过角色传递出人生态度。毛晓彤曾在采访中谈到她对三十岁的理解：“三十岁只是一个数字，真正重要的是对待生活的态度。”据悉，该剧将于2020年与大家见面，期待她在剧中的精彩表现。2019年温暖收官，2020年毛晓彤持续发热！特别声明：以上文章内容仅代表作者本人观点，不代表新浪网观点或立场。如有关于作品内容、版权或其它问题请于作品发表后的30日内与新浪网联系。
李家鼎高温录节目怕爆血管 与谭玉瑛烹制腊肠卷,北京时间12月4日消息，据香港媒体报道，李家鼎与谭玉瑛昨天出席《阿爷厨房》记者会，会上李家鼎更现场示范烹制“阿爷年代腊肠卷”。这辑节目李家鼎与谭玉瑛实地到南海、顺德及澳门拍外景，李家鼎谈到拍外景难忘事，他说：“有次气温高达42度，已经是下午四点半拍，以为进了面包炉，机器热到不动。”谭玉瑛笑指李家鼎已经没头发，但都热到要将个头贴近空调吹风口吹。李家鼎解释不是怕会中暑，而是怕爆血管：“当时已见到有两、三个人影，一路这么吹了十几廿分钟。”问到下次拍外景是否不要再预他？他说：“有卖身契没办法，（最辛苦这次？）次次都那么好运气那么辛苦，之后去澳门也是那么热。”谭玉瑛称平时拍外景只带润唇膏，但这次拍外景热到连妆都溶掉。节目已拍到第四辑，问到本辑的菜式是否费煞思量？谭玉瑛指很多材料都用过，但以前的煮法较复杂，这次就简单些。李家鼎指其父在世时对饮食很挑剔，从没赞过他一句：“家父最多只说一句：‘能吃的啦’，现在多谢他啦，上天安排我踏入古稀之年才拍第一辑节目。”（苗菲）(责编：珞小嬜)
不仅效果惊人还“笑”果拔群 《勇敢者游戏2：再战巅峰》引爆期待,由美国哥伦比亚影片公司出品的好莱坞动作冒险巨制《勇敢者游戏2：再战巅峰》即将于本周五12月6日全国上映，“巨石”强森率领勇敢者战队再次集结，这一次游戏世界全面失控，关卡难度直线飙升，视觉奇观重重升级，四人随时命悬一线。片中惊险刺激的关卡设计与轰炸眼球视觉特效，将带来前所未有的震撼体验！今日影片发布口碑海报与视频，收获满满赞誉，被盛赞“集效果和笑果于一身”，影片由杰克·卡斯丹执导，道恩·强森、杰克·布莱克、凯文·哈特、凯伦·吉兰将全阵容回归，将于12月6日登陆全国院线，预售火爆进行中。勇敢者战队收获满满好评 特好笑动作冒险片万众期待今日，影片发布口碑角色海报，片中七位主角六人一马齐亮相，个性鲜明趣味十足，勇敢者们呈现“一本正经来搞笑”的状态，他们的背景分别是片中的几大主要场景：巨石强森饰演的勇石博士出现于绿洲小镇，略带疑惑又透露着固执的表情暗示着他将在这里发生有趣的故事；凯文·哈特饰演的语言学家身后是一望无垠的荒漠，一脸的不知所措让人猜想他是否在面对可怕的巨型鸵鸟；杰克布·莱克饰演的地质学家在冰雪古堡中即将冻僵，逗趣的表情令人忍俊不禁；凯伦·吉兰饰演的性感打女却身着热辣装束现于峰林险境中；尼克·乔纳斯饰演的亚历克斯依旧帅气；新人物奥卡菲娜始终充满神秘气息；还有贝瑟尼化身的“美丽”黑马在冰雪之中显得格外动人，同时，全新勇敢者战队为大家带来一连串口碑好评。影片自宣布定档以来不断收获媒体盛赞，好评如潮。作为超强IP的续作带来惊喜重重：”惊喜、惊艳！看完后更期待IP的后续开发”“2019年最惊喜、最惊险、最有诚意的好莱坞动作冒险大片”；主演的表现十分完美，获得无数称赞：“强森和凯文·哈特最佳拍档值得观看，奥卡菲娜演技精湛”“巨石强森和凯文·哈特相爱相杀又意外感人，奥卡菲娜的新角色对剧情起到很大作用，小乔帅气依旧！”；整部电影为大家带来惊险刺激又爆笑连连的感官享受：“惊险与好笑结合的恰到好处，鸵鸟的部分惊喜满满”“反差萌中既有笑点又有泪点，情感浓度升级。让所有观众跟着忘我大笑”媒体的一致认可与称赞，让国内影迷对于电影上映更加期待。奥斯卡级制作团队创造惊喜 预售火爆锁定同档最强此次回归观众视野的勇敢者游戏世界，迎来危险升级与全面失控，多个极度惊险的全新关卡迅速转换令人目不暇接。除了在前作中暗藏食人河马的原始丛林，还有随时让人殒命的万丈深渊，无数狂暴山魈围攻的峰林浮桥，突然山崩石裂的极寒雪山，成群巨型鸵鸟穷追不舍的无人沙漠……同时，游戏世界所呈现出的逼真细节可谓惊人：狂暴山魈、愤怒鸵鸟、食人蟒蛇、凶恶鬣狗等猛兽逼真可怕，毛发表情清晰可见，还原度100%；鸵鸟奔腾如同身临其境，飞石走砾如同就在眼前，观众与勇敢者们一同紧绷神经随时备战，面对各种突如其来的险情，沉浸式视效体验带来让人肾上腺飙升的极限刺激。同时，片中笑点密集，无论是强森扮演坏脾气老爷爷，还是欢脱的凯文·哈特变身语速超慢的优雅老先生，高反差“笑”果都令人捧腹，是一部难得的好“效”又好笑的巨制。影片自上周开启预售到目前为止，各项指数如票房、排片比、想看等指标数值都占尽优势，碾压同档上映影片。预告片中所呈现出的震撼视效吸引了无数观众，这都归功于顶级的幕后制作团队。来自全球各地超过5000人的视效团队打造凶猛野兽的逼真细节；充满想象力的奇观场景及关卡，由参与过《海王》《钢铁侠3》等特效大片的艺术指导操刀；参与制作《阿凡达2》的奥斯卡级视效总监也参与了本片的制作，将想象中的游戏世界逼真呈现，满足了无数人进入游戏世界的梦想。影片无论从IP热度、制作水准、卡司阵容等方面来看，都可以称之为年底最强巨制。全新升级的关卡与新鲜加盟的角色，更会为大家呈现新奇有趣同时刺激震撼翻倍的感官体验，无愧于年底最值得期待的好莱坞动作冒险大片之称号。好莱坞动作冒险巨制《勇敢者游戏2：再战巅峰》由杰克·卡斯丹执导，四大主角“勇石博士”道恩·强森、“地质学家”杰克·布莱克、“语言学家”凯文·哈特、“性感打女”凯伦·吉兰将全阵容回归！为了拯救消失的同伴，勇敢者四人组再次集结，进入全面失控的未知世界，面对难度爆表的危险关卡，强森领队挑战极限搏命逃生。一场惊险刺激又充满惊喜的冒险之旅即将展开！影片将抢先北美于12月6日全国震撼上映，预售火爆进行中！特别声明：以上文章内容仅代表作者本人观点，不代表新浪网观点或立场。如有关于作品内容、版权或其它问题请于作品发表后的30日内与新浪网联系。
《冰峰暴》役所广司亡命搏斗 张静初勇攀冰壁惊心动魄,由余非执导，张静初、役所广司、林柏宏主演的电影《冰峰暴》正在全国热映中，今日片方发布了“誓死出击”正片片段，再次吸引了观众的注意力，片段以双线叙事的方法展现出了“翼小队”的惊心时刻。片段中，日本影帝役所广司在珠峰上与恐怖分子Victor展开了一场生死对决，尽管没有枪战和爆破等大场面，但近身肉搏的戏份同样令不少人神经紧绷。面对威胁时，役所广司将Victor推翻在地，步步紧逼重击制敌，尽显“喜马拉雅魔鬼”的风采，然而好景不长，役所广司在抢夺冰镐时败下阵来，Victor趁机将其扎进他的腹部，是死是活无人知晓，刺激动作场面拽紧了观众的心弦。另一边，张静初则攀上冰壁挑战极限，毫无防护装备的她只要踏错一步就会掉进万丈深渊，攀爬难度可想而知，沉重的呼吸声也印证出挑战的艰难，真实刺激的场面彰显了小袋子不屈斗士的魄力和勇气。卓越的画面背后是艰辛的拍摄过程，为了让观众体会到真正的身临其境，张静初坚持亲身上阵进行拍摄，在这过程中，她不慎被摇臂打中头，差点从高处跌落，但为了不耽误进程，她没有要求休息，而是回到片场继续工作，坚强不屈的个性与自己饰演的角色不谋而合，戏里戏外“小袋子”无疑。该片自上映后热度稳定提升，猫眼开画8.5分，并同时夺得2019年11月灾难片综合票房冠军的宝座，“真实宏伟”、“全程揪心”、“除了紧张还是紧张”等各式好评不绝于耳，目前影片正在全国热映中，马上购票，解锁更多激烈打斗场面！据悉，电影《冰峰暴》由春秋时代(平潭)影业有限公司、北京非映画影视文化有限公司、北京赛特世纪影业有限公司、株式会社VAP、天津启泰文化传播有限公司出品，春秋时代（霍尔果斯）影业有限公司、霍尔果斯非映画影视文化有限公司、霍尔果斯魔蜂互动娱乐有限公司、云南金彩视界影业股份有限公司、北京蓝钻文化传媒有限公司、广东精鹰传媒股份有限公司、华影纵横影业（北京）有限公司、浙江引利影业有限公司、影聚天际影视传媒（天津）有限公司、维盛成长（北京）投资管理有限公司联合出品。特别声明：以上文章内容仅代表作者本人观点，不代表新浪网观点或立场。如有关于作品内容、版权或其它问题请于作品发表后的30日内与新浪网联系。
少年说第四季今晚回归 陈铭梁田倾听混血萌娃烦恼,新浪娱乐讯 万众期待中，湖南卫视《少年说》第四季今晚19：30正式回归，与亿万观众分享少年们的欢笑与感动。《少年说》是湖南卫视节目制作中心孔晓一工作室打造的原创品牌，定位新一代青少年健康成长心理释放表述节目。在已播出的三季节目中，节目收视及社会影响力持续走高，正在成为学校、家庭、社会对青少年心理教育的情感纽带，开创青少年心理教育新范本。《少年说》第四季第一站来到了大连枫叶国际学校，陈铭[微博]、梁田[微博]将化身加油团，倾听这个国际化十足的学校里同学们的高台喊话。在本周的节目中，《少年说》与少年们会擦出什么样的火花？新一季的《少年说》又有哪些创新和看点？一切悬念尽在今晚揭晓。国际化学校初体验，混血萌娃“控诉”女同学掐脸惹爆笑第一周播出的节目精彩纷呈，国际化学校少年们的故事更是别开生面。这里有被女同学掐脸的超可爱混血萌娃；有像“机器猫”一样永远带着神秘“百宝袋”的班主任；有誓要“把大碴子味儿带回家乡”的东北话十级日本留学生；也有明明只想安静，却在班主任的坚持下“被迫营业”连续两年参加实心球比赛还打破校记录的女孩；还有在妈妈“霸道的爱”下，每天上着“妈妈喜欢”的兴趣班的六年级女生；更有从小调皮捣蛋却因为父亲作为一名边防战士，远离家乡坚守岗位而开始变得乖巧懂事的初一男孩……兴趣与爱好、责任与成长就在这些鲜活面孔的喊话之下一一展开。家长该不该给孩子规划报班、让孩子参加各类比赛？家长工作与陪伴如何均衡？少年和家长、同学、老师之间会有哪些新的矛盾？这些问题将以什么样的方式获得和解？……诸多热点话题纷至沓来，精彩不容错过。从“少年说”到“少年们说”，第四季升级深挖热点话题节目前三季涌现了很多讨论度高、经久不衰的热门话题，比如“亲子矛盾”“少年友谊”等。《少年说》第四季在这些话题中，继续挖掘更多的表达方式，期待引发更多的社会关注和讨论。这一季选题，将会涉及很多当下最新的热点内容，如“二孩问题”、“职业教育”、“奖励式教育”、“兴趣班选择”等等。而《少年说》在新一季中，也实现了从“少年说”到“少年们说”的蜕变。由个体表达变为群像表达，回应者可以是一个人，也可以是一个方阵，是有类似问题或者烦恼的同学，以此更好倾听少年们的心声，进而实现真正有效的正向沟通。此外，陈铭和梁田两位加油团成员以陪伴者、观察者、聆听者的身份出现也将不断为少年们打气：陈铭老师从专业的视角出发，正向引导青少年价值观；梁田作为少年们的知心大姐姐，引导情绪亲切感十足。加油团为节目增添了许多看点的同时，也将让观众产生更多的共鸣和思考。观众点赞勇气台，“少年说应该是社会的一面镜子”自2018年暑假开播以来，《少年说》倾听了上万名少年的心声，播出了八百余个故事，在社会上引起了关于青少年成长话题的强烈关注和广泛讨论。 《少年说》最大的意义在于，其在主流平台中开辟了一个少年本位的表达阵地，为渴望直接沟通的00后少年们，提供了鲜活滚烫的直接发声渠道。当这群少年通过《少年说》设置的“勇气台”进行喊话，观众清晰地感知了他们的勇气、信念、疑惑、洒脱、责任、成长，这些标签通过故事如此真实地呈现在了大众面前。而少年们积极向上、有担当、有个性，敢于有梦、勇于追梦的形象，就是国家未来建设最鲜活的力量。不少观众点赞“勇气台”的设置，认为节目中呈现的一个个故事，是每个孩子、每个家长、每个教育工作者、每个社会人的一面镜子，大家可以透过节目反观自己、理解心态、思考当下。这也是《少年说》节目最大的意义所在。12月3日起，每周一到周四晚19：30锁定湖南卫视《少年说》第四季，精彩不容错过。(责编：明侦探)
《试着死了一次》追加共演 豪华阵容上演视觉盛宴,（文/枣）广濑丝丝将首次挑战喜剧片，主演电影《试着死了一次》。而首批阵容就集结了堤真一和吉沢亮。更加令人震惊的是，日前再次宣布追加演员，一共23位，有不少配角都是能担当主演的演员！让我们来数数都有谁！Lily Franky、小泽征悦、嶋田久作，木村多江，松田翔太、加藤谅、でんでん、柄本时生、前野朋哉、清水伸、西野七濑[微博]、城田优、原日出子、真壁刀义、本间朋晃、野口聪一、佐藤健、池田依来沙、志尊淳、古田新太、大友康平、竹中直人、妻夫木聪这个阵容，是在拍春晚吗？？？影片由制作《白户家》系列等数部国民广告的广告策划、创意导演泽本嘉光担任编剧，执导《三太郎》系列等人气广告的浜崎慎治首次挑战电影导演，这对广告界奇迹组合将带来最强喜剧作品。广濑丝丝在片中饰演大学生野畑七濑，与堤真一饰演的父亲计一起生活，七濑很讨厌工作狂父亲，可是当父亲真的因假死药突然“死了”，她却和职员松冈一起调查幕后阴谋。追加演员中，中川雅也饰演计假死时的天国案内人火野，计担任社长的制药公司野畑制药秘书渡部由小泽征悦饰演，野畑对手公司社长田边由岛田久作饰演，七濑的母亲野畑百合子由木村多江饰演，松田翔太饰演研究假死药的藤井，妻夫木聪饰演为计举办葬礼的酒店负责人，佐藤健饰演高级俱乐部服务生。另外，野畑制药职员由志尊淳、柄本时生、前野朋哉、清水伸、西野七濑饰演，古田新太饰演计的前同事，大友康平饰演音乐导演布袋，竹中直人饰演主持葬礼的僧人，加藤谅饰演七濑所在组合的铁粉，七濑打工的拉面店店主由DENDEN饰演，城田优饰演野畑制药的警卫员，原日出子饰演野畑制药的卫生阿姨，真壁刀义、本间朋晃饰演野畑对手公司的职员，野口聪一饰演宇航员。影片将于2020年3月20日在日本上映。这阵容，得多少票房才能回本啊。。。(责编：罗罗)
王泷正：如何从话剧演员变成“警察专业户”？,中新网客户端北京12月2日电（袁秀月）《心理罪》里的邰伟，《白夜追凶》中的周巡，《追凶十九年》里的刘一波……出道十多年，王泷正[微博]的履历似乎用“警察和非警察”就可以概括。演这么多警察角色不怕被定型吗？王泷正对中新网记者说，其实他也担心过，但后来就想明白了，虽然类型一样，人物却不同。他更怕的是哪天激情不再，演戏成了“干活”，那做演员就相当枯燥了。从《心理罪》到《白夜追凶》2014年，国内影视行业迎来一波大洗牌，传统电视台衰落，视频网站纷纷加大对自制剧的投入，坊间将那年称之为“网络自制剧元年”。那年，导演五百[微博]“铆足了全家的劲”拍了一部网络剧《心理罪》，导演、主演都不是大牌，但播出后却成了现象级网剧。在剧中，王泷正饰演刑警队长邰伟，这也是他演的第一个警察角色。不过，当时他却差点错过这部剧。那时《心理罪》正在选角，五百导演托中间人找另外一个演员，中间人说“你别找，我给你推荐一个”，就推荐了王泷正。本来王泷正已经和另一部电视剧达成了合作意向。但本着留个好印象的念头，他还是和五百见了一面，谁知两个人相谈甚欢，足足聊了一下午。聊完当天，他随即决定出演《心理罪》。王泷正将其称为“一段有意思的经历”，他和五百导演很有缘分，之后他相继出演五百执导的《心理罪2》《古董局中局》。2017年，《白夜追凶》成为当年爆款网剧，还被美国视频网站网飞（Netflix）买下海外发行权。王泷正在该剧出演刑侦支队队长周巡，而五百是该剧的监制。怎么演好一个警察？都说艺术是现实的一面镜子，影视剧的风格也随着人们的审美变化而变化，体现在刑侦剧上，大概是从《重案六组》到《白夜追凶》的转变。而刑侦剧中的警察形象，也与以往不同。王泷正饰演的警察，不是香港警匪片中的高智商、精英范，也没有那么“高大全”，外表像个糙汉子，言行有些大大咧咧，但对待案子却一丝不苟。怎么演好一个警察？在王泷正看来，没有别的技巧，只有四个字“真实、真诚”。他认为，一个成功的角色应该是让观众觉得似曾相识，有亲切感，如同他家楼上的刑警李大哥。他还分享，拍摄刑侦剧前，他都会跟一线的警察进行交流，了解他们破案时的状态以及工作压力。“他们都非常疲惫，眼袋都非常大，因为他们经常熬夜，不睡觉，吃饭也没有正点，常年处在疲劳的状态。而且他们经常跟罪犯打交道，脾气性子都比较烈。”谈刘一波：一辈子都不想经历这种事情在最近上映的电影《追凶十九年》中，他饰演基层刑警刘一波，该片没有重点刻画悬疑的部分，而是将镜头放在为破案花费半生的基层警察身上。在片中，刘一波和搭档何晨追查真凶，一追就是十九年，搭档为此献出了生命，刘一波则失去了爱人。“人一直在琢磨一个事，其实也挺可怕的。”作为旁观者，王泷正说，他一辈子都不想经历这种事情。在他看来，饰演刘一波，其重点不是外表，而是他内心阶段性的变化，从开头意气奋发积极向上，到慢慢开始疲惫和恐惧，再到家庭破碎，陷入自我怀疑。这些都需要下功夫揣摩，没有什么捷径，就是天天生活在人物的世界中。演了这么多警察角色，王泷正也担心过会被定型，但他觉得，其实这也是一种好事，演多了认识也会更深刻，何况每个人物和故事都是不一样的。不过，他也希望突破。在他看来，“如果有一天激情不再了，演戏不就成了干活？一旦成了干活，做这行就相当枯燥”。曾活跃在话剧舞台对于十多年前的王泷正来说，演那么多警察角色，这是无法想象的。从中央戏剧学院表演系毕业后，他加入孟京辉[微博]工作室，演了许多先锋话剧，譬如《恋爱的犀牛》《爱比死更冷》《琥珀》等。常年演舞台剧，锻炼了他的很多能力，如音乐形体的表达能力、对舞台的掌控能力等。因为先锋话剧并非纯现实主义，也使得他在表演上的思维方式更加灵活多样。王泷正说，最初他开始拍影视剧时，最不怕的就是“NG”，一场戏他可以找十几种表达方式。但常年泡在话剧舞台上，日复一日地排练演出，让王泷正时常有种被“掏空了”的感觉。“我不允许自己演绎出来的角色毫无生命力，这对观众不太负责任。对我自己来说，热情消耗没了，这是一个很可怕的事。”他说。就这样，他离开了话剧舞台，决定到影视圈闯一闯。然而那时，他在影视圈一个人都不认识，他还想过到北影厂门口当群众演员，没准还能混个“特约”。之后，他拍过广告，当过陕西卫视《华夏夜表情》的主持人，演过不少反派、小角色，直到意外出演《心理罪》。“所以我一直说我是一个挺幸运的人。”王泷正说。（完）(责编：vhaha)
新浪观影团《吹哨人》北京嘉华影城免费抢票,活动时间和影城：2019年12月06日  周五  19：20签到北京嘉华国际影城活力东方店活动人数：20人（每人一张票）参与规则：1、关注@新浪观影团2、转发下方活动微博3、点击报名链接下方[+参加活动]按钮，填写报名信息。影片简介：片名：《吹哨人》导演： 薛晓路[微博]编剧： 薛晓路主演： 雷佳音[微博]、汤唯、齐溪[微博]、吴彦姝[微博]、杨立新[微博]类型： 剧情、悬疑、犯罪制片国家/地区： 中国大陆语言： 汉语普通话上映日期： 2019-12-06（中国大陆）片长： 139分钟又名： The Whistleblower剧情：一通深夜来电，打破了澳洲华人职员马珂（雷佳音 饰）的平静生活。消失多年的前女友周雯（汤唯 饰）突然出现、神秘杀手接踵而至。面对层层追杀，马珂带周雯奔赴非洲寻找真相。他逐渐意识到，自己正在负责的跨国交易背后另有阴谋，是做个“吹哨人”向社会公布真相？还是视而不见明哲保身？马珂不得面对两难选择。与此同时，马珂发现本以为和自己“同病相怜”的周雯也绝不是看上去那么“简单”。真相越埋越深，更大的危机也正在逼近……影城信息：北京朝阳区姚家园路甲1号活力东方奥特莱斯购物中心4层。乘坐地铁6号线至青年路站，换乘468路公交至姚家园路口东下车。观影点评：请所有中奖团员于12月07日 23：59前使用[用手机客户端或电脑客户端的微博电影点评功能]点击进入微博电影《吹哨人》点评页提交不少于140字的原创观后感，欢迎大家使用写长评功能发布长影评，优秀的作业我们将会在观影团微博中转发，并有机会获得更多免费观影券。点评格式：@新浪观影团 @嘉华国际影城 +真实观后感。（观后感提交越认真，未来的观影机会越大哦，严禁任何形式的抄袭，感谢大家的配合，未按时提交者或抄袭者将会列入黑名单，请珍惜你的观影机会哦。抢票提示：中奖团员均为每人一张票。获奖网友将在活动开始前一到两天收到官微私信通知，请及时留意查看，因错过回复时效而导致取消获奖资格，后果自负，如需请假请至少提前6小时以上私信@新浪观影团 官微，本活动解释权归北京嘉华国际影城活力东方店所有。关于违规：1、临时请假的中奖团员（开场前6小时内），将失去未来一个月中奖资格。2、未提前请假无故缺席将失去未来三个月中奖资格。3、因未在规定时间内提交观后感，或观后感涉嫌抄袭拼凑、未写满最低字数要求（140字）等、由工作人员判定属于无效观后感的，发现首次拉黑3个月，再次将永久拉黑。4、如发现中奖团员私自转让替换转卖，一经发现将会永久失去中奖资格，私自转让或替换团员将无法入场。关于我们：新浪观影团是新浪娱乐频道为广大电影爱好者提供提前免费观赏国内外最新影片、首映礼、主创见面会等机会的平台。了解我们欢迎点击：新浪观影团
中韩微电影展将开启 32部中韩优秀短片集中展映,新浪娱乐讯12月11日-12月13日， “第六届中韩青年梦享微电影展”将在北京颐堤港CGV影城举行。届时，32部中韩优秀短片将集中展映，观众可通过中韩青年梦享微电影展官方网站报名，申请免费观影。中韩青年梦享微电影展是由中国人民对外友好协会、CJ文化共同主办的一项跨国界文化公益项目，旨在挖掘和培养青年电影创作者，促进中韩影视文化交流。自2014年启动以来，中韩青年梦享微电影展便受到电影圈内人士的关注，5年来，累计征集微电影作品2335部，邀请王小帅[微博]、姜帝圭、伍士贤、刘杰[微博]等 17位中韩优秀电影人作为评委出席活动。第六届中韩青年梦享微电影展邀请到的终审评审委员是由近日通过电影《极限逃生》获得第40届韩国青龙电影奖新人导演奖的李相槿；凭借《8 月照相馆》获得大钟奖电影节“剧本奖”的韩国著名编剧、导演吴胜旭以及执导《双食记》、《微微一笑很倾城》等知名影片的中国导演赵天宇三人共同担纲。第六届中韩青年梦享微电影展自6月开始招募，历时3个月，共收集到作品709部，不仅刷新了历届征集作品数量的记录，在艺术创新与制作水平上也有了全面提升。本届中韩青年梦享微电影展系列活动将于12月11日至13日在北京举办，届时从700余部电影中脱颖而出的20部入围影片将与12部特邀韩国优秀获奖短片进行展映，其中还包括韩国评审委员李相瑾导演的《淙阁的假期》以及在第40届韩国青龙电影奖斩获短片奖的《MILK》等作品。除此以外，本次影展还将进行开幕式、CINEMA CLASS、ScreenX 特别展映、主题讲座、青年导演与观众对话、闭幕式及颁奖典礼等系列活动，观众可以通过线上报名的方式免费申请参与，欣赏优秀的影片的同时还可以学习电影制作的专业知识、了解电影背后的故事。(责编：肉圆)
濮存昕的2019：我是一个永远在演出的人,“我是一个永远在演出的人。”在四川凉山彝族自治州的邛海边，66岁的濮存昕[微博]说。2019年的开头，濮存昕在演贯穿他20年岁月的《茶馆》；临近年尾，他担纲主演的原创话剧《林则徐》，即将于12月中旬登陆国家大剧院。戏剧舞台的魔力于濮存昕从未减退，提及新一年的心愿，濮存昕脱口而出：“一次一次不期而遇的剧目。”11月底，在川西这片有山有水有歌舞的土地，大凉山国际戏剧节正式开幕。这是濮存昕和吉狄马加、廖昌永、阿来、李亭等人携手打造的中国西部第一个国际戏剧节，他们希望为戏剧开辟一块新的归属地。来大凉山前，在北京的鼓楼西剧场朗读会，濮存昕曾动情朗读了老舍先生的《宗月大师》。“没有他，我也许一辈子也不会入学读书。没有他，我也许永远想不起帮助别人有什么乐趣与意义”。“《宗月大师》让我们看到了世间竟有这样的人！永远在笑，没有一天不高兴的。有福也好，有苦也好，他还在笑，他永远帮助别人，咱们天下怎么会有这种人？”因为遇见一个人，深远影响到老舍日后的人文情怀的形成。濮存昕被这篇作品中的情怀打动。用好的戏剧作品影响更多人，这也是濮存昕及所有戏剧节发起人的心愿。早在今年3月，大凉山国际戏剧节的启动仪式上，濮存昕就说，萧伯纳曾豪言——“人生不是一支短短的蜡烛，而是一支由我们暂时拿着的火炬，我们一定要把它燃得十分光明灿烂，然后交给下一代的人们”。“那么，在以火把节著名于世界的彝族聚居地，我们借戏剧把薪助火，大小凉山皆为舞台。”一切为了戏剧，一切为了观众。濮存昕态度很明确，办戏剧节，就是要热爱戏剧的观众越来越多，而他们则是要和观众一起进步。1999年，由林兆华[微博]导演，北京人艺以全新演员阵容重排《茶馆》，在首都剧场公演，濮存昕饰演常四爷。今年年初，这版《茶馆》依然在开张，梁冠华[微博]、濮存昕、杨立新[微博]、龚丽君、冯远征[微博]等原班人马仍参与演出。数十年弹指一挥间，观众排队买票的队伍和热情逐年拉长、攀升。“你想想20年前谁买票了？观众在陪着我们进步，他们用买票这样一种参与方式，支持着我们这版《茶馆》，年轻的《茶馆》演了20年。所以从这个事情来讲，我觉得观众在培养我。”由此联想到大凉山国际戏剧节，濮存昕认为评判一个全新戏剧节水平的高低，最核心的标准就是观众。濮存昕经常看全世界范围内的优秀演出、戏剧节、邀请展，他深知自己的差距和进步空间在何处。“我们剧院里的一些演员，不太重视看戏剧，他们就是要去挣电视剧的钱，这些戏剧节这些邀请展他都不看，结果演出多少年了，好像进步不大。”濮存昕描述自己经常观看和学习戏剧是“尝到甜头了”。“你看对我都有影响，那么对当地的观众、艺术家、演员，一定会有影响，这是无形的”。形容起戏剧以及戏曲的美感，濮存昕眼睛里泛着很生动的光亮。在他心里，那种背后的文化内涵是自然而古典的。“是风啊，是树叶在飘动，春天第一朵花开绽放。它是对自然界细微的刻画，是那种哀莫大于离愁的伤感，而我们今天没有。所以这种传统文化、古典文学如果缺失的话，戏曲顶多是极少数人的个性、爱好。”濮存昕说，他们所作的各种努力，就是要让这么美好的文化在今天不至于濒临灭绝。濮存昕盼望戏剧观众变多，会由衷说一句“啊戏剧原来这么好看”，他也笃信戏剧本身的魅力，能够让很多人慢慢喜欢。濮存昕观察到相较于国外，中国的戏剧观众是趋于年轻的。“原来我写过字叫‘戏剧悟道，艺术修身’，戏剧更丰富于舞蹈，更丰富于音乐。什么叫戏剧？就是舞台上的有情节、有故事的表演，它必须在舞台上发生，不是拷贝艺术。”站在大凉山国际戏剧节“首届”的起点，濮存昕已然期待明年、下一年。大凉山拥有14个世居民族保存良好的原生文化，近年来兴起的“大凉山文化现象”是戏剧节举办的基础。“我们在慢慢地耕耘自己的文化生态园林，我们培养的花圃，要让它值得蜜蜂来采摘”。濮存昕很在乎当地观众和艺术家能否深度参与，但他心态也放得平和、洒脱。所有事情，“今天先把它干起来，让大家伙先开眼了”。2019年结束之际，濮存昕主演的原创话剧《林则徐》，即将上演。“我要是不演林则徐，就不知道这么多故事。”提起这次演出，他兴奋得说起了剧中林则徐的台词，“哎，用我的病残之躯行一事”。为了演好这个角色，濮存昕竭力“调动生命中那些能够跟林则徐接近的特质，那种戏剧本身出发、最实实在在的品质”。“什么事情干起来就行，打仗之前士兵都很紧张，特别是刚上战场，敌人还没露头时……真正打起来了，勇气就来了！”濮存昕用他的演出经验，总结自己如今面对每个新挑战的心境——“演出的时候你走出幕条，一面对观众，刚才的紧张应该是都能忘掉。但是一开始还要紧张，肯定是这样”。中国青年报·中国青年网记者 沈杰群 来源：中国青年报(责编：vhaha)
英皇与南广联手打造“造星梦工厂”,英皇娱乐落地南京了！昨天，造星梦工厂“英皇南广演艺学院”正式官宣开幕。英皇集团主席杨受成博士，华夏视听传媒集团董事局主席蒲树霖，英皇娱乐集团行政总裁许佩斯，英皇（北京）文化发展有限公司行政总裁、英皇南广演艺学院校董霍汶希[微博]，华夏视听传媒集团副总裁罗茹嘉，英皇娱乐三位重量级艺人李克勤[微博]、惠英红[微博]、钟欣潼[微博]出席开幕典礼。扬子晚报/紫牛新闻记者 孔小平这是英皇娱乐落地高校的第一个动作据介绍，英皇娱乐是亚洲最具实力娱乐造星集团，拥有26年造星经验，超过60多位艺人，谢霆锋[微博]、容祖儿[微博]、陈伟霆[微博]、TWINS、惠英红、任达华[微博]、古巨基[微博]、李克勤等皆是英皇娱乐旗下艺人。而中国传媒大学南广学院在全国艺术类院校中名列前茅，培养出了倪妮[微博]、白客[微博]等实力演员。此次英皇南广演艺学院是英皇娱乐落地高校的第一个动作。霍汶希表示，创办学校是自己一直以来的梦想，之前3年，她造访了多个高校，最终才定下了中国传媒大学南广学院，因为两者的理念和方向是一致的，由此她才圆了这个梦，希望能够帮助所有对表演有热情的年轻人系统化学习，为演艺圈注入新鲜血液，打造真正的“梦工厂”学院。英皇集团主席杨受成博士致辞时表示，英皇南广演艺学院将紧跟国家政策，为创新时代文化市场蓬勃发展提供持续建设和资源共享平台，开拓演艺教育创意版图，期望成为青年艺术家人才培养新基地。惠英红钟欣潼等期待学弟学妹早成同事李克勤、惠英红、钟欣潼在南广校园里走过一遭后发现，年轻演员们拥有良好的校园条件，都有感而发地集体“羡慕”。惠英红和钟欣潼接受记者采访时均表示，此前自己都没有这样的条件在学校里系统学习演艺等课程，所以会走一些“弯路”，于是叮嘱学弟学妹们要把握和珍惜学习的机会，更期待有朝一日能和学院的毕业生同学们成为同事。另外，近期钟欣潼在综艺节目《演员请就位》中全新诠释了阮玲玉，大获好评，惠英红也将参加《我就是演员之巅峰对决》，两位均表示，非常乐于参加演技类型综艺，来进一步提升自己。昨天现场，英皇南广演艺学院2019首期暑期班优秀毕业学员屈梦汝、王天源还进行了表演展示。惠英红和钟欣潼都对两位演员的肢体表演和情绪渲染，提出了更高要求的指导与期待。在和现场同学们交流演技经验时，李克勤表示，演戏和唱歌有相通之处，都需要用心体会角色。而惠英红分享了自己对于演艺事业的追求心态：无论是演员还是人生，每分每秒都要追着学问，追着学东西，“我现在还保持着每天看一小时新闻的习惯，因为世界太大，新闻里都是别人发生的事情，演员需要不断去学习和揣摩。”而钟欣潼则勉励学弟学妹们，努力找到自己擅长的东西，不断学习不断成长。首期集训营已有5名学员脱颖而出记者了解到，英皇南广演艺学院不仅集结一流艺术名校表演学院院长、名誉教授、优秀导师及国家一级演员等，更有资深演员杨英伟、香港金像奖新晋导演彭秀慧[微博]助阵、英皇娱乐金牌经纪人霍汶希担任校董，为学员筑梦护航。英皇南广演艺学院将通过演艺基本功、英皇大师课、启发创作、实战经验及专业技能等不同的教学模式，全面帮助学员们认识和掌握戏剧演出的基本技巧以及启发学员的演艺潜能。此外，英皇南广演艺学院也视学生实战经验为教学重点，并为合格学员探寻更多的工作机遇，表现优异的潜力学员将有机会获得推荐资格，直接进组参与华夏视听旗下优质影视剧作品的拍摄。据悉，此前，英皇南广首期集训营已先行完成试点教学，五位杰出学员脱颖而出，成功获得英皇南广签约权。(责编：vhaha)
宋茜领衔“四姐妹” 为女性成长代言,本报讯（记者 杨文杰）都市剧《他其实没有那么爱你》正式杀青，并发布一组主演杀青照及杀青特辑。该剧由宋茜[微博]、郑恺[微博]、卢靖姗[微博]、张佳宁、李纯[微博]领衔主演，杨祐宁[微博]特约出演，王耀庆友情出演。剧中讲述四位女性，在她们认为人生最美好和最性感的年龄，在她们认为最华美和最便利的城市上海，继续寻求自身的成长，寻求爱情和友情、自我和独立的故事。是《我的前半生》原创班底致力打造的治愈系剧集。此次发布的杀青剧照及特辑中，四姐妹热爱生活，有为之努力奋斗的事业，并在遇到了心爱的他之后开始踏上爱情征程。她们在工作中降龙伏虎，在情路上扑倒再战，最终明白了“爱人七分足矣，剩下三分，爱自己”。据该剧总制片人、爱奇艺高级总监、奇星戏剧工作室总经理李莅樱介绍，“这部剧不仅会给观众带来一场寻找真爱、发现自我之旅，还能打破以往一些影视作品中对女性友谊的认知偏见”。该剧在人设、故事、台词上做了精准的目标定位，核心受众瞄准25-40岁女性人群，“我之前很抗拒说自己在做一部治愈系剧集，因为治愈不是生硬的概念，而是融入在剧情中的触动和共鸣，随着制作的推进，我发现自己可能真的在做一部治愈系的作品。如果这部剧明年真的成为话题剧，我会勇敢地说，‘我其实做了一部治愈系的戏’。”李莅樱说。在电视剧《他其实没有那么爱你》中，宋茜饰演的孙艺荷是一名奇异果TV制片人，她精力无限，还是个女汉子。郑恺饰演的于天是一名奇异果TV的摄像师，也是孙艺荷的同事兼死党，平时经常和她插科打诨。他一直很好地控制自己的人生，坚定不移地行走在自己渴望的道路上，直到遇到真爱发现自己整个世界都变得不受控制了起来。在爱情里他变得更有责任感，也在短时间里不断成长。卢靖姗饰演的Karen是健身房合伙人，也是一名健身教练，同时是个单亲妈妈，年轻时早早结婚生子，却又因前夫的不安定而离婚，从此不想再婚。她能享受恋爱，也敢直面孤独，遇到爱情时会遵从内心，从来不问爱一个人值不值得，只是单纯去爱。张佳宁[微博]饰演的丁丁是一名练习生经纪人，也是一个家境良好的小公主，她有一副萌妹子的长相，看上去没心没肺，其实比谁都看得透。她认为每一段感情都有保质期，每一个决定风险自担，但当她遇到真爱时，也不禁迷茫了起来。李纯饰演的任染是DMA公司副总裁，她在事业上杀伐果断，是个十足的女强人，但她所有的理智都在遇到爱情时被撕裂。她渴望被爱，却又极度敏感，直到后来才明白真正的安全感不是来自别人，而是来自自己。(责编：vhaha)
老板助理陈翔谈录节目感受 演唱《客栈》主题曲,"新浪娱乐讯 12月1日，《亲爱的客栈》第三季粉丝见面会在广州举行，“老板助理”陈翔[微博]现身与粉丝近距离接触。活动现场，陈翔不仅分享了拍摄节目的感受，还演唱了《亲爱的客栈》第三季主题曲《走着》。《亲爱的客栈》开播三季以来一直备受关注，与前两季不同的是，刘涛[微博]从“老板娘”变成“老板”，第一季的“店员”陈翔晋升为“老板助理”，他们与老朋友阚清子[微博]以及新朋友林心如[微博]、马天宇[微博]、张翰[微博]、吴磊[微博]、李兰迪共同经营客栈，节目标语也从“慢下来，去生活”变成“滚烫的人生”。谈及三季节目的不同，陈翔表示，“前两季节目中，大家都是以游玩的心态参与，我们这季是真正的职场考核，我们会有十万的KPI，而且我们不仅要干活，还会去竞争终极合伙人，我们是朋友也是竞争对手，我们也真的沉浸在那个工作氛围中”。对于“老板助理”的理解，陈翔表示“这是一个起桥梁性作用的角色”，既要协助店长处理事务，也要与员工们玩儿到一起，“我们都是对事不对人，一切为了客栈考虑”。见面会期间，临近陈翔生日，粉丝为陈翔送上生日礼物以及手写的99封信。现场，女粉丝带男友上台同陈翔互动。面对陈翔，男友表白女粉丝：""我会好好爱她！""陈翔问道：""就像她们爱我，和我爱她们一样对不对？""男朋友脱口而出""我也会爱你""全场大笑，陈翔也笑言：""希望你们能够幸福，你们结婚记得请我哦，我去给你们见证，照顾好我的女人，要不然我会发微博艾特你，全网通缉！”本季节目中，陈翔除了担任“老板助理”外，还演唱了《亲爱的客栈》第三季的主题曲《走着》。现场，陈翔也演唱了这首歌曲，引得台下粉丝大合唱。当被问及接下来的工作安排时，陈翔表示“特别希望自己能做成一件事情。12月2日，我首次执导的电影《夹缝》正式开机，接下来我的新专辑也马上将和大家见面了”，并透露由于工作的原因，无法在12月13日生日当天举办生日会，“打算在30岁之后再过30岁生日”。(责编：哈哈大王)"
《他其实没有那么爱你》杀青 宋茜等四美睡衣比美,新快报讯 记者梁燕芬报道 日前，都市爱情剧《他其实没有那么爱你》正式杀青，该剧由《我的前半生》原班底打造，宋茜[微博]、郑恺[微博]、杨祐宁[微博]等主演。剧集围绕女性成长这一主题，讲述四姐妹在寻找真爱中发现真正的自我，做自己的女王的故事。据悉，电视剧《他其实没有那么爱你》由《我的前半生》原班创作班底进行制作，编剧秦雯和监制沈严[微博]让外界多了几分期待。剧集聚焦的是四位女性，她们热爱生活，有为之努力奋斗的事业，并在遇到了心爱的他之后，开始踏上爱情征程。剧中，宋茜饰演的孙艺荷是一名制片人，她精力无限，还是个女汉子，口头禅是“多吃点好东西，不容易丧”。她还是个爱情至上的浪漫主义者，但在爱情里却容易失去自我，最终也明白自己闪光的能量值得被爱。郑恺饰演的于天是一名摄像师，也是宋茜的同事兼死党，平时经常和她插科打诨，他一直很好地控制自己的人生，坚定不移地行走在自己渴望的道路上，直到遇到真爱时发现自己整个世界都变得不受控制。此外，杨祐宁饰演的陈南是一名财经自媒体撰稿人，他的微信号是中老年妇女每日必看的财经指南。然而因为冷面又毒舌一直是个钻石单身汉，直到参加了宋茜的财经节目才慢慢有了改变。此外，卢靖姗[微博]、张佳宁、李纯[微博]、王耀庆、韩童生、黄征等也在剧中出演重要角色。(责编：vhaha)
金鸡报晓《红花绿叶》中北通达庆功会在京举行,由北京中北通达影视文化艺术有限公司主办，青年电影手册协办的“金鸡报晓 《红花绿叶》庆功答谢会”，于12月2日下午四点在湖北大厦举行。《红花绿叶》在第32届中国电影金鸡奖颁奖典礼上获得了最佳中小成本故事片奖，据悉今年报名参赛的影片多达500余部，能取得这样辉煌的成绩，堪称“以小博大”的典型范例。答谢会由《红花绿叶》的总制片人高尔棣和策划程青松[微博]共同主持。高尔棣回顾了当初一眼看中刘苗苗导演提供的剧情梗概，并决定立项拍摄的前后过程。出品人陆成国手握金鸡奖杯表示将继续投资拍摄电影，争取多出精品影视剧。高朋满座 共享《红花绿叶》金鸡荣耀答谢会播放了刘苗苗和出品人陆成国在金鸡奖现场登台领奖的过程，刘苗苗再次感谢了一路以来支持《红花绿叶》的工作人员、亲朋好友。出席答谢会的还有著名导演夏钢[微博] 、胡维捷、吕洪峰，作家虹影、瑞娴，艺术家高艳津子，演员史可[微博]、陶红、伊春德、辰夫，摄影师何云、李思贤，美术师黄锦，作曲家徐鸣涧，歌手邓骏、金天泽，评论家张卫、陈旭光、叶匡政、曾念群，央视主持人林泉以及王慧轩、辛奇、汤博晖、郝志杰、张忠灿、王长清、刘艳丽、薛竞雅、陈麒裕、阿博特、付梦珍、秦方好、胡群、孙浩然[微博]、武安冉等嘉宾。刘苗苗现场谈及了获得金鸡奖的感受，她说：“能够得奖很荣幸，更重要的是以平和的心态，为今后的创作努力。”低成本、高质量的《红花绿叶》能够获得业内专业奖项的认可，为众多创作者指出了新的创作方向。刘苗苗说：“对于市场来说，大投资的电影不是每个人都可以拍的，但是中小成本的电影给予了电影市场更多的可能性，丰富了电影类型，这是中国电影的新出路。”现场，刘苗苗导演邀请影片的剧组主创上台与嘉宾交流，剧组主创代表以“付出就有回报”这句简单有力的话，概括了影片拍摄前后的艰辛与努力。高瞻远瞩 中北通达持续打造精品影视剧电影投资本是商业行为，需要考虑电影制作与回报的众多因素。《红花绿叶》出品人陆成国能够在电影剧本阶段作出如此准确的判断，投资该片，与其对电影市场的深刻认知息息相关。答谢宴上，陆成国谈起了投资《红花绿叶》的原因，陆成国说：“公司发展的第一步是要提升资质，在资本花销方面看的比较久远，短期盈利并非是我们考虑的重点。我们用《红花绿叶》以小博大，通过一部优秀的电影，引发业内对我们公司的关注，看到我们制作精品剧的决心与能力，这是更重要的。当公司的盈利达到一定的阶段，我们也会考虑更多的商业行为。”现场， 《红花绿叶》总制片人高尔棣感谢了所有支持《红花绿叶》的观众们，感谢各位媒体朋友的支持。他指出：“作为一家成立3年的公司，中北通达能够在如此短的时间里，获得业内的众多认可，取得如此的成就，与公司全体员工的努力息息相关，公司的领导对优秀作品的选择有着统一的认知，在做决策时十分果断团结。”谈及公司的发展，高尔棣补充到：“《红花绿叶》以300万的制作成本，获得了业内众多专业人士的认可。影片也在国内院线上映的基础上，打开了国际宣发的新渠道。通过《红花绿叶》等优秀影视项目的制作出品，中北通达在提升公司的资质、获得业内认可等战略发展方面，迈出了坚实的步伐。今天，中北通达特意举办此宴会，答谢大家的支持。”影片策划程青松指出：“《红花绿叶》从报名金鸡奖的五百多部电影中脱颖而出，获得了最佳中小成本故事片奖，足以可见影片质量之优秀。《红花绿叶》的投资方顶着可能会在市场上失利的风险，投资拍摄这部电影，魄力可见一斑，感谢中北通达的领导。”答谢会的最后，夏钢导演上台代表刘苗苗的同学朋友讲话。夏钢导演表达了对刘苗苗的祝贺与祝福，并表示将一如既往的支持刘苗苗导演，也十分期待刘苗苗导演今后的作品。中北通达是一家集影视剧出品制作、电影发行、演艺经纪等全产业链布局的优秀影视传媒公司。公司核心班底由艺术家、制片人等业内资深人士组成。公司在推出原创作品、强化制作质量、优化市场布局等方面有着先进的理念与强有力的执行力。公司成立三年来，与央视合作了多部精品影视剧，出品作品也获得了包括金鸡奖、平遥国际电影展等众多海内外专业奖项的认可。公司成立以来，秉承着团结、创新、务实、共赢的精神，以责任、诚信、质量、效益为宗旨，尊重市场规律、不断提升艺术水准、努力深化行为细节，在不断的探寻中打造了一部又一部精品的影视剧。答谢会结束后，出品人陆成国、总制片人高尔棣、导演刘苗苗、联合导演胡维捷接受了媒体群访，就《红花绿叶》制作、宣发等环节与现场媒体分享了自己的感受。我们相信，这样一部优秀的国产片，必将能在中国影史上，留下自己独有的光影成就。(责编：Koyo)
营销新思路？雷佳音汤唯进直播间卖《吹哨人》票,电影宣传是指用营销思维来为电影定位，通过一系列的宣传手段运作，放大电影的优势特点，将其推广到大众之中，提高知名度，为电影创收。近几年电影行业经历高速发展阶段，中国电影宣传逐渐正规化产业化。正如世上没有完全相同的叶子，同样没有两部宣传方式完全相同的电影。新的电影宣传手段层出不穷，主要分为：传统媒介、线下活动、社会化营销、整合营销等。网络直播+电影宣传  “组合拳”招式引领新风潮近几年各大直播平台异常火爆，明星、网络红人都会进行直播，吸引了大量粉丝的观看。一些网络红人的直播，有时可以同时吸引数百万人观看。在移动互联网时代，大流量毫无疑问意味着巨大的商业价值，除了大家所熟知的“电商直播带货”以外，通过直播进行电影宣传正开始成为电影宣传的新模式，逐渐发挥出新的能量。直播网红+电影明星  “二重奏”方式迸发新能量不久之前，雷佳音和汤唯走进了网络红人“多余和毛毛姐”的直播间，为他们的新电影《吹哨人》造势，并在直播中与艺人张欣尧、李昃佑进行连麦互动。无独有偶，之前大鹏和柳岩主演的电影《受益人》，就曾通过直播的形式一次性卖出116666张票，当时大鹏就曾说，这是电影行业的一个重要时刻，因为之前从来没有人在直播中卖过电影票，他们不仅开启了电影票售卖的新模式，成绩也非常不错。直播平台+花式宣传  “多元化”模式汇聚新动力相对于传统的电影宣传模式，通过直播宣传电影有着独特的优势。第一，知名网络红人的粉丝众多，明星与网络红人共同直播，可以低成本一次性地和数十万甚至几百万的观众、粉丝进行在线互动；二，直播的氛围轻松、亲切，粉丝们可以畅快表达自己的情感，明星也可以更好的了解粉丝们的需求，进一步拉近粉丝和明星的距离；三，明星和网络红人的互动当然是围绕着电影主题的，这更容易激发出粉丝对于电影的关注度和好奇心；四，直播当中明星的一举一动都会比电视节目要显得更加随性自然，无形当中为明星的亲和力加了分，圈了粉。这些都是传统的电影宣传模式不可能做到的。“酒香不怕巷子深”的时代早已过去，一部新电影要想获得观众的认可，除了要在电影本身下功夫，宣传一直是十分重要的环节。而在移动互联网时代，有时网络红人对粉丝的号召力可能比一些传统艺人更强大。明星与网络红人的互动，有望开启一个全新的网络营销造势新模式。
叶璇亮相巫山神女杯艺术电影周闭幕式，优雅黑裙尽显独特魅力,近日，由中国电影制片人协会与重庆市文化广电局，巫山县委、县政府联合举办的第四届巫山神女杯艺术电影周闭幕晚会在巫山体育馆举行，李幼斌、吴京、张译、林永健等百位电影人齐聚一堂，著名演员叶璇受邀担任颁奖嘉宾，以一袭黑色蕾丝长裙优雅现身红毯，深V长裙点缀钻石熠熠发光，干净利落的丸子头秀出白皙颈部，姣好的身材曲线赏心悦目，整套造型闪耀迷人设计感十足，一颦一笑都透着东方女性的美，切身感受中国艺术电影的魅力。巫山神女杯艺术电影周是经国家新闻出版广电总局电影局批准，国内唯一一个以艺术类电影为主题的电影周活动。据了解，本届电影周于11月22日至28日举办，为期一周的活动中，包含了“巫山神女杯”评选、艺术电影影评大赛、开幕式、电影展映等项目，将遴选出30部入围影片，最终评选出“巫山神女杯”各获奖项目，包含了最佳文艺影片、最佳制片人、最佳导演、优秀男女主角、最佳编剧等奖项。当晚叶璇作为颁奖嘉宾，在颁奖仪式上同演员吴海燕一起给林永健颁发“优秀男主角”奖项，共同见证了同行人在艺术电影事业中所取得的辉煌荣誉，继续为所喜爱的艺术电影加油助威。入行多年，叶璇塑造过很多深入人心的角色，在电视剧《云海玉弓缘》里倔强深情的妖女厉胜男、《天下第一》里风度翩翩的上官海棠、《再生缘》里灵气逼人的古代才女孟丽君、《封神榜》中楚楚动人的杨莲花，大银幕作品《情义知我心》的阿绿、《窃听风云3》中的陆永瑜等等。叶璇更是凭借电影《意外》入围第66届威尼斯国际电影节主竞赛单元，并获得第29届香港电影金像奖“最佳女配角”奖项，主演的电影《复仇》入围第62届戛纳电影节主竞赛单元。叶璇不断的游走在不同的角色当中，不论古装剧、现代剧还是抗日剧都有着云泥之别，但都表现出了极高的表演水准。据悉，由叶璇搭档于震主演的大型公安、悬疑题材电视剧《以父之名》预计明年播出，该剧主要讲述了以郝欢喜（叶璇 饰）为首的姐妹团误打误撞进入黑帮贩毒场所，成功打击违法犯罪的故事。期待叶璇在新作品中带来观众更多惊喜和突破。特别声明：以上文章内容仅代表作者本人观点，不代表新浪网观点或立场。如有关于作品内容、版权或其它问题请于作品发表后的30日内与新浪网联系。
《他其实没有那么爱你》杀青 王耀庆职场精英再度出击,王耀庆友情出演，职场精英情场失意王耀庆本次友情出演《他其实没有那么爱你》，曾在《失恋33天》、《小爸爸》、《好先生》等剧中塑造了多个经典精英角色的他，在新剧中饰演的陆浩仍是一位霸道总裁。陆浩从毛头小子开始就历经商场残酷的拼杀，最终成为原DMA公司合伙人、“浩舟资本”创始人。不愧是被网友称为“就算王耀庆演乞丐我也觉得他能翻身”的娱乐圈“精英男士专业户”。然而职场情场两难全，陆浩虽事业有成，但婚姻却名存实亡，这位霸道总裁最终能否在感情上逆袭成功，也是网友关注的一大看点。合作优质班底，王耀庆好剧连台除了宋茜、郑恺、杨祐宁、王耀庆、韩秋生这样的优质演出阵容备受观众瞩目外，《他其实没有那么爱你》的主创团队也不容小觑。该剧由《我的前半生》原班创作班底进行制作。李莅樱担任总制片人，卢美珍担任制片人，秦雯、许思窈执笔编剧。优秀的主创们让观众对《他其实没有那么爱你》备受期待，也让大家再次聚焦贴合社会现状的都市情感题材电视剧。据悉，近年活跃在荧幕上的王耀庆存货颇丰，除了《他其实没有那么爱你》还有都市轻喜剧《好好说话》、都市情感剧《下一站是幸福》和都市职场剧《怪你过分美丽》三部剧也预计会尽快与观众见面，题材丰富，好戏连台，敬请期待！特别声明：以上文章内容仅代表作者本人观点，不代表新浪网观点或立场。如有关于作品内容、版权或其它问题请于作品发表后的30日内与新浪网联系。
《惊涛迷局》定档12月20日安妮海瑟薇携手马修麦康纳投身致命游戏,由英国金牌编剧斯蒂文·奈特执导，奥斯卡影帝马修·麦康纳与奥斯卡最佳女配安妮·海瑟薇主演的悬疑科幻犯罪影片《惊涛迷局》（Serenity）今日宣布将于12月20日正式登陆全国各大院线。同时，电影也一齐曝光了定档海报与预告，强剧情与极致的悬疑质感引起了不少青睐类型片观众对影片的期待。此外，安妮·海瑟薇与马修·麦康纳继电影《星际穿越》后时隔5年的再度合作更是激起了大批粉丝及影迷们的关注。安妮·海瑟薇“金发甜心”变身“致命女人”？ 与马修·麦康纳“神秘关系”惹人猜想定档海报中，一只名为“serenity”（宁静）的纸船被尖锐锋利的鱼钩刺破，鱼钩上触目惊心的斑斑血迹令影迷们嗅到了阴谋与犯罪的气息，画面中间这艘令人瞩目的小小纸船更是成为整个故事的关键线索，甚至令人怀疑是否一切只是被人“捏造”的假象？同时，似乎也暗示着这艘“宁静号”所营造的“岁月静好”即将被戳穿与撕破。海报背景灰白一片，像是一团挥之不去的迷雾将安妮·海瑟薇与马修·麦康纳隐藏其中，带血的鱼钩刚好停在两人中间，微妙的位置像是在暗示着影片中这段神秘的“危险关系” 。而影片的定档预告则更是将这种悬疑感翻倍升级，无限放大。“我要你开船带他出海，把他丢进海里喂鲨鱼。” 预告片中，安妮·海瑟薇一头靓丽惹眼的金发，似乎在央求马修·麦康纳成为她的“犯罪帮凶”。而这一句话，也打破了看似宁静平和的海岛氛围：只显示小岛的世界地图、不断收线的鱼竿、试图“施暴”的男人、窥视一切的神秘女人……伴随着预告片背景音中越来越急促的收鱼线的声音，似乎距离危险也越来越近，只等待最后一刻的“愿者上钩”。《星际穿越》后二度携手大银幕 安妮·海瑟薇马修·麦康纳：“2019最令人难忘观影”影片讲述了马修·麦康纳饰演的“硬汉船长”与安妮·海瑟薇饰演的“蛇蝎美人”之间的一个关于真相与救赎的充满悬疑、科幻、犯罪元素的故事。此次是安妮·海瑟薇与马修·麦康纳两人继2014年电影《星际穿越》后时隔5年迎来的第二次大银幕合作，同时也是两位好莱坞实力派演员第一次携手挑战的悬疑犯罪影片。从浩瀚宇宙到神秘海岛，这对“不走寻常路”的CP，将为影迷们倾情奉献这部今冬最强悬疑犯罪电影。此外，影片在北美媒体口碑方面也有着不错的表现：《泰晤士报》称赞影片“反转具有独到之处，同时运用的表现手法也是精妙至极的！” ；《洛杉矶时报》评论道“想跟随角色们去登上这艘名为‘宁静号’的船，成为海岛上的其中一员去体验影片中疯狂而颠倒的世界。” ；《大西洋月刊》表示 “这绝对是2019年最令人难忘的观影体验！” 《芝加哥太阳时报》则表示： “它是近些年来最有野心、最有挑战性的、并最具观赏性的悬疑片之一。”电影《惊涛迷局》（Serenity）由Aviron Pictures公司出品，中国电影集团公司进口，华夏电影发行有限责任公司发行，上海电影（集团）公司上海电影译制厂译制，上海尚世影业有限公司协助推广。影片已定档于2019年12月20日在全国上映。特别声明：以上文章内容仅代表作者本人观点，不代表新浪网观点或立场。如有关于作品内容、版权或其它问题请于作品发表后的30日内与新浪网联系。
《演员请就位》争议不断 “垫底辣妹”演员薇薇自责道歉,上周五晚，国内首档导演选角真人秀《演员请就位》第八期节目开播，随着赛制进入第三阶段，十八位演员之间的“上位”之争越演越烈。同时话题热度讨论度也是持续走高，多次霸占热搜榜。一直以来凭借黑马硬实力表现不俗的青年演员薇薇，在本期节目中却因说错台词，表演遭受批评，不仅现场鞠躬多次道歉“对不起”，更在微博发文反思自己的不足，坦言此次虽然成为“垫底辣妹”晋级，但仍然非常愧疚，引起网友对演员演技的讨论热潮。演员薇薇失误说错台词 自责鞠躬道歉“对不起”《演员请就位》迎来第八期节目，进入比赛第三阶段：导演联盟对战环节。抽签之后，陈凯歌导演和李少红导演结为同一战队，组成“光明最红”联盟。率先登场表演的便是陈凯歌导演执导的作品《我想有个家》片段，进行表演的演员，由李少红导演组的薇薇和杨迪，陈凯歌导演组内的炎亚纶和牛骏峰组成。《我想有个家》以年轻情侣买房为故事起点，讲述的是发生在一家房产中介的故事，展现“家”的重要意义及人与人之间的真情实感。演员薇薇饰演的是一个，为爱情、为男友操碎了心的“大女人”女朋友角色-顾依楠，与其演对手戏的男朋友角色，则是一心只有音乐，追求梦想的“软饭男”-梁宽（炎亚纶饰）。演员薇薇和炎亚纶两人在剧情中是一对因被父母反对想要买房结婚的年轻情侣，一个想要结婚一个只要梦想，爱情与面包之间的抉择，现实与梦想之间的挣扎，深层次的含义需要在演员的神情、动作、语气中一一传达给观众。而在四位演员正式登台表演时，演员薇薇在表演环节中，却将买房金额100万说成了10万，出现了台词失误。表演结束后，薇薇立马拿起话筒频频对小组成员鞠躬道歉：”对不起，是我影响大家。“对于表演过程出现台词错误的事情，演员薇薇不仅在台上一直说对不起道歉，事后更是再次诚恳发微博：初出茅庐的我，有太多不足，虽然以”垫底辣妹”晋级，但是仍然非常愧疚，我会更加努力，继续迎战。进行自我反省和接受教训。虽然此次薇薇在节目中出现了台词失误，但整体表演水平依然可圈可点，获得网友肯定和力挺：薇薇演的都到位，霸气的气场，看的我都想要这样的女朋友。褒贬不一获得两极化评价 演员薇薇真诚接受批评其实节目中，《我想有个家》的表演，获得了导演两极化的评价，郭敬明导演评价：剧情不够合理化，演员没有个性特征，这是一场有遗憾的表演。而陈凯歌导演却给予了演员们肯定：我认为你们表现的都很棒。并在拉票环节坦言演员行业的残酷：演员是一个近乎残酷的职业，常常会听到批评的声音。导演之间专业且严厉的评价，让节目现场弥漫着紧张气氛。表演结束后，《我想有个家》最终以6票之差赢得了小组胜利，而演员薇薇，最终也以182票的个人票，获得第三轮比赛中第十二名的名次，成功晋级下一轮比赛，得到导演与观众的认可。虽然演员薇薇因为一次小的台词失误，被大家批评，但正如《演员请就位》节目所想要传递的初衷一般：一起探求，表演的真谛。让专业就位。让角色就位。无论是一份肯定还是一份批评，留给演员薇薇及其他演员们的都是更多成长的空间。此阶段，仅仅只有两年戏龄的青年演员薇薇，需要的正是能够不断鞭策她进步的批评，当出现失误时，及时反思，认清错误，才是一个演员该有的品格，是成为好演员的素养。在《演员请就位》节目中，因为曾进入过待定席位，演员薇薇也表示迫切地想要证明自己的实力，从刚开始的待定不被看到，再到如今一次次的突破被认可，每一次的惊喜中，已经不难看到薇薇的变化，在向更专业的演员前进的路上，薇薇正在做着脚踏实地的努力。如今，薇薇成功进入十二强，接下来她又会带来怎样精彩的表演，让我们拭目以待。特别声明：以上文章内容仅代表作者本人观点，不代表新浪网观点或立场。如有关于作品内容、版权或其它问题请于作品发表后的30日内与新浪网联系。
"推动""粉丝经济""行稳致远 粉丝该如何贡献正向价值",理性对待粉丝热情、引导粉丝合理消费，同时将明星效应转化为提升商业品牌知名度和美誉度的契机，才能更好体现“粉丝经济”背后的流量价值。作为文化娱乐产业和数字经济的重要组成部分，“粉丝经济”同样要遵守市场经济对于诚信、法治的要求。“粉丝经济”的出现，也是一道治理课题“双11”才过不久，“双12”又将到来，很多电商平台和品牌把重点放在吸引粉丝“流量”上。从明星发布预售链接，到推出明星定制礼盒、联名款产品，再到购物赠送签名海报、线下见面机会等，“粉丝经济”比往年更为抢眼，引发人们关注和思考。以购买明星的专辑、代言的产品，为明星提升流量等为特征的“粉丝经济”，正在成为近年来经济生活中的新亮点。以今年“双11”前的电商营销为例，某化妆品牌请明星代言1小时，销售额就突破4000万元；某日常用品请明星代言预售3万件产品，3分钟即告售罄；某明星代言的一款电动牙刷，3天预售额近2000万元……明星“带货”能力的背后，是粉丝们的强大消费能力。粉丝们从情感出发进行消费，通过商品购买、社群聚集、交流互动等环节，满足了自身的需求。互联网和社交媒体的升级迭代、文化娱乐产业的蓬勃发展，成为“粉丝经济”兴起的深厚土壤。对商家来说，粉丝们带来的“流量”，往往与“销量”直接挂钩。在利益的驱使下，行业内滋生了“流量至上”甚至“流量造假”等现象，亟待规范和引导。而粉丝群体中存在的“刷单”“刷票房”“刷好评”等不良行为，也为自身带来负面评价。理性对待粉丝热情、引导粉丝合理消费，同时将明星效应转化为提升商业品牌知名度和美誉度的契机，才能更好体现“粉丝经济”背后的流量价值。作为文化娱乐产业和数字经济的重要组成部分，“粉丝经济”同样要遵守市场经济对于诚信、法治的要求。有数据显示，36%的粉丝表示愿意为偶像每个月花100—500元，相关领域市场规模高达900亿元。面对这一庞大的市场规模，如果任由“流量至上”等非理性因素野蛮生长，不仅将破坏这一正在成长中的新生事物，也将侵蚀社会诚信体系。正因如此，近期国家相关部门要求电商第三方平台须切实履行监管职责，并将对涉嫌违反广告法、消费者权益保护法等违法行为进行查处。依法依规、诚实守信形成健康的商业模式，将更好推动“粉丝经济”行稳致远。“粉丝经济”的出现，也是一道治理课题。随着相关产业规模的不断扩大，“粉丝经济”涉及的领域和内容愈发多元，新对象、新领域、新场景不断涌现。比如，如何杜绝恶意注册账号“刷单”，怎样避免未成年人非理性消费，如何认定在线“打赏”的法律效力，等等。回答这些新考题，需要相关各方携手努力。管理部门要加强事前监管的能力和水平，提高全过程监管意识；优质流量明星应当更加自律、更有担当、更具表率；平台方面要进一步增强责任感，杜绝管理漏洞，等等。各方协力完善相关法规制度，善用大数据、人工智能、云计算、区块链等技术手段，才能为“粉丝经济”营造良好的外部环境。当前，随着粉丝素养不断提升，技术支撑日渐完善，“粉丝经济”正在步入发展快轨，有望保持高速增长的活力。呵护好、规范好这一新生事物，让“粉丝经济”带动消费升级、行业变革和市场发育，就能更好满足人们对美好生活的向往与期待，为经济发展注入充足动力。（记者：何希）(责编：漠er凡)
