双色球第19140期开奖快讯：02 04 09 11 14 22+05,北京时间2019年12月05日，福彩双色球第19140期开奖，本期双色球是12亿派奖活动的第12期开奖。一等奖特别奖每期将有3000万元的派奖金额，一等奖普惠奖每期将有500万元的派奖金额，六等奖将有翻番机会！需要注意的是，本次双色球派奖活动的参与门槛明显降低，彩民不管采用哪种购彩方式进行投注，都有机会参与派奖活动，冲击更高奖金，获得更多实惠。[如何参与双色球派奖][中奖易专家预测双色球累计已揽1.3亿！看周日最新推荐][下载APP]以下是详细开奖流程：21：15 双色球摇奖开始21：18 奖号全部产生，本期奖号：02 04 09 11 14 22；蓝球05。21：30  当期红球号码大小比为1：5，小码强势！三区比为4：2：0，红三区断档！奇偶比为2：4。红球开出两组同尾号02-22和04-14。蓝球开出遗漏24期的05，已经连续3期开出奇数。新浪彩票稍后为您带来各地详细的中奖情况。当晚其他玩法开奖号码为：福彩3D第19325期最新开奖号码：7 9 8（查看详情）排列三第19325期最新开奖号码：7 4 4（查看详情）排列五第19325期最新开奖号码：7 4 4 2 9（查看详情）
小姨妈05日竞彩推荐：格雷米奥主场难胜,巴甲联赛：格雷米奥vs克鲁塞罗推荐：让球负时间：2019-12-06 周五 06：15格雷米奥上轮3-0大胜圣保罗拿到关键三分，目前排名积分榜第五名，领先圣保罗2分，由于今天圣保罗力克巴西国际，所以分差减少到2分，不过本场只需要一场平局格雷米奥就能锁定第五，而由于巴拉纳竞技已经拿到了巴西杯冠军，有一个参赛席位。因此格雷米奥如果拿到第五名也能够锁定一个解放者杯正赛名额，即最后这两轮随便拿到一分即可，理论战意并不足。人员方面中后卫马塞洛-奥利维拉和右后卫莱奥-戈麦斯伤停，其他位置人员齐整，新星中场马修斯-恩里克解禁复出。克鲁塞罗本赛季一如既往的放弃联赛打杯赛，结果巴西杯四强折戟，解放者杯被河床点球淘汰，联赛中受困于进攻乏力一直不见起色，发挥不稳定。赢下博塔弗戈之后立马七场不胜，近期又是三连败，其中主场被奥瓦逼平，主场输给阿拉戈体育，都是严重丢分的比赛，落到这般地步也是有自己的原因。本场比赛球队必须争取赢球，至少拿一分，如果输球的话，下一轮塞阿拉只需要平局就能够上岸，克鲁塞罗基本上一只脚踏进巴乙。但无论如何，连续赢下格雷米奥和帕尔梅拉斯，对于克鲁塞罗而言都是很艰巨的任务，好在下一轮自己是主场作战。本轮科林蒂安已经1-0客胜塞阿拉帮了自己一把，克鲁塞罗能否把握命运全看自己。人员方面边锋马修斯-加布里埃尔停赛，其他球员均可上阵。本场来看让球开出半一盘位，初始水位都在中高水到高水位置不等，后期降到低水位置，当前又有回升，格雷米奥的还需要一点积分巩固自己的解放者杯正赛资格，加上又是赛季最后一个主场，理论上有一定的战意，但战意更足的是客队。往绩交手看格雷米奥最近四次主场对阵克鲁塞罗只赢了一次，优势其实不大，不过赛季首回合格雷米奥4-1大胜，结合一个半一低水盘势必会让玩家对状态不佳的客队产生怀疑。但目前看形势对克鲁塞罗还是有利，格雷米奥只需要一分就锁定解放者杯资格，让球给到主胜强信心的操作不甚合理，有保护客队的可能，本场建议主队不胜，竞彩让球负，克鲁塞罗至少拿一分。
小姨妈05日竞彩篮球推荐：76人奇才追逐大分,76人VS奇才推荐：234.5大分近来奇才的状态再次下滑，连续六战仅仅打出1胜5负，进攻端场均118.9，进攻效率联盟第四位，防守场均丢122.9，防守效率联盟倒数第一位。总分方面奇才12大6小，大分率66.7%排在第二位。近来76人的状态重新回暖，打出了8胜1负的佳绩。进攻端场均得到108.6分，进攻效率联盟第十七位，防守端场均丢出103.7分，防守效率联盟第三位。总分方面76人6大13小，大分率31.6%排在并列倒数第二位。总分给出234.5分的程度，显然也是更偏向于奇才一些的，否则以76人的大分率根本不可能打穿，而且76人在客场的防守也是比较烂的，或者说在客场他们的防守意愿不如主场高，因此他们的客场得分和主场相差无几，但场均丢分就要比主场多多了，这也是76人客场大分较多的原因。奇才这边在主场的战力也比较强悍，并且在主场奇才打的更快更有攻击性，这使得他们的场均主场得失分都要比客场多。76人从进攻端的天赋来说不比奇才差，这赛季得分低主要还是节奏太慢和三分太少，如果奇才把节奏带起来，以76人的天赋加上奇才倒数第一的防守水平，要飚高分也不会太困难。
胜负彩19169期欧洲四大博彩公司最新赔率(17:00),
中国足球彩票胜负彩19169期澳盘最新赔率(17:00),
红单俱乐部05日竞彩推荐：格雷米奥主场继续称雄,竞彩003：巴甲 格雷米奥 VS 克鲁塞罗比赛时间：12月06日06：15格雷米奥是巴甲的强队之一，上赛季排名联赛第4，顺利打进了自由杯正赛，而本赛季身价1.17亿，暂时以18胜8平10负积62分排名联赛第4，距离第5名有2分优势，在巴甲联赛还剩下2轮的情况下，依然具备足够的抢分战意，其中他们主场成绩11胜3平4负积36分排名第6，主场发挥尚可。自从解放者杯赛半决赛被弗拉门戈淘汰出局后，格雷米奥状态上就持续高走，至今九轮联赛赢足七场，并且场均还有着两球的进攻火力，上轮他们在主场凭借着尼维斯的梅开二度和对手的一个乌龙球，3球大胜竞争对手圣保罗，士气得到极大提高，同时他们近10场取得7胜3负的成绩，分胜负能力极强，赢盘率达到60%，包括主场击败巴西国际和圣保罗，客场击败卫冕冠军等惊艳表现，加上格雷米奥阵容强大，本晚只要正常发挥，赢下对手不是难事。克鲁塞罗在巴甲算不上强队，但实力也不差，上赛季拿到联赛第8，无缘自由杯，本赛季身价4030万有大幅度下滑，暂时以7胜15平14负积36分排名联赛第17，成绩下降得也很厉害，其中客场成绩2胜7平9负积13分排名第17，要注意的是，他们目前排名倒数第四，落后安全区2分，因为巴甲最后4名是会降级的，竞争十分激烈，在还剩下两轮的情况下同样具备保级战意，球队经过连续一个半月的平稳表现后，近期状态上再度下滑，遭遇三连败的同时仅有一球进帐。上轮球队客场1球不敌瓦斯科达伽马，但是球队接下来的两个对手，格雷米奥和帕尔梅拉斯都是前四球队，实力差距明显，前景不容乐观。此前在主场0比1输给阿拉戈亚诺体育队之后，球队再次换帅，短短一周时间还不足以让新帅与球队磨合，可见自身问题确实很多，近10场取得2胜5平3负，打进7球丢了9球，防守水平尚可，但是进攻能力不足导致赢盘率只有30%，综合来看本晚不宜高估。双方过去十次交手格雷米奥取得4胜3平3负，并没有优势可言，不过就本赛季的表现来看格雷米奥各方面都要力压克鲁塞罗，双方赛季首回合较量中球队曾4：1完胜对手，还是在客场的情况下，让球方面以主让0.5/1起步，虽然搭配超高位，不过让步力度较以往得到明显提升，相信也是看好主队的战意多一点，后市水位变化并不大，欧指方面对于主胜赔率有轻微下调，事实上两队都具备很强的战意，但是对于客队最为不利的是，他们过去6场比赛居然只打进了1球，如此进攻对于格雷米奥来说几乎没有威胁，要知道格雷米奥最近可是场均打进至少2球的，同时，主队格雷米奥的赢盘率也是客队的一倍，在全方位占优的情况下，本晚自然可以看好主队取胜了。机构：格雷米奥 - 0.75竞彩：主胜比分：2：0 3：1温馨提示：因距离比赛时间尚早，大家关注临场变化，若有疑问可以随时关注竞彩红单俱乐部公众号并联系客服进行交流！获取更多的赛事推荐及临场胆码的两种方式：1。微信搜索“竞彩红单俱乐部”或“HDJLB888”；2。微信扫描下方二维码直接获取；
任耀宇篮彩9连红再创纪录！3日盈利534%领跑双榜,周四NBA全线战罢，球通专家任耀宇延续着自己的好状态，单日2中2目前已拿下9连红领跑连红榜！名记张海彦5连红紧随其后。而在近3日盈利榜上，任耀宇同样以534%的超高盈利雄踞榜首，惊奇NBA以349%位居次席。专家任耀宇继续刷新着自己的连红记录，他命中凯尔特人+开拓者赢球赢盘，将连红场次拉升至9场。这样出色的战绩同样反馈于3日盈利榜单，534%的净收益让他领先一众大咖。目前他今日推荐全部已出，向10连红进发！[任耀宇篮彩7连红！]名记张海彦近期表现同样出色，他精选的开拓者赢盘顺利打出，目前5连红居连红榜第二位，期待她的更好表现。[名记张海彦5连红！]惊奇NBA昨日拿下5中4的成绩遗憾错失全红，近15中12的成绩命中率达到8成，这也让他在3日盈利榜高居前列，349%的净盈利仅次于9连红专家任耀宇！[惊奇NBA近3日净赚349%]下个比赛日，NBA仅4场较量！指数显示，猛龙让分预测近5中5；赛果预测方面，76人、奇才、尼克斯、鹈鹕近期命中率皆为100%；大小分方面，鹈鹕队预测近5中4。[小炮NBA全程智能预测]最全篮彩赛事预测，请关注AI小炮和球通专家，精彩表现不间断！！[马上点击查看]（http://lottery.sina.com.cn/qiutong/）新浪球通平台移动端更方便，彩民朋友扫描下方的二维码下载“小炮APP”，球通专家零距离，精选方案随时看！
小刀汇竞彩足球推荐：急需反弹 阿森纳强取三分,竞彩周四002英超：阿森纳VS布莱顿阿森纳上轮进行换帅工作，永贝里从U23教练位置火速救援，不过在上轮首秀中，兵工厂并未能拿下对手，球队各项赛事遭遇8场不胜，状态十分低迷，排名也是下滑至中游位置；反观来访的布莱顿，球队虽说休赛期进行一定的人员补充，但是整体并未起到很大的作用，上轮客场不敌利物浦，球队遭遇三连败，状态也是十分低迷，当前处于积分榜中下游位置，球队也将面临较大的保级压力。数据分析：本场亚指初始数据以主让一球低水起步，目前大都维持高水位置，数据走势利好客队，不过参照双方本赛季定位来讲，本场数据初始即处于浅开状态，后期利用兵工厂糟糕的状态+换帅风波，如此弱化主队优势，后期上盘高水反而起到很好的保护作用，看好阿森纳主场强取三分。推荐：胜更多竞彩资讯与推荐请登陆“小刀汇”App查看。（小刀汇）
周五足彩伤停：马竞科斯塔伤缺 国米中场失2主力,伤停点评：本期足彩由德甲、德乙、意甲、西甲、法甲、荷甲、荷乙赛事组成。西甲赛场，马竞前锋科斯塔伤缺，后卫线上的吉梅内斯、萨维奇同样无法出战。意甲赛场，罗马前锋克鲁伊维特缺阵；国米中场加利亚尔迪尼、巴雷拉因伤无缘。主队客队
五星冷刀05日竞彩推荐：谢菲联主场奏凯,昨日复盘：刀哥昨日推荐曼联让球+大球双赢，看好平局后市变数有点复杂，贴水反复调整到中水，最难走盘的位置，这一点预估方向有偏差，今天还有两场英超加赛，继续跟上，新浪网发布1场，公众号发布另外1场：阿森纳vs布莱顿，还没关注公众号的兄弟抓紧时间，临场还有更多其他场次推荐，扫码关注下面五星冷刀公众号。周四001 英超 谢菲联vs纽卡斯尔比赛时间：2019-12-6 3：30：00作为升班马谢菲联表现不俗，虽然赢球能力一般，但目前积分中游，而且仅仅输掉3场比赛，平局7场占了一半，攻击力一般，但防守相当稳定，至今只球13球，丢球数量排名联赛第二，甚至比榜首的利物浦还少1个失球，升班马选择立足防守的战术打法，是最实用的，保级形势没有问题，士气也正旺盛。纽卡斯尔曾经胜曼联和热刺，上轮主场逼平曼城，面对强队有很强的爆冷能力，但也很多阴沟翻船，稳定性一直欠缺，尤其客场防守松散，7轮丢16球，这对于中下游球队很致命，惨败不止失分，而且影响士气和下次的排兵布阵。两队基本同一个档次，都是保级球队，谢菲联虽然遭遇3连平，主要因为对手太强，分别是热刺、曼联、狼队，能全部拿到1分实属不易，在盘路上实则全部赢盘，状态很好，至今连赢9个盘，打法和阵容都较之纽卡斯尔更完整更稳定，具备基本的主场优势。1.07 半球 0.811.07 半球/一球 0.83初盘平均值 1.96 3.26 4.08即时平均值 1.83 3.47 4.661.07 2/2.5 0.790.97 2/2.5 0.91主让半球盘，作为升班马很强势的初盘，继续小幅降水，即不至于走势过热，又体现出来足够大的优势，正路盘就是坚持看好，初盘1.93主胜搭配93半球，结合度就略强，虽然理论上主胜和半球上盘是一回事，但因为返水体系不同，让球盘贴水实际会略高于主胜，持平即为偏强。目前澳门1.78主胜还是80低水，都还不至于有升盘压力，是一个低水的稳定区间，平局偏高尤其对于谢菲联有利，首先谢菲联平局确实太多，过高的平局缩小了下盘打出的空间，而且基于2.25大高水，比较小的盘，还可以开高平局，可信度更高，排除平局是很明显的，即保证了上盘优势，又降低了赔付贴水，相对理想的结构。大球2.25大偏高水，考虑到谢菲联进球丢球都很少的特点，是个正路弱势盘面，而且是从初盘1.06高水降水而来，虽然走势降水，但并不足够拉到低水2.25大，大球依然高出0.10水，大行情目前也依然维持在高水区间，很难有大的突破，降而不低的贴水最难打出，还是看好小球。谢菲联最擅长的就是小比分取胜，盘面结构和走势基本上支持，比分看好2-0。竞彩推荐：主胜指数推荐：谢菲联-0.50大小推荐：小球2.25温馨提示：因距离比赛开始尚早，关注临场变化，请扫码关注五星冷刀公众号并联系刀哥进行交流！
