华为畅享10S发布：屏幕指纹 定价1799元起,新酷产品第一时间免费试玩，还有众多优质达人分享独到生活经验，快来新浪众测，体验各领域最前沿、最有趣、最好玩的产品吧~！下载客户端还能获得专享福利哦！新浪数码讯 12月5日晚间消息，今天下午，华为畅享系列新品——华为畅享10S在武汉正式发布。它在华为品牌1000-2000元产品线中首次搭载了屏幕指纹解锁技术与OLED屏幕。同时，“4800万超广角AI三摄”、“大电池大内存”等硬件特性也依旧保存。针对年轻人在手机娱乐时非常注重的屏幕体验，华为畅享10S采用了6.3英寸OLED炫彩全面屏，让屏幕有了更鲜艳的色彩表现。这也是华为品牌首款配备OLED炫彩全面屏的千元机。得益于领先的屏幕与边框设计，其屏占比超过了90%，在2400*1080（FHD+）分辨率下，能够带来画面清晰细腻，且视野宽广的沉浸式娱乐体验。华为畅享10S通过了护眼模式与德国TüV莱茵低蓝光护眼认证，让屏幕可以过滤蓝光，并可智能调节色温亮度，保护用户眼睛。华为畅享10S不仅是华为品牌首款采用OLED炫彩全面屏的千元机，也是华为品牌首款加持屏幕指纹解锁的“千元机”，通屏幕指纹技术的加持，解锁面积比上一代提升近6%，解锁能力相应提升。此次华为畅享10S引入了4800万超广角AI三摄方案，为年轻用户提供更简单、成像质量更好的手机拍照体验。这套三摄系统由：4800万像素主摄像头、800万像素超广角摄像头、200万像素景深摄像头组成，其中主摄采用6P镜头，拥有更强的解析度与对比度。800万像素120度超广角镜头能够提供超宽取景范围，还支持超广角视频拍摄，在短视频大行其道的今天，带给年轻人更多新鲜拍摄玩法，让视频作品更有特点。华为畅享10S还具备AIS超级夜景模式。在拍摄夜间照片时，通过AI算法进行多帧降噪，稳定画面。最长支持6S手持拍照，提高夜景照片动态范围，在暗光环境下也能调高画面亮度，带来超感光拍摄效果。在自拍方面，华为畅享10S前置1600万像素镜头，并且在华为品牌中首次为前置摄像头配备超级夜景模式。同时，全新升级的AI智能逆光影像技术，无论顺光、侧光还是逆光自拍，都能保留更多细节、尽可能还原真实色彩，让人与景同样清晰动人。硬件方面，华为畅享10S耗八核处理器配合最高8GB运行内存，从硬件层面带给用户畅快的大型手游体验。同时，4000毫安大容量电池的配备，则带来不错的续航能力。华为畅享10S此次带来了幻夜黑、天空之境、翡冷翠三种配色， 6GB+128GB售价1799元、8GB+128G售价1999元，并将于今天18：08在线上华为商城及各大电商平台，线下华为授权体验店、华为授权经销商全面开售。
欧盟达成强硬立场：不解决风险不允许数字货币进入,新浪科技讯 北京时间12月5日晚间消息，据国外媒体报道，欧盟各国财长今日达成一致，在明确解决可能带来的风险之前，不应允许像Facebook“天秤币”（Libra）这样的私人数字货币进入欧盟。此举进一步证实了欧盟对“天秤币”的强硬立场。自去年6月宣布以来，“天秤币”因可能对金融体系产生影响而招致全球监管机构的批评。欧盟各国财长今日在一份联合声明中表示：“在充分识别和解决法律、监管、各种挑战和风险之前，任何全球“稳定币”安排都不允许在欧盟运营。”像“天秤币”这样的数字货币，也被称为“稳定币”，通常由传统货币和其他证券支持。相比之下，比特币等数字加密货币则不具备这样的属性。在监管机构的持续压力下，“天秤币”1/4的原始支持者，包括支付巨头万事达和Visa，在10月份已经退出了该项目。但Facebook和总部设在日内瓦的“天秤币”协会的其他20名成员还将继续推进该项目，预计于明年6月正式推出，但也有可能推迟。欧盟财长们今日还表示，他们可能考虑将欧盟监管数字加密资产和稳定币的法规作为全球计划的一部分。欧盟金融专员瓦尔迪斯·都布罗夫斯基斯（Valdis Dombrovskis）在布鲁塞尔举行的财长会议上对各国财长表示，欧盟委员会已经在制定这一新规定。此外，各国财长在会议上还赞扬了欧洲央行（ECB）在公共数字货币方面的工作，这可能成为私人倡议（如Facebook天秤币）的替代方案。在提交给各国财长的一份文件中，欧洲央行表示，如果欧洲内部的支付仍然过于昂贵，则可能需要一种公共数字货币。上个月就有报道称，据欧盟的一份文件草案显示，欧洲央行应考虑发行一种公共数字货币。此举主要是受到了Facebook“天秤币”项目的启发。但欧洲央行同时指出，现金使用量下降的趋势可能加速公共数字货币的采用，但此类举措可能对金融体系产生非常大的影响，因此需要仔细评估。（李明）
调查：中国消费者对电动汽车的热情远高于欧美,新浪科技讯 北京时间12月5日晚间消息，据国外媒体报道，咨询服务公司OC&C Strategy Consulting今日公布的一项调查结果显示，对于电动汽车、自动驾驶汽车，以及共享汽车服务，中国消费者的热情要远高于欧洲和美国的消费者。当前，许多汽车厂商、网约车服务提供商和科技公司都在投入巨资，来研发价格昂贵的电动汽车或自动驾驶汽车。但与中国消费者相比，西方国家的一些消费者似乎并不感兴趣。OC&C Strategy Consulting的调查结果显示，超过90%的中国消费者表示，他们会考虑、可能或肯定会购买电动汽车。但在接受调查的美国消费者中，只有约50%的人将电动汽车作为下一次购买的目标。在欧洲，该比例在64%至77%之间。当前，全球汽车行业正在经历巨大的变化，包括汽车销量下滑，实现雄心勃勃的排放目标的压力，以及部署全自动驾驶汽车提供出租服务所面临的挑战。调查结果还显示，美国、德国、法国和英国的购车者在很大程度上希望保留汽车的私人所有权（即购买私家车），而超过90%的中国消费者对“完全共享”的出行选项持开放态度。众所周知，Uber和Lyft等网约车服务提供商一直表示，他们的目标是减少私家车拥有量。但西方国家的受访者（包括年轻一代）表示，拥有一辆汽车仍是一种重要的地位象征，它提供的便利性和可靠性是汽车共享或出租车服务无法比拟的。另外，该调查结果还给试图提供“自动驾驶出租车”服务的公司泼了一盆冷水。因为绝大多数受访者表示，他们强烈希望拥有一辆全自动驾驶汽车，而不是与他人共享使用。总体而言，在调查中，约1/3的西方消费者表示，他们不信任自动驾驶汽车，而只有4%的中国受访者表示不信任。研究人员约翰·埃维森（John Evison）对此表示，该调查结果表明，汽车行业应该更多地投资于电气化和面向私家车主的服务，而不是“试图创造下一次共享出行革命”。（李明）
工信部紧急预警：利用“携号转网”诈骗已上线,北京头条客户端12月5日消息，全国“携号转网”日前正式启动了，这为用户持有原手机号码自由选择运营商提供了便利，受到广大消费者的普遍好评。不过，也有不法分子利用“携号转网”刚刚启动、有人还不太清楚规则的空子，“钻研”新的电信网络诈骗套路。工信部今天发出紧急预警，想办理“携号转网”的用户们，请务必提高警惕！场景1：无需满足携转条件，也能“携号转网”？A某接到一通自称是某运营商客服的电话，称现在无需满足携转条件，也可为其办理“携号转网”业务，只需要支付少量手续费即可跳过携转资格审核。随后该“运营商”发来短信链接，A某通过对方发来的短信进入网站输入个人身份信息、银行卡账号密码信息后，钱财被骗走。场景2：“携号转网”完成后，收不到验证码了？B某收到陌生短信声称完成“携号转网”后，运营商短信通道变更可能导致收不到银行卡、微信、支付宝等短信验证码，需及时登录附带链接的网址进行信息完善。B某进入网站输入身份证、银行卡号及密码、手机号码等个人信息，银行卡短时间被盗刷。场景3：“携号转网”完成后，充不了值了？C某在上网时看到一条信息：“携号转网”后只能通过掌上营业厅和地面营业厅充值，不能使用支付宝和微信支付了。他便跟帖留言追问解决办法，对方私信称可以通过完善信息解决，事主点击对方的网站链接输入个人身份证、银行卡信息后，钱财被骗走。骗子通过电话或短信方式联系受害人，利用受害人不清楚“携号转网”具体规则，以转网可能带来诸多风险为借口引导受害人点击虚假链接。一旦受害人相信骗子的话，点击链接进入其搭建的虚假网站，骗子就会进一步诱导受害人提供身份证、银行卡账户等个人信息，并通过盗刷银行卡等方式实施诈骗。工信部提醒，平时收到此类信息时，请保持高度警惕，不要轻易点击不明链接，更不能随意透露个人身份信息、银行卡账号和密码等信息。如对“携号转网”有疑问，及时致电运营商官方客服或到营业厅进行咨询，谨防上当受骗。
水滴筹创始人致歉:再管不好愿把水滴筹交给公益组织!,新浪科技讯 12月5日晚间消息，水滴公司创始人沈鹏发布博文，称“再管不好，我愿把水滴筹交给相关公益组织”。回顾创业经历，沈鹏提到，创办水滴的初衷源于自己12岁那年因伤病住院了8个月。“住院期间，我看到医生可以救人于水火，我也看到了一场大病是如何快速消耗掉一个家庭的积蓄，当时的我内心五味杂陈。”“2016年初，我一个美团同事的母亲得了脑动脉瘤，资金匮乏使得医治迅速陷入困境。这位同事不得已向我求助，于是我号召同事们给予支援，大家分别转账到求助同事的支付宝账户，由于这种筹款操作不够便捷和透明，用了近1个月才筹够所需的款项，同事的母亲差点错失最佳治疗时机。”沈鹏表示，在过去6年美团的创业中，自己亲历了互联网科技对老百姓生活的巨大影响，于是就怀着“用互联网科技助力大病患者脱离危难”的想法在这个方向创业。针对近日有媒体报道水滴公司旗下水滴筹线下团队人员服务环节出现了问题，沈鹏称，看到消息后，自己和水滴筹业务总经理等相关同事们第一时间成立了工作组展开相应调查，并且全面暂停了线下服务。“大家的信任是水滴筹的基石！这一次我们辜负了爱心用户对我们的信任，我代表水滴筹的全体成员向大家说声:对不起！”沈鹏表示，截至目前，公司成立了三大检查组全面排查整顿，分别是线下团队深度自查组、总部特别质检组以及公司独立督查组，全面排查线下服务情况。公司已查明相关报道中涉及的违规线下工作人员，违规相关的所有直接或间接参与的同事都将为此承担责任。同时，公司开始加强纪律培训和服务规范提升，实行考核上岗。关于商业模式的争议，沈鹏也做出回应。他表示，有信心找到其他合适的盈利点去支持整个公司的发展。“水滴筹作为国内互联网个人求助0服务费模式的开创者，因管理问题导致这次风波引起了大家的愤怒，作为创始人我必须承担责任，再次向大家致歉！”沈鹏称，公司希望能够在行业科学、有效的监管和约束下取得长远发展。（李楠）以下为水滴筹创始人兼CEO沈鹏公开信全文：再管不好，我愿把水滴筹交给相关公益组织！我在2016年4月离开了为之奋斗了6年多的美团点评，创办了水滴。创办水滴的初衷源于我12岁那年因伤病住院了8个月。住院期间，我看到医生可以救人于水火，我也看到了一场大病是如何快速消耗掉一个家庭的积蓄，当时的我内心五味杂陈。2016年初，我一个美团同事的母亲得了脑动脉瘤，资金匮乏使得医治迅速陷入困境。这位同事不得已向我求助，于是我号召同事们给予支援，大家分别转账到求助同事的支付宝账户，由于这种筹款操作不够便捷和透明，用了近1个月才筹够所需的款项，同事的母亲差点错失最佳治疗时机。在过去6年美团的创业中，我亲历了互联网科技对老百姓生活的巨大影响，于是我就怀着“用互联网科技助力大病患者脱离危难”的想法在这个方向创业了。三年半的时间，水滴公司从“用互联网科技助推广大人民群众有保可医”的初心和使命出发，做了水滴保险商城、水滴互助、水滴筹等业务。上周六早上，有媒体报道了水滴筹线下团队人员服务环节出现了问题。看到消息后，我和水滴筹业务总经理等相关同事们第一时间成立了工作组展开相应调查，并且全面暂停了线下服务。大家的信任是水滴筹的基石！这一次我们辜负了爱心用户对我们的信任，我代表水滴筹的全体成员向大家说声：对不起！水滴筹组建线下服务团队的初衷是为了更好地帮助不太会在互联网上发起筹款的因病致贫的患者，为了更好地服务这个群体，目前我们有数百名线下筹款的服务人员。这次的事件，大家批评最多的是水滴筹线下服务团队怎么可以为了“提成”去做一些违反规则的事情。确实，尽管最初在绩效设定的时候，我们综合考量了项目真实性、服务质量和服务患者人数等因素，但是因为对前两者的强调和宣导不够，导致线下在实际管理和执行过程出现了严重的偏差。这是我们管理层的管理责任，我们价值观没有深入到员工心里，我们的管理动作没做到位。需要再次澄清下的是，我们从推出水滴筹以来，率先提出网络大病筹款0服务费，而且在相当长时间里以救助金方式帮用户承担了支付渠道手续费，所谓“提成”实为公司支付给线下服务团队的酬劳，并非来自用户筹款。这次事件帮助我们发现了水滴筹在管理中存在的问题，但我相信，我们坚持向善的初心以及免费救助大病患者的初衷未变。截至目前的初步调查，线下人员违反服务规范的类似现象确实有不同程度存在，给个人求助模式带来了一定的损害，我们正在进一步排查和发现问题，也会及时向大家继续公布进展。截至目前，公司成立了三大检查组全面排查整顿，分别是线下团队深度自查组、总部特别质检组以及公司独立督查组，全面排查线下服务情况。公司已查明相关报道中涉及的违规线下工作人员，违规相关的所有直接或间接参与的同事都将为此承担责任。为了水滴筹的可持续发展，我们有勇于担当和刮骨疗伤的勇气，后续会落实相关的处罚。同时，我们开始加强纪律培训和服务规范提升，实行考核上岗。从11月30日起，我们围绕价值观及高压线、服务审核规范、服务绩效升级、招聘选拔等方面进行了第一轮培训，从12月4日起开始第二轮培训，所有相关人员皆需要参加培训，并需经过严格的考试，合格后未来方可上岗。另一方面，这几天我个人也有些困惑，有很多以前的求助者用留言、短信各种方式感谢和鼓励我们，也有的员工找到我表达了委屈和不解，因为发现公众对于水滴公司以及水滴筹还是有些误解：这几天里，看到了有些网友把水滴筹理解成了慈善公益组织，其实水滴筹的核心本质是一个免费的互联网个人大病求助工具，能够帮助陷入困境的大病患者向朋友们求助，更高效率地解决医疗资金问题。相关法律没有禁止个人遭遇困难时向社会公开求助，但当前社会线下求助的效率比较低，很多人都有亲身感受，借钱难、借急用钱更难，加上线下资金的不可追溯性让善款难以被追踪，而这些问题都可以通过互联网得以解决。同时，水滴公司的商业模式也被争议。在2016年7月启动水滴筹业务的不久，我们发现水滴筹是一个非常好的网民健康保险意识的教育场景，借助于水滴筹我们能够正确普及进行保险保障的价值和必要性，将适合的产品推荐匹配给不同的消费者，避免将来有更多人因为没有事先的保障患病后不得已需要发起筹款。这是我们为什么要做水滴保险商城的初衷，这样也可以让水滴这家公司可以更好地健康可持续发展。也有很多权威机构因此评价水滴公司的商业模式是社会企业模式。尽管水滴公司目前还处于亏损状态，但我们坚持从公司融资款中支付一定比例的资金，用于支持水滴筹业务的运营。我们从不向筹款人收取任何服务费、筹款佣金等，因为我们有信心找到其他合适的盈利点去支持整个公司的发展。从诞生第一天起，我们就是为了解决一个社会问题出现的，水滴公司的创业初心是“用互联网科技助推广大人民群众有保可医”，我们聚焦互联网大健康保险保障领域，希望为广大网民提供事前保险保障的同时，也能够为他们提供患病后的救助。这样的创新方式或许引起了部分人的质疑与争论，但我们有信心解决过程中面临的种种挑战与困难，在发展中变革的更合理，来证明水滴的价值。如果有一天，大家都能够有效解决患病后的医疗资金问题，我相信那也是水滴筹完成使命的光荣时刻。去年，水滴筹获得了年度社会企业奖，获奖理由是“有效地以商业手段解决社会问题，积极承担社会责任”。后续又有相关学术机构将水滴公司定义为“混合型组织”，原因是“水滴公司的商业模式体现了商业活动与社会使命互为动力，这种动力已成为创新的源泉”。这正是我们在探索与追寻的商业本质，我们的商业模式里面就有社会价值在。也希望大家给我们更多的建议，如何让这个有意义的模式继续升级。回归本次事件本身，错了就是错了，我们的管理需要提升、我们的业务有待改进，我们绝不回避问题，我们必须直面问题、解决问题。在改进的过程中本身线下服务工作管理有一定的复杂性，需要时间，但是这期间还有第三方机构刷评论等外力在推动舆论导向非客观事实的一边，压力最大的时候，甚至我曾想过，如果水滴筹线下团队再管不好，是不是要像别人说的那样把水滴筹交给相关公益组织？但我本身是一个很坚韧的创业者，相信全体水滴小伙伴只要以更高的标准去自我约束、严肃整顿和持续努力改进，一定能攻破难关！水滴筹作为国内互联网个人求助0服务费模式的开创者，因管理问题导致这次风波引起了大家的愤怒，作为创始人我必须承担责任，再次向大家致歉！不论怎样，我们在全力以赴的努力优化当前的工作。面对线下工作管理的复杂性，我们积极开放地接受大众的监督！也再次感谢一直支持我们的用户给予水滴筹的包容。我们希望能够在行业科学、有效的监管和约束下取得长远发展。我们也将动用一切资源和力量，参与并推动网络个人求助模式的行业自律机制，携手全社会共同治理，重新赢得更多用户的信任！水滴筹挑战重重，但是社会责任不忘，我们一定坚守初心，全力以赴助推更多的真实需要帮助的家庭走出困境，为社会创造更多的价值！水滴创始人兼CEO 沈鹏2019年12月5日
胡锡进再评华为李洪元事件：让理性在情绪中重新飘扬,华为前员工李洪元被拘251天的事件最后带出如此轰轰烈烈的舆情，已经超出了事情本应有的逻辑。老胡作为穿越了这些年互联网一次又一次激烈舆情的新闻“老司机”，想对朋友们说一句：任何一家公司或者机构面对这样的舆论冲击，其应对手段都是有局限的。让这场风波以最符合中国公众利益的方式来着陆，唯一可行和有效的是我们大家从情绪中回到常识和事物的原本逻辑，想一想华为与中国国家利益和公众利益的真实关系，再回过头来探寻一下事情原本的脉络，摆脱那些夸大的东西和试图误导我们大家的用意，让理性的旗帜在情绪的海平面上重新飘扬起来。首先，李洪元被羁押251天，华为有多大责任？华为的一名基层主管是报案者，这一报案在法律上可能准确，也可能不准确。客观说，华为的责任就这么大。接下来是法律程序，李洪元被令人遗憾地羁押了251天，国家赔偿表达了对这一羁押的法律态度。但这些都是司法程序问题，不是华为能够影响的。有人怀疑华为干预了这个过程，但没有任何这方面的证据，而且华为那样做的动机是什么？为什么深圳龙岗区检察院最后做的又是不予起诉的决定呢？华为是一家讲法律和讲规则的公司，对一名前员工搞司法迫害，这不符合该公司的基本价值观，而且是充满风险的。老胡认为，我们在做这种怀疑时，不应使用对华为有罪推定的逻辑，并让它主导舆论。华为的声明很短，老胡也批评了这一声明“缺少温度”。但据我最新了解，这当中有一些隐情，促使华为低调、简短地回应。也许过一段时间，事情的脉络会得到进一步的补充，在这之前，我们权且将这作为华为的一次“公关失误”。那么它因此该受到多大的批评呢？很多人联想到，华为一定对自己的员工很无情。坊间关于华为“狼性文化”的传闻被用来作为对这一批评的佐证。但我想说，华为对员工的关怀不可能不高于中国公司的平均线。任何成功的公司，都首先必须善待员工，否则它决不可能有凝聚力。华为一路打拼到今天，经历了多少艰难困苦，眼下又在全世界所有大公司中遭到世界第一强国最猛烈的打压，它如果对员工是冷酷的，队伍早就散了。华为的声明给人以不尊重公众情感的印象。我前面说了，它或许是隐情所致，或许是公关失误，但一家大公司不重视公众情绪，也是决不可能的。华为正被美国往死里打，它的海外市场开拓面临严重挑战，国内市场更加成为它不能出闪失的根据地。它怎么能不重视公众的看法呢？有一种怀疑是，华为傲慢，就是不在乎。我想说，全世界不可能有一家真正敢于面对自己的市场耍大牌的公司，华为这种走南闯北，知道获得一个市场的认同是多么不容易的公司，它的“傲慢”完全不合逻辑，与最基本的商业经验相抵触。因此不能不说，这种“傲慢”来源于舆论场的想象。就事论事地批评华为，我认为是正常的，有时因为信息不对称，出现对华为的误解和责怪，也不奇怪。但是形成针对华为海啸般的负面舆情，我就不认为是正常的了。请注意，舆论在这件事中有几个共鸣和不满，包括工作不稳定的风险，与机构发生冲突时个人处于劣势并受到迫害，在司法上遭遇被不合理羁押的冤屈等等。华为只是一名基层主管报了案，舆论发酵起来后，就将这些危机感全都倾泻到华为公司的头上，这不应该是华为承受的负荷。老胡不能不说，舆论场针对华为的激烈发酵，有一些是信息不对称所致，还有相当一部分是“带节奏”的结果。在华为最困难、最需要支持的时候，它因为卷入了一起受到国家赔偿的案件，案件审理结果看上去没有支持华为最初的举报，随后所形成的舆论海啸就扑向了华为，说实话，以老胡的经验，打死我都不相信这是一个完全自然的过程。到了这时，我觉得大家需要让理性出来帮着做一些整理了。华为是当下中国崛起遭遇挑战时期承重最大的公司之一。美国很明确想要让它死，国内也有少数人顺着美方的思路在诅咒它。在具体的争议层面，事情是一个逻辑，但当我们的判断涉及对华为的根本性肯定或否定时，一定有战略利益和动机会参与其中。作为中国人，我们要有能力拒绝这种参与，让华为的事情始终在它的原点周围徘徊。对华为的正常批评没有问题，老胡上一篇文章就批评了它，但今天形成的针对华为的舆论面貌，不能不说令亲者痛仇者快。我们不能这样干啊，警惕不被人朝那样的方向带了节奏，这是我们中国人在这个复杂时代必须拥有的集体情商。也希望华为坚强，正确地面对公众的各种声音。请做好你们的事情，并且相信，历史不会辜负诚恳和百折不回的团队。
"问诊信息竟然""自导自演"" 网上求医问药藏着这些""坑""?",新华社上海12月5日电题：问诊信息竟然“自导自演”网上求医问药藏着这些“坑”新华社记者杨有宗、何欣荣感冒发烧、头疼脑热，想去医院怕麻烦，但又想获得一些治疗建议，很多人会选择在网上搜索。“合理饮食，适当户外活动，每天10到15分钟最为合适。”“不要滥用抗生素，谨遵医嘱。”记者近期调查发现，这些看似专业，并冠以某某医院某某医生头衔的回答有可能是非专业人员以每条1.5元左右的报酬复制、粘贴、编造的。专家表示，用药、治疗建议直接关乎百姓生命安全和身体健康，部分医疗信息网站在给人们生活带来方便的同时，也存在诸多问题亟待整治。小毛病自己查医疗信息网站靠谱吗？“6个月宝宝嗓子有痰咳嗽怎么办？”上海市民周小姐在某医疗信息网站搜索关键词“6个月宝宝、咳嗽”，就看到这一问题及相关医生回答。周小姐说，作为年轻妈妈，有些紧张，所以格外小心。“碰到相关疑问，都会在网上搜索一些建议，感觉有些还挺靠谱的。”随着人们对自身和家人健康越来越关注，加之生活节奏较快，越来越多的人通过网上医疗信息网站寻求建议。上海市民胡先生说：“一般一些感冒发烧的小毛病会在网上搜索，根据建议买些非处方药。”记者发现，多个医疗信息网站都宣称，相关回答来自专业医生。某医疗信息网站首页显示，“万名三级甲等临床医生在线为您解答”，另一家网站首页则显示，“已有145588名医生加入”。在某医疗信息网站，记者看到一个问题为“脾脏增大4.3厘米，请问一下能治疗吗？”有4名解答者认证为医生，包括医生照片、医院名称、职务等信息。回答建议包括“您如果没有任何症状的话，建议您定期复查就好”“建议你平时养成良好的生活饮食习惯，不要熬夜劳累，忌烟酒”。对于医疗信息网站带来的看似便利，一些用户存有疑问。上海市民胡先生说：“有一些回答错别字比较多，还有一些明显就是复制粘贴的，感觉我也能在网上回答这些问题。”既扮演患者又出演医生部分“专业回答”竟是批量复制“医疗信息网站兼职，答案在网上找就行，每天至少80+”，此类招聘兼职信息在网上较为常见。这种“问答兼职”究竟是怎样的工作？记者按照相关招聘信息，加入一个名为“养生采集”的群，该群已有400多名“兼职者”。群主给记者发来一份测试题目，并称“网上搜搜相关内容，把句子修改一下就行，只要经过原创检测，就能兼职。”记者看到，这份测试试题要求测试者以“怀孕产检”为主题，既要扮演患者，提出问题，又要出演医生，给出举措建议，但对于“求职者”没有任何资质审核。记者编写问题“我今年32岁，怀孕4个月需要做哪些产检项目”，并以医生口吻回答“需要做常规检查、唐筛”等信息，顺利通过测验。随后，该群群主给记者发来一个链接，并附有账号和密码。登录该平台后，兼职者可以在平台领取题目，题目包括“畸胎瘤和巧克力囊肿的区别”“卵巢巧克力囊肿是肿瘤吗”“流感后身体虚弱怎么办”等问题。和测试试题一样，也需要兼职者编造病人信息、医生建议等。群主表示，经过审核后，编造的问答就会出现在医疗信息网站上，按每条1.5元支付报酬，每半个月结算一次。“一条1.5元，多的时候一天能赚150元。”该群一名兼职者对记者说，“少的时候一天能编十几条，多的时候100多条。”据了解，该兼职者是某高校社会学专业大二学生，没有任何医学专业基础。“把在网上搜索到的答案改一改，比如加个‘了’‘的’，或者把‘和’改成‘以及’，把‘因为’改成‘由于’就能通过原创度审核。”该群另一名兼职者表示，“入坑”半个月后，他放弃了这份兼职，“主要是觉得挺坑人的，问题答案都是复制粘贴，也有的是瞎编乱造的。”“主要是为了把平台流量做起来。”谈起相关平台为何要编造问答信息，兼职群群主说，通过已有问答信息引流，让患者来到该平台，从而进一步引导患者使用平台的付费咨询业务。在各个医疗信息网站和App，记者看到，各家均开设有付费咨询业务，每次咨询价格少则二三十元，多则一两百元。健康无小事医疗类平台应承担内容审核责任中国社科院人口与劳动经济研究所社会保障研究室主任陈秋霖说，互联网医疗行业发展对于缓解医疗资源稀缺、分布不均等具有重要作用。但现实情况是，借助互联网技术改造挂号、缴费等医疗流程辅助业务已较为成熟，但涉及看病诊断等核心业务时，则往往容易出现各种乱象。中国政法大学法治政府研究院副院长赵鹏表示，互联网时代，网民通过互联网这一更为便捷的渠道获取医疗信息是一个趋势，但医疗行业直接关乎百姓健康和生命安全，相关监管举措应考虑到其服务的特殊性。加强互联网医疗行业监管已成为全社会共识。早在去年，国务院办公厅就发布关于促进“互联网+医疗健康”发展的意见，其中提道：互联网医疗健康服务平台等第三方机构应当确保提供服务人员的资质符合有关规定要求，并对所提供的服务承担责任。“互联网+医疗健康”服务产生的数据应当全程留痕，可查询、可追溯，满足行业监管需求。除更给力的监管举措外，陈秋霖说，医疗信息网站也应加强行业自律，切实担负起对所发布信息的审核责任。
李国庆致信俞渝：难道20年情分要以互爆黑料解决问题,新浪科技讯 12月5日晚间消息，李国庆发表致俞渝的公开信，表示：从此，法律的归于法律，情感的归于隐私，企业归于经营。生活归于宁静。回顾两人过往，李国庆在公开信对俞渝表示，“从结婚的那一天起，我从来没想过离婚。我信任你。把一切都交给你。”关于两人现在的状况，李国庆表示，“为了经营和宣传企业，或为了让法庭感到你支持者甚众，你需要流量我理解。” 此前，李国庆接受了凤凰网高级副总裁刘春的采访，而在12月4日，俞渝发布致刘春的公开信，称其用拆烂污的话题，再次送李国庆上热搜。而现在，李国庆指责俞渝“你这半年，一直才是‘拆烂污’ 达人吧？在你对媒体讲述的故事中，我已然是彻底的烂人，渣人，还不够污了吗？ ”俞渝爆料出了一封同性恋写给李国庆的信，对此，李国庆称其为“二十年前被人敲诈勒索的一封信件”。“我们都是站到了时代浪潮上的创业者，也都是受过高等教育的人。”李国庆表示，“难道二十年的夫妻情分、二十年的商业合伙 人，最终要以互相对媒体爆黑料、编花边新闻各自组队互殴吐槽绘声绘色描写‘按法律规定不予显示的的情节’来解决我们的离婚问题吗？ ”“如果‘告别’是以翻婚姻的坟墓边角，编织耸人听闻的密辛腥闻，来泼墨抹黑对方，获得宰割对方的利器特权，那我们真的失去了我们倡导的价值观底线。才真真亵渎了当初的诺言，和并肩战斗的情谊和我们共同度过的二十多年的时光。也是对社会资源的巨大浪费，和人伦关系、公序良俗的巨大破坏。更是对法治精神的蔑视。”李国庆最后表示，“新年在即，我们与往事干杯。与未来畅饮。可好？” 同时他表示，“提前祝所有吃瓜群众新年吉祥、万事通达。吃瓜快乐！”以下为李国庆致信全文：俞渝总裁：不知我还能不能再称你一句曾经亲爱的妻子。看了你给刘春的公开信。既然又污蔑诽谤我，我只好回应。当当事业说成功也好，说起起伏伏也好，让我们俩的人生除了家庭生活以外，工作也是密不可分。全中国也没有哪几对夫妻像我们纠缠得如此亲密或深入骨髓。过去的二十年相爱相杀也好，相濡以沫也好，我们有两个爱的结晶——儿子和当当。我们结婚前，彼此共同做过人生规划。我说，我要给你提供才华的舞台，为此，董事会第一次决议要你回家时，我拒绝了。因为我有承诺。你说，答应我要生3个孩子（当年俞渝持有绿卡）。但后来你更属意于事业，只要一个孩子。我也尊重你的决定。就像在23年的婚姻中，我几乎尊重你一切决定。你要我让姐姐哥哥全部离开当当，我做了。三个月就遣散。你多年一直说：没有李国庆就没有当当，没有当当就没有俞渝今天。你不断对外人说：李国庆是天下最好的爸爸，也是好丈夫。每次你要我给股份，我都给了。只有一次，为出售公司我真急了，在你面前掀翻了桌子。这是我不对。我道歉过。今天再道歉一次。我经常在家，看着阿姨做好晚饭，等你回家再吃。不管多晚都等。这个细节我坦诚说出来时，被网民嘲笑为软饭男，其实是我每天早上就去上班，然后晚上9点下班。你是习惯下午去上班，所以我们晚餐会晚。但，再晚，我也会等。因为那是一天最温馨的时刻。从结婚的那一天起，我从来没想过离婚。我信任你。把一切都交给你。所有的你让我签字的文件，我看也不看，就会签字。真的，那时候你拿给我我的死刑判决书我也会签的。喜悦、荣耀、成功分享给你，我的秘密，创伤，甚至过失也倾吐给你。你也曾经这样做过，因为，这个世间，除了父母，你就是我最亲密的人。现在，我们终于分道扬镳。我在20年的婚姻里肯定不完美，我也一次次去咨询过我的心理医生、著名的专家某博士，我们也一起去过。我对这个世界没有什么提防之心。我对钱，也没有那么多的欲望。想到什么就说什么，想结识什么人就结识什么人，没有性别的分别心，也没有阶层的分别心。我会被人利用，甚至被人讹诈，勒索。大家都认为管我借钱很容易。你应该记得，我40岁生日宴会上，一次性地烧掉了三十多张借条，都是历年来各种朋友来借的。在别的企业家身上，一次又一次给老婆分割股份的事，不会这么轻易发生。因为你一直是我最信赖的枕边人，我对朋友不计较，还能对你计较吗？20年当当，5年前，我主动离开当当的权力中心，两年前被踢出当当。我隐忍一年半到今年7月。我一老汉，还是想创业，再次创办了早晚读书。今年7月为早晚读书活下去才要求当当分红给我3000万，你否决。又要求公司借我3000万（以我股权质押），你也断然拒绝。融资变现更是一拖再拖。我们的婚姻历经二十年，但现在已经无法继续。婚姻的离合，企业的股权，都有合法畅通的解决之道，我们也正在走这个通道。你领着当当，我做自己的早晚读书。你是百亿企业的掌舵者，我刚刚重新创业，你要发展，我也要生存。为了经营和宣传企业，或为了让法庭感到你支持者甚众，你需要流量我理解。我的小企业早晚读书也需要我去出席各种活动，为它刷脸做宣传。但我已经吸取教训，在刘春对我的访谈里，我并不吐槽你哪怕是一句话，甚至不为自己再去辩白澄清。你我纷争，刘春和我普通的企业访谈，刘春谈你的择偶标准何以又触怒你？被当众辱骂“拆烂污？”要说拆烂污，你这半年，一直才是“拆烂污”达人吧？在你对媒体讲述的故事中，我已然是彻底的烂人，渣人，还不够污了吗？不，你觉得不够。又找出我二十年前被人敲诈勒索的一封信件，企图证明我行为不端。然而，如果我真的错了，我怎么敢把这样的信交给你，和你合计？并共同决定聘请律师。事实上那是个被辞退的小混混，穷极无聊，看我们事业刚刚起步，投机敲诈而已。我没想到你一直留着这封信。抓住一个借口，就抛了出来。可是，俞渝，我们都是站到了时代浪潮上的创业者，也都是受过高等教育的人。难道二十年的夫妻情分、二十年的商业合伙人，最终要以互相对媒体爆黑料、编花边新闻各自组队互殴吐槽绘声绘色描写“按法律规定不予显示的”的情节来解决我们的离婚问题吗？如果“告别”是以翻婚姻的坟墓边角，编织耸人听闻的密辛腥闻，来泼墨抹黑对方，获得宰割对方的利器特权，那我们真的失去了我们倡导的价值观底线。才真真亵渎了当初的诺言，和并肩战斗的情谊和我们共同度过的二十多年的时光。也是对社会资源的巨大浪费，和人伦关系、公序良俗的巨大破坏。更是对法治精神的蔑视。俞渝，我曾经亲爱的妻子，法院庭审中，你和律师慨然说“感情没有破裂”，所以不同意离婚。今天你再向媒体抛出二十年前的旧信。而且你知道我是受害人。你精心算计离婚财产！但聪明反被聪明误，你这么做只是增加感情破裂证据。但我依然坚持我的底线：不揭露任何人（特别是你的）私生活。爱与恨，请静虑密藏。“把你的影子，加点盐风干等老的时候下酒”从此，法律的归于法律，情感的归于隐私，企业归于经营。生活归于宁静。新年在即，我们与往事干杯。与未来畅饮。可好？提前祝所有吃瓜群众新年吉祥、万事通达。吃瓜快乐！前当当总裁、早晚读书总编辑 李国庆
南阳水氢汽车项目:车间几无设备运转 办公室几人留守,原标题：南阳水氢汽车项目停摆：车间几无设备运转，办公室仅几人留守澎湃新闻记者 戴高城12月初，澎湃新闻记者探访河南省南阳市水氢汽车工厂时发现，这里早已停工。车间内空荡荡，办公室也仅留有几人，办公室人员在闲聊，其中一位文员正在用电脑看电视剧。金华青年汽车集团一位人士也表示，南阳项目早已停摆，“但详细情况我也并不清楚，南阳项目都是庞总在谈，后续怎么处理也只有他知道。”该人士所说的“庞总”，即青年汽车创始人庞青年。记者多次拨打旁青年电话，但都无人接听。此前的5月23日，《南阳日报》报道称，水氢发动机在河南南阳市正式下线，这意味着，车载水可以实时制取氢气，车辆只需加水即可行驶。5月22日上午，南阳市委书记张文深到氢能源汽车项目现场办公时，为氢能源汽车项目取得的最新成果点赞。这一消息引发广泛关注。外界质疑的焦点之一是，水制氢汽车是否靠谱。为此，5月25日，庞青年现身南阳工厂，回应争议称，该技术系与湖北工业大学联合研发，合作大约3年时间。他当时表态，样本车辆加满水可以行驶几百公里，而加水特别方便。不过，多名专家均质疑，这项本身并不算新奇的技术，难以安全、稳定、高效地驱动汽车。5月24日晚，澎湃新闻在南阳市委电梯口独家采访到庞青年，他称，会继续推进“水制氢汽车”项目，“试验产品都可以开了，能不继续推进吗？”不过，此后据央视报道，央视在采访南阳市高新区投资公司负责人时，其对于庞青年的“水解制氢技术”，则持保留态度。他表示，庞青年经常拿水氢来混淆概念，这种项目其实很多企业都在做……不管是市场空间，还是目前技术的可靠性，离商用的差距巨大。此外，国有资金的参股也让该项目面临争议。对此，南阳高新区方面已经表态，目前项目尚未立项、没有实质性启动，不存在40亿元投资问题。下一步，将继续本着积极审慎的态度，对该项目做进一步可行性研究，严控风险，确保在资金投入方面不出问题。近日，澎湃新闻再次联系南阳市相关部门、南阳市高新区管委会采访，但均未获得回应。不过，一位不愿具名的南阳官场人士告诉澎湃新闻，“这个项目停摆已经不是秘密，后续应该也不会做什么特别处理。”
阿里成立新公司 打包YUNOS资产将注入重组后斑马,新京报讯（记者 梁辰）12月5日，记者查询天眼查发现，阿里巴巴已于上月底成立了一家新公司“斑马智行网络（杭州）有限公司”（以下简称“斑马杭州”）。该公司注册资本为1000万元人民币，法定代表人为菜鸟ET实验室主任张春晖。张春晖也担任过OS事业群总裁。天眼查信息显示，该公司经营范围包括，计算机网络技术、通信技术、电子技术、计算机系统技术、电子商务技术的技术开发、技术咨询、技术服务、技术成果转让等。斑马杭州由浙江天猫技术有限公司持股70%，淘宝（中国）软件有限公司持股30%，这两个股东都由淘宝中国控股有限公司全资持有。早在2015年11月，阿里巴巴曾与上汽集团（600104.SH）各自出资5亿元共同组建斑马网络技术有限公司（以下简称“斑马网络”）。最初，阿里巴巴和上汽集团各自持股45%，斑马网络员工持股10%。2018年9月，斑马网络进行首轮16亿美元融资后，该公司股权结构变得颇为复杂，阿里巴巴和上汽集团股权被稀释。斑马网络CEO郝飞回复记者称，“这是我们的统一安排，可以等一下官宣（官方宣布）。”阿里巴巴方面表示，其正在执行此前计划。这次新注册的实体公司，将承接YUNOS操作系统整体知识产权及业务，便于整体注入战略重组后的斑马公司。截至记者发稿时，斑马网络目前尚未有工商资料变更，而上汽集团亦尚未发布相关公告。2019年10月，斑马网络CEO郝飞对该公司战略重组曾表态称，这是一个复杂的过程，对行业有重大意义，后续会有更正式的消息。当时，从已公布的信息可以看到，阿里巴巴将把旗下YUNOS操作系统整体知识产权及业务注入斑马网络，并成为斑马网络的第一大股东。郝飞接受新京报记者采访时曾表示，重组之后资本会进一步开放，将引入战略投资者，OEM、产业和生态的合作伙伴。相关消息将在2020年春节前释放。2018年3月，斑马网络前CEO施雪松辞职，时任高级副总裁、销售与市场负责人的郝飞接棒。与深耕车联网的连续创业者施雪松不同，郝飞曾在传统汽车等领域工作多年。他能担任CEO的职务，是因为成功在上汽以外的市场取得了进展，尤其是签约福特。9月27日，云栖大会期间，斑马网络在智能网汽车峰会上以“新斑马、新征程”宣布业务开放战略再升级，“去上汽化”痕迹愈发明显。发布当天，斑马网络提出了三种开放融合模式，包括端到端的深度定制、被集成的差异化开发，以及云对接的生态融合。其中关于定制，斑马网络披露，其已经可以为OEM提供深度方案，并提供用户运营。新京报记者 梁辰
欧洲科学院院士：区块链监管应由区块链本身完成,原标题：欧洲科学院院士谈区块链监管：监管应由区块链本身完成实习生 叶映荷 澎湃新闻记者 郑戈12月5日，海南自贸港数字经济和区块链国际合作论坛召开。会上，牛津大学区块链研究中心主任、英国皇家工程院院士、欧洲科学院院士比尔·罗斯科（Bill Roscoe）发表题为《区块链应用的机遇与挑战》的演讲。他表示区块链目前面临着七大问题与挑战：第一是安全性和能耗问题。过去存在研究能源浪费与利用率不足的问题，如何利用区块链技术更好地整合当地或者局部的资源，提高资源在区块链的使用效率，是当前面临的重要挑战。同时需要确保安全性，避免机密泄漏或加强隐私保护。第二是匿名性问题。区块链有非常多的不确定性，存在缺乏监管、信息无法溯源等问题，从而降低用户使用信任度。因此需要对人们的信用评分或评级来增强可信度。第三是加密数字货币识别问题。区块链与加密数字货币相互协作，但加密数字货币存在识别不稳定的问题。需要尽量在加密数字货币和真实价值之间建立关联，从而提升加密数字货币的稳定性。第四是效率问题。区块链涉及很多大型金融或者财务系统，因此需要创建协议构造使用场景，并且在确保协议稳定性上提高工作效率。例如可以通过加入联盟链提高效率。第五是鸡与蛋的问题。也就是如何在区块链应用潮流中吸引更多的参与者。区块链需要大量用户，因为用户的增加会吸引更多开发者开发应用，丰富的应用反过来也能吸引更多的用户。第六是私人信息保护问题。数据安全分为两方面：确保数据本身的正确性以及确保数据使用的安全性。在讨论数据安全时，往往会只关注使用安全性而忽视数据正确性。区块链可以通过技术保障确保数据不会被篡改，例如虹膜扫描确保身份信息等。第七是监管问题。应把监管融入到区块链本身的技术中，而非外部的强加控制。应让监管与技术的使用融为一体，进一步的简化监管环境。比尔•罗斯科强调，规则应成为区块链运作的本质特征之一，包括监管方式，不应由监管机构完成，而是由区块链本身完成。他表示，英国和中国目前都在开发具有内在监管特征的区块链。据介绍，比尔•罗斯科是世界著名计算机科学家，于牛津大学任职超过40年，曾任牛津大学数学部研究委员会主席、牛津大学计算机系主任，现任牛津大学信息安全委员会主席、牛津大学学院区块链研究中心负责人、牛津海南区块链研究院负责人、英国皇家工程院院士、欧洲科学院院士。主要研究方向包括信息安全、计算机验证和并行计算等领域。
360：拟非公开发行13.5亿股股票募资不超过108亿元,新浪科技讯 12月5日晚间消息，三六零(601360.SH，以下简称为360)发布公告称，拟非公开发行不超过13.5亿股，募集资金不超过108亿元，所得资金用于安全研发及基础设施类、商业化产品及服务类项目。根据公告，360称本次非公开发行的股票数量按照募集资金总额除以发行价格确定，且不超过13.53亿股。360表示，公司发行前总股本为67.64亿股，本次非公开发行股票数量上限未超过本次发行前公司总股本的20%。360表示，公司本次非公开发行股票募集资金总额不超过107.93亿元，扣除相关发行费用后的募集资金净额拟用于以下项目安全研发及基础设施类和商业化产品及服务类
新氧科技第三季度净利润4050万元 同比扭亏,新浪科技讯 北京时间12月5日晚间消息，医美O2O平台新氧科技（Nasdaq： SY）今日发布了截至9月30日的2019年第三季度财报，总营收为人民币3.024亿元（约合4230万美元），与上年同期的人民币1.683亿元相比增长79.6%。净利润为人民币3160万元（约合440万美元），而上年同期净亏损人民币2520万元。不按美国通用会计准则，净利润为人民币4050万元（约合570万美元），而上年同期净亏损人民币930万元。第三季度财务业绩：总营收为人民币3.024亿元（约合4230万美元），与上年同期的人民币1.683亿元相比增长79.6%。净利润为人民币3160万元（约合440万美元），而上年同期净亏损人民币2520万元。不按美国通用会计准则，净利润为人民币4050万元（约合570万美元），而上年同期净亏损人民币930万元。每股美国存托股基本和摊薄收益分别为0.31元人民币（约合0.04美元）和0.29元人民币（约合0.04美元），而上年同期均亏损人民币1.68元。第三季度运营业绩：平均移动月活跃用户数量（MAU）为342万，比2018年第三季度的140万增长143.8%。付费用户总数为172500人，比2018年第三季度的107700人增长60.2%。付费医疗服务提供商的数量为3230家，比上年同期的2418家增长了33.6%。订阅信息服务的医疗服务提供商数量为2104家，与2018年第三季度的1389家相比增长51.5%。新氧平台促成的医疗美容交易总值为9.762亿元人民币，较2018年第三季度的人民币5.586亿元增长74.7%。截至2019年9月30日，新氧科技的现金及现金等价物、限制性现金、定期存款和短期投资为人民币27.785亿元（约合3.887亿美元），而截至2018年12月31日为人民币12.069亿元。业绩展望：新氧科技预计，2019年第四季度总营收将达到人民币3.20亿元（约合4480万美元）至3.40亿元（约合4760万美元），同比增长74.9%至85.8%。（李明）
李国庆致信俞渝:从此法律的归于法律 情感的归于隐私,新浪科技讯 12月5日晚间消息，李国庆发表致俞渝的公开信，表示：从此，法律的归于法律，情感的归于隐私，企业归于经营。生活归于宁静。李国庆称，“新年在即，我们与往事干杯。与未来畅饮。可好？” 同时李国庆表示，“提前祝所有吃瓜群众新年吉祥、万事通达。吃瓜快乐！
马云世界教育论坛发表演讲 呼吁给老师最好的待遇,新浪科技讯 12月5日晚间消息，12月3日，在经合组织（OECD）举办的“世界教育论坛”在巴黎召开，马云受邀分享对未来教育的思考。面对数百名全球教育家、企业家和优秀青年代表，马云表示，今天讨论教育的出发点，是希望孩子成为什么样的人。他在分享中3次强调了老师的重要性，呼吁应该给老师最好的待遇。马云用亲身经历证明老师的巨大价值。“我的英语是数学老师教的，那时候中国根本没有足够的英语老师，她上午去学ABC，下午就给我们上课。但是她跟我说，马云，你的发音很好，我倍受鼓舞。一个比我早半天学习英语的数学老师，她靠的不是知识，是智慧。”马云说，我们应该支持老师，尊重老师，因为尊重老师就是尊重教育和未来。他用自己在中国做乡村教育的经验举例，“帮助农村学生最好的方式就是帮助农村老师。好老师可以一辈子至少帮助200名学生。”马云的另一个建议是改变教育的KPI。他说，“我们需要迅速改变教育的KPI，不要总是考试考试考试，我们需要改变考试，如果认为考试是唯一的方法和标准，我不认为教育会走向正确的方向。”很多高中生想读大学，唯一的原因是大学是找到工作的保证。马云的经验是： “大学不保证你肯定有工作。我们招人不取决于你是不是哈佛，而是你愿不愿意学习。那些文凭只是学费的收据而已。我们需要有那些真正思考的人，社会是真正的学校。”他同时也呼吁，教育资源应该从大学更多向小学、幼儿园等基础教育倾斜。只做了6年教师，马云自谦是教育界的“业余选手”。但他现场承诺： “我的第一个工作是老师，我希望我的最后一个工作也是教育。”
马云：化学老师不喜欢我 所以我化学很差,新浪科技讯 12月5日晚间消息，12月3日，在经合组织（OECD）举办的“世界教育论坛”在巴黎召开，马云受邀分享对未来教育的思考。面对数百名全球教育家、企业家和优秀青年代表，马云表示，今天讨论教育的出发点，是希望孩子成为什么样的人。他在分享中3次强调了老师的重要性，呼吁应该给老师最好的待遇。马云还在讲话中回忆起学生时代的事情，称当初化学老师不喜欢自己，所以化学很差。
ofo难过年关 仍有1500万待退押金用户,从风光无限到谨小慎微，五岁ofo的经历比绝大多数创业公司都更跌宕，但也更倔强。原标题：ofo难过年关文｜《中国企业家》记者 高欢欢编辑｜马吉英头图摄影｜邓攀年底之际，ofo的用户感觉又被这家公司“伤害”了一次。“本来ofo是欠我们钱的，现在出这个活动相当于让我们继续往里砸更多的钱啊！”一位ofo用户有些不忿地说。他所说的“这个活动”，指的是近期ofo在其App首页上线的“天天返钱”活动，该活动号称“无需排队，直接退还押金”。但据了解，用户并不能直接获取押金，必须先在ofo平台上消费，积累够返现金额再退还。有用户实测，需要购买超1500元的商品才能返还199元押金。并且，ofo规定，押金一旦转移至“天天返钱”，就不可撤销，“不得要求将可提现余额改回ofo平台押金”。“最可气的是，余额退款只能打客服，客服电话永远打不通，还投诉无门。”一位用户补充道。还有用户反映，打客服电话的费用基本可以跟小黄车的押金持平了。一方面是用户频频吐槽，另一方面，是ofo距离外界的视线越来越远。ofo小黄车的官方微博和微信公众号的内容更新，停留在了8月份。自成立以来，ofo也已经换了五处办公地点，由于更换公司地址过于频繁，外界一度不知道这家公司所在何处。在其第六处也是最新的办公地点——酒仙桥共享办公空间WeWork，门禁系统严密，也没有明显的ofo公司标识。甚至连酒仙桥WeWork的会员也称并未关注到ofo搬来此地。关于ofo的近况，WeWork的工作人员也显得有些讳莫如深，“我们（对这家公司）并不知情。”从风光无限到谨小慎微，五岁ofo的经历比绝大多数创业公司都更跌宕，但也更倔强。押金之痛近日，ofo小黄车App首页上线了“天天返钱”的活动，号称“无需排队，直接退还押金，最高返利商品价格的40%”，并表示目前已向用户返利近700万元，以此引导客户参与。ofo小黄车App显示，“ofo返钱”包括食品饮料、家用电器、美妆护肤、手机、医药保健、珠宝首饰等30个品类。其中，一包9.9元的纸巾可以返现0.8元，一箱售价39.9元的啤酒可以返现0.42元，一袋21.9元的零食可返现0.08元……按照这一规则，想靠购买这类产品来拿回当初的押金，可能要多投入上千甚至上万元。从押金变P2P资产、违规换车罚款，再到消费返现，ofo小黄车退押金的尝试一直不乏争议，但并没放弃。2018年11月，ofo发通知称99元押金用户可一键升级为互联网金融平台PPmoney的新用户，同意将押金变为上述理财项目的100元特定资产，锁定期为30天。升级后，用户实现永久免押金骑行。后被用户质疑向P2P平台贱卖个人信息，PPmoney最终下线该合作渠道。今年3月，ofo上线折扣商城功能，用户可将押金兑换为金币后在商城消费。但商品的品类少，去除金币后的价格与其他平台相差不大，且不少商品仍需付一部分现金。“现金+金币”的支付模式决定了买东西还需另外付费，因此最终用户并不买账。对此，人民日报微博发布评论：退押金别玩虚的。如今，金币商城改名“小鹿有货”。此外，今年8月初，ofo小黄车推出“有桩”模式，其提示用户要“根据手机端的停车点完成还车，否则需要缴纳20元的车辆管理费”。《中国企业家》多次拨打ofo小黄车官网电话，试图进一步了解返现退款情况，但皆提示“您拨的电话忙”，无法接通。也有技高一筹者。有用户就建议，“可以拿着App退押金的排队截图到法院，以债权人身份申请企业破产，ofo的法务很快就会和你联系并且完成退款，这招屡试不爽。”仍有1500万待退押金用户据中新经纬11月27日报道，目前仍有约超过1500万用户在排队等待退押金。ofo官网显示，2015年6月启动以来，ofo已投放1000万辆共享单车，累计向全球20个国家，超250座城市、超过2亿用户提供了超过40亿次的出行服务，并获得多轮融资。在2018年9月，因拖欠货款，ofo小黄车被凤凰自行车起诉。2018年10月至11月，ofo在北京市第一中级人民法院、北京市海淀区人民法院等多个法院的多个案件中列入被执行人名单，涉及执行标的超5360万元。北京法院审判信息网公开信息显示，在ofo和天津飞鸽的合同中，ofo运营主体东峡大通（北京）管理咨询有限公司共计8082.75万元的银行存款和相应财产被冻结。截至目前，中国执行信息公开网资料显示，ofo运营主体东峡大通被列为被执行人126次，戴威也已收到34条限制消费令。由于2018年下半年ofo爆发资金链危机，无法正常退押，引发负面缠身、口碑下滑、信任危机等蝴蝶效应，进而使得用户抢退押金。2018年12月19日，ofo创始人、CEO戴威在一封内部全员信中承认，公司背负着巨大的现金流压力，“1块钱要掰成3块钱花”。他无数次地感到力不从心，想把运营资金全砍掉，甚至解散公司，申请破产。但他最终还是选择扛起压力，“跪着活下去”。戴威还表示，不会逃避，将为ofo欠着的每一分钱负责，为每一个支持ofo的用户负责。关于目前ofo退押金的进度，《中国企业家》发现，微博上有ID为“ofo小黄车今天退押金了吗”的博主每天坚持更新小黄车退押金进展，日均退款人数大概在300-500人之间，而据此前报道，目前仍有约超过1500万用户在排队等待退押金。照此推算，全部用户退完押金还需要82年。12月2日，一位用户告诉《中国企业家》，去年这个时候，她的退押金排名是700多万，现在是400多万，“这个进程说明退押金在推进的，至少还是有希望拿到押金的”。该用户称“我不会参加（天天返钱）这个活动，没意义，我只要现金”。但她同时表示，“除了耐心等着，我也不知道还能干吗。”
寺库网第三季度净利润6470万元 同比增长32%,新浪科技讯 北京时间12月5日晚间消息，奢侈品电商寺库网（Nasdaq：SECO）今日发布了截至9月30日的2019年第三季度财报，总营收为19.416亿元人民币（约合2.716亿美元），比去年同期的15.724亿元人民币增长23.5%。净利润为人民币6210万元（约合870万美元），与上年同期的人民币4490万元相比增长38.3%。不按照美国通用会计准则，净利润为人民币6470万元（约合910万美元），与上年同期的人民币4900万元相比增长32.0%。第三季度业绩：总交易额（GMV）为36.610亿元人民币（约合5.122亿美元），比去年同期的21.946亿元人民币增长66.8%。总订单数量为103.53万份，比去年同期的59.44万份增长74.2%。活跃用户数量为48.25万，与上年同期的30.40万相比增长58.7%。总营收为19.416亿元人民币（约合2.716亿美元），比去年同期的15.724亿元人民币增长23.5%。净利润为人民币6210万元（约合870万美元），与上年同期的人民币4490万元相比增长38.3%。不按照美国通用会计准则，净利润为人民币6470万元（约合910万美元），与上年同期的人民币4900万元相比增长32.0%。营收成本为16.123亿元人民币（约合2.256亿美元），比去年同期的13.027亿元人民币增长23.8%。运营开支为2.345亿元人民币（约合3280万美元），比去年同期的1.994亿元人民币增长17.6%。归属于寺库普通股股东的净利润为人民币6090万元（约合850万美元），与上年同期的人民币4390万元相比增长38.7%。每股基本和摊薄收益分别为2.43元人民币（约合0.34美元）和2.33元人民币（约合0.33美元），而去年同期每股基本和摊薄收益分别为1.74元人民币和1.67元人民币。每股美国存托股基本和摊薄收益分别为1.21元人民币（约合0.17美元）和1.17元人民币（约合0.16美元），去年同期分别为0.87元人民币和0.84元人民币。不按照美国通用会计准则，每股基本和摊薄收益分别为1.53元人民币（约合0.35美元）和2.43元人民币（约合0.34美元），而去年同期每股基本和摊薄收益分别为1.90元人民币和1.83元人民币。不按照美国通用会计准则，每股美国存托股基本和摊薄收益分别为1.26元人民币（约合0.18美元）和1.22元人民币（约合0.17美元），而去年同期分别收益0.95元人民币和0.91元人民币。截至2019年9月30日，寺库网拥有现金和限制性现金7.587亿元人民币（约合1.061亿美元）。业绩展望：寺库网预计，2019年第四季度营收将达到人民币22亿元至23亿元，同比增长 22.7%至28.3%。（李明）
离职“套路”有多深？我们聊出这些血泪故事,来源：《中国经济周刊》记者 孙冰 | 北京报道“裁员”话题近日刷屏。对于过了35岁的职场人，似乎谈到裁员话题都会“瑟瑟发抖”。当职场“中年危机”来袭，当离职或者被离职不可避免，想要拿到“应得的”补偿似乎并不容易。近日，《中国经济周刊》记者采访了多位企业主、资深人力资源经理、公司法务和劳动法律师，以及其他职场人士后发现：员工离职时被“套路”的惨痛经历并不少见；当然，也有被员工“套路”的老板，痛陈普法“学费”昂贵。生活永远比电视剧精彩，这些“别人”的故事，或许也能给你一些启示。“无固定期”越来越难资深HRD（人力资源总监）应军的微信朋友圈头像是皇家马德里球员本泽马，这是因为他确实是皇家马德里的球迷，但更重要的是，本泽马“背锅侠”的绰号让他感同身受（注：因为一输球就有球迷吐槽本泽马，“都怪本泽马”甚至成为了网络热梗）。“其实HR就是一个背锅的角色，我们既无法决定一个人的去留，也无法决定以多大的成本裁掉他，我们只是执行者。”应军告诉《中国经济周刊》记者。比如裁员尽量让员工主动离职，离职补偿率不得高于15%，总预算也是有严格限制；所有无固定期合同都需要董事长特批（潜台词就是不批），最好无固定期合同员工“零新增”；产假员工总数也有Quota（限额）……“这些就是我的KPI。有时候，老板就说一句：让这个人走，马上，不给补偿，办法你们自己想。你能怎么办？只能尽量让过程有温度些，尽量润滑双方的关系。”应军说。2008年，新《劳动合同法》开始施行，其中对企业影响最大的规定之一就是其中关于无固定期限劳动合同的签订条件，如劳动者已在该用人单位连续工作满十年；用人单位和劳动者已经连续订立两次固定期限劳动合同。“一些知名大企业率先使用更换公司主体与员工重新签约的方式规避无固定期合同。对于这种变通，相关部门并没有给予处罚，这相当于开了个坏头，于是，很多公司开始效仿。”从事多年公司法务工作的李化告诉《中国经济周刊》。“但是，这也不能全怪企业‘无情’，无固定期合同对于企业确实是较大的负担，一些责任其实需要社会和企业共同承担。”李化说。应军说，即使是业务部门非常想留下的人，到第三次签约，他们也会先办理离职，再重新入职。当然，这是有补偿的，也是自愿的。“公司所有人都一样，而且也不是一家公司如此，所以员工虽有不满，但还没有产生什么太大的影响。”他说。应军公司所在的行业是一个高薪但是竞争非常激烈的领域，公司员工的平均年龄只有28岁，这样的公司显然是养不了“闲人”，甚至只要“超人”。“员工岗、专家岗、总监岗每个级别都有对应年龄上限，如果超过，你就会成为优化的对象。”他说。但让员工“主动离职”哪有那么容易？应军说常用的手段是严格考核、调职调岗调换工作地点等。比如，公司的制度设计得非常严格，甚至是几乎达不到的那种，但考核较松，员工会以为就是规定里面说说而已。但一旦想让你走，只要严格考核就可以。“给高薪，只用一个人最好的十年，给他两个人的工资，让他做三个人的工作，这肯定是最划算的。控制好员工数量，也可以避免组织太大，效率降低。”应军说，“这样做很冷血，但这就是商业和生意，是需要越早看清越好的现实。”在某网站进行的“高薪996”还是“低薪朝九晚五”的调研中，超过70%的人选择了“高薪996”。离职可能要“坐牢”，不是“新闻”Ada大学毕业就进入一家知名互联网公司工作，“被离职”时司龄十三年。一年前，她所在的业务线被卖给了另外一家互联网公司，她和团队按照两家公司的协议保留工龄和职级进入了新公司。“虽然表面一片祥和，但其实我有预感，员工或许能留下，但原来的Leader都会被洗掉的，只是没想到过程会如此狗血。”Ada告诉《中国经济周刊》，她其实是做好了被Fire的准备。“但我的青春都给了这里，我应该得到我应得的。”Ada说，按照她的年薪和工龄，以最低的N+1计算，离职补偿也是要大几十万的。很快，Ada遭遇了裁员的“经典套路”：调职调岗。“我的Boss先是跟我谈，要升我一级但要调去西南区，去开拓新兴市场。我的客户资源都在北京，我在西南区不要说客户，连个认识的人都没有，即使我咬牙去了，也不可能完成那个高得离谱的KPI，一年之后一样走人。”Ada说。但Ada也不是吃素的，她先是表示同意安排，但私下沟通跟随了自己多年的大客户。“十几年的交情不是那个新业务总监承诺的一两个点的优惠能够替代的。”她说。多个重要客户表示，如果Ada走了，他们也会走。老板无奈，只能让Ada继续留在北京。“我万万没想到的是，他们开始出昏招：说有人举报了我有经济问题，并泄露公司商业机密。老板暗示我主动辞职，公司便不予追究，否则就报警，交给公安来查。”Ada说，她咨询了律师，但律师的话更让她心凉，因为律师跟她说：你能保证你过手的每一笔钱都没有问题吗？你说这是老板让你这么办的，你有录音吗？想找一口锅来给你背，太容易了。“如果在原公司，公司还会投鼠忌器。但新公司无所谓，查出事儿也是原公司的问题。律师跟我说 ‘你没有筹码’。”Ada很无奈。周围的人也都劝她，没必要死磕，光脚的可以不怕穿鞋的，但毕竟你脚上也有鞋，还不如抓紧找份新工作。Ada说她最终妥协了，主动提出离职。虽然没有拿到离职补偿，但Ada并非完全没有筹码，多年积累的人脉和客户再次帮了她。“以我的级别，公司之前最多能给六个月竞业期工资甚至没有（签署竞业禁止协议期间，公司会发放给员工原工资的50%，但要求员工不得到合同规定的公司工作），但我最终拿到了18个月的竞业薪资。”她说。这个“带薪假期”足够Ada放松身心和重新出发了。但她说，她打算完成一直以来的愿望：生娃。“你是因为工作原因不敢生宝宝？”记者问。“不是，我还没结婚。我没时间陪男朋友，只有时间陪客户。”Ada说。“裁掉一个中层的成本可能够裁掉10个员工，而裁掉一个高管的成本可能等于100个员工。员工的钱，老板和HR会尽量给，万一闹事，得不偿失。”李化说，而同时他发现，很多公司在用举报职务侵占和经济犯罪来达到裁掉高管的目的。“一个公司VP或者一个业务线总经理，能完全没事儿？想留你，眼睛会闭上一只，想让你走，就会睁开。”他说。资方也弱势：Fire难，Hire更难邵林5年前离职创业，目前经营着一家几十人的小公司。与大公司整天琢磨着优化裁员相比，邵林愁的是如何招来和留住员工。“我没有什么资本套路员工，只能尽量不被员工套路。”邵林告诉《中国经济周刊》。一次，邵林收到了一份履历特别好的简历，希望应聘公司的大区销售岗位。于是，邵林给他开了很高的底薪。但3个月过去了，这个人完全没有业绩。“按照公司的规定，是应该马上辞退的。但我太希望留下这个人了，觉得可能是新业务需要时间适应吧，于是又给了他3个月时间。”邵林说。但这个人依然是完全没有业绩，最后他很真诚地跟邵林道了歉，并引咎辞职了。“后来我才发现，这个人同时应聘了很多家公司去做销售，但从来不工作的，当然也肯定不会有什么业绩。他同时拿着几家公司的底薪，已经足够他生活得很舒服了。”邵林说。该交的学费还是要交的。邵林后来咨询了律师，能否追回发给这个人的工资，但因为取证困难，邵林公司本身的考核制度也不完善，只能作罢。于是，邵林痛定思痛，决定即使是小公司，也要尽量规范管理，请专业律师起草劳动合同和公司考核制度，并认真学习《劳动合同法》。从事公司法务工作多年的李化也建议，公司考核一定要认真，最好有书面记录。对员工的处罚也一定要有书面证据。“否则裁掉不合格员工时走仲裁，企业是活该败诉的。而对于员工也是一样，如果对考核低分有异议，一定不能签字。不合理必须当场坚持修改，不要求全。公司业绩好或许无所谓，但一旦公司业绩有压力时，你可能会随时被要求走人。”他说。（应采访对象要求，文中应军、李化、Ada、邵林均为化名，涉及的公司已隐去名称。）
腾讯起诉微信群控外挂厂商 法院：立即停止销售,来源：法制网因武汉某科技公司开发“批量控制微信”群控外挂破坏微信社交生态，2019年8月，腾讯公司以不正当竞争为由将其起诉至深圳市中级人民法院。腾讯公司认为群控设备提供的微信公众号刷量、自动发布朋友圈、自动点赞、虚拟GPS定位，批量添加附近的人等违规功能，破坏微信生态系统，严重影响微信用户体验。近日，深圳中院作出诉中禁令，认为该公司销售的群控软件，针对微信批量营销功能产生的大量虚假流量，会欺骗、误导微信用户，严重损害消费者的利益，破坏微信生态以及互联网的竞争秩序，令被告立即停止销售、宣传、推广群控软件。该公司辩称自己的行为是创新，并未以技术手段直接入侵微信软件系统。但法院没有认可此说法。法院认为，互联网的发展有赖于自由竞争和技术与商业模式的创新，但是自由竞争应当以不侵犯他人合法权益为边界，不是所有新出现的技术与商业模式都属于创新，任何人不能以自由竞争和创新为名任意干涉他人的技术产品或者服务，实施丛林法则。法院认为，武汉某科技公司在违反微信软件许可及服务协议和使用规范的情况下，且未经申请人许可，在微信上进行规模化、自动化营销活动的功能，给申请人造成实际损害，这种以伤害其他经营者正当合法利益为代价的竞争不符合商业道德，也不应当被法律所认可。在法院作出诉中行为裁定后，被告在其官网发表致歉声明，称其研发、销售的微信群控营销系统，严重破坏了微信基础的社交生态，已经全面停止研发、运营、销售。
谷歌再爆报复性解雇员工事件 或因加入劳工团体,新浪科技讯 北京时间12月5日晚间消息，据国外媒体报道，谷歌日前在芝加哥遭到一起投诉，指控谷歌非法解聘员工。这也是针对谷歌一系列此类指控中的最新一例。昨日，美国国家劳资关系委员会（NLRB）芝加哥地区办公室接到一起投诉，称谷歌非法解雇广告业务部门一名或多名员工，主要因为他们加入或支持了一个劳工团体，并对谷歌的雇佣条款和条件提出抗议。此外，该投诉还指责谷歌制定了一些不合理的规定，如禁止员工讨论工作条件，阻止他们支持劳工团体等。这份投诉指出，谷歌解雇相关员工是一种报复性行为。就在同一天，美国国家劳资关系委员会还表示，在感恩节前几天被解雇的四名谷歌前员工（被称为“感恩节四人组”）计划向该机构提起不公平劳动行为指控。当地时间11月25日，谷歌以“违反数据安全政策”为由解雇了位于纽约的四名员工，从而将管理层和员工间的紧张对峙状态推向了顶峰。谷歌称，这四名员工不当获取了公司内部信息并向媒体泄密。但这四名员工则称，他们是谷歌报复行动的牺牲品。他们之所以被解聘，主要是因为他们从事一些工人组织行动让谷歌感到不满。对此，谷歌一发言人昨日通过一份电子邮件重申：“我们解雇那四人，是因为他们故意且经常反复违反我们的长期数据安全政策，包括系统性地获取和传播其他员工的材料和工作。没有人因为给公司带来麻烦或讨论公司活动而被解雇。”事实上，之前也有报道称，在过去的两年里，谷歌员工一直在有组织地抗议公司的相关决定，包括其与美国军方的合作，对被指控性骚扰的高管的处理，及对待临时工和供应商的方式等。为了应对“特别善于提意见”的员工，谷歌在2018年5月特地雇佣了顾问公司，修改公司条例以清理门户。（李明）
为应对Libra压力？法国央行或于2020年测试数字货币,原标题：为应对Libra压力？法国央行或于2020年测试数字货币澎湃新闻记者 蒋梦莹 综合报道据法新社报道，当地时间12月4日，在法国审慎监管管理局（French Prudential Supervision and Resolution Authority，简称ACPR）举办的会议上，法国央行行长维勒鲁瓦表示，由于受到Facebook发布Libra白皮书和其他一些国家的压力，法国央行很快将测试数字货币，并“在2020年第一季度末呼吁出台相关项目”。维勒鲁瓦称，法国致力于数字货币创新。不过，他同时告诫法国需要以“严肃、有条理的”方式试验此项新技术。法国央行当日在其推特账号上也发布了相关信息。据报道，维勒鲁瓦指出，面向零售客户的数字货币将“受到特别警惕”，该计划旨在提高法国金融体系的效率，同时确保对货币的公信力，且旨在维护法国对诸如Facebook推出的Libra之类的私人数字货币计划的主权。根据法国银行的推文，法国央行行长强调法国应成为世界上第一个发行央行数字货币（CBDC）的国家，并为其他司法管辖区提供典范。他说：“我看到迅速发展至少一种中央银行数字货币的好处，这样可以成为全球领先的发行人。”此前，法国经济和财政部长勒梅尔在欧盟议会上呼吁建立“公共数字货币”。勒梅尔曾表示反对Facebook的天秤币项目，称如果该项目未能解决其对货币政策的潜在威胁，法国应当阻止该项目进行。央行的数字货币是基于国家信用、由央行发行的法定数字货币。中国央行行长易纲今年9月在新闻发布会上表示，人民银行在2014年开始研究数字货币，目前取得了积极进展，数字货币会与电子支付工具结合起来，叫数字货币和电子支付一揽子计划。但尚未有时间表，因为将有一系列的研究、测试、评估和风险防范。
与董事会存分歧 Expedia集团CEO与CFO离职,新京报讯（记者 王真真）12月4日，全球在线旅游巨头Expedia集团宣布，Expedia首席执行官（CEO）Mark Okerstrom与首席财务官（CFO）Alan Pickerill辞职。Expedia董事长Barry Diller表示，领导层的变动是由于管理高层与董事会在战略层面存在分歧所致。在Expedia董事会选举出新任领导人之前，董事长Barry Diller与副董事长Peter Kern将负责集团的日常运营管理以及监督管理高层团队；首席战略官（CSO）Eric Hart将担任代理CFO；董事会则将把重点放在长期领导计划方面。Expedia董事长Barry Diller表示，领导层的变动是由于管理高层与董事会在战略层面存在分歧所致。今年年初，Expedia着手进行了一项重组计划，旨在更有效地整合集团的品牌和技术。理论上合理的重组计划已实质性地转移了集团对现有运营业务的关注，这也导致了Expedia第三季度业绩表现以及短期前景不佳。但董事会不认同这种前景，也不认同已离职管理高层的增长愿景，董事会坚信Expedia在2020年能够实现加速增长。上述分歧导致了此次领导层的变动。同时，Expedia还宣布了一项新的股票回购计划，集团最多可再回购2000万股普通股，这是对Expedia现有授权下可用的900万股股票的额外补充。在此回购计划下，Expedia目前拥有约2900万股股票。Expedia副董事长Peter Kern指出，虽然投资界对Expedia第三季度的业绩表现不满，“但我们更加关注未来机遇。我们相信在这个充满活力的在线旅游行业，Expedia仍有较大机会提高收入和利润。此外，鉴于我们认为当前市场低估了Expedia的价值，我们打算利用强大的资产负债表来继续并扩大股票回购计划。”Barry Diller则表示，“我将购买公司更多的股份，这是我对Expedia未来前景的信心和承诺的一个具体表现。”11月7日，Expedia公布的2019年第三季度财报显示，期内Expedia总营收36亿美元，同比增长9%；营业利润6.09亿美元，同比减少9.38%；净利润4.09亿美元，同比下滑22%；稀释后每股收益为2.71美元，相比去年同期的3.43美元下滑了21%。Expedia发布第三季度财报后第二天，其股价暴跌27.39%，创下了有史以来最大单日跌幅。而此次人事变动消息公布后，Expedia股价上涨了6.21%。新京报记者 王真真
支付宝回应App崩了：机房网络出现短暂抖动 已恢复,新浪科技讯 12月5日下午消息，下午，众多网友反馈，支付宝App崩了，对此，支付宝回应称，刚刚，支付宝的机房网络出现了短暂抖动，影响了部分用户的使用体验。一切已经恢复正常，大家的资金和信息安全不会受到影响哈。
滴滴发布前三季度安全透明度报告 公布醉酒乘车数据,12月5日，滴滴对外发布2019年1-3季度《醉酒乘客安全透明度报告》。这是今年滴滴发布的第四期安全透明度报告，也是滴滴首次对外公布醉酒乘车数据情况。报告显示，2019年1-3季度，滴滴收到醉酒乘车引发的投诉37607件，相当于客服每10分钟受理1起。其中，乘客醉酒引发的冲突投诉4479件，占冲突投诉总量49.1%。醉酒引发的性骚扰投诉1170件，占安全类投诉总量0.14%。报告显示，在越严重的冲突中，乘客醉酒占比越高。2019年1-3季度，有人受轻伤及以上的冲突投诉中，由醉酒引发的占比51.9%；有人受轻微刮伤的冲突投诉中，由醉酒引发的占比49.2%；言语冲突投诉中，由醉酒引发的占比48.9%。乘客醉酒乘车也可能导致言语或肢体类性骚扰投诉，其中，大部分是言语骚扰投诉，但是在少量的肢体骚扰投诉中，司机投诉乘客占比87.6%，乘客投诉司机占比12.4%。值得注意的是，男司机投诉男乘客肢体骚扰的比例占52.9%。酒后不开车，开车叫代驾是很多车主的重要选择，但是仍有很多车主因醉酒与司机发生冲突，甚至强行赶司机下车，造成安全隐患。据统计，滴滴代驾中，因异常情况中途结束订单的超过1%。自2018年9月4日开展安全攻坚以来，滴滴APP迭代25个版本，推出、升级20余个安全功能和策略，覆盖行程前、行程中、行程后全过程，尝试推出了“加密行程录音、录像” “黑名单”等新功能。此外，滴滴还针对醉酒乘车推出一系列安全措施。2019年8月，滴滴在全国上线醉酒报备功能。滴滴平台统计数据显示，醉酒报备功能今年8月上线以来，司机日均报备乘客饮酒11万订单，其中52%是深夜报备；乘客日均报备自己饮酒8.6万订单。所有乘客报备的订单中，肢体骚扰投诉为0。据介绍，对报备醉酒的订单，滴滴会给予更多关注和保护。行程前，乘客报备醉酒可添加临时联系人。遇到紧急情况，平台会向临时联系人发送短信提醒。行程中，当行程轨迹异常停留时，乘客会收到平台安全提醒。到达目的地后，乘客还会收到叫醒的提醒。上述报告显示，醉酒报备功能上线后取得初步成效。2019年1月-7月，乘客醉酒引发的肢体骚扰投诉占性骚扰投诉总量30.2%，8月-9月上述比例降至19.2%，相当于降低36.4%。用户调查显示，98% 乘客认为醉酒报备有必要。96% 乘客认为到达目的地后，平台向乘客提供目的地叫醒服务很贴心。虽然采取了一系列措施，但当前的醉酒场景治理仍面临很多挑战。乘客醉酒独自乘车，可能会引发冲突、性骚扰、交通故事等安全隐患。在此之前，滴滴已经陆续发布了三期《安全透明度报告》，分别是2019年一季度《车内冲突安全透明度报告》、2019年上半年滴滴与警方携手共建安全六项进展以及2019年一季度《滴滴协助寻找“失联”用户数据透明度报告》。除了持续公开、透明安全运营情况，邀请社会各界共同参与提出意见和建议，滴滴已经成立了集团和各事业部各级安全委员会，层层落实安全生产责任制，不断迭代安全功能和升级安全策略。目前，滴滴安全管理工作已经逐步走向正轨。在安全响应方面，对于疑似安全进线，滴滴可在10分钟内升级流转至安全响应团队；警企合作方面，98%的调取证据工单都在10分钟内完成，平台上的案件破案率保持100%；今年1-10月，滴滴协助警方办理相关黑产案件20宗，已抓获嫌疑人339人。2018年9月，滴滴出行CEO、安全管理委员会主任程维在内部信中提出“All in安全”的口号。今年滴滴还对外公布，2019年公司预留安全经费投入预算超过20亿元。但安全对于滴滴而言更是持久战。程维在12月2日滴滴举办的交通安全日活动上表示：“安全工作不会一蹴而就，要持续地投入，警钟长鸣就是我们安全工作的常态。
拜腾汽车引入C轮新资方日本商社丸红 双方还将合作,原标题：新造车募资困境中，拜腾汽车引入C轮新资方日本商社丸红李勤36氪从核心知情人士处获悉，日本商社丸红公司今日与拜腾签订协议：在资本方面，丸红将参与拜腾汽车C轮融资；在业务层面，双方也将在出行服务、能源解决方案、拜腾汽车的海外生产和销售上，达成战略合作。36氪还获悉，拜腾汽车的C轮融资还在进展过程中，尚未close，但一汽集团、南京旗下的产业基金、韩国供应商Myoung Shin Co.都已经确定参与其C轮融资。前述人士对36氪称，各投资方的资金已经陆续到账。此前，拜腾曾公开表示过C轮融资目标为5亿美元。丸红株式会社（MARUBENI CORPORATION）是日本五大综合商社之一，业务涵盖金属、矿产资源投资和贸易等领域，据公开资料，该公司已有一百四十多年的历史，总部设在东京和大阪，资本金1940亿日元。中国新造车公司在2019年遭遇融资难题，包括拜腾汽车在内，也都将融资触角延伸到海外。10月初，有媒体报道称，奇点汽车第二次获得日本伊藤忠商事株式会社战略投资，投资金额为近1亿美元。更早的9月26日，拜腾汽车曾宣布与韩国供应商Myoung Shin Co.达成战略合作，后者将参与拜腾的C轮投资，双方同样要在本地制造、销售、供应链和投资等多个领域展开合作。拜腾汽车CEO戴雷此前也曾向36氪透露，借助此类资本层面的合作，拜腾汽车也将以CKD（零部件拆散再组装）的方式在海外市场实现生产。拜腾首款量产车M-Byte是一款5座SUV，定位中高端市场，其标志性的设计是搭载48英寸的共享全面屏，配备语音控制、人脸识别、隔空手势、主副驾驶触控屏等交互设计。拜腾汽车今年上半年曾公开称，预计在今年年中完成C轮融资。然而，随着蔚来汽车股价大幅下滑，一二级市场对新造车领域的投融资情绪转向观望和悲观，拜腾的募资节奏显然也晚于他们最初的预估。而随着融资推迟，对产品量产进度的影响显而易见，拜腾首款车的量产时间也延后半年，从此前所说的2019年底推迟至2020年中。这次新投资方/战略合作方的加入，对拜腾以及低迷中的新造车公司们来说，都是一个好消息。
"信号差致访学女教师""失联"" 美国信号到底有多""捉急""?",本月初，12月1日晚，一则寻人启事引起人们关注：在美国进行访学的浙江传媒学院英语老师王绵绵于美国东部时间11月29日上午9点后失联。消息一经发出，引起国内舆论高度关注，很多网友揪心之余，也在帮忙转发寻人。北京时间12月2日凌晨，王绵绵老师出现在朋友圈，称：“美国手机信号太差了……原本打算路上保持联系，没想到美国这边连高速公路都没有信号，偶尔在经过镇子的时候有一格，刚打开手机打算发信息信号就消失了……鞠躬鞠躬。”随后，浙江传媒学院在官方微博发布消息称，该校在美国做访问学者的王绵绵老师已经找到。由于手机信号不稳定，所以导致“失联”两天。好在是虚惊一场。但庆幸之余很多网友也表示难以置信——美国科技全球领先，都9102年了，怎么手机信号这么“小”的问题还能把人弄“失踪”？《热评》特约评论员徐德智走上纽约街头，实地随机检测了一把手机信号——事实证明，身处繁华的曼哈顿，除了地铁站里信号不错，街头、影院的信号和网速都比较差。而在地铁里，干脆没有信号。之前有人看到欧美一些国家地铁中乘客看书看报，而中国地铁乘客都在玩手机，感慨外国人爱学习而中国人太浮躁。其实是因为有些国家地铁上根本没信号，想玩手机而不可得。事实上，手机信号覆盖不强才是世界常态——目前全世界有约600万座4G基站，其中有460万座在中国，约30万座在美国。中国人均4G基站拥有量是美国的2.5倍。在全球大国中，中国的手机信号覆盖率是遥遥领先的第一名。在国内，“村村通”系统工程的推进，使铁塔、信号基站“不计成本”地覆盖到了成千上万的行政村甚至偏远山区，且资费不高于城镇地区。要知道，这本是一项“反市场规律”的政策，因为越是繁华地区，电信建设和运营成本就越低。在上海外滩的高楼上安置几架基站天线，就可以覆盖成千上万个高收入人群，一个运营商的员工骑辆电动车就可以维护几十个基站。而在偏远地区，建一个基站就必须有一座成本最低30万元人民币的铁塔，建成后可能只覆盖一个村，一个月收到的话费连电费都不够，更不用说翻山越岭地拉电线接光缆了。因此，偏远地区建基站注定是桩“赔本买卖”。但是，在制度安排下，三大运营商各自领取了几千个行政村的任务，不计成本地建设，经过十多年的艰苦努力，中国偏远农村的手机信号比大多数欧美国家的首都都强。而美国的电信运营则是走市场化路线，简单描述就是哪里有钱哪里就有信号，私营企业没有义务做赔本买卖，政府也无法给运营商下任务。原本美国的补救措施是，允许包括华为在内的中国运营商承揽美国农村地区的通信工程。可现在……农村基站谁来接手呢？（视频：《热评》特约评论员 央视驻纽约记者 徐德智 文字：综合自央视新闻、《杭州日报》、环球网等）
业界首款半开放式主动降噪 华为FreeBuds3发蜜语红版,新酷产品第一时间免费试玩，还有众多优质达人分享独到生活经验，快来新浪众测，体验各领域最前沿、最有趣、最好玩的产品吧~！下载客户端还能获得专享福利哦！今天下午的华为nova6 5G发布会上，华为FreeBuds 3无线耳机带来了全新蜜语红版本，360度钢琴烤漆工艺，质感通透。售价1199元，将于今天下午18：08预售，12月12日0点开售。至此，华为FreeBuds 3无线耳机共有黑、白、红三款，满足不同消费者的需求。在连接速度方面，华为FreeBuds 3可实现“开盖即连”，而且声音延迟方面，华为FreeBuds 3支持同步双通道蓝牙传输，游戏音频延时低至190ms。续航方面，华为FreeBuds 3单次充电即可播放4小时，搭配电池盒最高可支持20小时播放，而有线/无线充电/反向充电。音效方面，华为FreeBuds 3搭载了14mm高动态动圈单元，且有专用低音导管。华为介绍称，这是业界首款半开放式主动降噪耳机。同时华为FreeBuds 3搭载了骨声纹通话降噪专利防风噪与流线型麦克风风道设计，在20km/h的高速骑行中，通话质量依然清晰。
惊涛骇浪中的华为，为什么起诉美国联邦通信委员会？,来源：21Tech 作者：倪雨晴FCC的大棒打向了谁？华为高管曾说：“我们已经习惯在’实体清单’下生存。”然而，在516的清单之后，美国的打击并未停歇，最新的禁令来自政府机构——美国联邦通信委员会（FCC）。FCC于11月22日通过一项决定，将华为认定为美国国家安全威胁，并禁止美国农村地区运营商使用通用服务基金（USF）购买华为设备，这笔基金高达85亿美元（约600亿人民币）。对此，华为迅速进行了反击。12月5日，华为正式在美国法院提交起诉书，请求法院认定FCC有关禁止华为参与联邦补贴资金项目的决定违反了美国宪法和《行政诉讼法》。在向美国联邦第五巡回上诉法院提交的起诉书中，华为认为FCC直接认定华为构成国家安全威胁，没有给予华为就相关指控进行反驳的机会，违反了正当程序原则。华为首席法务官宋柳平在当天的发布会上表示：“仅仅因为华为是一家中国公司就禁止我们，不能解决任何网络安全问题。”华为同时认为，FCC并未提供任何证据或合理的理由来支撑其武断随意的决定，违反了美国宪法、《行政程序法》等美国法律。眼下，这一禁令尚未实施，华为将有30天的时间来对这一禁令进行抗辩，而强制移除设备的最终命令最快明年出台。但是在此期间，华为也需要对美国、对全世界进行发声，让大家了解禁令的不合法之处，同时提升华为的声望。要知道，华为在美国的业务其实很少，主要分布在这些农村地区，为小运营商们提供低成本的网络部署。华为企业沟通部副总裁宋凯在接受21Tech在内的媒体采访时就说道：“华为在美国的收入，比起集团的收入可以忽略不计，对比华为在美国110亿的采购额来说，也可以忽略不计，过去几年我们的美国销售人员也在递减。”因此，更严重的是“美国国家安全威胁”的名头，给华为带来声誉和名誉上的损失。宋柳平就谈道：“最近一段时间以来，美国政府和政客向世界各国施压，让他们不选择华为设备，这是政治干预市场的行为，这会影响市场竞争。”毫无疑问，FCC的禁令直接瞄准华为，但是最终的买单者恐怕还是美国民众。因为这直接关系到美国偏远乡村的民生问题。宋凯表示，FCC的这项决定不利于提升美国农村地区的联接水平，因为这些地区依赖华为的设备来接入网络，而其他厂商不愿意在“非常偏远、地形条件艰苦以及人口稀少的”地区开展业务。他还表示，这项禁令以及随后发布的移除和替换华为设备的提案，将带来数亿美元的额外成本，甚至会导致一些小型运营商破产。同时，这些运营商、以及相关协会都纷纷投反对票，例如，代表美国小型电信运营商利益的乡村无线协会说，其55个会员运营商中有四分之一使用华为等中国公司设备，覆盖科罗拉多、犹他、堪萨斯、内布拉斯加、蒙大拿、怀俄明、爱达荷、南达科他等多个州的乡村地区。众多有小运营商表示，很难找到大的设备商来农村地区建设网络，一家运营商Sagebrush表示，如果按照新规定，更新网络的话，预计要花5700万美元。一个无理、糟糕的预先审判但是，FCC并没有听取这些意见。宋柳平在声明中表示：“华为还提交了21轮详细意见，阐述该决定对偏远地区用户和企业的伤害。但FCC却无视所有这些意见。”他还说道：“美国农村地区的运营商，包括蒙大拿和肯塔基的小镇、怀俄明的农场等地区的运营商，之所以选择与华为合作，因为他们认可华为设备的质量和安全性。FCC不应该禁止华为和运营商合作为美国农村地区提供联接服务。”美国不惜花费更大的代价，也要排除华为、中兴的设备。据报道，美国自去年成立了新的基金会DFC（International Development Finance Corporation），最近计划出资600亿美元来扶持这些农村地区的运营商购买设备。另一方面，华为认为，FCC违反了美国宪法。宋柳平说道，FCC主席Ajit Pai和其他委员未提供任何证据，来证明他们认为华为构成安全威胁的指控。自2018年3月FCC首次提出这项提议开始，华为和美国农村地区运营商提交了多轮事实依据和反对意见，但FCC却对这些事实依据和意见完全忽视。而案件首席律师Glen Nager表示，FCC未按照相关标准就通过了这条针对华为等中国公司的决定，且FCC自身也承认是针对中国公司。Glen Nager还说，该规则还超越了FCC的法定权力，因为FCC没有权力做出国家安全认定，也没有权力基于该判断限制USF基金的使用。此外，FCC也没有国家安全方面的专业认定能力。“FCC并不是基于证据做出这一判断，而是基于对中国法律的根本性误读以及不合理、不可靠和不可接受的指控和影射。该决定纯粹是一个无理、糟糕的预先审判。”华为法律政策和IP战略副总裁樊志勇则谈道：“从去年6月到今年10月，我们提交的中国法的报告有11份，都是关于中国安全相关法律的，没有一条让华为开后门。但是FCC忽略了意见，甚至把法律翻译错了。”他还表示，在一年多的过程中，华为做了很多努力，希望和美国对话，“我们也希望约见FCC委员，但是FCC只安排了下属见面。但是FCC会和华为的竞争对手见面，讨论对华为的政策….他们并不能做出客观的判断。”惊涛骇浪下的生存近日，华为创始人任正非在接受采访时也回应了这个话题，他表示：“华为公司是商业公司，目的就是为全球人类提供良好的信息服务，我们不是以政治目的为中心的。本着这个原则，在非洲、在高山、在热带雨林……很多艰苦地区，我们都去提供服务。当然，我们也愿意给美国人民提供服务。当年我们希望给美国大运营商提供服务，但是给大运营商提供不了服务，就给一些小运营商提供服务，以体现我们的价值。因此，美国政府这个决定是违反了政府要为人民服务的政策的，那是由它和它的人民去沟通解决的问题，我们只是一个供应商，不介入解决问题的冲突。但是美国政府这样做是违反宪法的，因为美国宪法表示就是要为老百姓服务。”现在，给小运营商提供服务也面临困境。此次诉讼能否获胜，也还是一个未知数。“不知道运营商是否会加入诉讼，但是他们提交了90份意见，其中，58%，即52份是反对FCC的意见，是支持华为的。运营商签字的证词中，说道用华为的设备是没有出现过安全问题。使用华为，是因为其他厂商报价是华为的2-4倍，但是这些意见都没有被采纳。”樊志勇告诉记者。最终华为能否在美国讨回一个公道，还需要看发展态势，但是需要让外界知晓其中的逻辑。华为并没有大举进入美国地区，做的其实是苦活累活，挣得是国外公司不愿意参与的辛苦钱。政府需要去补贴乡村地区才能建立通信网络，运营商需要依靠补贴才能存活，对于美国偏远地区的人民来说，能够通信是福利福祉，即使如此，FCC还进行阻拦，要花更高的成本去铺设网络。美国自己的大运营商都不愿意去做，只有华为、中兴等中国企业愿意进入这些低利润的地区。和实实在在的民生问题相比，政治手段显然站不住脚。更何况，为什么用着用着，这两年突然就不安全了？而连网络铺设都困难的偏远地区，所谓国家安全又是指什么？当然，在记者看来，华为打官司也并不一定是要拿回这些业务，业务对他们来说占比少，利润薄，更重要的是提高在美国的名望，在国际上对美国政府形成打击。从去年年底孟晚舟事件、到今年的516事件，再到如今的打击，表面看起来是美国政府一波一波的攻击，但从长期来看，这或将是美国持续性的常态化的打压。也只有全球化的巨头企业，华为、谷歌、高通等，时不时就打官司，谷歌和欧盟的冲突也是类似的案例。作为全球化企业，也应当拥抱冲突、处理冲突，行驶在全球的海洋上，也不可能风平浪静，而是惊涛骇浪中前行。更进一步说，从华为走向世界开始，我们的企业已经不仅仅是大陆性企业，而是从大陆属性变成了海洋属性的企业，向外航海。而企业从大陆来到海洋，一路上碰到海盗的几率也增加了，如今中国的全球化产业从产业链底部到了中部，甚至从中部到了上部的时候，冲突就变大了。对于华为来说，在充分和世界接触的过程中，商业边界必然和强者产生碰触。一年多来，美国对华为的打击是比较特殊，未来华为也将继续接招拆招。面对前方更多的冲突，也将打造更坚实的航母来护航。
华为nova6系列发布：前置DxO第一 双模5G旗舰配置,新浪手机讯 12月5日下午消息，时隔半年nova系列再次更新产品，推出nova6 5G、nova6、nova6 SE三款产品。作为主打的华为nova6 5G是nova系列的首款5G手机，支持双模5G的同时也搭载了旗舰级麒麟990处理器，nova系列主打的自拍功能也继续升级。另外nova代言人易烊千玺也来到了活动现场。发布会上，华为消费者业务手机产品线总裁何刚发布了全新nova6系列。nova6分为4G和5G两个版本，而华为nova6 5G是本次发布会的主推产品。外观上，nova6系列正面采用了一块6.57英寸双摄极点全面屏，“胶囊”形的打孔下容纳了一颗3200万像素摄像头和一颗800万像素超广角镜头。为了满足屏幕打孔的需要，屏幕使用了LCD材质，指纹解锁也由上代的屏幕指纹解锁，改为了侧边指纹解锁和电源键一体化设计。此外，nova6系列的屏幕也得到德国莱茵护眼认证。机身背面基本延续了nova5系列的设计，三颗摄像头的模组竖直布置在机身左上角。使用“3D玻璃+三维光影”的工艺，带来了全新的普罗旺斯配色，采用业界首创双层双镀工艺，呈现更加丰富的色彩光影。蜜语红配色延续nova5星耀版的个性设计，印有nova超级符号元素。除此之外还有经典的亮黑色与苏音蓝两种经典配色。机身尺寸方面，华为nova6 5G厚8.98毫米，重约212克，华为nova6厚8.56毫米，重197克。影像系统方面，自拍仍然nova6系列的最大亮点。华为nova6 5G前置担任主摄的是一颗使用索尼 IMX616传感器的3200万像素自动对焦镜头。与大部分前置镜头只能在30-50厘米的范围内对焦不同，nova6 5G的前置主摄的对焦范围达到了20-120厘米，可以在特写镜头和自拍杆之间的摄距上提供良好的对焦效果。另外新增一颗800万像素105°超广角摄像头，新增的AI分层畸变矫正技术，可以将人像与背景分割，运用不用的技术分别进行畸变矫正处理。4G版本的nova6不搭载自动对焦功能。在发布会前，DxOMARK官方也正式公布了华为nova6 5G手机前置摄像头得分，总分达到100分，其中照片得分为105分，摄像得分为93分，排名榜单第一名。DxOMARK介绍称华为nova 6 5G前置摄像头图像呈现了良好的曝光和宽广的动态范围，大多数条件下的细节保留都很到位。但有出先了在高光下和室内偶尔会出现黄色/绿色色偏，肤色偶尔不自然，失去局部纹理等问题，华为nova6系列后置搭载4000万像素超感光主摄+800万像素3倍光学变焦镜头+800万像素超广角镜头三摄组合，另有激光对焦模组，可以覆盖高清、远焦、超广角等拍摄场景。另外搭载EIS智能防抖技术，配备RYYB超感光传感器，能在暗光环境下能拍出高清影像。视频拍摄方面，后置最高支持4K 60fps超感光视频录制，前置最高支持4K 30fps视频录制。核心配置上， 华为nova6系列搭载麒麟990旗舰级处理器，采用7纳米制程工艺，拥有8核高性能CPU和全新16核Mali-G76 GPU。5G版本采用巴龙5000 5G基带芯片，支持SA/NSA双模双卡全网通。内存方面，两款机型标准版均为8GB+128GB，nova6 5G另有高配版采用8GB+256GB。除此之外，华为nova6 5G电池容量也升级至4200毫安时（华为nova6 4100毫安时），采用40瓦华为超级快充，30分钟即可充电超过70%，并获得了德国莱茵 TÜV 权威安全认证。散热方面，华为nova6 5G采用D8热管和D2热管进行双热管液冷散热（华为nova6搭载D8单根热管），其中D8热管是管径8mm的超薄热管，是目前业界管径最粗的热管，保证手机的散热性能。随后，华为nova6 SE也在现场发布，正面采用与nova4一样的6.4英寸单摄挖孔屏，后置搭载“浴霸”4800万AI四摄，同样采用侧边指纹解锁。配置上搭载麒麟810处理器，电池容量4200毫安时，同样采用40瓦华为超级快充。拥有樱雪晴空、绮境森林、幻夜黑三种配色。千元价位的华为畅想10S也正式发布。畅享10S采用6.3英寸OLED炫彩全面屏，分辨率为2400X1800，并首次在华为千元机中加入屏幕指纹识别。配置上搭载麒麟710F处理器，拥有6GB+128GB、8GB+128GB两种存储组合。前置搭载1600万像素摄像头，后置搭载4800万像素主摄、800万像素超广角和200万像素景深三颗摄像头，电池容量为4000毫安时，还配有3.5mm耳机孔和TYPE-C接口。拥有幻夜黑、天空之境、翡冷翠三种配色。除此之外，华为WATCH GT2 新年款、华为FreeBuds3蜜语红配色、华为手环4 Pro和华为体脂秤2 Pro也在现场发布。最后价格方面，华为nova6 5G 8GB+128GB标准版售价3799元，8GB+256GB高配版售价4199元，华为nova6标准版8GB+128GB售价3199元，华为nova6 SE 8GB+128GB售价2199元，华为畅想10s 6GB+128GB售价1799元，8GB+128GB售价1999元。新浪点评：本次的nova6系列与过去强调轻薄与颜值不同，更加注重手机性能方面的提升，华为nova6 5G在拥有旗舰机配置的同时，也支持双模5G，同时在电池容量、散热方面进行了相应提升。随着nova系列步入5G时代，也预示着在未来5G可能成为华为全新产品的标配。而在发布会上，华为nova6 5G也以DxOMARK前置摄像头100分的成绩证明了自己的自拍实力，更广的可用对焦范围意味着更加丰富的使用场景。随着技术的发展，前置摄像头已经不再是后置摄像头的补充，而是能以一个不同的视角，去胜任各种各样的拍摄需求。回到自拍本身，无论是硬件的优化和软件的升级，都无法满足每个人对自拍的不同需求。华为nova6 5G能不能成为消费者心中的自拍第一名？我们之后才会知道答案。
考拉回应下架整改:已进行优化升级 新版符合监管要求,新浪科技讯 12月5日下午消息，有媒体报道，考拉海购遭下架整改。考拉方面回复称，的确接到过整改通知，目前已进行优化升级且已合规，“考拉海购App从未下架”。考拉方面表示，11月5日，考拉的确接到过通知，需要就App内的日历权限说明文案进行整改。此前一次线上促销活动，为用户提供了秒杀提醒功能，用户设置后，需要调用用户的日历权限。当时只在活动页面说明，未同步更新进隐私政策。考拉海购一位负责人称，接到通知后，技术团队立即进行优化升级，一周时间完成最新测试版，并于11月25日正式发布。新版已经合规，也符合监管部门的要求。“此次升级，是条款层面的优化。”该负责人说，“考拉海购App从没有下架，而且版本也在持续更新”。
库克马斯克等70位CEO署名呼吁美国重回《巴黎协定》,新浪科技讯 北京时间12月5日下午消息，据国外媒体报道，苹果、谷歌、微软和特斯拉等70多家公司的高管日前发表公开信，敦促美国政府继续遵守《巴黎协定》。虽然特朗普政府已经启动退出《巴黎协定》的正式程序，但科技公司的高管们再次重申他们对该协定的承诺，并敦促美国政府继续遵守协定。这70多家公司的高管在一封公开信中称：“《巴黎协定》已经取得一些进展，但还不够。此时此刻，还需要我们采取更大、更快的行动。”自2017年以来，美国总统特朗普就表示美国将退出《巴黎协定》。今年11月，美国正式启动退出程序，预计至少需要一年左右的时间。除了苹果、谷歌、微软和特斯拉的高管，Salesforce、维珍集团 （Virgin Group）、惠普、Adobe、IBM、Verizon和康宁（Corning）等公司的CEO也在公开信上签名。苹果公司CEO蒂姆·库克（Tim Cook）还在Twitter上公开对此表示支持，称：“人类从未面临过比气候变化更大或更紧迫的威胁——这是一个我们必须共同面对的问题。苹果将继续我们的工作，让地球变得更加美好。此外，我们还将开发一些工具，鼓励其他人做同样的事情。”多位科技公司的高管此前曾表示，他们致力于遵守《巴黎协定》，即使联邦政府不支持该协议。特斯拉创始人兼CEO埃隆·马斯克（Elon Musk）2017年曾表示，如果美国退出巴黎气候协议，他将退出总统的几个顾问委员会。目前，白宫尚未对此发表评论。（李明）
华为Watch GT2新年款发布：外观喜庆 支持红包提醒,新酷产品第一时间免费试玩，还有众多优质达人分享独到生活经验，快来新浪众测，体验各领域最前沿、最有趣、最好玩的产品吧~！下载客户端还能获得专享福利哦！今天下午的华为nova6 5G发布会上，华为Watch GT2也迎来了新年款，提供42mm、46mm两种尺寸。新年款内置多款新年定制表盘，还支持微信红包提醒功能。华为Watch GT2于今年9月底发布，46mm版采用1.39英寸OLED屏幕，最高亮度可达1000nit，支持息屏显示，运用雕刻工艺，简单大气。42mm款更加小巧，曲面表镜温润柔美，具备9.4mm超薄表身，仅重29g。华为Watch GT2一大特色就是采用最新发布的麒麟A1芯片，这是世界首款同时支持蓝牙5.1和低功率蓝牙5.1的可穿戴芯片。其支持离线音乐播放，可存放约500首mp3音乐，让运动更带感。抬腕即可接听电话，方便商务人士办公。其支持15种运动模式，包括户外8种室内7种，满足了主流运动需求，并依用户运动数据分析提供科学建议。该款手表还新增游泳心率监测，在游泳时也能监测心率数值。除此之外，在健康管理方面还有很多提升，新增早搏筛查、血氧饱和度检测还有睡眠呼吸暂停监测等，对用户健康全方位管理。续航方面，华为Watch GT2日常使用可达两周，GPS模式下续航长达30小时。
蔚来11月交付量达2528台 今年已交付17395台,新浪科技讯 12月5日下午消息，蔚来公布11月交付数据，2019年11月蔚来交付量达2528台，创2019年新高。蔚来2019全年交付数达17395台，自2018年6月开始交付以来，全品牌累计交付28743台。蔚来旗下的第二款车型ES6在11月实现了2067台交付，交付至今仅6个月已累计8896台。而蔚来旗下首款SUV车型ES8在11月交付量达461台，环比上涨超50%，全年累计8499台。蔚来创始人、董事长、首席执行官李斌表示：“11月我们再次取得了可观的销售成绩，这有赖于我们依靠新开蔚来空间NIO Space，不断拓展销售网络。截至11月底，我们和合作伙伴已在全国开业37家蔚来空间。加上21家蔚来中心，我们的销售网络已经覆盖全国41座城市。“蔚来强劲的销售成绩也来自ES6在同级豪华中型SUV中体现出的竞争力，以及老用户们的积极背书——用户推荐购车是我们销量上涨的重要原因之一。此外，ES8的销量开始反弹，11月环比增长超过50%。随着更高效的蔚来空间不断开业，我们也在提升现有门店的销售成绩，我们对未来的销量充满信心。”(泽宇)
"外交部回应美指责中国5G供应商""安全陷阱""：很荒唐",原标题 外交部回应美指责中国5G供应商“安全陷阱”：乍听很堂皇，实际很荒唐记者 申杨 李雯婷美国国务院发言人4日发表声明称，华为、中兴等中国电信企业参与一国5G网络任何部分的建设，都将对该国的公民隐私、人权和安全构成重大风险。美国敦促包括伙伴和盟友在内的所有国家，防止不可信赖的供应商参与未来5G网络任何部分的建设。对此，中国外交部发言人华春莹在今天（5日）的例行记者会上表示，美方动辄将安全挂在嘴边，我很想问一问安全的标准到底是什么？究竟应该由谁来裁定和判决？如果一个人既当运动员又当裁判员，还总是不停的在吹黑哨，这个人值得信任吗？这场比赛还会是公平的比赛吗？美方的所谓“安全陷阱”乍听很堂皇，实际很荒唐。如果按照美方的这种只要是中国的东西就是不安全的这样一种荒谬的逻辑，那么是不是中国生产的衣服、鞋子美国人也都不能穿？因为衣服鞋子也中国人生产的，也可能产生安全威胁是不是？我记得不久前我在网上看到微软公司首席执行官比尔盖茨在一场公开活动的时候，他做了一个非常有意思的类比，他也认为这种只要是中国生产的东西就是威胁的逻辑是很荒唐的。他就说中国也购买了波音公司大量的飞机，波音飞机上还有美国大量的软件，如果按照美国某些人的逻辑，中国是不是也应该高度怀疑和不信任，美方会发出奇怪的指令，让波音飞机的引擎突然熄火，中国或者其他国家谁还敢买美国生产的飞机、汽车或者其他任何的电子产品呢？前天我也详细的介绍了，包括英国政府、德国联邦信息安全办公室以及欧盟委员会等机构，经过多年的审查，都没有发现华为存在明显的后门。而相反的多家美国著名的公司，比如说思科和苹果，都已经公开报道出来他们存在安全的漏洞，也曝出过很多起后门的事件，那么包括众所周知的臭名昭著的“棱镜门”事件也都表明，在美国的这种庞大的全球监听、窃听的体系面前，即便是美国的盟友，包括它的领导人和民众也是毫无隐私可言的。华为早已就公开的表明，愿意同有关国家签署无后门协议，也愿意接受第三方的检测和监督，我就不知道美方它能不能做出同样的承诺呢？我们相信有关的国家应该会从自身长远利益出发，坚持独立的判断，坚持公平、公正、非歧视的原则，拿出足够的智慧，不要掉入美方所谓的安全陷阱里。
华为为何起诉美FCC？21轮详细证据被无视 只有猜测,新京报 记者：陆一夫12月5日，华为深圳总部举行发布会，宣布正式在美国法院提交起诉书，请求法院认定美国联邦通信委员会（FCC）有关禁止华为参与联邦补贴资金项目的决定违反了美国宪法和《行政诉讼法》。华为首席法务官宋柳平表示，华为提交了多轮事实依据和反对意见，但FCC却对这些事实依据和意见完全忽视。华为首席法务官宋柳平：FCC禁令基于政治而非经济因素11月22日，FCC决定将华为认定为美国国家安全威胁，并禁止美国农村地区运营商使用通用服务基金（USF）购买华为设备。在向美国联邦第五巡回上诉法院提交的起诉书中，华为认为FCC直接认定华为构成国家安全威胁，没有给予华为就相关指控进行反驳的机会，违反了正当程序原则。华为同时认为FCC并未提供任何证据或合理的理由来支撑其武断随意的决定，违反了美国宪法、《行政程序法》等美国法律。华为首席法务官宋柳平在发布会上表示，“仅仅因为华为是一家中国公司就禁止我们，不能解决任何网络安全问题。”他表示，FCC主席AjitPai和其他委员未提供任何证据，来证明他们认为华为构成安全威胁的指控。自2018年3月FCC首次提出这项提议开始，华为和美国农村地区运营商提交了多轮事实依据和反对意见，但FCC却对这些事实依据和意见完全忽视。宋柳平在声明中表示，“华为还提交了21轮详细意见，阐述该决定对偏远地区用户和企业的伤害。但FCC却无视所有这些意见。”他还说道，“美国农村地区的运营商，包括蒙大拿和肯塔基的小镇、怀俄明的农场等地区的运营商，之所以选择与华为合作，因为他们认可华为设备的质量和安全性。FCC不应该禁止华为和运营商合作为美国农村地区提供联接服务。”宋柳平表示，FCC这一决定与今年5月份将华为列入“实体清单”一样，是基于政治因素，而非经济因素考虑的。他指出，美国一些政客忽视华为与美国农村地区运营商的多年合作。“如果FCC真的担心电信供应链的安全，那么他们应该意识到任何厂商在中国生产的设备都有同样的风险。这不仅包括华为、中兴，也包括诺基亚、爱立信，他们也在中国生产设备。”宋柳平表示，美国政府从未出示过任何的证据证明华为对美国国家构成安全威胁，这是因为根本不存在这样的证据。“在被要求提供事实依据时，他们回应称公开证据也可能会损害美国的国家安全。这简直就是无稽之谈。”宋柳平说。华为首席律师：FCC无权做出国家安全判断华为首席律师Glen Nager表示，FCC本应制定和发布面向整个行业的规则，但实际上在几名国会议员要求下，FCC违背法律，没有按照相关的标准就通过了这条仅针对华为和中兴的规则。“FCC在没有任何法律依据的情况下就将该规则应用于华为，且没有给予华为行使正当程序的机会，也没有提供任何证据，这规则超越了FCC法定权利。”Glen Nager表示，根据美国通信法有关普遍服务的条款，FCC没有权力做出国家安全判断，该权力为美国总统所拥有，并不是FCC这样的国家机构所拥有。他认为，FCC这一对华为的初步认定是缺乏法律事实和依据的，这是基于对中国法律根本性误读，以及不合理不可靠、不可接受的指控和影射，而不是基于事实依据和证据。“如果政府机构要采取行动的话，他们必须要有实施的依据和证据。我们相信，美国联邦第五巡回上述法院将会宣判FCC这一规则无效。”Glen Nager表示，FCC未按照相关标准就通过了这条仅针对华为等中国公司的决定，且FCC自身也承认是针对中国公司。“我们认为名誉上的损失会给大家带来更大的生意上的影响。”华为法律政策和IP战略副总裁樊志勇表示，公平的市场竞争是企业参与非常重要的商业环境，华为这一次法律行动是因为FCC把华为定义成威胁美国国家安全，“这不是基于事实，不是基于证据，而是基于猜测。”FCC禁令将导致美国一些小型运营商破产华为企业沟通部副总裁宋凯表示，FCC的这项决定不利于提升美国农村地区的联接水平，因为这些地区依赖华为的设备来接入网络，而其他厂商不愿意在“非常偏远、地形条件艰苦以及人口稀少的”地区开展业务。他还表示，这项禁令以及随后发布的移除和替换华为设备的提案，将带来数亿美元的额外成本，甚至会导致一些小型运营商破产。宋凯表示，华为在其他厂商不愿意去的地方为美国用户搭建起了网络，即使这些地区规模太小、交通条件不便利，或是不够有利可图，但是华为和这些小型运营商合作是公司一直以来致力于做的事情，这也是华为争取做这件事的权利。“其他厂商将这些地区的用户从他们的客户清单上划掉，将他们定义为低价值客户，但是华为绝不会这么做。”他表示，华为在美国的设备主要销售给40家小型无线和有线运营商，在当地连接学校、医院、农场、家庭、社区大学和急救中心。“这些小型无线和有线运营商给当地运营商搭起了一条数字生命线，这需要数字通用设备才可以实现，FCC要求美国农村运营商必须要移除已经在网络中安装的华为设 备，这将带来数亿美元的额外成本，运营商称若遵守这一规定就将以破产告终。”宋凯表示，更令人痛心的是，移除华为设备并不会让网络更安全。“我们的竞争对手有很多设备是在中国生产的，甚至有一些还与中国国有企业成立了合资企业，而他们的设备却在美国网络当中广泛使用。FCC的一位委员曾经说过，美国差不多40%的网络当中都含有中国生产的设备。针对华为并不会改变这一现状。”宋凯说。有记者提问FCC的禁令对华为的财务收入是否有影响，宋凯表示，华为在美国的收入与华为集团的收入相比可谓是忽略不计，对比华为在美国110亿的采购额也可以忽略不计，并且过去几年华为在美国的销售人员也在递减。
外交部回应华为中兴威胁：按美逻辑中国也可怀疑波音,【华春莹回应美国“华为中兴安全威胁论”：按美国逻辑，中国也可以怀疑波音】美国国务院发言人4日发表声明称，华为、中兴等中国电信企业参与一国5G网络任何部分的建设，都将对该国公民的隐私、人权和安全构成重大风险。美国敦促包括伙伴和盟友在内的所有国家防止不可信赖的供应商参与未来5G网络任何部分的建设。对此，中国外交部发言人华春莹5日在回应相关问询时反问道，美方动辄将安全挂在嘴边，但安全标准到底是什么？由谁来裁决？华春莹在当天举行的外交部记者会上表示，如果在安全标准上，一个国家既当运动员，又当裁判员，还老吹黑哨，那它还能被信任么？她同时表示，中国出口到美国的服装等商品也很多，美国是否也要质疑其是否安全？这名中国外交官还引用世界前首富比尔·盖茨的话称，中国也购买美国的波音飞机，飞机引擎里有各种各样的软件，如果按照美国的逻辑，中国也可以怀疑美国发一条奇怪的命令，让波音引擎熄火，那世界上还有谁敢买美国的飞机？（环球时报-环球网报道 记者 白云怡）
明年新iPhone号称有五款：你会买哪个？,新酷产品第一时间免费试玩，还有众多优质达人分享独到生活经验，快来新浪众测，体验各领域最前沿、最有趣、最好玩的产品吧~！下载客户端还能获得专享福利哦！从iPhone X开始，刘海全面屏外形苹果已经使用了近三年，而明年他们也的确应该对iPhone外形进行调整，当然它还要支持5G网络。现在，有国外网友放出了所谓明年五款要发布的iPhone新机，真实性一般，大家看看就好：根据路线图显示，iPhone SE将会装备4.7英寸LCD屏幕，机身背面为1200万像素单摄像头，正面为1200万前置摄像头，采用A13 Bionic处理器，电池容量低于2000mAh，共有64GB和128GB两种存储规格，预计将于2020年3月份发布，售价为399美元（约合2814.79元）苹果将会推出四款iPhone 12系列手机，将会包含三个屏幕版本，都搭载A14处理器，其中一个是5.4英寸版本，另外两个是6.1英寸版本，最后是6.7英寸版本，其都支持5G（Sub-Ghz），支持IP68级防水等功能。此外，高端的iPhone 12系列后置三摄像头也会有调整，像素都升级至1600万像素，目前还无法证实这些信息真实性，毕竟距离发布会还太早，所以大家看看就好。
进军直播和卖火车票？拼多多：仅是插件 无独立规划,相关新闻：拼多多孵化直播业务：内测微信小程序 对标淘宝直播拼多多卖火车票了，还想喊你游玩住宿都“拼一下”新浪科技讯 12月5日下午消息，针对媒体报道拼多多“进军直播业务”，拼多多官方回应称，这仅是响应B端需求所增加的服务插件，而火车票业务则是C端需求的另一个插件，两者均没有作为独立业务推出的规划。拼多多相关业务负责人表示，媒体所报道的“直播位于百亿补贴频道入口”，其实是平台用于测试新业务时的通用流量推荐位，非媒体所报道的固定独立入口。在其他电商和直播平台大力推行“直播业务”时，有商家希望在拼多多平台进行“复用”，为协助商家探索更丰富的私域流量运营方式，平台临时进行了直播插件的上线测试，自身并未打算推出中心化入口的“直播频道”，更没有将其作为独立业务推出的规划。此外，媒体报道拼多多在“首页—充值中心”推出购买火车票服务，对此拼多多相关业务负责人表示，此服务插件已上线两个月左右，近日确实为新用户赠送了两张5元无门槛优惠券。“火车票购买”与景区门票等虚拟商品类似，系平台在app场景中发现用户有这样的消费需求，因此增加一个服务插件，平台并未打算作为正式独立业务推出。该负责人表示，虽然外界对平台已经推出和即将推出的各类服务插件有诸多善意解读，但作为一家新消费电商平台，拼多多并不打算克隆和重复已有的商业场景与模式，而是希望满足消费者的内生性多样需求。(大鹏)
华为nova6 5G上手评测：自拍更强的双模5G手机,新酷产品第一时间免费试玩，还有众多优质达人分享独到生活经验，快来新浪众测，体验各领域最前沿、最有趣、最好玩的产品吧~！下载客户端还能获得专享福利哦！视频 贾乾  文/炳诚拍照性能已经成为越来越多人选择手机时的重要标准，像素、变焦、夜景、美颜都成为了独立的手机卖点，各大厂商也频频出招，纷纷拿出自己独特的技术和设计。如果问年轻的女性消费群体最关心手机的哪一性能？自拍与美颜一定是答案之一。作为华为nova系列的第一款5G、也是双模5G手机，“自拍最好的5G手机”是华为赋予nova6 5G的独特定位，前置3200万像素自动对焦镜头和800万像素超广角镜头——至少从硬件层面，华为nova6 5G的自拍能力的确很强。而麒麟990处理器的搭载也为相机带来了强大的AI运算能力。具体的体验如何，我们一起来看看。陌生又似曾相识的外观华为nova6 5G（后文简称华为nova6 5G）整体继承了nova系列青春潮流的外观，但处处又展现着不同。为了追求更高的屏占比，华为nova6 5G再次选用了打孔屏设计，打孔屏在华为nova系列中并不少见，从nova4到nova5i，我们都见过那个屏幕正面的小圆点。这一次，打孔从“圆点”变成了“胶囊”，容纳了3200万主摄和800万超广角镜头的前置组合。为了满足屏幕打孔的需求，nova6 5G选用了一块6.57英寸的LCD屏幕。LCD屏幕因为比OLED多了一层LED发光背板，所以很难做到和屏下指纹技术的融合。为了保持机身背壳的完整，侧边指纹解锁就首次出现在了nova系列上。除了变化颇大的正面和侧面，nova6 5G背面也有一丝华为P30的影子，竖直排列的三颗摄像头布置在机身左上角。新加入的普罗旺斯配色，也类似广受欢迎的“天空之境”，据说采用了业界首创双层双镀工艺，让色彩在不同光线下呈现出更丰富的视觉效果。蜜语红配色延续了星耀版的个性设计，印有nova超级符号元素。除此之外还有经典的亮黑色与苏音蓝两种经典配色。前置摄像头变多了，也变强了从“高颜值，爱自拍”到“海报级自拍”，再到“你比夜色更美”，自拍成了nova系列的代名词。这一次，华为nova6 5G搭载了3200万像素自动对焦镜头和800万像素105°超广角镜头，并在DxOMARK自拍评分取得100分，取得DxOMARK自拍榜第一名。下面我们也跟随样片，看看nova6 5G在自拍方面的具体表现。第一个明显的升级是nova6 5G前置新增了一颗800万像素105°的超广角镜头，可以容纳更广阔的画幅。实际拍摄中，可以手动切换超广角模式和非广角模式，而在3人以上合影时，手机会自动提示开启超广角模式。当然，在同一环境下拍摄时，3200万主摄和超广角镜头的颜色调教还是有一点不同。左图：人像模式默认拍摄 右图：人像模式超广角拍摄在畸变矫正方面，华为nova6 5G采用AI分层畸变矫正技术，将人像与景物分别处理。使用透视投影处理背景畸变，使用球极平面投影处理人脸畸变，达到更好地畸变处理效果。在前置担任主摄的是一颗sony IMX616传感器的3200万像素自动对焦镜头。这里先做一个小科普，大部分手机使用的前置摄像头都是固定对焦镜头，也就是“FF”镜头，焦距一般固定在30厘米到50厘米之间，这也是我们自拍是常用的距离。nova6 5G前置摄像头在25厘米至120厘米的范围内都可以清晰对焦nova6 5G采用的自动对焦镜头可以在25厘米至120厘米的范围内进行对焦，无论是特写还是使用自拍杆都可以获得清晰的画面。遗憾的是，4G版本的nova6并没有采用自动对焦镜头。另外这颗镜头的优势也体现在视频拍摄中，无论是特写还是远景都可以使用前置摄像头拍摄，让前置前置视频拍摄的用途更广，分辨率最高支持拍摄4K视频，但是在4K模式下不支持美颜、滤镜等功能。左图：开启5档光滑 右图：开启10档光滑说到美颜，在默认相机界面，切换前置摄像头后会自动进入人像模式。人像模式中支持光滑、瘦脸、美肤三项调整，并且拥有“AI美拍”的功能。实际体验之后，5档左右的光滑调整，可以在保证自然的情况下有不错的磨皮效果，如果使用最高档10档，就几乎看不出皮肤纹理了。夜景自拍时，相机会自动对人脸进行补光夜景自拍时，相机会通过在取景框周围区域显示白色的方式，为人脸补光，因此在大部分情况下，可以得到人像与背景都准确曝光的照片，当然如果背景中有高光、灯光部分，还是会无法避免的出现过曝。另外由于在暗光环境下，照片合成的时间比较长，所以在颠簸的车辆上自拍时，会因为抖动导致照片模糊。后置方面，nova6系列后置搭载4000万像素超感光主摄+800万像素3倍光学变焦镜头+800万像素超广角镜头三摄组合，另外还配有有激光对焦模组，这套相机组合相信大家也是非常的熟悉，旗舰级的拍照实力不用多说。相机的色彩调教偏向在真实还原的基础上，轻微提升饱和度和鲜艳度，但也不会出现过于浓艳的色彩。长焦镜头支持支持3倍光学变焦、5倍混合变焦和30倍数码变焦。而夜景模式也依然是熟悉的夜视仪风格。旗舰性能，双模5G随着三大运营商5G套餐的出台，5G正式进入商用阶段，而是否搭载5G也可能会成为用户购机时的新指标。nova6 5G搭载了巴龙5000 5G基带芯片，支持SA/NSA双模双卡全网通。现在换机的用户就不用担心在未来想要更换5G套餐时，手机会拖后腿了。性能方面，nova6系列继续采用旗舰配置——麒麟990处理器，麒麟990的加入让nova6 5G无论是游戏体验，还是图像计算能力都得到了提升，稳稳地巩固自己中高端的定位。为了适应5G芯片耗能高、发热大的问题，nova6 5G版搭载了4200毫安时的大容量电池和40瓦华为超级快充，散热方面也加入了D8热管和D2热管进行双热管液冷散热。但是5G芯片和大容量电池也让nova6 5G的机身厚度达到了8.98毫米，重量达到约212克，如果说之前的nova系列选择了轻薄，那么nova6 5G的选择则是性能。遗憾的是，nova6 5G没有采用集成式麒麟990 5G SoC芯片，外挂式的巴龙5000 5G基带芯片可能会在功耗、发热方面略有不足。总结华为nova6 5G的发布意味着nova系列正式进入5G时代。虽然有4G版本，但4G版本nova6在削减了前置摄像头自动对焦能力之后，并没有太大的亮点，nova6 5G显然才是nova系列真正的继承者。而华为做出了“牺牲轻薄，搭载5G”的选择，无疑也在回答着如今消费者非常关心的一个问题：我真的需要5G手机吗？在即将来到的2020年，5G可能会成为全新手机的标配，而随着技术的发展，搭载5G的手机也会在不远的未来，重回轻薄。回到影像系统，nova6 5G除了前置新增了一颗广角镜头之外，更大的升级还是自动对焦的加入。可能在大多数情况下，固定焦距镜头覆盖的范围可以满足自拍的需求。但是更大的范围意味着更多的选择。尤其在拍摄Vlog时，前置可以实现更接近后置摄像头的拍摄体验。优化后的内置美颜，可以更智能、更简便的拍摄出不失自然的美颜效果，而喜欢更加精细调节的用户，也可以通过第三方应用去发挥nova6 5G的硬件优势。
每3个打车人中至少有1人选网约车 网约车更安全了吗?,作者：Panny安全出行是广大网约车用户的底线也是网约车行业的生命线11月20日，下线450天后的滴滴顺风车，在哈尔滨、太原、常州3个城市回归，9天后又在沈阳、南通试运营。一时间，出行安全讨论再次四起。出行安全一直都是人们关注的话题，尤其是网约车出现后，虽然为出行带来了便利，但其安全性也备受质疑，尤其是2018年随着系列恶性事件发生，网约车安全信任危机爆发——“以后还叫不叫网约车？”“国外网约车比国内安全多了”“我们需要更安全的出行保障”……去年以来，各大网约车平台在政府指导帮助下开始进行大刀阔斧的安全整改，这期间对网约车安全的关注度也不减。人民网舆情数据中心数据显示，2019年1月至8月公众及媒体对网约车安全整改保持较高关注，日均信息量达573.3篇。不可否认，我们已经离不开网约车。每3个打车人中至少有1人选网约车2018年网约车客运量达200亿次，巡游出租汽车客运量352亿次，网约车客运量占总客运量36.2%，相当于国内每3个打车人中，至少有1人使用网约车。这是近日应急管理部信息研究院发布的《中国网约车安全发展研究报告》公布的数据。网约车的出现，因其便捷性和安全性，给了大众更多选择。尤其在一二线城市，上班、出差等赶时间，叫个网约车，燃眉之急随之解决。在三四线城市，出租车数量相对较少，打车可能要等半小时甚至一小时的车，网约车只需几分钟。网约车很大程度上也给了“黑车”一记重拳。“黑车”这一社会顽疾存在已久，安全无保障、坐地叫价、中途抛客……更有不少人因乘坐“黑车”丧命。网约车除了便捷，也有着更高安全性。报告显示，自2012年至2018年，巡游出租车交通事故亿公里死亡率持续下降，2018年已下降至0.36。不过，国内主要网约车平台呈现出更高安全性。如滴滴2018年全年道路交通事故亿公里死亡率与巡游出租车基本相当。今年上半年滴滴这一数据降至0.26，比巡游出租车2018年全年低26%。报告课题组专家、应急管理部信息研究院吴大明还介绍说，在乘客安全感层面，主要网约车企业同样优于出租车行业（含巡游出租车和网约车）平均水平。报告指出，倾向选网约车的受访者超过巡游出租车，放心独自乘坐网约车出门的受访者超7成。国外网约车真的更安全吗？报告还显示，在经历几次重大安全事件后，国内外各大网约车平台投入大量人力、物力建设安全体系。如Uber把2018年定位为“安全”年，扩充公司安全组织，设计安全功能；Lyft在安全标准等方面向Uber看齐；国内神州围绕“安全和服务”，制定3大核心标准和17项基本标准；滴滴2019年全年在安全方面的资金投入将超20亿元。很多人认为国外网约车更安全，事实果真如此吗？其实，即使网约车“开山鼻祖”Uber也不断面临“安全大考”。11月25日，英国媒体报道称，伦敦交通局宣布，因安全问题，美国打车服务公司Uber将不会获得新牌照，这是其第二次被剥夺伦敦运营牌照。尽管在中国的业务被滴滴收购，但Uber在国际市场的占有率依然很高，尤其在美国市场。除Uber外，还有同样是美国第二大网约车平台Lyft，及德国网约车平台Blacklane，安全问题频发也时刻威胁着平台发展。通过对比不难发现，国外网约车平台在安全功能设置上，跟国内几大主流网约车平台相似。在对乘客、司机进行注册审核、实名认证等方面都有所布局，也同样重视乘客的安全教育。在行程中，推出一键报警、行程分享、隐私号码等功能。但相比于国内的网约车平台，无论是Uber、Lyft还是Blacklane都不支持录音录像功能，也不支持行程自动分享。在行程结束后，三大平台都支持司乘互评功能，但不支持将司机拉黑，且只有Lyft设有匿名举报功能。具体来看，Uber、Lyft与Blacklane三大平台对安全性的侧重点各不相同，但与国内网约车平台相比，都有着较大提升空间。比如，三大平台均未设置安全中心功能，也未在APP首页展示安全功能入口。鉴于此前美国发生过大学生搭错Uber车，遭遇绑架和谋杀的案件，Uber开始注重安全功能设置。据身居美国的Uber司机介绍，每隔一段时间，Uber就会让司机用APP进行人脸识别，来确认是否是车主本人在驾驶，防止车主外借车辆从而引发各种安全问题。但从APP使用体验来看，在Uber软件界面上看不到明显安全标示。点开设置后可见账号安全选项，但并没有乘客乘车安全相关功能与提示。与Uber的商务范儿不同，Lyft选择主打社交和趣味。Lyft的口号是“Your Friend With A Car”，鼓励乘客坐前排和司机交流，让出行变得有趣。在Lyft的APP上，我们能看到分享位置及联系人入口。此外，显示车辆牌照的位置下方还有一行检查车牌的提示，提醒用户避免上错车。对比中外网约车平台不难发现，安全整改过后，中国的网约车平台对用户安全性保障措施更多也更为全面。在这一点上，国外网约车平台做得显然不够细致，但也在逐步向中国平台学习，开始加入更多安全功能。由此可见，安全保护已成为全球网约车行业的基本共识。对网约车企业来说，只有出行安全工作与时俱进，未来出行市场才会更规范。对比国内外网约车企业可以看出，滴滴在安全能力及建设方面已领先于行业，扮演着推动行业安全标准建立与提高主力的角色。而安全能力作为网约车企业可持续发展的基础，也必将成为平台未来发展、壮大的坚实壁垒。让网约车更具“安全感”网约车在我国虽是个“舶来品”，但在朝着更“安全”的方向驶进。自去年至今，经过一年整改，滴滴、美团、嘀嗒、曹操等网约车平台陆续对外公布了整改进度。当前，除主管部门要求的网约车安全规范外，各平台基本建立了“行程前审查”——“行程中守护”——“行程后处置”的安全标准链条，覆盖了乘客出行的前、中、后阶段。但从具体表现来看，各平台安全性方面的能力仍参差不齐。总的来看，滴滴的安全功能相对更为完善，而曹操、神州等平台安全功能设置则还有很大提升空间。“行程前”，各平台主要体现在司机背景审查，要求司机实名信息注册，并添加紧急联系人，加强司机端和乘客端的安全教育。“行程中”，各平台也推出行程录音、安全提醒、隐私匿名号码、行程分享、紧急求助等功能。滴滴还具备行程录像功能、实时位置保护、异常停留等功能。此外，滴滴还率先推出集成多项安全功能的“安全中心”，随后美团、首汽等各出行企业也纷纷效仿。“行程后”，各平台基本都具有评价功能，其中滴滴、美团、首汽、曹操还具有将司机拉黑功能，此功能可有效降低司机与乘客之间因矛盾而引发冲突的概率。其实，曾经呼声很高的一个功能还有“加强与警方的联系”。在国内网约车平台中，滴滴率先专设了安全客服和配合警方调证组。据滴滴发布报告称，滴滴客服团队已扩大至9000人，并建立配合警方侦查绿色通道，400安全专线团队24小时值班待命。在平台安全建设方面，滴滴通过社交媒体、线下交流等渠道听取大众意见。过往一年，用户通过“公众评议会”、线上意见征集等方式参与到其安全策略、规则制定中，有68.9万用户参与了“未成年人乘车”规则探讨，63.8万司机和乘客参与了“遗失物品返还”规则讨论。对比看来，滴滴的安全设置相对更完善。滴滴方称，自去年9月至今已上线、更新20余项安全功能。去年9月滴滴平台添加紧急联系人的用户还不到3000万，如今增长了5倍多。采访中不少人表示，网约车“安全系数”提升“肉眼可见”，譬如一键报警、紧急联系人等功能，大大提升了乘车安全感。作为“互联网+”时代下的新型共享经济产物，网约车诞生时间不长，还要继续成长。中国的网约车平台也在积极探索整改，让公众看到了诚意与敬畏的态度。目前我国获得城市经营许可的网约车平台已超140家，让司乘更有“安全感”是整个行业责任所在。网约车安全难题如何破解？网约车安全是个世界性难题，也是各国政府监管重点。从全球主要国家或城市看，不同地区对网约车的监管态度和重点不尽相同，大致呈现为三种类型：以英国、美国为代表的部分国家或城市采取较为严格的态度，将网约车纳入出租车管理框架，要求网约车平台、司机、车辆三者分别获取运营牌照；绝大多数国家或城市采取包容态度，制定了宽松的网约车新政；以土耳其、阿根廷为代表的极少数国家或城市出于保护传统产业的角度，完全禁止网约车在本国范围内经营业务。我国也在不断探索规范网约车安全顶层设计。2016年7月出台《网络预约出租汽车经营服务管理暂行办法》，将网约车定义为非巡游的预约出租汽车，并要求平台、车辆、司机分别取得相应许可证。故我国对网约车的监管可划入严格一类。同样是严格监管，但我国与美国的监管目标、数据监管要求、平台管理要求却各有不同。从监管目标来看，我国的网约车政策监管目标相对多元，包括平衡新旧业态、统筹城市规划、保障运营安全、保障乘客权益、促进新能源汽车普及等社会管理目标。而美国的网约车政策目标相对单一，主要以保障安全为导向。平台管理要求上也有着较大差异。在牌照申请方面，我国政策要求网约车平台企业必须到每一个直辖市、设区的地级市，甚至设区的县级市申请牌照，申请的政府层级偏低，增加企业合规成本。而美国大多数地区只要求在州一级取得牌照，即可在州内所有城市开展业务。在属地管理方面，我国各地政策大多要求网约车平台企业在当地设立分公司或分支机构，在当地有相应服务场地和经营人员。美国大部分地区不要求平台企业在本地设立服务机构，极少数地区要求在当地设立办事处，但仅限于州层面。对比国内外监管政策，显然我国监管政策更为细化和复杂，这也为我国网约车行业的安全性提供了政策保障。但对于政府来说，网约车行业的管理“既不能一放了之，也不能一禁了之”，两者皆不可取， “鼓励+规范”才是更好的处理方式。从人民网日前发布的网约车安全整改舆情观察报告中，我们或许可以得到一些启示。报告提出，网约车安全整改进一步优化仍需在兼顾公众出行安全与保障出行效率、平衡新业态发展与政策包容度、明确用户信息获取与个人信息保护的边界等方面付诸努力。报告称，目前，社会舆论已达成“安全出行是底线”的高度共识，抱持着“既要出行安全，又要出行效率”的诉求与期待，其关于实现政企协同联动、合理设定准入门槛等呼声也较高。报告表示，自乐清事件后，网民态度趋于理性平和，诉求更为多元，立场更为客观中立，希望出行能既安全又便利。对政府来说，政府的监管尺度、行业的改进效果，最终“裁判”还是公众、用户，主动聆听舆论，不失为破局的一种有益尝试。对网约车企业来说，安全出行是广大网约车用户的底线，也是网约车行业的生命线。滴滴在安全方面的尝试与改革成果显著，其做法也已成为行业的“非官方”标准。在滴滴的带动下，更多国内外网约车平台都开始重视起安全问题，这也大大提高了网约车行业的安全门槛。
iPhone 12/Plus/Pro/Max、iPhone SE 2配置价格曝光,新酷产品第一时间免费试玩，还有众多优质达人分享独到生活经验，快来新浪众测，体验各领域最前沿、最有趣、最好玩的产品吧~！下载客户端还能获得专享福利哦！Apple Hub曝光了2020年苹果公司将推出的5款iPhone机型，包括1款iPhone SE 2与4款iPhone 12。根据Apple Hub的爆料，iPhone SE 2搭载块4.7英寸LCD屏幕，搭载A13处理器，后置12MP单摄，前置12MP单摄，使用Touch ID，配备3GB+64/128GB存储规格，内置2000mAh电池，支持IP68级防水，支持无线充电，Lightning数据线，预计售价399美元（约2813元）。iPhone 12搭载一块5.4英寸OLED屏幕，搭载A14处理器，后置16MP双摄，前置12MP单摄，使用FaceID，配备4GB+128/256/512GB存储规格，内置1800~2000mAh电池，支持5G（Sub-Ghz），支持IP68级防水，支持无线充电，Lightning数据线，预计售价699~799美元（约4928~5633元）。iPhone 12 Plus搭载一块6.1英寸OLED屏幕，搭载A14处理器，后置16MP双摄，前置12MP单摄，使用FaceID，配备4GB+128/256/512GB存储规格，内置3100mAh电池，支持5G（Sub-Ghz），支持IP68级防水，支持无线充电，Lightning数据线，预计售价799~899美元（约5633~6338元）。iPhone 12 Pro搭载一块6.1英寸OLED屏幕，支持120Hz屏幕刷新率，搭载A14处理器，后置16MP三摄，前置12MP单摄+3D ToF镜头，使用FaceID，配备6GB+128/256/512GB/1TB存储规格，内置3100mAh电池，支持5G（毫米波），支持IP68级防水，支持无线充电，USB C数据线，预计售价999~1099美元（约7043~7748元）。iPhone 12 Pro Max搭载一块6.7英寸OLED屏幕，支持120Hz屏幕刷新率，搭载A14处理器，后置16MP三摄，前置12MP单摄+3D-ToF镜头，使用FaceID+屏下指纹识别，配备6GB+128/256/512GB/1TB存储规格，内置4000mAh电池，支持5G（毫米波），支持IP68级防水，支持无线充电，USB C数据线，预计售价1099~1199美元（约7748~8453元）。
复制不了B站的社区氛围，所以B站没有天敌？,欢迎关注“创事记”微信订阅号：sinachuangshiji文/裴培 高博文 焦杉来源：互联网与娱乐怪盗团（ID:TMTphantom）B站，全名“哔哩哔哩”，昵称“小破站”。提到B站，你会想到什么？二次元、Z世代、VLOG、弹幕、二创、鬼畜？鸡你太美、大碗宽面、丞相VS司徒、元首的愤怒、小麦亩产一千八、朕封你为格拉摩根伯爵？社区氛围极好，但是商业化比较佛系？没错，B站的商业化似乎比较“佛系”，但是它的社区氛围是完完全全无话可说的。无论你是UP主，还是跟我一样的路人甲，都应该承认：在所有国内主流内容社区当中，B站的社区氛围是最好、最友善、最健康的，没有之一。我们可以做一个假设：就算B站失去很多优质内容版权、游戏发行业务遭遇瓶颈、广告和电商带货没有进展、在内容创作端也没有大的突破，只要良好的社区氛围存在，它就能继续火下去。很多人希望复制B站的神话，但是你首先要复制B站的社区氛围——遗憾的是，这是不可复制的。所以B站不会有替代者和天敌。B站的用户已经很多、分布很广，而且还在快速增长在2019年二季度电话会议上，B站管理层提出了进一步扩大用户基数的宏伟计划。投资者半信半疑：B站既不打算取消答题机制，也不打算用付费代替答题，更不打算变成爱奇艺、腾讯视频那样的“大而全”视频平台；它到底打算怎么扩大用户呢？事实胜于雄辩：2019三季度，B站的MAU达1.28亿，同比增速38.0%！在这么大的基数之下，这么快的增速实在令人敬佩。没有以明星带量的网剧，也没有大量推广营销的加成，为什么B站的MAU还能够稳步增加？原因之一：B站的用户粘性很高，正式会员（通过答题的用户）的12月留存率在80%以上。融入B站的门槛或许很高，但是你一旦融入了，就不想离开。附带说一句，B站的整体留存率也不低。原因之二：原生PUGC视频内容的喷发，优质内容推动下用户从广度和深度两方面的增量效应逐步显现。从2017年到2018年，B站投稿数量井喷，尤其是游戏视频分区和生活视频分区。公司在2019年6月26日十周年会议上公布了新设业务Vlog社区有46万UP主，投稿量为145万，累计播放量33亿。在游戏视频方面，B站有超过180万UP主创作游戏视频，拥有超过2100万的游戏视频和601亿的播放量。2018年，PUGC视频播放量占总播放量的89%，同比提升3.5pct。B站投稿量和播放量分区多样化程度也越来越高，同样说明了用户群体趋向多元化、大众化，未来的用户增量空间从横向类型拓展来看都具备潜力。那么，B站的用户到底是怎样一群人呢？首先，从数据角度来分析。根据我们2019年6月监测的数据（注：非公司官方披露数据），B站的男性用户占到51.6%，男女比例基本平衡；相比之下，三大视频平台都是女性占多数。从年龄上来看，B站24岁以下的用户占43.3%，25至30岁的人占33.9%；从2018年1月到2019年6月之间，25-30岁的用户比例显著提升。我们常说B站是Z世代的社区，B站的继续成长之路，在不仅是95后和00后人群中进行全方位“攻略”，在90后或是更高年龄层的人群中也在不断发力。短期来看，90后或是更高年龄层的人群的消费能力更强，给了B站现在的商业化空间；00后-05后对于B站的持续经营更重要——他们虽然现阶段可能没有很强的消费能力，但是在经历青春期爱上B站后，兴趣很可能保持下去，会是5至10年后的消费主力。为什么B站的用户群体越来越多元化，他们仍可以和谐共存呢？因为不论是二次元文化还是其他年轻人热衷的内容文化，都离不开用户对于娱乐内容的价值取向。B站用户的内容价值取向可以用“三个极端”来形容：极度宽容、极度苛刻、极度忠诚”。极度宽容，也就是用户可以接受制作成本低、没有明星、没有大IP的作品，无论是PUGC还是正规影视剧。他们会在弹幕里吐槽“贫穷的画面”“预算缺乏的结果”，但是只要内容有新意、有诚意，他们就会支持。极度苛刻，就是内容创作者不能没有“良心”，不能滥竽充数，也不能乱立虚伪的人设。举个例子：B站用户恶搞某流量明星，并非对他有仇，而是认为他真的不会打篮球又要树立篮球Flag，“菜是原罪”。极度忠诚，就是在极度宽容和极度苛刻的情况下，如果满足需求，用户会用极度的忠诚和热爱来反馈，他们非常愿意去当“自来水”去主动“安利”传播，去付出物质回报。新生代的年轻人都分享着很多共性。“良心”和“原创”被年轻人放在很高的位置上。他们对于倾尽热情和努力的作品越来越认可了，对细节的追求越来越严格。无论是制作精良的动画作品，还是UP主自传的PUG视频，即使是鬼畜区或者生活区的搞笑视频，也需要UP主注入心思和努力。优质的原创内容是越来越受赞赏和推崇的。人们对于彼此基于同样对内容的价值取向而尊重爱好的选择，让用户们得以共生。所以，你会发现，与其他内容平台相比，B站是一片“神奇的净土”：在这里，刷榜和假流量的市场很小；没有“恶臭粉圈”的那些自娱自乐；你可能很难获得粉丝，但是一粉顶别处十粉；用户在真心为自己喜欢的内容出谋划策。这一切是怎么形成并维持下去的？这就涉及到社区运营的核心问题了。B站的社区氛围是怎么形成的？自律是一个核心优势提起B站的社区运营，大部分人会首先想到“答题机制”：B站正式会员相较普通会员在弹幕、评论以及投稿方面享有特权，正式会员可以通过邀请码和答题两种形式，其中答题需要在2小时内达到及格水平，题型设计包括主要涉及弹幕评论礼仪的社区规范题以及从游戏、影视、科技、动画、艺术、流行前线和鬼畜分区选择3至8个科目进行自选区答题。虽然大部分试题的答案可以在百度搜到，但是要完成全套试卷至少也要花半个多小时。而且，随着资历的积累，正式会员的级别也会不断上升，高级正式会员甚至可以在淘宝卖个好价钱。为什么B站要设立这么高的进入门槛，而且至今还不取消？这似乎与互联网行业“高举高打、跑马圈地”的作风矛盾。三大视频平台就不会设立这样的答题机制，微博也不会；知乎早年设立过邀请制，后来取消。B站设立答题机制的目的很简单：至少保证在B站发声的人确实发自内心想要融入社区来表达自我。B站当然想要用户增长，但是更想要“有价值、有调性”的用户增长。牺牲调性去换取流量，这种事情B站是不做的。会员进入门槛的存在，确保了B站互动内容的质量，促进了会员互动的积极性。众所周知，所有视频平台都开通了弹幕功能，但是只有B站的弹幕是“能看的”；B站的内容评论区也是最干净的。2019年三季度，B站月均用户互动量高达25亿次，相当于每个MAU每天产生约0.7次互动。事实证明，用户认同会员门槛，将其视为一种荣誉，乐意花时间通过这个门槛——2019年三季度，B站正式会员达到6200万，同比增长48%！值得一提的是，B站的“大会员”和“正式会员”是两条并行不悖的线路，前者由付费决定，后者由答题决定。一直有人怀疑，B站会不会推出“花钱买正式会员”的机制？B站官方的回答一直是：不会！成为大会员，可以看到很多付费内容、获得超清画质和头像挂件等特权，但是并不因此获得正式会员的权利；无论你花了多少钱，还是要通过考试成为正式会员！很多投资者可能会觉得B站太“佛系”、太不急于变现；但是B站管理层的脑子很清醒——绝不会为了取金蛋而杀掉金鸡，绝不能为了当前收益而牺牲社区氛围。除了进入门槛外，B站有自律性和严格的惩罚机制。小黑屋制度由“风纪委员会”和管理员共同负责，是B站对于内容社区管理的自治下放，可以较为有效地维护社区的调性，提升用户荣誉感和参与度，而且一定程度上也降低B站员工的工作成本。小黑屋是哔哩哔哩的用户处罚公示平台，如果用户违反了社区准则并遭到管理员的惩罚后就会在小黑屋中公示，每条公示皆有理由批注。违反行为包括但不限于用户发表有关引战、人身攻击、恶意刷屏等弹幕或评论。当用户的会员等级超过Lv4，并在90天内无违规，参与实名认证后，可申请加入风纪委员会参与举报、封禁审核；在现实中，大部分违纪行为都是被“风纪委员会”举报、社区处理的。举个例子：混过其他内容社区（微博、知乎、豆瓣、贴吧等）的内容创作者，很多都被人“挂过”。两人因为一个观点发生矛盾，一语不合就互相“挂”，直至演化为赤裸裸的人身攻击。无论是图文内容还是视频内容，只要评论区出现一个“杠精”“喷子”，社区氛围就会被彻底破坏。有些大V甚至利用网络暴力，煽动自己的粉丝参与人身攻击、进行人肉搜索。然而，这一套在B站是行不通的！人身攻击、侵犯隐私、怂恿教唆，都是可以直接封停的大罪。引战、剧透、刷屏也是重点打击对象。毫不夸张地说，“恶臭粉圈”的成员们到了B站，按照他们在微博、贴吧的行为习惯，24小时之内几乎肯定会被封停。打开B站的“小黑屋”页面，你会惊讶地发现，B站封人真是毫不手软啊！鼓吹自己心爱的番剧而辱骂其他番剧会因为“引战”被封；随口说一句“这个女主角最后会死”会因为“剧透”被封；指责另一个弹幕发布者脑子进水会因为“人身攻击”被封；号召大家对自己不喜欢的UP主进行人肉搜索会因为“侵犯隐私”被封……被封掉的可都是有发弹幕资格的正式会员！B站不害怕用户流失吗？相比之下，B站更害怕破坏社区氛围、丧失调性！千里之堤溃于蚁穴，只有从根子上惩治破坏性互动行为，才能保证B站社区长青。洗稿、营销号、标题党盛行的今天，B站在做什么？2019年3月28日起， B站增加了对“低质内容”的处罚规则。创作激励计划UP主若大量投稿‘低质内容’并获得收益，该类UP主将受到收益降权处罚，并受到持续监控。严重违规者将进行封禁清退。低质内容包括但不限于以下特征：①对网络素材进行单纯拼接和编辑的低质内容（比如简单文字编辑或者配音解说）；②对他人视频进行简单的音轨替换。人们对互联网流量的重大误解是，很多人认为吸引流量需要“标题党”，甚至洗稿（对他人原创内容进行篡改、删减，但核心内容部分是抄袭的）。其实，内容与用户是双向选择的过程。优质的内容才能吸引优质的用户，才能提高用户粘性和留存率。而B站对于冒充自制原创的低质内容是有处罚的，这也是原创性鼓励的另一面是对盗用原创的遏制，“对恶的绝不姑息是对善最好的铠甲”。封闭性和自律性助力增强用户信任感，广告有效性会得以提升从学生群体出发，除了娱乐和交易，还有鼓励和学习。可能最令人意想不到也在意料之中的是，很多用户在B站看的视频，不是动漫、不是影视剧，而是科普技术视频、是学习类视频。B站可以说是当下中国最热门的自学平台之一。学习类视频主要有高校学生的笔记和解读，老师的讲课、法律专家的课程，以及学习直播等类别。B站现有超过420万的学习视频，1827万的学习视频，种类繁多。视频标签为#study with me#（和我一起学习）的学习直播，已晋升为B站直播时长最长的品类，2018年直播学习时长达146万小时，103万次的学习类直播在B站开播。鼓励和学习的思路其实在B站的角角落落可以被看到，在自律性和封闭性的加持下，B站良好的社区氛围也会被正向加持。这也是为什么很多主流视频网站都开放了弹幕功能，但B站的弹幕功能是差异化的，因为弹幕里的人不一样，陪伴大家的人不一样。原创内容高速发展，有赖于去中心化对新生UP主扶持原创内容是B站视频内容的中流砥柱，UP主是持续创作优质内容的源泉。截至3Q19，B站月度视频上传数量达310万，同比增长81%，月度活跃UP主数量达110万人，同比增长92%。而这背后也得益于B站去中心化的对UP主扶持激励措施。2016年1月15日，B站上线UP主充电功能。并于2016年2月4日全站各分区充电计划开放达成。充电计划类似于直播中用户对于主播的打赏。这个措施对于UP主门槛要求较低，自制且无任何商业元素的作品页面会显示充电面板，UP主可自主选择加入，B站编辑团队会对UP主的申请进行审核。加入充电计划以后，在UP主的个人空间页会有充电面板显示，供粉丝赠送电池。充电计划的直接作用是鼓励UP主原创作品涌现，是对于无商业元素的自制作品的特殊激励政策。电池是用户对参与“充电计划”的UP主进行资助的结算道具，每次最低可充20个电池（2元=20个电池=2个B币），充电没有最高限。创作激励计划的推出，进一步深化催熟优质PUG内容喷发。2018年2月1日创作激励计划（B站平台补贴）启动，补充了先前2016年1月15日的充电计划（用户打赏），对于UP主自制原创的视频、专栏文章和音频投稿予以激励扶持，进一步激发UP创作优质内容的积极性。不同于B站在2016年1月推出的充电计划，UP主通过创作激励计划获得的收入全部由B站平台提供，而非用户自发打赏。“bilibili创作激励计划”在2018年2月1日开启PC端申请入口，并于3月28日开启手机端申请入口。该计划是针对UP主创作的自制稿件进行综合评估并提供相应收益的系列计划，目前适用于视频、专栏稿件和BGM（音频）素材。在符合加入条件的情况下，UP主可以申请加入。据B站官方统计，在入口开启不到2个月的时间内，已有数万名UP主成功加入2019年7月11日，B站上线了全新的申请条件，原先是视频：粉丝过1k或视频累计播放量过10w，专栏：累计阅读量过10w，素材：有自制音频被选入手机投稿BGM素材库。全新条件下，从2019年7月15日开始，视频激励采用电磁力beta版，只要电磁力中创作力或影响力达到55分，且信用分不低于80分，皆可申请。电磁力由B站工作人员进行评估打分。激励收益基于内容流量和喜爱度等多个维度计算，重中之重还是鼓励喜闻乐见的原创内容。加入视频创作激励的UP主，在投稿的第二天，播放量达到1000时起算收益；对于专栏而言，当单篇专栏阅读量达到1000时起算收益；对于素材而言，当其他UP主使用BGM制作视频（不包含小视频），且视频产生了收益时，开始计算BGM素材收益。激励收益通过“贝壳系统”结算。激励收益数据将1:1自动转化为贝壳并转入贝壳账户，UP主的贝壳账户达到100贝壳后可以提现（1贝壳=1人民币）。而视频激励收益主要是以播放量和点赞为主的内容价值维度计算，包括内容流行度、用户喜爱度和内容垂直度等指数。专栏激励收益计算维度类似。素材激励收益由该素材被使用的次数，以及使用该素材的视频（不包括小视频）的内容价值综合计算得出。按照一些UP主披露的收益情况，大约每1000播放量的激励金为2-3元。自创作激励计划2018年2月推出以来，激励收益还会有阶段性额外奖励措施，2019年开始主要以鼓励新人政策为主，去中心化的倾斜度明显，目前逐步减弱激励程度，更多依靠内生增长。除常规创作激励按照稿件内容价值会予以激励金奖励外，2018年还有过6次额外奖励活动，主要是激励收益双倍以及一些主题类活动的单项奖金发放，其中包括新春福利、瓜分百万奖励金、B站九周年生日周、八月高温补贴、开学限时激励以及十一主题活动。而自2019年以来，主要是针对粉丝数小于5万的UP主设置了每月的创作激励新秀奖，鼓励新秀UP主投稿。激励计划从各方面来讲，主要针对新人具备潜力的UP主的激励措施。任何内容社区要鼓励PUGC，归根结底在于“两个机制”——流量分配机制、创作激励机制。流量分配一部分靠算法、一部分靠社区氛围，但是终究取决于管理者的思路：管理者希望扶持PUG原创内容吗？希望建立一个去中心化的社区吗？在三大视频平台，PUG视频内容很难取得足够的流量，因为大部分流量会分配给头部大剧、头部综艺；在微博，流量也日益倾斜到头部博主、尤其是明星网红，垂直创作者很难出头。B站一方面坚持去中心化导流，一方面慷慨地向UP主分利。当然，现在B站的商业化程度有限，UP主分到的蛋糕还不够大；随着电商带货等多种变现方式的成熟，这一局面终将得到根本性改变。讽刺的是：三大视频平台之所以难以仿效B站的PUG内容导向模式，很大程度上是因为它们的商业化脚步太快、广告太多——看一集45分钟的电视剧，忍受一分钟广告还可以理解；看一段5分钟的鬼畜视频，还要忍受一分钟广告就难以理解了。很多时候，你在视频平台看到一段有趣的剪辑，分享到微信、微博，朋友打开之后却因为出现广告而“秒关”，这是何等尴尬啊！B站则以“永不加入贴片广告”的承诺，刺激了PUG内容的观看和传播。甘蔗没有两头甜，有所得必有所失。但是，我们相信：今天对商业化的一点克制，能够换来更好的社区氛围、更良性的互动、更优秀的调性，它必将在未来的某一天产生更大的商业化成果。
华为何刚：nova用户累计已达1.25亿,新浪科技讯 12月5日下午消息，华为今日举行新品发布会，推出nova系列首款5G手机nova 6系列。华为手机产品线总裁何刚表示，截至今年12月，nova用户累计达到1.25亿。此次发布的nova 6系列，采用麒麟990芯片，为前置双摄的打孔屏设计。(张俊)
爱立信收获第75份5G商用合同 将在阿塞拜疆部署网络,原标题：爱立信收获第75份5G商用合同 将为Azercell在阿塞拜疆部署网络据外媒报道，瑞典电信设备供应商爱立信已与阿塞拜疆电信运营商Azercell Telecom签署了其第75份5G商业协议，双方将携手在阿塞拜疆部署5G网络服务。此前两家公司已经在阿塞拜疆首都巴库进行了5G测试网络合作，如今两家公司已经签署了另一份新的谅解备忘录，双方将致力于在2020-2022年之间实现全面的5G商用部署。“Azercell与爱立信一起在阿塞拜疆启动了首个5G试点网络，这使我们公司能够与全球移动市场的领先者处于同样的发展水平。我们相信，5G不仅是移动互联网连接发展的一大步，还将为企业和行业实现更高的效率、生产力和用户体验带来新的可能性。”Azercell Telecom总裁Vahid Mursaliyev表示。在谅解备忘录的初始阶段，两家公司将共同致力于扩展5G测试网络，然后再进行全面的商用部署。由于阿塞拜疆在里海拥有丰富的石油储量，该国希望将利用5G的工业能力来改造其碳氢化合物的开采和生产设施。爱立信东欧和中亚地区负责人Sebastian Tolstoy表示：“我们很高兴与我们在阿塞拜疆的重要合作伙伴Azercell一起，为5G带来的更广泛的机会、创新的解决方案和应用打开大门。”
华为21轮交涉无果：FCC执意切断美企生命线,作者 徐乾昂美方压制不断升级，华为反击也越来越果断。上月底美国联邦通讯委员会（下称：FCC）禁止本地运营商拿联邦补贴购置华为设备，并给华为扣上“危害国家安全”的帽子。今天（12月5日）华为在其深圳总部宣布反制措施：咱法庭上见。华为此次并非突然和FCC撕破脸皮。双方至今已展开为期18个月的交涉。期间，华为向FCC提交过21轮详细意见，写过总计128页的信件，试图消除对方矛盾，但全部遭到FCC的无视。不仅如此，坚信“华为和政府勾结”的FCC，在给华为回应时尝试自行解读中国法律，但却把中国法律翻译错了。至于FCC为何不让美企用政府补贴购买华为设备，观察者网注意到，除了“契合这届美国政府国土安全议程”外，FCC似乎本身也有资金的压力。然而对比诺基亚和爱立信的设备报价，弃用华为设备的反而会给美国政府带来更多的成本压力。“甚至把中国法律都翻译错了”12月5日，华为在其深圳总部正式宣布，将在美国联邦第五巡回上诉法院对FCC发起诉讼。华为首席法务官宋柳平介绍，FCC主席帕伊（Ajit Pai）和其他委员未提供任何证据，来证明他们认为华为构成安全威胁的指控。自2018年3月FCC首次提出这项提议开始，华为和美国农村地区运营商提交了多轮事实依据和反对意见，但FCC却对这些事实依据和意见完全忽视。“华为还提交了21轮详细意见，阐述该决定对偏远地区用户和企业的伤害。但FCC却无视所有这些意见。”观察者网注意到，华为于2018年7月给FCC写了封118页的长信。信中华为列罗大量证据，指出FCC禁止的是领先的通信技术。“如果允许华为自由竞争，在2017-2020年之间，美国电信基础设施建设将节省至少200亿美元。”今年6月华为再次致信FCC：若FCC一意孤行，会令美国农村电信运营商存活堪忧。在这封10页的信中，华为列举多家美国中小运营商代表、客户观点，称FCC的做法不仅解决不了问题，还会对美国农村电信产业造成损害。华为甚至援引德国总理默克尔的观点，试图说服美国政府摘下有色眼镜。值得一提，华为法律政策和IP战略副总裁樊志勇补充道，华为从去年6月至今年11月向FCC提交过7份有关中国法律的专家报告。这些报告逐一分析了中国法律有关安全方面的法条，指出中国没有任何一条法律迫使华为在其设备内安装“后门”。但是FCC忽略了这些意见。“FCC在回应里，作了该机构对中国法律的分析，甚至把中国的法律都翻译错了。”华为其中一份报告指出，“将华为踢出自由市场竞争，将给美国5G推进议程带来6个月至18个月的延迟，给美国GDP造成1000亿美元至2400亿美元的损失。”FCC再次无视。需要注意的是，FCC在提交华为的回应中，认可了自身在网络安全方面经验的缺失。“实际上华为在1年多的时间内做了非常多的努力，为消除担忧，约见FCC的委员，但他们没有一个人愿意来见我们，只会安排他们的下属来见我们。但是他们会去接见我们（华为）的竞争对手，和这些竞争对手讨论如何限制华为的对策。所以我们希望从法律层面寻求一个更公平的对待。”樊志勇说道。
三问中国新能源汽车：纯电动汽车如何真正刺激消费端,原标题：三问中国新能源汽车12月3日，工业和信息化部发布《新能源汽车产业发展规划（2021-2035）》（征求意见稿）（下称《规划》）。十年前，工信部等多部委在2009年1月启动新能源汽车“十城千辆”工程，迈出中国新能源汽车发展的重要一步。在2012年，国务院印发《节能与新能源汽车产业发展规划（2012—2020年）》。十年磨一剑，如今中国已经成为全球最大的新能源汽车市场，2018年产销破百万；产业链方面，宁德时代成为全球范围内领先的电池巨头之一；无论是上汽、吉利等传统车企，还是蔚来、威马等新造车企业，纯电产品早已推向市场。但是美国电动汽车制造商特斯拉入华就让国内企业感到压力，大众、日产等国际巨头也虎视眈眈，又一轮的市场争夺战已经打响，不过，国内哪家企业、哪款车型可以代表中国迎战？而且中国新能源汽车是一个“虚胖”的市场，有多少是被私人购买，又有多少是被车企旗下的分时租赁在内的各类出行公司消化？2021年起的十五年，需要一个新的开始，需要一个全新的产业政策来推动。重点从生产端转移到使用端，从扶持技术研发到培育真正的消费市场，这是必然的选择，充电桩会是好的抓手。而燃料电池将是商业化落地的机遇期，氢能备受重视，但电池系统本身的技术攻关难题恐怕无法在十五年内完成。汽车产业整合，各领域跨界融合则是最值得关注的话题，也是最具想象空间的巨大市场，最怕的是，坐拥地利的本土车企，错失良机，中国汽车依旧只是大而不强。充电桩是消费端突围的出口吗？“补贴退下，产业政策还不能完全退，非补贴的政府措施还应该保留。”中国电动汽车百人会理事长陈清泰对《财经》记者表示，像购置税比例10%，还有像有些城市的限行限购，这样的政策可以继续保留。罗兰贝格全球合伙人方寅亮告诉《财经》记者，消费端、使用端、营运端是未来财政补贴的新方向，以便打通用车充电环节的各项环节，从而鼓励新能源汽车推广发展。诸多专家的意见，都指向了充电桩等基础设施。中国电动汽车百人会产业与金融研究院执行副院长王忠对《财经》记者表示，相对于新能源汽车的快速增长，充电设施等后续服务明显存在短板与不足。国内充电基础设施累计突破110万台，几乎是加油站10倍，电桩数量全球第一。但业内仍觉得“一桩难求”，APP满天飞、充电贵、充电慢仍是用户痛点。此前政策导向导致充电桩分布不合理，在部分地区高度集中，部分地区又找桩难；燃油汽车侵占公共充电桩停车位，运营服务商未能互联互通，充电时间集中带来排队与电网符合压力等仍困扰着消费者，阻碍电动车普及。《规划》围绕上述痛点一一给出建议：智能化布局充电桩，形成适度超前、慢充为主、应急快充为辅的充电网络，加强有序充电；引导企业联合运营充电设施，实现信息共享和统一结算；鼓励商业模式创新，鼓励各方联合开展充电设施建立运营，鼓励充电场站与商业地产结合。早在今年3月，财政部出台新规，明确将面向新能源汽车购车的地方政府财政补贴转向车辆运营，这被视作对充电桩企业的行业利好。万帮新能源投资集团高级副总裁王磊告诉《财经》记者，伴随电动车保有量的增加及产业界对投资建设与运营的模型探索，产业未来会越走越顺，过去只依靠补贴的企业是活不下去的。产业界不能靠补贴，要提前考虑后补贴时代怎么过日子。业内早有感触，并展开了新一轮的商业模式探索。广汇汽车董事长李建平告诉《财经》记者，近期国家在调整政策补贴方向，短期政策由车向桩转变，同时向高新技术及配套设施倾斜，意味着充电桩有巨大的发展空间。今年11月，国网电动汽车服务有限公司与广汇汽车服务集团股份公司合资成立了国网广汇（上海）电动汽车服务有限公司，双方试图打造全国最大的充电桩随车销售平台、私人充电桩数据整合平台、电动汽车车桩一体化生态服务平台。《规划》还规划一些充电设施的技术发展，如加强研发充电设备与配电系统安全监测预警技术，规范无线充电设施电子频谱，以便提高充电设施的可靠性。李尔公司全球电气副总裁孙琼对《财经》记者表示，无线充电无外露的导电点，安全性强，不收雨雪天气影响；无需频繁拔插，部件损耗小；还能够让用户完全忽略充电操作。实现从启动、充电开始、充电结束、到付费整个过程的无人化、自动化、智能化。事实上，充电桩带来了更大的商业想象空间。《规划》鼓励地方开展新能源汽车与电网的能量互动，通过统筹车辆充放电、电力调度需求，降低用电成本，提高电网调峰、调频能力。建设分布式光伏的电汇聚在储能系统中，供给新能源汽车充电的一体站。国家发改委能源研究院原研究员苗韧对《财经》记者表示：“充电桩是一个绝佳的能源互联网入口，具有刚需、高频等特性，赚取的是提供差异化能源服务的钱，未来想象空间很大”。对氢燃料电池的利好有几分？“久旱待甘露”。中国能源工程集团有限公司氢能源事业部副总经理阎文颇为感慨。其实早在2016年5月，中共中央、国务院印发《国家创新驱动发展战略纲要》，表示要“开发氢能、燃料电池等新一代能源技术。”而在担任科技部部长期间，万钢就曾多次呼吁促进氢燃料电池汽车的发展。离开科技部之后，作为全国政协副主席的他也数次为加大对燃料电池研发力度而发声。推广氢能背后是中国能源摆脱对外的依赖的重要举措。据《2018年国内外油气行业发展报告》称，2018年中国的石油进口量为4.4亿吨，石油对外依存度升至69.8%。在这一紧迫的情况下，或将于明年出台有关氢能的具体产业政策。国家电投氢能科技发展有限公司总经理张银广告诉《财经》记者，政策制定者希望“以奖代补”，通过对高自主化率、拥有核心科技的产业链企业进行奖励，而非撒胡椒面式的补贴，从而鼓励头部企业充分发展。在今年两会期间，氢能首次被写入政府工作报告，引来一波资本市场的投资热潮，特别是二级市场，部分氢能概念公司的股价飞涨，但在技术上实现突破，为时尚早。目前，氢燃料电池与纯电动、插电混合动力并列为我国新能源期汽车“三纵”技术路线，经过多年努力逐渐步入商业化应用阶段。但推广应用阶段仍多方面受限，比如产业链布局过长、民众安全顾虑、加氢站等配套基础设施建设跟不上等等。此前，上汽集团董事长陈虹在今年两会期间提案建议，加大燃料电池产业链的研发支持力度，设立国家专项支持资金，或制定财税优惠政策，鼓励企业加大投入，并在2019年后允许地方补贴继续保持一定比例。此外对加氢站建设和加氢费用予以补贴，鼓励社会资本参与。今年10月，财政部官网刊文回应中，表示相关补贴或者研发支持都有相应政策，当前主要任务是落实好既有政策，也拒绝了另设专项资金的建议。同时，在回应中，财政部指出，长期执行补贴政策也使得部分企业患上“政策依赖症”，难以应对全球市场竞争。而近期某些业内人士“产业政策如果不出来，一些中小型企业就要倒了”的感慨，印证了财政部的观点。事实上，氢燃料电池的补贴方式和监管力度在业内一直颇有争议。一些小众车企将氢燃料电池布局，作为面向资本方“自救的稻草”，找海外的现成技术，尝试签订战略框架协议，便向往释放利好。此外，部分国内企业直接采用海外成熟技术，借助较低报价，直接获取市场优势，促使补贴并没有流入鼓励自主核心技术的口袋，被业内称为欲罢不能的“吸毒成瘾”。“我支持补贴燃料电池，但各界必须冷静，不能再盲目了。”付于武认为，地方政府不要在追求短期政绩和GDP。需要对产业的核心技术有辨别能力，支持真心干自主培养核心技术的企业；对于那种买了一堆散件搞组装“披洋马甲”的，再给他们补贴就是荒唐。此外，在补贴一事上，政府需要反思，千亿规模的补贴，监管力度究竟如何？不能再重蹈覆辙。因此，阎文建议，有关部门能够在国产化率、核心技术是否自主可控上设定考核标准，从而管理接受补贴的对象，通过适度的准入门槛和专家评审等方式，扶持真心实意的本土企业。不过对于阎文所说的“适度”，国内一家领先的氢燃料电池企业研发人员对《财经》记者表达了无奈，很多标准很难制定，也都是妥协的，“如果按照我们公司的标准，有多少企业能达到？会影响行业发展积极性；但如果门槛低了，骗补的人也就多起来。”对于氢燃料汽车企业来说，《规划》作为一场甘霖，雨水不一定足够多。《规划》更注重的是“氢能”作为能源体系的发展，包括制氢、储氢、运氢、加氢等环节以及相关基础设施的建设，《规划》着墨颇多，而氢燃料电池系统的技术攻关有所提及，但明显比重不大。另一方面，氢燃料电池汽车的发展方向注定它的起量速度和总体市场规模都难以复制纯电动汽车的路径，因为可能在很长一段时间内，C端乘用车市场的需求不会旺盛。中国科学院院士欧阳明高告诉《财经》记者，“我的团队研究燃料电池，重点在各种商用车，将来会拓展到船舶、军用、可再生能源发电微网系统等。小型轿车对能量要求较低，锂电池可能发挥更大作用。”因此，对于某些希望在氢燃料电池乘用车领域投机倒把的企业来说，这并不是一个好消息。反过来说，这就给工信部、科技部、财政部在内的部委出了难题，如何推动企业攻克氢燃料电池系统端的问题，毕竟无论是膜电极、双极板等零部件还是电堆设计方面，国内与国外差距仍然不小。在前述财政部的回复中，有这样的表述：“加强新能源汽车免限行、免摇号、通行权便利等非财税政策引导。同时，鼓励地方出台充电（加氢）基础设施‘短板’建设和运营、新能源汽车使用政策，让消费者‘用脚投票’，切实促进新能源汽车推广。”张银广建议，氢能产业需要国家层面能够明确产业发展规划，让业内吃一颗定心丸。同时，需要尽快将氢能从危化品转变品类为能源，从而降低制氢、储运等环节的落地高门槛；此外，应该明确鼓励采用可再生能源制氢，从而实现真正意义上的降低碳排放。但根据欧阳明高等业内人士的观点，氢燃料电池主要用于商用车，那C端消费者的需求更加难以激发，套用纯电动汽车的“非财政补贴”政策恐怕难以奏效。跨界融合，中国车企能分几杯羹？此次《规划》值得关注的地方时，要构建起一个新型产业生态，这是一个基于新能源，又不局限于汽车产业的宏大蓝图，其中的关键在于融合。整合行业应该是第一步，即推动新能源汽车整车、动力电池等零部件企业优化重组，提高产业集中度。一位国内新造车势力的创始人对《财经》记者直言：“今天中国产能过剩非常严重，所以应该鼓励新旧车企合作，优势互补，进一步鼓励代工合作，进一步开放研发型企业资质，鼓励跨企业技术研发共享等合作。”在多位业内人士看来，中国国内的大车企很难做好创新，而新造车企业又没有足够的资金和政府资源来发展技术，如果双方能够找到整合的点，扬长避短的合作，将是一个双赢的局面。但双方合作阻碍不小，大企业的组织架构和新造车的互联网基因相互融合并不容易。相对来说快捷的方式会是《规划》提到的重组，未来不排除国有企业主动甚至被动吸收新造车势力的情况。其中一个可能实现的案例是拜腾与一汽。此前曾有传闻说一汽过度干预拜腾的经营管理，后续遭到双方否认，但是双方目前的关系仍令人浮想联翩。从模式上来说，资金雄厚的国资车企通过入股甚至控股的方式来整合新造车企业，是最有可能的方式，政府也乐见其成。另一个“混改也是给双方合作提供了一个契合点。”一个国际咨询公司的合伙人对《财经》记者表示，爱驰和江铃合作的路子是对的，但同样是摸着石头过河，需要时间来验证。而且这个案例中，“混改”的传统车企并不强势，希望创业公司反向带动，耗费的时间或许更长，但留给中国本土车企的时间窗口并不多。不过，融合与协同这个方向，最让人激动、最具有想象空间的是汽车产业与其他行业发生化学反应。正如《规划》所言，新能源汽车产业生态正由零部件、整车研发生产以及营销服务企业之间的“链式关系”，逐步演变成汽车、能源、交通、信息通信等多领域多主体参与的“网状生态”。“现在本身靠车企自己能够做的事儿已经不多了，下一步真正要去破局，在整个生态体系中形成一种创新，无论是技术创新还是模式创新，确实需要跨界。”前述咨询公司人士这样表示。智慧城市是相对遥远但诱惑力最大的市场。《规划》专门提及“智慧城市新能源汽车应用示范行动”，新能源汽车与能源、交通、通信融合，支持以智能网联汽车为载体的城市无人驾驶共享出行服务、物流配送、市政环卫、定制化公交和特定场景示范应用。想象是美好的，不过，此前一个智能网联的专家曾对《财经》记者指出，国内的相关政策制定存在一个问题，包括此次《规划》中的表述，仍旧是“人-车-路-云”，也就是说，从人和车出发、再到路和城市，这样的思路是缺乏顶层设计的表现。“真正实现无人驾驶与智慧城市，思路是城-路-车，从智慧城市的顶层设计出发，结合路网、车辆的升级改造。”该专家表示。从另一方面来说，目前积极参与智慧城市建设的，是阿里、腾讯等科技巨头，而非汽车企业。以阿里巴巴为例，从杭州起步的城市大脑，已经实现人工智能指挥红绿灯、全国首个无杆停车场、首个外地车“弹性限行”等，并将其扩展到23个城市，智慧高速的改造或服务里程约2万公里。当然，车企也不是没有，大众汽车与合肥经济开发区合作，在面积为16平方公里，9万居民生活的社区里，这家德国车企的全资子公司逸驾智能已经对通勤、学校、医院等真实场景展开了测试。福特则将在明年于无锡推出基于蜂窝车联网技术（C-V2X）的部分预商用功能。在中国车企方面，相关技术推广力度最大是一家新造车势力，华人运通，在江苏盐城和上海浦东都有示范项目的落地。其他企业的声量相对较小。跨界融合有助于下一步真正把应用场景打造出来，这必然是需要地方政府支持，也是中国本土车企的优势所在。但目前来看，似乎事与愿违。此次的《规划》已经在提醒本土车企，只是它们能否听到预警的钟声呢？
Q3全球智能手机屏幕出货4亿6千9百万片，同比下降2%,原标题：2019 Q3全球面板厂商智能手机屏幕出货4亿6千9百万片，同比下降2%来源：IHSMarkitTMT根据IHS Markit | Technology 最新的《智能手机屏幕季度出货追踪报告》显示，全球面板厂商在2019年Q3智能手机出货4亿6千9百万，同比2018年Q3下降2%，高于IHS Markit | Technology 2019 Q2报告预测的4亿6千3百万的出货，增长主要来自于AMOLED的出货，在2019年Q3，AMOLED的出货几乎与LTPS LCD 出货平齐，分别为1亿4千1百万片和1亿4千3百万片，面板厂a-Si LCD出货为1亿7千6百万片，比去年同期的2亿2百万片有较大幅度下跌。各技术类别均有部分出货并未流入智能手机供应链，此数据只是基于面板厂的供应方面的实际出货，与智能手机面板供应链数据有较大差异。后者的数据可在《智能手机屏幕供应链追踪报告》中查看。从各种技术类别出货来看，三星、京东方、天马、JDI、华星光电、HSD、中电熊猫和辉光电及维信诺均录得同比增长，除HSD外，其它台系面板厂以及属于苹果供应链的LGD和Sharp均有不同程度下滑。在各技术类别的市场份额方面，由于中国厂商的出货逐渐增多，三星在AMOLED的市场份额已经降至88.5%，而一年前这个占比是94%；但从客户结构来看，三星在中国手机品牌的渗透率有明显上升。京东方AMOLED的市场份额在Q3比Q2有所下降，略低于和辉光电，主要原因是柔性AMOLED目前应用终端机型较少，终端的备货周期会严重影响面板厂商的出货稳定性，但随着采用柔性OLED的机种增多，这一现象在2020年将会得到显著改善。维信诺的固安产线也在Q3开始向小米供应柔性AMOLED。LTPS LCD方面，天马仍然维持了26%的市场份额，并且天马38%的LTPS LCD出货为盲孔屏幕，在此市场领先。JDI由于供应iPhone 11所用的6.1寸LTPS LCD面板的需求高于预期，份额相比去年的14.2%有较大提升。华星光电在除了三星和小米的需求之外，在Q3向华为的出货有大幅增长。a-Si LCD方面，京东方继续扩大领先优势，HSD因为三星手机转ODM的项目订单而获得小幅同比增长，鸿海系及友达的a-Si LCD 份额则有所下降。虽然面板厂归口的出货显示a-Si LCD仍然多于AMOLED 和LTPS LCD出货，但由于a-Si LCD的很大一部分open cell出货未能进入智能手机供应链而通过代理商流入维修屏及翻新机市场或者其它应用领域，因此，实际上智能手机屏幕供应链调研数据显示a-Si LCD出货是远小于 AMOLED 和LTPS LCD的。
拼多多卖火车票了！还想喊你游玩住宿都“拼一下”,原标题：拼多多卖火车票了，还想喊你游玩住宿都“拼一下”文| 36氪 曹倩拼多多正在酝酿一个有关线上旅游的新故事。36氪发现，拼多多近期在App端和小程序上线了火车票业务。该入口位于拼多多首页——充值中心——火车票，点击进入后页面显示入口名为“多多火车票”。拼多多为新用户赠送了两张5元无门槛券。除首页“充值中心”的快捷入口外，拼多多在搜索频道的充值细分栏目下，还为多多火车票设置了独立的入口；而点击旅游出行入口进入“多多旅行”页面后，可看到“火车票上线了！不搭售，成功占座再付款！”的宣传字样。而就在9月20日，环球旅讯发布了拼多多邀请旅游商家入驻平台，可发布旅游路线/商品/服务、景点门票/周边游、特价酒店/客栈/公寓旅馆3大类产品的消息。但36氪向拼多多官方求证时，对方对此消息予以否认。如今才过去不到三个月，旅游出行与火车票入口就先后出现在拼多多App里，宣告着拼多多分羹在线旅游市场的决心。不赚钱也得先做火车票业务阿里有飞猪，京东有京东旅行，电商做旅游并不是一件稀奇事。无论是电商旗下旅游业务，还是携程、同程艺龙这类垂直OTA平台，火车票+飞机票几乎是在线旅游平台标配。作为后来者，拼多多开通旅游版块后也迅速上线火车票业务，跟上了行业脚步。但事实上，火车票和飞机票都不是能赚钱的业务。火车票业务几乎没有入行门槛，各家都从铁路公司唯一官方售票平台12306处获得授权。对旅游平台而言，火车票是基础业务，相当于12306的外部入口；对12306来说，其实更希望用户都到自己平台来订票，但即使12306平台建设已逐渐完善和稳定，还是可能因访问量过大而无法运载，尤其节假日访问量暴增，可能导致服务器及主干网络负载超核、来不及完成请求，从而出现服务器崩溃的现象。因而12306还是选择开放给三方平台来分流，但底线是，谁都拿不到佣金扣点。一位OTA行业人士告诉36氪，飞机票佣金在2到3个点， 火车票则完全0佣金、不赚钱。即使赚不到钱，在线旅游平台还是坚定地接入火车票和酒店业务，究其原因是给自己平台引流。旅游平台为用户提供境内游、出境游、住宿等服务的先决条件，都是用户先购买到目的地交通票，从订票环节开始吸引用户提供服务，使得用户顺理成章地继续留在平台挑选旅游产品；完善交通票务，也避免用户因服务环节缺失而流失至其他平台。一个案例是民宿短租平台Airbnb今年2月份挖来了前维珍美国航空CEO、前达美航空总裁Fred Reid担任全球交通业务负责人，开始布局航空、地面交通方面的创新业务，逻辑就是在住宿场景上游把控流量入口。再看拼多多，虽然自身拥有巨大流量，但尚未培养起在拼多多平台购买旅游产品的用户习惯。从火车票服务切入，先让用户产生“拼多多也能买火车票”意识，再对其他旅游产品引导消费是个不错的主意。不难发现，与“多多旅行”相比，拼多多把更多流量入口给了“多多火车票”：不论是App端还是小程序，“多多火车票”都可以通过首页充值中心和搜索栏目下的独立入口进入，而“多多旅行”在小程序端无明显旅游类目，只能在App搜索栏目下找到相应入口。拼多多与阿里、美团的新战场火车票、机票业务不赚钱，但旅游度假和住宿预订可以。打开拼多多App可看到，多多旅行当前提供的服务主要分为国内游、出境游、景点门票和目的地玩乐四大类。国内出境游主要组织“X天X晚”跟团游，目的地玩乐虽打出“吃喝玩乐一条龙”的宣传语，但主要提供护照、签证办理服务及售卖电话卡、上网卡。拼多多提供的出境游项目主要去往泰国、缅甸、菲律宾等东南亚国家，以及日本、韩国两个东亚国家，客单价低且多为爆款路线，与拼多多整体调性相符。多多旅游号召企业商家入驻，目前来看采用的是平台模式，与飞猪更为相似。据环球旅讯此前报道，多多旅行平台的入驻商家需交纳1万元保证金，每单支付6‰的手续费（相当于支付宝、微信支付的支付手续费），结算周期为自动确认收货后或主动确认收货后的T+1。在过去一年里，飞猪不断强化平台属性，联合众多酒店成立“新旅行联盟”，帮助供应商互联网化。逍遥子曾在谈及飞猪发展目标时直言，飞猪没有兴趣去重复做一个OTA，也一点都不想做一个新的OTA，还是希望做好一个平台。这意味着，同样采取平台模式的拼多多在当下虽难望其项背，未来却无法避免与飞猪正面竞争、上演争夺商家的戏码。除火车票外，多多旅行商品与拼多多其他产品一样，既可以单独购买，也可以拼单购买且价格更低。旅游产品加入社交电商的裂变玩法，既具备电商的流量优势，也比垂直OTA平台玩法更性感。不只是飞猪，拼多多旅行业务可能还得应对美团这个新对手。美团上市后发展策略不再激进，很大一部分原因是把拼多多当成了牵制阿里的“盟友”：拼多多势头正猛，阿里难以无休止地投入资源以同时应对拼多多、美团两家的竞争，随着拼多多不断切走阿里蛋糕，阿里必定会把精力更多放在牵制拼多多上，到那时美团的压力就会变小。然而，美团的压力能变小多少尚未得知，拼多多却可能先切走美团的蛋糕。多多旅行平台虽没有酒店住宿的单独分类，但唯一在售的酒店商品“酷芽亲子会员一年任意住”，却成为爆款专区Top1。该商品为酷芽亲子会员卡，拼单价880元、单独购买价1288元，会员可在酷芽亲子合作的全国74城110家亲子主题酒店不限次数入驻。详情页显示，酷芽亲子的官方合作渠道还有天猫、京东、贝店、云集等电商平台。这表明，拼多多虽暂无大肆进军酒店领域的迹象，但酒店业务仍可能在拼多多射程之内，且同样将面临供应商之争。平台模式轻巧、无太大供应链压力，盈利模式主要靠佣金。一位业内人士向36氪表示， 酒店业务赚钱能力强，佣金可以做到10%。公开信息显示，OTA巨头携程能针对部分高端酒店抽取20%，甚至更高比例的佣金；而对美团而言，酒旅业务是公司的利润中心，长期维持90%左右的高毛利。拼多多布局旅游业务，自然也是看中其较强的盈利能力。拼多多虽足够任性，上市后仍敢不计亏损地扩张业务，却也不得不沉下心来考虑公司更长远的发展问题。第三季度不达预期的业绩已经重创股价，在二级市场眼中，拼多多亏损换增长的故事可能不再动听了。
诺基亚智能电视来了：55英寸4K 约人民币4142元,新酷产品第一时间免费试玩，还有众多优质达人分享独到生活经验，快来新浪众测，体验各领域最前沿、最有趣、最好玩的产品吧~！下载客户端还能获得专享福利哦！今天Flipkart网站正式公布了诺基亚智能电视的渲染图、规格和在印度市场的价格。55英寸4K屏幕价格为41999印度卢比（约合人民币4142元）。诺基亚智能电视采用无边框设计，从渲染图来看三边比较窄，下方采用银色的底座，外观方面看着比较简洁。显示屏采用了55英寸4K屏幕，具有MEMC技术、智能调光技术、杜比视界和HDR 10功能。音频方面，采用JBL扬声器，具有杜比音频，杜比数字和DTS TruSurround技术。硬件上，诺基亚智能电视搭载PureX四核处理器，2.25GB内存；带有Netflix和YouTube的热键和Google语音助手。此外，这款电视还具有Clear View技术和Clear Sound技术。价格方面，诺基亚智能电视在印度市场的价格为41999印度卢比（约合人民币4142元），使用信用卡、借记卡和网上银行等还能优惠10%，该产品将于12月10日中午12点开始发售。
