人物|两年打36场 被诅咒的天才在慢慢冲破封印,现在的富尔茨，看上去真的棒极了。在昨天对阵奇才的比赛中，他拿到了自己职业生涯的第一个20分。今天，他帮助球队大胜太阳，26分钟里拿到13分4篮板5助攻1封盖，这是他本赛季连续第10场得分上双的比赛。这些数据并没有那么耀眼，但当你将其与富尔茨这个名字挂钩之后，一切来之不易的韵味，就在顷刻间弥散开来了——虽然这是他职业生涯的第三个年头，但加在一块，一共就只打了56场，合计1213分钟。大学时期的富尔茨，结合了身体天赋与爆发，同时还兼具着飘逸的球风，能突破，也擅远投。这也就是为什么费城76人不惜拿第三顺位+俩首轮，也非得从凯尔特人手中抢到他的原因。因为在费城原本的期待中，富尔茨将成为填补球队外围短板的最后一块拼图——他会成为一柄锋利的刺刀，与西蒙斯、恩比德形成风格互补，扛起球队执行关键球战术的职责。可这一切的美梦，都在富尔茨染上那个怪病之后，破碎了。他没法正常抬手，这不仅影响到了他的投篮，也彻底断送了他在费城的未来。球队在一号位上的投射能力已经足够让人糟心的了，先发后场双核全都无法正常远投？这对球队的阵地进攻来讲，无异于灾难。而当富尔茨失去了曾经的光彩之后，他也逐渐开始变得多余。一边是迟迟无法摆脱的病痛阴霾，而另一边则是76人滚滚向前奔袭的历史浪潮。连西蒙斯都无从获得锻炼与放肆的机会，又能有多少时间留给这个迟迟无法上场的怪病状元呢？答案是，一年。从10胜72负，到52胜30负，他们只用了一个全员健康的赛季。紧接着，巴特勒降临，哈里斯加盟，“过程”在瞬间被终结，费城想要结果了。于是，富尔茨被送到了奥兰多魔术，以近乎被白送的方式，结束自己在费城76人的生涯。站在费城的角度来讲，这笔交易烂透了。他所起到的唯一作用，就是省钱。可对于马克尔-富尔茨来讲，这一切真的好极了。相较于费城旗帜鲜明想要“赢在当下”的目标，现在的魔术还处在一个混沌的摸索期，没有谁是绝对的基石，也没有一个非得赢球的期限，他们能给予富尔茨更好的成长空间，让他重新摸索，适应这个联盟。当然，富尔茨还不是魔术绝对的球队核心。事实上，在赛季之初，他所获得的机会，也更贴近于角色球员——没有超长的出场时间，没有无限开火的权力，并且，得从板凳开始打起，用球场表现去换取更多的信任。能够逐步取代DJ-奥古斯汀，坐上球队的先发正牌一号位，靠的还是富尔茨自己的努力。那么，现在的马克尔-富尔茨是个怎样的球员呢？跟费城时代相比，他的病情已经得到了明显的好转，投射能力也逐步恢复到了一个正常的水准。这点从上面这张历年各区域投篮效率对比表中，我们就能很直观地了解到。除去正常投篮手型还无法完全撑起的三分表现，富尔茨在中距离附近投篮能力已经得到了很好的恢复，而且效率上佳。现在的他，正在奥兰多履行着最初费城所依托在他身上的期待——跟大个打挡拆，形成错位，再利用丰富的小个进攻技巧，去惩戒对方的换防。看着这些画面，你还能想象富尔茨曾经挣扎反复的模样么？通过持球执行挡拆来完成进攻的终结方式，占到了富尔茨本赛季整体进攻比重的47.6%，而0.926分/回合的效率，在挡拆回合超过100的球员中，排在第20位，也已足够可观。随着进攻状态的日渐复苏，富尔茨在场上也开始表现的愈发自如——当他在场时，魔术的进攻效率能够得到每百回合13.2分的提升，这超过了同位置97%的球员，同时，还伴随着6.4%的有效命中率提升。他还不是这支球队里最好的球员，但显然，他正在向所有好的方向前进着。比如说，防守。如果你有留心观察过富尔茨的比赛，你一定会对他的防守留有些印象。且不说将来能做到多好，至少这好的防守习惯摆在这，就能给人以遐想的空间。就拿这个回合来讲好了。勇士队执行边线发球，鲍曼要借格林的无球掩护兜出来接球。第一个细节，是富尔茨在过掩护时，选择了压低身位，侧身快速挤过；第二个细节，是富尔茨在挤过掩护之后，并没有第一时间往前扑，而是拦在了鲍曼与队友的传球路线上，先下意识地高举双臂干扰视线，再下肩伸手，去阻截鲍曼的击地出球。富尔茨的防守突出一个聪明，他非常清楚自己该在什么时候选择伸手干扰，也明白在何种单防情景下，如果冒然刀球，就一定会被吹罚犯规。而这些对于防守细节的把控，在缺乏实战经验的稚嫩球员中，显然是非常可贵的。从头顶天之骄子的光环降临NBA，到历经浩劫般的两年后被人抛弃，富尔茨在自己的生涯初期就已经尝尽了这个联盟的冷暖与辛酸。他比多数人都更能体会这种巨幅落差，所创造出的强烈刺痛感。但好在，他还只有21岁，他还有大把的时间去消化这些经历，重塑自己的职业生涯。10连上双也好，得分首破20也罢，这些都不重要。重要的是，我们都知道，这是一个全新的开始，他的未来一定会比现在更光明…（代号9527）
深度|背靠背统治盐湖城，湖人凭什么？,就从球员的尺寸配置上看，爵士跟掘金有些类似。他们原定计划下的先发球员，都不算高。排开约基奇，米尔萨普+巴顿+哈里斯+穆雷的四人组，最高的才201，平均身高不足196。爵士这边也差不多，康利+米切尔，人均185的后场搭档，锋线上奥尼尔198，博格达203，全部偏矮。当他们在面对湖人这种内线摆双高，禁区主攻点在四号位上，同时还辅有勒布朗-詹姆斯这个锋线爆破点的球队时，首先在对位的身形上就明显吃亏。换句话说，如果照着原计划执行比赛，那这游戏从你的出生点开始，就已经注定了不会那么容易跟顺利。但这爵士这边刚好碰到了康利伤停，原定的1号位没了，他们拿了英格尔斯来顶替，203的组织前锋，接着又把奥尼尔拿下了先发，启用了身形与吨位相对更匹配一些的杰夫-格林。阵容仍然不算高，但要比原来好很多。至少博格达对詹姆斯，格林对戴维斯，还能对一对。开局阶段，爵士利用湖人在防守端的松懈，投进了不少三分球，这也是他们得以取得领先优势的原因。但持续的时间并不长，重要的转折点，发生在了首节6分15秒。爵士队开始进入阵容的轮转阶段，他们拿尼昂+奥尼尔+戴维斯换下英格尔斯+格林+戈贝尔。开场提到的身高要素，在这个人员调整之后，没了——爵士五号位上的身高跟护框能力被拿掉了，场上的整体高度也被降下来了。而之后的这个进攻回合，就成了这次换人所带来的改变的缩影。当你的禁区里没有了戈贝尔这个防空制高点之后，詹姆斯可以很随意地坐到低位去进行背打，在压到很深的位置之后，再通过观察防守的移动来完成处理球。这是爵士本场比赛的第一段迷茫期。埃德-戴维斯防不了浓眉，詹姆斯想要冲击禁区，爵士也没法给予有效地制裁。但你的核心球员总得休息，而你的锋线储备又不够，除了咬牙忍过这段时期，好像也没有什么更好的办法。所以你看到的首节末的比赛进程是这样的：——詹姆斯持球推反击冲击篮下打成；——浓眉面框强攻埃德-戴维斯抛投得手；——隆多支配球，詹姆斯反跑偷袭篮下上篮打进；——浓眉面框再攻埃德-戴维斯，打成2+1。然后爵士受不了了，叫了暂停，重新拿上了戈贝尔。虽然浓眉远距离干拔投进了一个，但在整体上，湖人频繁冲击内线，打你高度不足这件事的势头是被爵士给遏制住了。要不是库兹马造成一三分犯规，投进一神仙压哨。在暂停完，戈贝尔回来，詹姆斯下去这段时间里，爵士其实是在追分的。接着比赛进入到了第二节。湖人拿上来的阵容是隆多+卡鲁索+詹姆斯+库兹马+霍华德。理论上，这阵容外线威胁不足：虽然隆多本赛季的远投表现不错，但他依旧不是常规认知中的三分威胁点；卡鲁索的赛季三分命中率只有31%，最近5场球，三分球7投2中，命中不到3成，只有28.6%；库兹马在三分线外的命中率不到35%，且最近3场比赛，没有三分入账；詹姆斯33.3%，最近2场比赛在三分线外9中1。所以，收缩防守是理所当然的事，你外线缺乏威胁，我禁区又矗立着戈贝尔这个绝对的防守制高点，妥妥地铁桶阵围剿詹姆斯的戏码。但爵士这事难就难在，湖人投篮开了。隆多投进了被放空的三分。詹姆斯点起艾克萨姆，中投打成2+1。米切尔抓霍华德挡拆蹲坑扔进一三分，詹姆斯回过头立马回应一个远投。爵士防突放投的想法是没错，可谁也架不住湖人把所有是机会的，不是机会的球全给扔进去了。这种时候，你就只能认命。对手的状态正好踩在点上，而你能做的，就只有冷静，保持平稳的心态，做好自己该做的每一件事，然后去等待一个能够铸就逆转的契机。这东西，说着容易，做起来就不是那么一回事了。先从湖人的防守说起。第一点，湖人在防守端的表现其实偏传统，防挡拆多半采用五号位蹲坑，追防人挤过的方式。这种防守的好处，就是能让大个长期处在自己的防守威慑区内，更有利于保护禁区，但难受的地方在于，机会通常会出在挡拆发生的瞬间，要是挡拆人攻击能力超群，蹲坑收在里面就很容易被制裁。所以米切尔跟博格达，两个人加一块就承包了全队31个三分中的17个，这其中就有不少的机会发生在挡拆之后的换防又或者蹲坑阶段。另一点在于湖人的整体防守控制。从全场比赛来看，湖人这场球对禁区的收缩保护意识表现的非常强，这不只是表现在了大个蹲坑上，他们在侧翼轮转的协防也做的非常到位。在掐持球人出球与收缩保护篮下之间的那个度，把控的极其出色。这两点一相加，就造就了大量持球人在通过挡拆获得空位投篮，却没有选择出手之后，被迫往禁区移动，但又苦于无从找到分球的路线，只能被迫挑战湖人禁区高度的场面。接着再说回爵士自己。有一个数据是最能体现本场比赛的——快攻得分对比：湖人32，爵士5，湖人赢了27分。就一整个赛季的表现来讲，爵士在防转换的表现上并没有那么糟。即便算上这场，每回合1.05的转换失分也还能维持在联盟前十的水准。但这问题就在于，爵士在本场比赛中的防转换表现，实在太像个谜。他们在转换的防守上，出现了大量的退防不及时，沟通失误导致漏人的问题，甚至在执行完罚球之后，都有让湖人推进反击得手的场面出现。这一切都表现的很不爵士，但这又的的确确地全发生在了他们的身上。而当在一场比赛，你的对手集齐了身高优势，战术克制以及球员状态等多个元素之后，你又还能靠什么去相信奇迹会有可能发生呢？121比96，25分的分差，并不能代表两队全部的实力，但它的确很好地反馈了两队在这个夜晚的状态。（代号9527）
花边|愁!不玩游艇不换女友 这9800万怎么花光?,高薪低能典型代表、手握9600万大合同本赛季却只打了三场比赛，场均3.7分，但是就是这样一位球员，仍然能够在花边世界站稳脚跟！他是谁！钱德勒-帕森斯！闻到了关于帕森斯的一丝八卦之后，E妹在这个冬天抖了一个激灵，摩拳擦掌要给大家来好好说一说他最近的那些八卦了！你们造吗！最近帕森斯看上的是谁！是布克的女友。。。的双胞胎姐妹海莉-哈里森。当时，两人互相撩上还是在新赛季开始之前，当时新赛季开始之后，10月26日，海莉曾经发布了一条社交动态，并且发了一条她与哈里森的亲密合照，海莉身穿着性感比基尼，而帕森斯只穿了一条沙滩裤，两人在阳台上尽情拥吻，更重要的是，帕森斯在人家的翘臀上纵情抚摸啊！你们造更丧心病狂的是什么吗？帕森斯在给海莉点赞，并且还在下面留言，“last one”，看到这里E妹微微一笑，你好像对上一个女朋友也是这样说的。在帕森斯度过了自己31岁的生日，他和海莉度过了一个非常美丽的夜晚，要论情侣拍照姿势，请参考这两人。于是，与海莉在一起之后，两人简直可以用如胶似漆来形容。几乎海莉发的每一条状态，帕森斯都会为她点赞，完全做起了“舔狗”模式。然鹅，你们造吗！上一次，上个赛季，帕森斯也是这样对自己的前女友的！在与海莉交往之前，他曾与一位名叫卡西的嫩模在一起。在与卡西在一起的两年时间里，帕森斯没有再对其他美女侧目，即使他有的是大把时间在赛场之外，但是几乎都是与卡西度过的。在今年的3月份，他还发了一份狗粮差点没把E妹给噎住。当时，他po上了自己与卡西亲吻的照片，随后发了一则状态：“祝我的一生挚爱生日快乐！！能够遇见你我是如此的幸运@cassieamato（帕森斯女友）。永远都不要离开我，一直要留在我的身边。你偷走了我的心，我爱你。”当时，两人在一起之后游山玩水，无论是在海滩边还是在森林中，或是在高档餐厅，都有他们的身影。甚至于帕森斯还带着卡西去见了自己的家人，但是后来两人还是选择分手，关于为何会分手，两人都没有公开原因。但是E妹猜想可能是因为。。。emmmm，你们懂的。在今年休赛期内，帕森斯在分手之后也选择放飞自我，凭借着超高颜值外加NBA中“王老五”级别的收入，想在场外撩美女那简直是太轻松了。今年夏天，他带着格里芬包下了一艘游艇，并且约了好多好多好多的比基尼美女，满屏溢出来的都是美好肉体。于是，帕森斯的大动作也引起了八卦媒体的注意。美国著名八卦网站有记者问帕森斯为什么要包下游艇的时候，你们猜猜看帕森斯是怎么说的？他竟然说：“如果我不包下那条游艇，那么应该怎么花掉那9600万呢？“这样的回答简直666，秀出了天际！据说，帕森斯家里根本就不差钱，即使现在帕森斯的表现已经差到无法直视，曾经那个脚上带风的少年早已不复存在。但是，人家根本不愁下一份合同啊，毕竟家里有矿！然鹅，你们知道的，在美国花边界中，有谁会嫌钱多的呢？帕森斯如今与海莉如胶似漆的另外一个原因是不是怕下个赛季没有了大合同，所以就不敢换女友了？但是，你们都想多了，毕竟帕森斯的身边根本不缺妹子！光是叫做“海莉”的妹子，帕森斯就已经交往了两个。上一个，还成为了贾斯汀-比伯的妻子，超模海莉-鲍德温！和帕森斯的花花世界比起来，我们还是太嫩了！最后，请欣赏一下帕森斯新欢的靓照吧！（Emily）
人物|跟锡安齐名的天才 咋就变成了摆烂神器？,两天前在主场大胜勇士终结十连败的亚特兰大老鹰未能将幸福感延续，118-130，依旧主场作战的他们今夜憾负布鲁克林篮网，似乎又迈向下一次延绵不绝的连败之路。特雷-杨的日常空砍成为了老鹰无助的写照，而努力整场却难挽败局的进程也凸显出连胜对于如今的他们而言是多么的奢侈的幸福。只是，此时的菲利普斯球馆无人沮丧，所有人似乎都在用呐喊与掌声去迎接一个神奇时刻的到来。稳稳把握住队友传给他的三分机会；加强了对篮筐的冲击，展示出了难得一见的侵略性。这就是卡姆-雷迪什面对篮网的表现，今夜的他与过往判若两人。全场出战37分钟，17投10中并命中4记三分砍下25分6个篮板3次抢断。其中37分钟的出场时间是雷迪什生涯之最，而25分也创造了他生涯的最高分。主场球迷用最真诚的情绪对他送去了绝对的敬意，这大概促成了雷迪什进入联盟至今最难忘的时刻。而谈及今天自己的表现，雷迪什则感慨万千：“这就像梦想成真，我找回了自己的一点节奏。我就是不断努力，保持谦逊，脚踏实地，继续坚持。”此时的雷迪什努力在黑暗赛季里寻找一线曙光，做到这些对他格外不易。与篮网的比赛之前，雷迪什代表老鹰出战了18场比赛，24分钟的时间内场均只能交出7.2分3.6个篮板以及1.7次助攻，他的命中率只有28.8%，三分命中率则仅仅是21%。全线失准的低命中率令人震惊，但雷迪什饱受诟病的远不止于此。他的场均1.8次失误数甚至高于助攻数，在18%的回合占有率下回应的是0.94的助失比，无法让人满意。此外，拥有足够尺寸的他内线命中率只有38.2%，外线失准的他也没有呈现出足够的终结能力。低效、鲁莽、支配球能力极差、缺乏对比赛的阅读和判断，这就是雷迪什此前呈现给我们的球场状态。一个月前在老鹰主场不敌热火的比赛后，雷迪什在接受采访时深刻反思：“我必须冷静下来，我必须放慢速度，让比赛感觉来找我，我就是打出我的比赛风格，我肯定会变好的。我会在场上看到更多的东西，一切都会好起来的，我很期待那一刻的到来。”那场比赛，出场29分钟的他11次出手仅仅命中两球，在赛季五场比赛过后，他最高效的表现竟然只有9投3中。新秀需要时间找到节奏，雷迪什期待着完成蜕变的那天，老鹰的球迷和管理层也抱有同样的期待。然而随之而来的情节并不是触底反弹，同自己较劲的雷迪什终于凭借不懈努力成为了响彻联盟的“寒冰射手”。截止12月之前，雷迪什各个位置的命中率全部低于联盟平均水平，投篮热图犹如深沉的大海，蓝到透心凉。耐心的消磨往往比想象中来得更快。“寒冰射手”没有打出未来却将自己推入泥沼，从昔日名声大噪的杜克三少到此时沦为笑柄的摆烂神器，雷迪什仅仅用了十几场比赛。卡姆-雷迪什的境遇，本不至于此。这个赛季开始之前，联盟各队总经理对于即将到来的2019-2020赛季展开了一次投票，在关于“哪名新秀将会成为未来五年最好的球员”这个问题上，卡姆-雷迪什以7%的得票率仅次于锡安-威廉森和贾-莫兰特，高居第三。多少出乎外界的预料，首轮10号秀的雷迪什成为了继状元、榜眼之后最被外界看好的未来之星。这个模板被定义为保罗-乔治的年轻人因为在大学期间持续下滑的表现而导致顺位一路走低，但此时联盟的经理们依旧对他寄予了极高的期望。2.03米的身高，2.15米的臂展，体重几近100公斤，不惧对抗、身法敏捷，雷迪什不俗的天赋是成为外线防守尖兵的必备条件；而投篮姿势标准，出手瞬间手腕柔和，则令他具有成为一名可靠射手的潜质。事实上，雷迪什的确拥有值得信赖的一些理由，他的一切符合当下篮球的发展潮流，有极大概率成为一名优质侧翼。当然，他也去到了一个适合发展的平台。老鹰正处在混沌的重建期，围绕特雷-杨建队的思路明确后，谁能成为杨身边值得信赖的搭档则尚在观察之中，为了这些位置，众人各展所能、良性竞争，是极好的进取状态。面对有着无限可能的未来，雷迪什也志存高远——“我想成为最佳新秀”。渴望成为最佳新秀的雷迪什踏上了梦寐以求的赛场，然后生涯首战面对活塞，6投0中仅得一分。首秀受挫令雷迪什偏离了正确的轨道，他在不断的打铁中渐渐坐实“寒冰射手”定位的，同时他也开始用神奇操作收获全新的称号——XJBD代言人。进攻中过于迷恋转身上篮，颇有托尼-帕克迷弟的风采，却因不得要领一次次狼狈的呈现给世界他匪夷所思的进攻选择。然而此时，25分生涯之夜成为了一道分割线。将雷迪什的挣扎与未来分开。分割线的左边是他在混乱的思绪中蹉跎了四分之一的赛季，但望向分割线的另一边，站在另一个角度，至少他还有四分之三的时间去证明自己。在经过最初的痛苦后，一个噩梦赛季终现曙光。卡姆-雷迪什就这样踏上找寻自我的漫漫长途， 25分生涯纪录之夜为他的成长道路了注入信心，这在提醒他能够做到些什么，应该怎样去做。但这仅仅是难堪大用的10号秀的昙花一现？还是真正意义上知耻后勇、触底反弹迎来命运的转机？所有人都在等待雷迪什用行动给出答案。（姜子昂）
9年了啊！詹姆斯终于赢了，整整输给他们9年了,湖人121-96爵士，继续保持联盟第一。俗话说得好，人要有压力，才有动力。毫不夸张的说，湖人众将这段时间最有动力时候，就是被看不起的时候。不是说湖人只能打弱队刷分么？不是说湖人打不了强队么？昨天今天，连挑排名第三的掘金，排名第六的爵士，给看不起湖人的球迷看看，他们到底能不能行。这场比赛吧，赛前气氛相当紧张。据说湖人诸将患了流感，随后便是一传十传染一支队伍，而浓眉、库兹马流感最为严重，疑似不能上场。哥几个都知道，流感不算是大病，但发起来真要命，具体表现为：四肢乏力、浑身发热、呼吸费劲，但在座的各位也都是老球迷，心里门儿清，湖人的球员，说疑似不能上场的意思就是：这场比赛，我打定了！十二月赛程本就严酷，这下碰上全队集体流感谁顶得住啊？赛前库兹马万分担心：“哥，今儿个咱怕是得栽这儿。”阿King还未开口，戴维斯插了句话：“甭瞎操心，躺好就完事儿了，我带飞。”库兹马非常仔细且认真的琢磨了一下戴维斯的话，并很快做出了判断：这孩子烧晕了，说的话一个标点符号也不能信。今天我就是个战斗力不足五的渣渣啊！！而且您这流感重到训练都费劲儿，你确定你能带飞？？比赛一开打，战况相当激烈，对方一群休养生息，以逸待劳的猛男，打湖人这边一群风尘仆仆的病号，激烈得不行啊。好在湖人这边基本都是见过大世面的，除了库兹马有些年轻以外，其余的基本上都是混江湖已久的老球痞了。不装逼不耍帅，只求能进球，譬如戴维斯。说带飞，就带飞一点不带糊弄人，全场11中9轻松入账26分，临了还隔着卡鲁索，怒帽米切尔。米切尔挨帽后，整个人登时愣住，心想：你特么管这叫重感冒？我咋看你这龙精虎猛的比我还健康啊？！库兹马一看浓眉大眼的哥哥这么猛，自己也嗨了，运到前场直接顶一万人干拔三分出手，出售前一秒：卧槽别投！！你以为你是科…比啊？！出手后一秒：卧槽库兹马牛逼！！霍华德一看两位弟弟都这么勇猛，也嗨了，隆多底线发球，眼瞅三分线底角没人防守，立刻一记长传，定睛一看那人居然是霍华德！！想也不想接球顺势出手，一个真敢传，一个真敢投！嚯，还真进！！库兹马嗨了，考辛斯嗨了，皇阿玛嗨了，湖人全员玩嗨了。也就两节球的样子，爵士队已经被削得七七八八，只剩下米切尔等团伙首脑还在顽抗。打完这场比赛，阿King入账20分，常规赛+季后赛得分正式突破四万大关。湖人121-96爵士，继续保持联盟第一。本场胜利是詹姆斯自从2010年12月8日后首次客场战胜爵士，此前詹姆斯已经在客场面对爵士时遭遇7连败（仅统计其出战的场次）。据统计，本场胜利也是湖人自从2015年以来首次客场战胜爵士，球队也由此取得客场十连胜。关注篮球技巧教学
爆发冲突！字母哥怒了，格里芬裆下一紧,平平无奇！雄鹿又赢球，又是一场大胜！在今日客场挑战活塞的比赛中，雄鹿以127-105兵不血刃带走胜利，球队喜提13连胜，目前以19胜3负的战绩稳坐联盟榜首位置。13连胜是联盟目前最长连胜，也是雄鹿自1973年首次取得13连胜。在1973年10月17日-1973年11月13日，雄鹿在贾巴尔的带领下取得过13连胜。过去三场比赛，雄鹿全是大比分取胜，合计净胜对手高达109分！这是NBA历史上在三场里累计净胜分第四多的纪录！本场雄鹿核心字母哥全场仅出战28分钟，21中12，三分8中4，高效砍下35分9篮板2盖帽。是的，没有老花眼，字母哥投三分了，还是8中4！三分颜射格里芬；三分颜射庄神；同样的套路，你就是防不住！上前防守，一步被过；不上前顶，活活投死。活塞主帅凯西赛后表示很无奈：“如果他能投中三分的话，那我们就有大麻烦了，因为我们主要防的是他的突破，我们认为突破上篮才是他的致命武器。”比赛早早打花，双方球员心态上也发生了变化，格里芬在一次进攻中抬肘碰到了字母哥的脸，随后双方发生言语冲突。字母哥上前理论，格里芬则认为对方演过了。下半场双方肢体摩擦再一步升级，字母哥遭遇包夹后倒地，格里芬抬起腿从字母哥身上跨了过去……此举引起了其他雄鹿球员的不满，米德尔顿甚至冲上去找格里芬理论。emmm，格里芬是要复制世纪之跨啊！不过当格里芬选择从字母哥腿上跨过去时，毒妹就替芬芬捏了一把汗。2018年12月字母哥谈被海佐尼亚跨过：下次会朝他蛋蛋打一拳（punch him in the nuts）。
詹姆斯9年来首胜！这样了还不给哨 裁判真过分,牛逼！詹姆斯、浓眉哥两人半场就合砍32分5篮板8助攻，把爵士的防线打得不要不要的，帮助球队领先对手两位数。仅打了半场，老詹再次完成了一个里程碑，他常规赛生涯拿到33097分，季后赛砍下6911分，总得分来到40008分。比老詹多的，只有贾巴尔和马龙两位远古神兽。詹姆斯怎么好意思说自己只是控卫的？但詹姆斯该场比赛依然被裁判“针对”，在老詹持球过半场时，他单手托球，但脚下却没停，连走两步之后停住这才开始运球，防守老詹的博扬看得清清楚楚，连续挥手表达抗议，但裁判没有任何表示，早就说了，裁判本赛季是不会给詹姆斯哨的，联盟第一人的待遇真。。。。。。这让毒液想起了雷霆时期威少，以及对面的库里。湖人真核波普看到自己定律被打破之后，本场依然痛心不已，渴望再实现王者归来，于是他半场就挥泪轰下两记三分，彻底为比赛的走势奠下基调。比赛什么的也变得索然无味，隆多也赶紧乘机拿下3分3篮板5助攻，这样一来，隆多生涯总助攻数来到了7041次，超越帕克（7036次），排名历史第17名。排名第16名的是蒂姆-哈达威，他的生涯总助攻数为7095次。不过隆多还是得感谢库兹马，哪怕被珍妮阿姨喂饱饱依然能吃得下饼。库兹马在首节和次节结束之前连续命中两记高难度压哨三分，均来自隆多的助攻。到了下半场，爵士虽然在米切尔带领下挽回点优势，但还是于事无补，湖人末节连续打出得分高潮，彻底拉开比分，宣告比赛进入垃圾时间。湖人也玩上了，兽兽在面对防守时候，还命中了本赛季个人首记干拔三分。7年前，还是超巨的兽兽效力湖人时也命中过三分。霍华德职业生涯三分一共出手了65次，命中7次。我们的青春又回来了，奥利给。最终湖人背靠背以121-96大胜爵士，取得2连胜，目前以19胜3负的战绩排名联盟第1的位置。这是湖人自2015年以来首次在爵士主场赢球！本场取胜后，湖人迎来客场十连胜！詹姆斯也结束个人在爵士主场的七连败！这是他自2010年以来首次在爵士主场取胜！老詹全场出战29分28秒，投篮21投9中，三分球6投1中，罚球全中仅砍下20分12助攻4篮板的两双数据。帅帅的浓眉哥本场比赛发挥依然高效稳定，全场轰下26分6篮板，这就是沃格尔说出现流感症状的浓眉哥？除了老詹和浓眉哥之外，湖人还有3人得分上双。又有超巨，又是全民皆兵的湖人，隔壁的快船在瑟瑟发抖了吧！最后必须得夸一下兽兽，全场3投3中，三分球1中1抢下7分9篮板3盖帽，圆满完成了自己的任务，其中他也在历史盖帽榜上超越乔治-约翰逊，升至历史第16位！从此战看来，兽兽坚持的赛后投篮训练终于有了建树，本场他的运动战进球包括一个中投和一记三分，皆是空心落网。这才是最好的霍华德。科比看到现在的兽兽，也应该会给予最亲切的问候吧！
再见已是永别，愿天堂也有你所热爱的篮球,我们多久没看到吉喆了？他好像突然从篮球世界里消失了一样，而就在今天，我们突然得到了吉喆离世的消息。去年八月份吉喆确诊肺癌，在首钢俱乐部的帮助下前往美国治疗。他并没有把这个消息告诉球迷们，只是说自己遭遇了伤病折磨，会前往美国治疗，接下来的一个赛季不能出战了。而这两季，他都没能回到赛场。他才33岁呀。1986年吉喆在辽宁出生，2005年他带领东北大学拿到CUBS的冠军，2006年，他参加了耐克篮球峰会。2007年，他从辽宁男篮租借加盟北京首钢。新秀赛季的吉喆出场29次，场均5.1分3.3篮板。2米02的吉喆在攻防两端贡献自己的力量，勤勉努力，赢得了北京球迷的喜爱。吉喆还代表北方队参加了星锐赛，20岁的吉喆在那场比赛里拿到了28分16个篮板，全场拿到14个罚球，投进4个三分。2009年，他继续租借北京两个赛季，那个时候，吉喆也不知道，未来自己会成为北京的队长。11-12赛季，那是北京的第一个夺冠赛季。12年3月份的最后一天，北京在落后15分的情况下完成逆转，吉喆10分8篮板，帮助北京取下队史第一冠。那年夏天，吉喆永久转会北京。之后的12-13赛季，吉喆场均10.8分6.7篮板。13-14赛季的总决赛，吉喆全部首发出场，北京的第二个冠军上也有吉喆的印记。还有北京卫冕的那一季，吉喆仍然是重要的一环。如果你不是北京的球迷，你不会记得吉喆有过什么高光时刻，但你总会记得有这么一个球员，穿着51号，能投篮会防守。作为北京的队长，吉喆团结队友，在场上拼尽全力。他不是明星球员，但他总是把自己所有的能量放在球场上，他是首钢的燃料桶，那个永不放弃的人。所以当他离开的时候，人们会这么难过。我们还等着他重返球场呢，北京队永远会给他留下一个位置的，可惜他没法回来了。“我还想回去打球。”这是不久前吉喆对自己母亲说过的话。而当他离开之后，这句话才更为心酸。人的生命，还是太过于脆弱了。在吉喆患病之后，北京首钢直接和他续约了三年，并且承担他在美国的所有治疗费用。“就算让我荒废首钢队一赛季，能换你健康，都值了。”这是首钢俱乐部秦总的原话。几天前，曾经在《我是马布里》扮演以吉喆为人物原型的高以翔也离开了。2019年的最后，凛冬已至。“带着甜蜜的痛楚，我频频回顾，我将流过不再重回，此生将无法与你再相会”，愿天堂没有苦痛，愿天堂也有你热爱的篮球，一路走好。
赢了！詹姆斯4万分！结束7连败，这球居然没吹,昨日，一些球迷眼中的伪强队湖人以105-96战胜了西部第二的掘金，而且他们还是在詹姆斯、浓眉、隆多、库兹马等多人患有流感的情况下，在天寒地冷的丹佛高原，客场战胜了对手。沃格尔表示这场比赛，裁判有不少糟糕的判罚，但好在湖人球员们没有因此影响自己对比赛的专注度，而是以沉着冷静的心态应对了它，并非带着愤怒和沮丧打球。这是他们此前对阵其他强队所学习到的教训。战胜掘金后，湖人全队连夜飞往同样是高原的盐湖城，备战与爵士的背靠背比赛。后者排名西部第六，实力不容小觑。沃格尔表示浓眉与库兹马遭遇流感比较严重，但依旧会带病出战今日比赛。赛前詹姆斯是穿成这样来到爵士主场的。詹姆斯此前已经在爵士主场遭遇了七连败，今天有望结束这一尴尬记录。开局爵士连续投进俩三分，湖人这边才由詹姆斯倒地助攻格林还击三分，拿到湖人本场第一球。随后老詹各种助攻麦基暴扣、格林三分，再加上他与浓眉都打进中投，湖人在首节进行5分钟后以14-13领先。被对方提前阻挡犯规后，还来了这么一下，确定老詹是个35岁感冒了的人吗？只不过这球被扣飞，略显尴尬。詹姆斯背身单打吸引包夹，麦基埋伏底线等待吃饼机会。波普爸爸在首节还剩5分多钟时，投中了三分。隆指导被替换上来后，立马给老詹送出一记助攻，谁说他俩在一起打得不顺畅来着？浓眉连续砍分造杀伤，库兹马造三分犯规三罚一中，随后他完成救赎飙中压哨三分，湖人首节湖人34-26爵士，詹姆斯6分1篮板5助攻，浓眉11分3篮板1助攻，格林6分3篮板，麦基4分4篮板，库兹马4分，波普3分。第二节开始隆多投进三分后，詹姆斯紧接着一个假动作造犯规2+1，湖人瞬间领先14分。爵士还击三分后，詹姆斯也来一个三分。爵士反击后，湖人暂停回来，卡鲁索飙中三分，詹姆斯这一球离奇的走步，裁判居然没看到，老詹下场后，表情管理崩溃。你们说的老詹没哨，原来是真的。调侃归调侃，随后隆多助攻霍华德空接，此时他的生涯总助攻数达到7037次，超越帕克，来到了历史第17位。不要让老詹冲起来，他一冲起来根本挡不住。湖人保持着领先优势，库兹马又在此节飙中接近压哨的三分，上半场湖人以65-47领先。詹姆斯16分2篮板6助攻，浓眉15分3篮板1助攻，格林6分4篮板，库兹马8分，隆多5分6篮板7助攻，霍华德2分8篮板，卡鲁索3分2篮板，波普6分。第三节的湖人依旧很稳，浓眉这是把自己当后卫使了吧？何谓恐怖的防守能力？浓眉被晃飞，对手还是被他帽了。詹姆斯送出妙传让波普吃饼，最佳防守球员戈贝尔坐镇的爵士内线被洞穿。詹姆斯：“麦基，你特么倒是跳起来接我球啊！”麦基：“哥，我想看你在空中多飞一会儿。”连霍师傅都开始出手远距离中投，湖人这比赛打得够惬意。浓眉隔扣，炸翻全场。第三节结束，湖人以94-75领先，詹姆斯18分3篮板12助攻，浓眉26分6篮板3盖帽，格林6分5篮板，麦基8分5篮板，库兹马8分2抢断，隆多5分7篮板7助攻，霍华德4分8篮板，卡鲁索5分3篮板，波普14分。第四节詹姆斯的反击暴扣让他的得分过了20，你看这一球把霍师傅给乐得哟。詹姆斯打完四分多钟后被丹尼尔斯替换下场，湖人派出全替补阵容，此时他们以105-83领先，比赛可以说大局已定。霍华德居然还飙中了久违的三分，这是他职业生涯第7个三分球。最终湖人121-96爵士，取得两连胜。詹姆斯20分4篮板12助攻，浓眉26分6篮板1助攻3盖帽，格林6分5篮板，麦基8分5篮板1盖帽2抢断，库兹马13分4抢断3盖帽，隆多14分8篮板12助攻，霍华德7分9篮板3盖帽，卡鲁索5分3篮板2抢断，波普14分1篮板1盖帽，杜德利3分，库克2分，丹尼尔斯3分2篮板。此役过后，詹姆斯常规赛生涯得到33101分，季后赛生涯得到6911分，总得分来到了40012分。这让他成为了NBA历史第三位生涯总得分超过40000分的球员，此前只有贾巴尔（44149分，常规赛38387分，季后赛5762分）与卡尔-马龙（41689分，常规赛36928，季后赛4761分）达到过这一成就。詹姆斯也顺利终结了自己在盐湖城的七连败，他的心情如图：
[常规赛]国王116-127开拓者,
三少74分！东契奇赛季最惨一战，这样都能赢？,新赛季至今，谁的表现最震撼？我想大部分球迷都会把票投给东契奇在NBA生涯的第二个赛季东契奇一遍又一遍创造新的纪录在昨天NBA官方公布西部首月周最佳上东契奇击败詹姆斯和哈登第一次拿下“月最佳球员”开赛的前一个月东契奇场均轰下30.8分9.9篮板9.6助攻场均得分联盟第三、三双次数联盟第一他的正负值上升到联盟第一胜利贡献值也来到联盟第二拿下首月的最佳球员堪称实至名归对于这位年仅20岁的菜鸟球员实在难以想象再多的溢美之词在昨天的比赛里东契奇收获生涯最高的18个篮板而在此前和詹姆斯的MVP大战中东契奇在第三独砍16分带领独行侠最后时刻逆转湖人终结了本赛季不败的“波普定律”如今独行侠的战绩来到14胜6负保持这样的效率，很可能杀入前三本场面对西部第七的森林狼这又是一场瞩目的焦点大战唐斯在本赛季轰下25.9分12.5篮板4.1助攻大有冲击联盟第一中锋的气势而维金斯本赛季状态也开始复苏了场均24.8分5.4篮板3.5助攻维金斯终于开始扬眉吐气了一回双状元联手大战东契奇这样的对决代表着联盟的未来独行侠开场的前四球全部出自东契奇之手本以为这即将又会是个人秀但东契奇却把手感都留在了前半节随后的比赛手感冰凉、一直处在打铁状态在上半场结束前考文顿一痛三分暴击强行将场上的比分反超一分钟内连拿9分强行将比赛打停这才是真正的考神吧下半场比赛回来森林狼趁胜追击将场上的比分拉大到2位数但随后独行侠再度冒出奇兵鲍威尔带队轰出8-0将场上的分差重新回到4分独行侠的替补集体发威了最后一节刚上来就打了一波9-2瞬间将场上的比分反超看到场上替补球员出色的状态卡莱尔干脆让东契奇坐在冷板凳直到比赛的最后4分钟才重新登场全场手感冰凉的东契奇开始收割比赛了先是命中本场比赛首记三分随后又利用自己最擅长的造犯规在三分线外再度骗得三分终场前，东契奇三分不中波尔津吉斯抢下篮板后补扣彻底终结了本场比赛全场比赛下来东契奇22投仅8中，三分球8中1打出了整个赛季最差的一场球但尽管如此，最后时刻还是赢了唐斯+维金斯+考文顿三人合砍74分但森林狼的替补却被独行侠打爆了这场比赛也看出来了不光是东契奇一个人在爆走独行侠全队上下也相比去年进步太多距离诺维茨基退役还不到一年这支球队的重建速度真的太快了
[常规赛]湖人121-96爵士,
[常规赛]森林狼114-121独行侠,
欧文伤情比预期还要严重！篮网3.57亿全伤了！,最近不少粉丝私聊技巧君，欧文什么时候上场啊？甚至会有人调侃道：德鲁再不上场，篮网要进季后赛啦。。。。。。。说实话，身为欧文球迷之一的技巧君看着也着实着急，本来以为欧文只是肩部不舒服，轮休调整一下状态，怎料欧文一歇就停不下来，已经养伤18天缺席9场比赛却还没有具体的复出时间表！算上身价1.64亿还在养伤的杜兰特，1.42亿身价因肩伤而伤停的欧文，还有另外身价5200万核心轮换的勒维尔（拇指韧带受伤，归期未定），篮网今夏狂砸3.57亿的引援全伤了！蔡老板：特么的难道劳资的钱是大风刮来的？不过蔡老板先别急着气，球队目前也正以10胜10负的战绩排在东部第七位，中规中矩。（不算今天篮网VS老鹰的场次）不过更令人尴尬的是，在欧文缺席的9场比赛中篮网取得了6胜3负的战绩，的确，在欧文缺席的这段时，篮网的球运转更流畅，球队打得也更加整体化了，几乎每个球员能都参与到进攻中来，这也都是肉眼可见。尤其是丁威迪化身为丁大腿，场均狂砍25分3.3板7.3助，要知道此前这哥们就是主要轮换而已，美其名曰：超级第六人。其实篮网的遭遇和勇士差不多，主要得分点杜兰特、欧文、勒维尔不能上场，而勇士那边汤神、库里、拉塞尔也缺阵已久（今天终于复出了）！只是和勇士不同的是，丁威迪带领篮网顶住压力杀进东部前八。而勇士却靠着普尔奏起了一场有一场的打铁交响乐。。。。。。。不过真正考验篮网的还在后头，因为今天篮网随队记者爆出猛料！欧文的伤病或许会让他再缺席1-2周甚至更久的比赛！据Brian Lewis报道，据最乐观估计！欧文将再缺席至少1-2周。但大部分知情人士对欧文的伤病呈悲观态度，他们暗示欧文或会缺席比1-2周更多的场次。而且欧文的肩伤在未来还会有许多其他麻烦。据此前报道，目前欧文还未开始对抗训练。本赛季至今，欧文共为篮网出战11场，场均出场33.8分钟，得到28.5分7.2助攻5.4篮板1.1抢断。穿11号球衣就打了11场比赛，特么玄学这种东西有时真的不得不信啊。虽然不得不承认一连串的战绩证明了欧文缺席之后篮网的表现更好了，但是我们还是希望德鲁大叔能早日康复，尽快回归赛场证明自己！加油！欧文！加油！KD！加油！篮网！
[常规赛]灰熊99-106公牛,
神吐槽:裁判尊老爱幼 证明老詹这赛季是真没哨,吐槽不停，欢乐不止，新浪NBA神吐槽栏目继续登场！曼巴精神青史永留：嗯，一股taco的味道。大米儿-Lillard：我的一顿饭钱就这样没了Luminous_Max：我一小时的工资就能买一件球衣？肖宁：等卡特扣他，不知道还有没有机会MY-大神：Carter，this is for you林比茗：我家电视碎屏十周年吃玉米de猫：这是真的，我就是那个更衣室，当时吓得我瑟瑟发抖……小唐同学啦：祖上太穷了吃玉米de猫：呵呵，少见多怪！八十年后所有NBA纪录都将是我维某人的StenphonGuixier：来自孝子的关爱Cp_There：为什么一定要强调一下是“儿子”？在暗示谁？朱東湖：科比：这就是我不生儿子的原因。一只叫不二的猪：这就证明了詹姆斯就是没哨阿澤official：尊老爱幼月桔：尿检没有尿系列她理想型：比赛早就结束，波普定律失效，现在是必胜客老姚与小张：霍华德1：1西蒙斯粪坑蝶泳：疯了，裁了算了豪久不见你：不如跳舞 喊gigi不如跳舞穆梓唛：唱、跳、rap、篮球（所有言论均来自网友智慧，不代表新浪NBA观点）
[常规赛]步行者107-100雷霆,
[常规赛]篮网130-118老鹰,
[常规赛]热火93-112凯尔特人,
[常规赛]雄鹿127-103活塞,
浓眉是诈病吧？这身体控制力，昨天还输过液？,北京时间12月5日消息，洛杉矶湖人连续第二晚出赛，他们做客以121比96大胜犹他爵士，湖人收获2连胜。安东尼-戴维斯依旧受到流感困扰，可他在场上的表现却丝毫不像个病人，他用出色的盖帽表现帮助湖人统治了三秒区。戴维斯本场出赛26分钟，11投9中，9罚8中，得到26分、6个篮板和3次盖帽。仅从数据来看，戴维斯的表现并没有那么抢眼，可在比赛过程中他的盖帽给爵士进攻的伤害作用相当大。湖人在首节就迅速取得领先，他们之后一直控制着比赛。爵士在第三节试图反攻，这一节还剩下8分40秒时，博格丹诺维奇在右侧0度角接球准备投篮，看到飞身扑过来封盖的戴维斯，博格丹诺维奇假动作晃过向左侧移了一步后出手。让他没有想到的是，戴维斯回身再次起跳，伸手盖掉了这一球。博格丹诺维奇这场比赛手感奇佳，以他当时的手感，命中这记三分的可能性很大。戴维斯的精彩表现没有就此打住。在第三节比赛还剩下2分12秒时，爵士的另一位大将米切尔持球进攻，面对卡鲁索的防守，他强行出手投篮，这时戴维斯突然从卡鲁索身后杀出，高高跃起一巴掌把球扇掉。看着戴维斯的这次封盖，让人会不禁想起《灌篮高手》里的镜头，在对手躲过赤木刚宪之后，樱木花道在背后跳起送出火锅。戴维斯在这两次盖帽中展现了惊人的运动能力，从他的表现来看，你很难相信他还受到流感的影响，并且在丹佛比赛半场时还接受了点滴输液，你真的怀疑他是不是在诈伤？流感困扰时仍能有如此出色的身体控制力，这就是戴维斯给湖人带来的影响作用，他成为内线的一道防守屏障，是湖人本赛季防守取得长足进步的重要原因。（Melody）
[常规赛]勇士91-106黄蜂,
10连胜队史第4次!湖人上次这么强还是OK三连冠,北京时间12月5日，121-96击败爵士，客场取得10连胜，这是球队第4次拿到客场10连胜的战绩，他们上一次拿到客场10连胜还是2000年2月15日至3月13日。目前湖人19胜3负，和雄鹿持平，并列联盟第一。（新体）
[常规赛]太阳114-128魔术,
背靠背20+12破4万！詹姆斯望着浓眉的统计苦笑,北京时间12月5日NBA常规赛继续激战，湖人客场挑战爵士，最终他们以121比96击败对手。本场比赛勒布朗詹姆斯21投9中拿到20分4篮板12助攻的数据。昨日面对掘金，詹姆斯拿到25分6篮板9助攻的数据，带领球队客场取胜避免连败。谈到今日对阵爵士詹姆斯接受采访时表示：“每场比赛都是艰难的，就是要抱着想赢的心态打球，继续赢球，不要自满，每晚都要做到最好，所以，期待这次的挑战。”比赛开局詹姆斯就连续送出两记传球，助攻格林外线命中三分，第一节还有7分17秒詹姆斯上篮得分拿到本场比赛第一分。第二节詹姆斯助攻隆多外线三分空心入网，打成2加1，外线三分百步穿杨，中距离打进，帮助湖人把分差拉开到15分，逼得爵士叫了暂停。半场比赛结束詹姆斯拿到全场最高的16分外加6次助攻。第三节还有8分32秒詹姆斯上篮得分，湖人把分差扩大到25分，随后詹姆斯开启策应模式，助攻戴维斯，麦基，波普得分。第四节反击里詹姆斯接隆多传球爆扣得手，本场比赛得分来到了20分。第四节还有7分46秒因为领先优势太大，詹姆斯被替换下场。今天背靠背面对爵士，詹姆斯继续高效表现带领球队获胜，值得一提的是本场比赛胜利终结了詹姆斯在犹他的7连败。除此之外，今天詹姆斯拿到了20分，这样他职业生涯常规赛和季后赛总得分突破40000分，达到40012分。不过，詹姆斯今天也有一个尴尬的数据，他跟浓眉哥同样都命中了9球，但詹姆斯出手了多达21次，浓眉却只用了11次投篮！（余恒）
DPOY坐镇的防守强队被老詹打穿!这2图请你找茬,北京时间12月5日消息，洛杉矶湖人在背靠背的第二晚保持胜势，他们以121比96大胜犹他爵士，湖人拿到2连胜。面对戈贝尔坐镇的爵士防线，勒布朗-詹姆斯用传球打穿了对手，他带领球队收获一场大胜。上一场对阵掘金时，詹姆斯身边的队友们都遭遇严防，掘金丝毫不给詹姆斯用传球带动球队进攻的机会。今天来到盐湖城，爵士虽然是联盟的防守强队，内线还有年度最佳防守球员戈贝尔领衔，但他们的防守表现不及掘金，这也给詹姆斯更多展现传球能力的机会。第三节比赛还剩下5分59秒时，詹姆斯看到爵士的防守漏洞，一记直传送到篮下，卡德威尔-波普心领神会切入接球，轻松完成上篮。戈贝尔由于被麦基吸引到外面，他来不及回到篮下去补防。30多秒后，詹姆斯在圈顶位置持球，看到波普利用戴维斯的掩护甩掉了防守球员，詹姆斯又是一记直传送到篮下，波普接球后轻松打进。詹姆斯的传球之迅速，让戈贝尔都来不及做反应去补防。面对联盟的防守强队，詹姆斯用出色的传球打穿了对手，他用另一种方式击败了对手。这两次进攻仅仅间隔了30多秒，从回放来看，你甚至会怀疑这是同一次进攻，如果不是仔细查看，你很难发现其中的不同。被湖人用两次几乎相同方式的进攻得分，这充分说明爵士在本场的防守有多么糟糕，这也是他们在主场遭遇惨败的原因。虽然有戈贝尔在内线镇守，但他们没能展现出以往铁血防守的面貌，这也是爵士球迷们在第四节甚至向主队发出嘘声的原因。（Melody）
1年零9个月吃一回饺子!他进了3分还当历史第16,北京时间12月5日，洛杉矶湖人以121-96大胜犹他爵士。在今天的这一场大胜不仅让湖人继续高歌猛进，同时，这对于德怀特-霍华德来说也是一个具有里程碑式的时刻。本场比赛，霍华德送出了三次封盖，他在常规赛生涯总盖帽数达到了2083次，超越了乔治-约翰逊，来到NBA历史盖帽榜的第16位，排在第15的是马努特-波尔（2086次）。此役，霍华德出场19分钟，3投3中得到7分9篮板3盖帽，投篮命中率百分之百。在防守端，霍华德也有上佳的表现，无论是在护筐还是盖帽上，霍华德都表现出了强劲的能力。值得一提的是，当时，当比赛进行到第四节过半的时候，霍华德投中了一记底角三分球，这也是他本赛季投进的首记三分，生涯第七记三分，而他上一次进三分，是2018年的3月6日。当霍华德又能在内线风生水起，还能够在外线投中三分，这实在是让人感到闻风丧胆啊！（Emily）
看不下去！詹姆斯垃圾时间场边光脚尬舞(视频),北京时间12月5日，湖人客场大胜爵士，收获2连胜送给对手3连败。虽然是客场背靠背，但湖人赢的非常轻松，虽然詹姆斯没有三节打卡下班，但第四节也是没打多久就早早下场休息。看着队友们打完最后的垃圾时间，詹姆斯在场边，高兴地光着脚跳舞！不过有爵士的球迷认为，詹姆斯这种光着脚在场边尬舞，是对他们的不尊重，但这可能是误会老詹了，他之所以没有穿鞋，是因为他在下场后不久，就把本场比赛穿的球鞋送给了身后的小球迷！不过还是有詹蜜表示，我的偶像，是个二傻子……（TDZ）
"湖人队里""二傻子""又多添1人!詹姆斯带跑偏全队",北京时间12月5日，洛杉矶湖人在盐湖城取得了一场酣畅淋漓的大胜，他们以121-96大胜犹他爵士。这场比赛，湖人全队上下仍然展现出了超（神）棒（经）的团队氛围。在这场比赛中，勒布朗-詹姆斯突然在替补席上大笑，而此后，德怀特-霍华德似乎也受到了他的影响，在场上开始“放浪形骸”。由于这场比赛，湖人赢得十分轻松，他们早早地就确立起了领先优势，球队在第二节以54-41领先于对手的时候，詹姆斯突然在替补席上大笑起来，他摸了摸自己的头，表情十分放松。似乎在与队友聊着天，可能听到了一些笑料突然放声大笑。随后在第四节一开始的时候，詹姆斯接过隆多的妙传之后暴扣得手，当时凭借着詹姆斯这个暴扣，球队也以98-75领先对手。看到詹姆斯这记暴扣之后，霍华德在场上奔跑着，摇摆着自己的头，放声大笑，此时现场可能缺少一曲《野狼disco》！放飞自我的霍华德今天的表现也十分出色，甚至还投进了一个三分球。不过，赛后也有球迷调侃：我宣布，湖人队里的二傻子又多一人！（Emily）
20+6！能够罚球线扣篮的他，拒绝成为水货状元,魔术客场127-120赢下奇才原本一场普普通通的常规赛，却因为魔术阵中一人的出色表现，成了球迷热议的话题。富尔兹，自2017年力压鲍尔、塔图姆、福克斯等青年才俊，以状元的身份进入联盟以来，围绕着他的一直都是他是不是“ 水货 ”的讨论。从大学里能轻松完成罚球线扣篮，有着极佳的身体素质，和控运球能力的明日之子，到进入NBA后身患怪病。被命运捉弄的这位年轻状元，生涯前两年因为伤病，仅仅出场了33场比赛。虽然在19岁零317天就创造了最年轻的三双记录，但他还是没能证明自己配得上状元。76人等待了恩比德一年，但是他们不愿意再等待富尔兹了。被交易至魔术的富尔兹，在经历了一段长达八个月的治疗后，本赛季印证了那句老话：树挪死，人挪活。连续九场比赛得分上双，其中更是在昨天的比赛里，拿下20分3篮板6助攻2抢断的全能数据！20分，竟然是富尔兹目前为止的比赛最高分。付出了努力，就会得到相应的回报。在自己休赛期苦练了15万次投篮练习，并抓住了魔术队给的机会，富尔兹，正在逐渐找回曾经属于他的那份“ 闪光灯。”NBA里遭受伤病困扰的天才球员，太多太多了：有奥登，罗伊的一蹶不振，也有罗斯，富尔兹的和命运做斗争的战士。然而，路是自己走出来的，要想在联盟的历史上留名，就要用自己的努力，去打破所有人的质疑， 尽人事，不听天命 ！
10连胜get！詹姆斯终结惨淡7连败！必胜客湖人,北京时间12月5日，洛杉矶湖人客场以121-96大胜犹他爵士。值得一提的是，自从2010年之后，这是詹姆斯第一次在盐湖城取得了胜利，此前在盐湖城，詹姆斯已经是七连败。同时，这也是湖人在2015年之后第一次首次在爵士主场获胜，拿下这场比赛之后，湖人已经取得了客场10连胜。同时他也带领湖人在这一次的西部三连客之旅已经取得了两连胜。此役，詹姆斯出场29分钟，砍下20分4篮板12助攻。由于湖人早已建立起了领先的优势，因此詹姆斯在早早打卡下班。即使，这场比赛对于湖人来说是一场背靠背的客场比赛，更重要的是，他们昨天的对手还是西部第二的丹佛掘金，但是从湖人全队中，看不到他们任何的疲态，即使此前湖人还曾遭遇了较为严重的流感。时隔4年之后，湖人再一次征服了盐湖城，他们的连胜脚步还在继续，除了洛杉矶之外，他们赢下了所有的客场比赛，这个赛季，湖人已经创造了太多的惊喜，是不是应该再次喊出那五个字：湖人总冠军！（Emily）
东契奇抱大腿实锤了！ -17全队倒一也能躺赢,北京时间12月5日，达拉斯独行侠以120-114战胜了明尼苏达森林狼。此役，凭借着独行侠替补球员的出色发挥，他们在前三节落后对手4分的情况下，最后一节打了一个40-30的攻击波，最终收下比赛。值得一提的是，此役，独行侠替补球员的正负值全都在+10以上，而首发球员的正负值均为负数。在这场比赛中，独行侠在主场面对实力不俗的森林狼，在第二节的时候，他们遭受到了对手的强力狙击，第二节，他们仅让独行侠得到23分，然而，好在前三节除了东契奇表现不错之外，球队主力中锋鲍威尔9投9中砍下24分5篮板4助攻，仅仅三节过后，鲍威尔就砍下24分。作为一名内线球员，鲍威尔还投进了两个三分球，本场比赛弹无虚发。不过，在这场比赛中，独行侠的主角却是他们的替补球员。当时在比赛还剩下3分18秒的时候，独行侠1109-104仅领先森林狼5分，随后布朗森左右乱突搅乱对手防线，灵巧回首一掏上篮得手，帮助球队将分差拉大到7分。全场比赛下来，杰伦-布朗森成为球队的奇兵，他仅仅上场17分钟，8投7中砍下16分4篮板3助攻，他也得到了全队第二高的正负值，+20。除了他之外，克勒贝尔也有上佳发挥，6投4中得到12分，同时，塞斯-库里、贾斯汀-杰克逊以及怀特，他们都用出色的表现为球队保驾护航。要知道，这场比赛，独行侠仅仅命中了11个三分球，但是对手却命中了17个三分球。如果说独行侠赢在哪儿的话，即使在首发球员表现一般的情况下，独行侠还是用强大的团队协作能力将比赛拿下，独行侠今天在主场涉险过关。目前，球队取得了四连胜！（Emily）
詹眉提前打卡霍华德进3分 湖人大胜爵士获连胜,北京时间12月5日，湖人客场以121-96击败了爵士。湖人（19-3）二连胜。“浓眉哥”安东尼-戴维斯只打26分钟，拿下了26分6个篮板，勒布朗-詹姆斯20分12次助攻，卡德维尔-波普14分。替补出场的拉简-隆多几乎三双，得了14分、12次助攻和8个篮板，凯尔-库兹玛13分，德怀特-霍华德3投3中，命中一个三分，得7分、9个篮板和3个盖帽，在盖帽总榜上升到了16位。[技术统计]爵士（12-10）三连败。迈克-康利缺阵，多诺万-米切尔得了29分5次助攻，博扬-博格达诺维奇23分，鲁迪-戈伯特13分10个篮板。湖人背靠背作战，在10连胜被独行侠终止之后，昨天他们击败了西部第二的掘金。流感开始侵袭湖人，戴维斯和詹姆斯等人都有感冒症状，但坚持出战。本来就有病在身，又是连续高原作战，但他们仍坚持不休息。爵士最近状态欠佳，1胜4负结束连续5个客场之旅，其中唯一取胜的是击败灰熊。球队的防守成为问题，在此期间，他们3次丢了120分以上，败给猛龙，甚至丢了130分。回到主场，爵士并未能解决防守的问题，几乎全场被湖人压着打，按在地上摩擦。爵士只在前几分钟领先。博格达诺维奇连续命中三分，戈伯特空中接力上篮，他们以11-3开局。湖人开始强攻篮下，戴维斯和麦基相继得手，还以一波16-4后，以19-15超出。湖人此后一路领先，戴维斯频频攻击篮下，库兹玛命中压哨三分，他们以34-26结束本节。隆多命中三分，詹姆斯“打3分”成功，第二节打了不到4分钟，湖人以46-30拉开差距。爵士不但防守不行，在进攻上也有心无力。本节最后30秒，湖人连得5分，以65-47遥遥领先。上半场湖人命中率为48.9%，三分球17投9中。詹姆斯和戴维斯各得了16分。爵士命中率只有36.2%，三分球19投9中。米切尔得了13分，博格达诺维奇12分。爵士的反应也很迟钝。第三节中段，詹姆斯连续两次中路传球，波普连续两次底线切入得分，在37秒内，两次得分如出一辙，爵士都没反应过来，湖人以82-63领先。戴维斯和詹姆斯看不出疲惫之态，三节过后，湖人以94-75领先。戴维斯第四节休息，詹姆斯仍上场拼搏，而爵士仍没有好转，连连失误，主场的球迷已经开始嘘主队。格林和相继命中三分，湖人在第四节打了4分钟后以105-83领先，撤下了詹姆斯。湖人保持大比分领先，甚至连霍华德都命中三分，主场球迷嘘声再起，送给爵士。双方差距一度达到25分。爵士拼到了最后4分钟，才撤下主力，而湖人的主力已经休息多时。（吴哥）
21岁第12场30+10！ 詹姆斯都被他甩在身后,北京时间12月5日，尽管老鹰在主场以118-130负于篮网，但是老鹰首发控卫特雷-杨打破了一项之前由勒布朗-詹姆斯保持的NBA纪录。本场比赛，特雷-杨23投13中，三分球9投5中，罚球10中8，砍下39分和10次助攻。据统计：这是特雷-杨职业生涯的第12场30分+10助攻。他因此成为了NBA历史上22岁之前打出30分10助攻比赛最多的球员。这项纪录之前的保持者是勒布朗-詹姆斯，他在22岁之前打出过11场30分10助攻的比赛。特雷-杨目前是21岁76天！（罗森）
追平威少离乔丹只差1场！ 东契奇又刷神迹,北京时间12月5日，独行侠在主场以121-114战胜森林狼。独行侠当家球星卢卡-东契奇首发出场32分钟，22投8中，得到22分，外加7个篮板和6次助攻。本场比赛之前，东契奇连续得到20分、5个篮板和5次助攻的场次已经达到16场。自NBA和ABA合并以来，这是连续20+5+5场次第三多的，仅次于1988-89赛季的迈克尔-乔丹（18场） 和2014-15赛季的拉塞尔-威斯布鲁克（17场），与2017-18赛季的威斯布鲁克并列排在第三。今天独行侠主场迎战森林狼，东契奇的投篮手感并不好，他全场22投仅8中，三分球8投1中，但是他的得分达到了22分，另外还得到7个篮板和6次助攻。这样一来，东契奇连续20+5+5的场次已经达到17场，升至自NBA和ABA合并以来的第二，追平了2014-15赛季的威少，距离排名第一的乔丹只差1场比赛。按照东契奇目前的状态，追平甚至超过乔丹保持的纪录都不会让人感到惊讶。（罗森）
单场20分再创新高！这状元真不是水货啊！,上场比赛魔术坐镇主场安利中心迎战勇士，罗斯和富尼耶二人合砍51分，帮助队伍主场险胜勇士，作为新赛季东部季后赛席位的有力竞争者之一，魔术虽然受到伤病波及，核心武切维奇打打停停的情况下，球队开季以来仍旧取得了不俗战绩，昨天他们再次迎来新的考验，魔术奔赴华盛顿客场挑战新晋空砍群主比尔领军的奇才，两支球队都意欲冲击更高的排位，这场大战自然是针锋相对。尽管两队从实力上看工力悉敌，但是比赛过程却是一波三折，原本魔术大比分领先但是奇才随后奋勇反扑抹平分差，关键时刻又是魔术众将士勠力同心携手发威，卷起一波流成功带走胜利，全场战罢魔术在客场以127-120击败奇才，迎来两连胜的同时也凭借9胜11负的战绩重新杀回东部前八，本场比赛魔术能够取胜除了上赛季那帮主力，后起之秀也是首发控卫的富尔茨同样立下了汗马功劳。今年伤愈归来的富尔茨首先立足于防守，用强硬的贴身追防赢得了主帅克利福德的赏识，为了他的成长，克利福德拍板撤下奥古斯丁的首发位置，转而给予富尔茨充足的锻炼时间，后者也在质疑声中做出了强有力的回应，此役富尔茨整体表现可圈可点，他全场比赛首发出战31分钟，进攻端17投9中，其中罚球4中2，爆砍生涯新高的20分外加6记助攻3篮板2抢断，在比赛里富尔茨分别对位两名风格迥异的全明星后场比尔和小托马斯，他的表现都不遑多让，也找回了久违的自信心，打法富有冲击力同时具有很高的终结效率。尽管富尔茨的三分投篮还是没有把握，但是这名双能卫运动能力炸裂，而且厚实的身板让他在强对抗情况下也能够从容的终结进攻，高超的球商让他深知怎样趋利避害，不仅能够在攻守转换时找准自身定位飞奔袭篮，同时落入阵地战还能利用自己娴熟的运控技术后撤步跳投颜射高大的侧翼球员，而且他的传球技艺同样精炼，和富尼耶之间默契的撞墙式配合总能轻松洞穿敌军防线，在之前两年饱受伤病困顿后，本赛季的富尔茨被魔术球迷寄予厚望，照这种趋势发展下去，他的前景一片光明！
东契奇22分独行侠过关 四人20+开拓者退国王,北京时间12月5日，独行侠主场击败了森林狼；开拓者也在主场过关，力取国王。以下是这两场比赛的综述：森林狼114-独行侠121独行侠（15-6）四连胜。卢卡-东契奇得了22分、7个篮板和6次助攻，德怀特-鲍威尔24分，克里斯塔普斯-波尔津吉斯19分6个篮板。替补出场的杰伦-布伦森16分，马克西-科勒贝尔12分。森林狼（10-10）二连败。卡尔-安东尼-唐斯26分、9个篮板和8次助攻，安德鲁-维金斯26分5个篮板，罗伯特-卡文顿22分6个篮板。三人共得了74分。独行侠背靠背作战，昨天刚击败鹈鹕，过去9场胜出8场。东契奇和波尔津吉斯成为强大的组合，而和则有唐斯和维金斯。森林狼火力很猛，不过防守能力一般。上一场面对灰熊，他们丢了16个三分球，以107-115失利。两队的火力都很猛，在场上也一直打得难解难分。独行侠以14-6开局，卡尔弗连续投篮命中，森林狼还以一波攻击，将差距缩小。独行侠连得4分结束本节，才以30-25略占优势。第二节独行侠命中率下降，森林狼将比分超出。本节最后1分钟，维金斯连续命中，森林狼打出8-1后，以56-53结束上半场。三节过后，森林狼以84-80领先。独行侠外线开火，科勒贝尔和史密斯相继投中三分，在第四节中段以91-89超出。独行侠越战越勇，东契奇也命中三分，比赛还有3分52秒时，他在三分线外造成犯规，三罚三中，独行侠以109-101领先。维金斯和奥科吉相继命中三分，森林狼将比分追成109-114。独行侠近2分钟未能得分，比赛还有1分07秒时，才由波尔津吉斯补扣得手，稳住阵脚。在最需要三分追分的时候，森林狼连续失手，最后2分钟只得了2分。比赛还有4.5秒时，卡文顿才命中三分，但为时已晚。国王116-开拓者127开拓者（9-13）胜得并不轻松，全队4人上30分，CJ-迈克科伦姆33分，达米安-利拉德24分10次助攻，哈桑-怀特塞德22分、16个篮板和7次助攻，“甜瓜”卡梅罗-安东尼20分5个篮板。替补出场的肯特-巴泽莫尔15分。国王（8-12）二连败。巴迪-希尔德23分、7个篮板和7次助攻，里乔恩-霍姆斯28分10个篮板，内马尼加-别利察17分7个篮板，科里-约瑟夫11分7次助攻。开拓者背靠背作战，昨天刚以97-117惨败给快船。利拉德表现平平，15投仅5中，而安东尼得分没上双。国王上一场也失利，而且是败给实力平平的国王。希尔德承认，他们小看了对手。面对开拓者，国王没有小看的资本。过去11次到这里，他们都失利。上一次客场击败开拓者时，利拉德还是新秀。国王已经很努力，但未能打破魔咒。两队大打对攻。开拓者前三节都得了30分以上，国王火力也不弱。半场结束前，霍姆斯补中一球，国王只以64-66落后。第三节最后1分钟，开拓者连得4分，以100-95保持优势。国王将比分追成105-108后，开拓者“双枪”发力，利拉德投中三分，两人打出一波7-0，以116-105拉开差距。两队本节命中率都下降。国王在长达5分钟里只投中一球，尽管如此，仍将比分追成112-119。国王有机会继续迫近，可惜巴恩斯遭到抢断。开拓者连得4分，在比赛还有56.6秒时以125-114领先，锁定胜局。（吴哥）
7人上双步行者克雷霆 拉文25分公牛首次连胜,北京时间12月5日，公牛客场拿下灰熊；步行者客场过关，力取雷霆。以下是这两场比赛的综述：灰熊99-公牛106公牛（8-14）本赛季首次连胜。扎克-拉文拿下了25分6个篮板，劳里-马尔卡宁15分，文德尔-卡特16分13个篮板，托马斯-萨托兰斯基13分、8次助攻和6个篮板，克里斯-杜恩10分。灰熊（6-15）二连败。尤纳斯-瓦兰丘纳斯拿下了30分13个篮板，贾伊-克劳德和贾伦-杰克逊各得15分。9天来，公牛首次回主场。在相继败给勇士和开拓者后，上一场击败了国王，结束了连续3个客场之旅。灰熊战绩还不如公牛，而且莫兰特因伤连续缺阵，令他们雪上加霜。灰熊开局不利，首节就以20-27落后。第二节灰熊陷入困境，双方差距越拉越大。本节还有3分24秒时，卡特投篮命中，公牛连得5分，以50-28领先了22分之多。不过公牛此后也遇到麻烦，本节剩下的时间未能再得分，一波7-0后，灰熊上半场以35-50落后。第三节公牛大部分时间领先两位数，三节过后以78-64领先。不过公牛的老毛病又犯了，大比分领先之后，第四节手软，本节打了近3分钟他们还未能得分，灰熊将比分追成70-78。比赛还有4分29秒时，克劳德命中三分，灰熊连得8分，只以87-88落后。公牛没被反超，拉文连续两次投篮命中，杜恩和马尔卡宁也相继三分命中，还以一波13-3后，公牛以101-90再度拉开差距。灰熊将差距缩小到1分后，接下来4分钟只投中两球。比赛还有52.6秒时，瓦兰丘纳斯两罚一中，灰熊仍以93-101落后。马尔卡宁也罚中一球，而灰熊再度投篮不中，无力回天。步行者107-雷霆100步行者（14-7）二连胜。TJ-沃伦拿下了24分，多曼塔斯-萨博尼斯17分13个篮板，杰里米-兰姆13分，迈尔斯-特纳12分，马尔科姆-布罗格登11分。全队7人得分上双。雷霆（8-12）二连胜结束。斯蒂芬-亚当斯得了20分9个篮板，达尼罗-加里纳利18分7个篮板，谢伊-吉尔杰斯-亚历山大16分，克里斯-保罗4分10次助攻。替补出场的丹尼斯-施劳德18分。步行者还在等待维克托-奥拉迪波的复出，他已经到发展联盟打球，近期内可能回归。自1月手术之后，他将第五次披挂上阵。不过不是今天。在没有奥拉迪波的日子，步行者树立了萨博尼斯为核心，沃伦也挺身而出，他们战绩不错，居东部第六。过去17场比赛，他们胜出13场。雷霆也少了他们的巨星，拉塞尔-威斯布鲁克和保罗-乔治已经成为别人家的孩子。不过雷霆也没有崩盘，他们已经走出赛季初的低迷，向西部季后赛圈靠近。两队谁也不示弱，一直打得难解难分，拼到最后时刻。首节雷霆以29-26略占优势，步行者在第二节一度反超，不过本节最后2分53秒一分未得。雷霆也只得了4分，以50-49结束上半场。下半场两队仍是拉锯战，多次交替领先。第三节最后55秒，步行者连得7分，以79-78领先1分。保罗打了三节还一分未得，第四节中段，他连续投中两球，雷霆将比分追成91-93。双方继续火拼。雷霆以96-95超出后，特纳命中一记三分，然后他抢断得手，布罗格登在快攻中造成犯规，两罚一中，步行者连得6分，以101-96领先。雷霆近2分钟未能投篮命中，比赛还有53.6秒时，才由亚历山大投篮命中，将比分追成100-103。他们有机会扳平，但弗格森三分不中。步行者两罚两中，然后贾斯汀-霍乐迪抢断得手，扣篮得分，为步行者锁定胜局。（吴哥）
隆多超越马刺帕克!生涯总助攻来到NBA历史第17,北京时间12月5日NBA常规赛继续激战，洛杉矶湖人客场挑战犹他爵士，湖人球员拉简-隆多创造助攻里程碑。在第二节还有4分17秒，隆多送出空中接力，助攻霍华德篮下爆扣得分。这是本场比赛隆多的第5次助攻，这样隆多生涯总助攻次数来到了7041次，超越了马刺传球名宿托尼-帕克的7036次，排名NBA历史第17名。隆多接下来的目标将是排名第16名的蒂姆-哈达威，他的生涯总助攻数为7095次，隆多本赛季有望完成超越。（余恒）
詹姆斯生涯总得分破40000!历史第3人!超过乔科,北京时间12月5日，湖人客场背靠背对阵爵士，上半场结束，詹姆斯得到16分6次助攻。上半场结束后，詹姆斯常规赛生涯得到33097分，季后赛得到6911分，总得分来到40008分。这让詹姆斯成为了NBA历史第三人，职业生涯总得分突破40000分的球员只有詹姆斯、贾巴尔（44149分，常规赛38387分，季后赛5762分），以及卡尔-马龙（41689分，常规赛36928，季后赛4761分）（TDZ）
24岁成队史三分王！ 养生曼巴展示天赋的力量,北京时间12月5日，在今天明尼苏达森林狼客战达拉斯独行侠的比赛中，安德鲁-维金斯生涯三分命中数超越前NBA球员安东尼-皮勒（Anthony Peeler），正式加冕森林狼队史三分王。今天森林狼客战独行侠。首节维金斯就命中一记三分，这使得他生涯三分命中数达到466球，就此超越前辈皮勒（465球），独占队史首位，成为森林狼队史三分王。值得一提的是，位列森林狼队史三分榜第3名的，正是维金斯的队友卡尔-安东尼-唐斯。在今天比赛前，唐斯命中457记三分，赶超皮勒也只是时间问题。在前2个赛季饱受批评后，“养生曼巴”维金斯却在本季“砸烂保温瓶”，打出令人欣喜的表现。本季迄今，维金斯出战16场，皆为先发，场均出战34.9分钟，得到24.8分5.4个篮板3.5次助攻1.2次盖帽，命中率46.2%，三分命中率34.3%。其中，他的场均得分、篮板、助攻、抢断和命中率皆创生涯新高。在11月中旬伤停了3场比赛后，维金斯复出参赛5场，仍在重新找回状态。而在维金斯和唐斯的带动下，截至昨天，森林狼本季取得10胜9负，位居西区第7位。恭喜维金斯！（魑魅）
13连胜稳居联盟第一！ 当他有了三分技能包,北京时间12月5日，NBA常规赛雄鹿队以127-103战胜了活塞队，取得了13连胜。本场比赛之后雄鹿队登顶联盟第一，当然，字母哥的发挥依旧出色。字母哥今天得到了35分9篮板，值得注意的是他今天的三分球8投4中，三分命中率高达50%，上一场字母哥在外线也命中了3个三分球，我们不禁的发现字母哥在本赛季已经慢慢的开发出了三分球大杀器。本场比赛第三节，字母哥被格里芬推了一把，虽说米德尔顿显得很愤怒但字母哥却很好的管理住了自己的情绪，随即他在三分线的弧顶隔着一步远的距离命中了一记三分球，过了几分钟以后他张手又是一记三分球。在比赛的上半场，字母哥就得到了18分，在第一节和第二节分别命中了一记三分球。字母哥的远投能力一直被人们诟病，但是这赛季雄鹿签下了NBA神射手科沃尔，这个投篮大师似乎教会了字母哥三分球技能。尤其是12月份。在本赛季10月份的时候，字母哥的三分球命中率只有14.3%，而到了11月份的时候就暴涨到了31%，而12月的两场比赛里这个数据已经变成了58.3%，这不禁又给联盟其他球队出了一个难题，那就是会投三分球的字母哥怎么防。麦迪曾在一次采访中说如果字母哥会投三分球的话就迎来了大结局，现在这一天似乎已经提前到来了。（汉堡）
吉巴37分热火负绿军 吹羊39+10老鹰不敌篮网,北京时间12月5日，凯尔特人主场击败了热火；篮网客场过关，击败老鹰。以下是这两场比赛的综述：热火93-凯尔特人112凯尔特人（15-5）二连胜。杰伦-布朗得了31分，肯巴-沃克28分7次助攻，杰森-塔图姆19分。热火（15-6）三连胜止步。吉米-巴特勒拿下了37分6个篮板，邓肯-罗宾逊10分5个篮板，替补出场的凯利-奥利尼克12分，贾斯蒂斯-温斯洛10分7个篮板。热火背靠背作战，他们刚在加时击败了猛龙，巴特勒打出本赛季首次三双。他们送给了猛龙赛季主场首败，今天又想送给凯尔特人这份“大礼”。热火、凯尔特人和76人是东部仅存三支主场不败的球队。凯尔特人的新领袖是沃克，他不但自己得分能力强，也愿意为队友布朗和塔图姆等人传球。不过在上一场击败尼克斯的比赛中，大将马库斯-斯玛特受伤，今天未能出战。热火则少了戈兰-德拉季奇。开场后，热火先声夺人，首节就以28-20取得优势。第二节热火以37-26领先之后，塔图姆爆发，一人连得5分，然后送出助攻，沃克也命中三分，热火打出一波14-2，一举以40-39超出。在长达4分钟里，热火只投中一球，就此陷入困境。本节凯尔特人以32-16胜出，上半场以52-44领先。凯尔特人疯狂外线出手，第三节投了12次三分，命中5个。在防守上，凯尔特人也能成功限制对手，三节过后，以82-69领先。热火毕竟是背靠背作战，略显疲态。第四节过半后，布朗连续两次投篮命中，凯尔特人以100-79遥遥领先。热火无力再构成威胁。篮网130-老鹰118篮网（11-10）先发五虎四人上了20分，加雷特-坦普尔27分最高，斯宾赛-丁翁迪24分、6个篮板和5次助攻，陶林-普林斯23分7个篮板，贾里特-阿伦20分13个篮板，乔-哈里斯13分。老鹰（5-17）火力不弱，命中率达到53.3%。特雷-杨拿下了39分10次助攻，卡姆-雷迪什25分6个篮板，达米安-琼斯20分8个篮板。替补出场的阿莱克-林恩18分7个篮板。虽然大将凯里-欧文仍缺阵，但篮网最近打得不错，仍在东部前八之列。丁翁迪成为当家球星，让欧文可以放心休养。面对老鹰，篮网有信心过关。不过开场后，他们状态欠佳，首节过后以22-26落后。篮网替补球员发挥出色，在第二节很快就将比分超出。本节最后2分钟，纽瓦巴和哈里斯相继命中三分，篮网以一波11-4结束本节，从而以56-47拉开差距。下半场两队大举对攻，篮网仍保持领先。第三节两队各得了35分，篮网几度取得两位数的优势。篮网保持火热的手感，第四节打了2分钟后就得分破百，以100-85领先。老鹰虽然火力也不弱，但在防守上有心无力，未能构成威胁。（吴哥）
99万淘来单场10三分神将！ 乔丹终于开天眼了,北京时间12月5日，金州勇士客场挑战夏洛特黄蜂。在这场比赛中，黄蜂后卫德文特-格拉汉姆单场命中了10记三分球，出场35分钟得到33分7篮板9助攻，其中三分球16投10中，由于他的外线手感火热，因此在他的帮助之下黄蜂以106-99战胜了勇士，球队也结束了此前的两连败，送给勇士四连败。在本场比赛第二节一开始，格拉汉姆就用两记精准的三分球为球队扩大领先优势；到了第三节，他的三分球继续发威，帮助球队牢牢占据着场上的主动；而当时在第四节还剩下4分45秒的时候，勇士想要继续追分，并且缩小比分差距时，格拉汉姆的以及超远距离三分球命中，这也扑灭了勇士的追分势头。在这场比赛中，黄蜂一共命中率21记三分球，在格拉汉姆的主导之下，球队用曾经勇士最擅长的方式击败对手。在光谱中心，勇士仅仅投中9记三分球，看着对手用如此火爆的三分球表现送给自己四连败，或许对于每一个经历了勇士辉煌时期的球员来说都觉得十分难过吧。作为黄蜂在去年选中的二轮秀，格拉汉姆在本赛季的表现十分出色，他也坐稳了球队主力后卫的位置。要知道，在上个赛季，格拉汉姆的年薪仅99万美元，而本赛季，他的年薪也仅有141万美元，而下个赛季，球队与他签下的则是无保障合同，年薪也仅仅是166万美元。然而，格拉汉姆却用实际行动证明自己潜力无限，而黄蜂也可以说是淘到了宝。在新赛季的22场比赛中，格拉汉姆首发出场12次，场均可以得到18分7.7助攻以及3.6篮板，33分也创下了他自己职业生涯得分新高。（Emily）
詹姆斯走步叕不吹！抱球溜达对面的他一头问号,北京时间12月5日，湖人客场背靠背挑战爵士，勒布朗-詹姆斯在比赛中一次组织进攻中的连续走步，并没有得到吹罚。（TDZ）
詹皇王座被韦德儿子抢走？ 这就是塑料兄弟情,北京时间12月5日，今天德维恩-韦德的儿子扎伊尔更新Instagram，晒出自己“篡夺”父亲密友勒布朗-詹姆斯的“王座”的照片，韦德则为儿子疯狂打call。今天，韦德的儿子扎伊尔更新ins，晒出了一张“大逆不道”的照片。照片中他安然端坐在国王宝座上，一旁是自己的弟弟Zion-Wade，并配文称：“我们并没有询问你们的意见。”看到这张照片，很容易让球迷们联想到詹姆斯初入联盟时，那张他端坐在王座上，脚下匍匐着雄狮的著名照片。不得不说，扎伊尔这张照片就是对父亲密友的模仿。不过，看到儿子这番创意，韦德却丝毫不介意儿子有“篡夺”詹姆斯王座的意图，在评论区里为儿子疯狂打call。扎伊尔目前就读于塞拉峡谷中学，和詹姆斯的大儿子布朗尼是该校篮球队的校友。球迷打趣：“扎伊尔这么做，置布朗尼于何地？”“韦德为儿子疯狂打call，就丝毫不顾及老詹的想法了吗？”（魑魅）
字母哥35分雄鹿13连胜 双塔39+24活塞遭惨败,北京时间12月5日，雄鹿客场以127-103击败了活塞。雄鹿（19-3）取得13连胜。“字母哥”吉安尼斯-安特托孔波拿下了35分9个篮板，克里斯-米德尔顿得了17分、8个篮板和5次助攻，埃里克-布雷德索13分、6个篮板和6次助攻。活塞（8-14）二连胜结束。安德烈-德拉蒙德得了23分14个篮板，布雷克-格里芬17投仅4中，得16分10个篮板，另三个首发加起来只得13分。替补出场的兰斯-加洛韦得了20分，德里克-罗斯14分。中区的两支球队面对面相遇，雄鹿显然有足够的信心。他们已经取得了12连胜，为NBA本赛季最长的纪录。而且，上赛季他们横扫活塞，季后赛也是4-0横扫。本赛季首次交锋，是在近10天前，雄鹿以104-90轻松过关。雄鹿是风头最劲的球队，特别是最近两场，以137-96狂胜黄蜂，以132-88痛击尼克斯。两场比赛，共赢了85分。安特托孔波连续两场三节打卡。米德尔顿复出后一直打替补，他对此并不怨言，反而盛赞顶替他首发的小将迪文森佐。活塞最近也有所反弹，取得了第一次连胜。不过他们是背靠背作战，昨天刚以127-94击败骑士。连续两场都赢了30分以上，这是队史首次。面对雄鹿，活塞面临真正的考验，上半场活塞就遇到了麻烦。雄鹿命中率为50%，三分球17投6中。“字母哥”得了18分8个篮板。而活塞半场命中率只有38.6%，三分球18投6中。替补出场的罗斯12分，加洛韦10分。雄鹿在第二节大举进攻，迅速拉开差距，一度以57-39领先。“字母哥”本节最后几分钟休息，活塞仍无力将差距缩小到个位数。雄鹿本节得了37分，以59-48领先。第三节开始没多久，场上突起风波，安特托孔波摔倒后，格里芬在背后乘势推了一把，米德尔顿上来为队友讨说法，两队纠缠了一番，结果裁判一下送出了三个技术犯规。场上的局势却没太大变化，雄鹿顶住反击，保持优势，以92-72结束前三节。雄鹿还不放心，第四节仍让“字母哥”上场打了一会。本节打了3分钟后，雄鹿得分破百，以103-82领先。双方差距一度达到28分，活塞只得放弃，撤下了全部主力。（吴哥）
二年级罚球数联盟第6！ 他就是哈登接班人？,北京时间12月5日，据《Clutch Points》报道，本季迄今在球员罚球出手数排行榜上，詹姆斯-哈登高居第一，而身为二年级生的特雷-杨竟也能排到第6位。对此，布鲁克林篮网主帅肯尼-阿特金森打趣称，杨肯定是偷看了哈登的比赛集锦。今天篮网客战老鹰。赛前谈到老鹰明星后卫杨的罚球出手数，以及杨本季有所提升的造罚球能力，篮网主帅阿特金森开起了玩笑。“我猜，特雷肯定是在晚上偷偷看了哈登的比赛集锦，”阿特金森打趣称。阿特金森之所以拿杨和哈登做比较是有原因的。截至昨天，本季哈登罚球出手298球，命中261球，皆高居联盟第一，他也以场均39.5分领袖群雄。但如果说这对于近几个赛季的哈登而言并不算稀奇的话，那么身为二年级生的杨的罚球出手数（146球）和命中数（125球）分别位居联盟第6和第7，就可称得上相当不错了。毕竟，本季在这两项统计上能压过杨一头的，除了卢卡-东契奇外（罚球出手192球排第3，命中158球排第2），就都是些老将球星了。此前，东契奇在后撤步投篮和造罚球上已有了向哈登取经的迹象，如今和东契奇注定成为一生之敌的杨竟也走上了同样的道路。本季初，杨和老鹰上下都将季后赛列为本季目标，但受禁赛和伤病所限，老鹰阵容不整，导致杨必须得承担起球队大量的得分任务。本季迄今，杨场均可得28.2分4.1个篮板8.3次助攻，命中率45.7%，三分命中率38.5%，场均命中6.3个罚球。但即使如此，截至昨天，老鹰仍以5胜16负位居东区倒数第二。（魑魅）
戈登32分魔术大胜太阳 水拉复出勇士不敌黄蜂,北京时间12月5日，魔术在主场大胜太阳；黄蜂也在主场过关，轻取勇士。以下是这两场比赛的综述：太阳114-魔术128魔术（10-11）三连胜。阿隆-戈登拿下了32分、5个篮板和5次助攻，埃文-福尼尔21分，马克尔-富尔茨13分5次助攻。替补出场的泰伦斯-罗斯22分，全队6人得分上双。太阳（9-11）防线失守。弗兰克-卡明斯基得了23分，德文-布克16投7中得17分5次助攻，达里奥-萨里奇10分6个篮板。替补出场的米卡尔-布里吉斯15分。太阳大将巴恩斯复出打了一场又受伤。内线少了大个球员，对他们是不小的打击。不过魔术也少了乌切维奇，双方算是扯平。魔术最近状态不错，福尼尔和富尔茨组成的后卫线火力十足，上一场以127-120击败奇才。如果保持这种势头，乌切维奇可以多休息一段时间。两队一开场就大举对攻，太阳以37-31结束首节。第二节魔术保持猛烈的火力，而太阳却跟不上节奏。本节中段，两队战成50-50后，魔术连得8分，逐渐拉开差距。半场结束时，魔术以65-58领先。上半场太阳命中率为46.9%，三分球19投6中，卡明斯基成为奇兵，拿下了21分，布克8分。魔术命中率为54.2%，三分球13投6中。戈登12分和罗斯各得12分。卡明斯基未能保持上半场的神勇，太阳进攻受挫。魔术继续无情地蹂躏太阳的防线。戈登在第三节开始后不久就连续命中三分，魔术本节再砍38分，前三节以103-86遥遥领先。第四节魔术迅速打出一波8-2，将优势扩大到23分，胜负失去悬念。勇士91-黄蜂106黄蜂（9-14）结束二连败。德文特-格拉汉姆拿下了33分、9次助攻和7个篮板，特里-罗齐尔25分、7个篮板和7次助攻，迈尔斯-布里吉斯10分。全队投中21记三分球。勇士（4-19）遭到四连败，继续在西部垫底。德安吉洛-拉塞尔缺了半个月后复出，得18分，埃里克-帕斯卡尔16分6个篮板，德雷蒙德-格林只得5分6次助攻。状元签已经成为勇士的一个目标，这个赛季他们对战绩没有太高的要求。上一场打老鹰，他们以79-104惨败，单场得分为赛季最低。风光了几年后，勇士到了落魄的时候，各队都想拿他们出气。黄蜂以一波7-0开局，全场大部分时间领先。勇士虽然迎来了拉塞尔，但他出场时间受到限制，虽然效率极高，但也改变不了什么。首节勇士就以20-28落后。第二节两队以攻对攻，勇士一度将比分追成54-55，格拉汉姆还以一记三分，黄蜂以58-54结束上半场。勇士终于以65-63反超，但只领先了32秒，罗齐尔和巴图姆相继还以三分，黄蜂打出16-5后，以79-70再度取得优势。三节过后，黄蜂以86-76领先。拉塞尔最后一节休息了一会，勇士火力减弱，黄蜂以一波14-5开始本节，在比赛还有7分25秒时以100-81拉开差距。拉塞尔重回场上，但已经无法改变大局。（吴哥）
前队友称科比还能打NBA！ 詹科可以完美共存,北京时间12月5日，据《Clutch Points》报道，前NBA球员卡隆-巴特勒透露，科比-布莱恩特仍坚持训练，仍能打NBA。此外，他称科比若复出只会为洛杉矶湖人效力，如今仍能高效地场均得到17分，而勒布朗-詹姆斯是完美组织者，“科詹”可以共存。近日，巴特勒做客由Kristine Leahy主持的《Fair Game》节目，期间在谈到湖人名宿科比时，曾在2004-05赛季和科比在湖人短暂做过队友的巴特勒认为，如今的科比复出打NBA没有任何问题。主持人问：“你曾说过，如今的科比仍能在NBA打球？”巴特勒回答说：“我曾和科比聊过，他当时向我透露，如今依然每天早起练球，因此他肯定还能打NBA。毕竟，他是NBA史上技术水平最出众的球员之一，且并不过分依赖运动能力。”在谈到科比如果复出会加盟哪支球队时，巴特勒表示：“他肯定还会加盟湖人的，他不可能身穿其他球队的球衣。看看如今湖人的阵容吧，有勒布朗也有A.D。（安东尼-戴维斯），不管你将科比安排在哪个位置上，他都可以继续高效地打出场均17分的表现。”主持人接着发问：“我甚至都开始想象科比和勒布朗身穿同一支球队球衣的场景了，这很有趣，你觉得他俩能共存吗？”巴特勒回答：“你在想什么呢？那肯定会很美妙啊。勒布朗是一位完美的组织者，本季迄今（以场均10.8次助攻）位居联盟助攻榜首位。”主持人随后询问，现年39岁的巴特勒还能否在NBA复出。巴特勒回答说：“不能了，除非我减重30磅。但我的感觉还好，只需花费一点儿时间就能重新恢复球员体型。但如果是和勒布朗搭档那就更容易了，他会为你把舞台搭建好，你要做的就是命中投篮而已。”当然，科比复出只能是球迷的一厢情愿，“科詹”合体也只能存在于球迷美好的幻梦中了。（魑魅）
