嘉能可因涉嫌贿赂被英国当局调查 股价在伦敦跌逾7%,新浪美股12月5日讯 全球最大的大宗商品交易商嘉能可公司（Glencore Plc）正在接受英国有关部门对其行贿行为的调查，这进一步加深了该公司面临的法律困境。根据一份声明，嘉能可将配合英国严重欺诈办公室（Serious Fraud Office）的调查。嘉能可股价伦敦股市盘中跌幅高达7.7%，创下6月份以来的最大单日跌幅。虽然嘉能可已经因可能存在的腐败和洗钱问题在美国接受调查，但英国方面的声明增加了该公司面临的挑战，这些挑战令投资者感到害怕，也令该公司受到了震动。Investec Securities Ltd．驻伦敦分析师亨特-希尔寇特（Hunter Hillcoat）表示，“基本上是一样的，但现在它受到了来自不同角度的攻击。由于美国司法部的影响，嘉能可的股价本来就在折价交易，但当这则消息传出后，它又受到了打击。”SFO在另一份声明中表示，它正在调查嘉能可集团在商业行为中涉嫌行贿的问题，该集团的公司、官员、雇员、代理人和相关人士都参与了调查。过去一年的调查规模也对全球大宗商品交易的运作方式提出了根本问题。更多的调查还将增加嘉能可首席执行官伊凡-格拉森伯格（Ivan Glasenberg）的压力。他本周早些时候告诉投资者，要为更多的领导层变动做好准备，并暗示他自己的离职可能会比此前预期的更早。责任编辑：张宁
孙宏斌再拓“房地产+”业务边界：正式进军医疗康养,原标题：孙宏斌再拓“房地产+”业务边界，宣布正式进军医疗康养随着城镇化渐渐成熟，在行业销量见顶和“房住不炒”政策基调下，房企的多元化布局已成燎原之势。12月5日，融创中国（01918.HK，下称“融创”）宣布全面布局医疗康养产业，并发布康养品牌“融爱家”。至此，融创形成以地产为核心主业，以及物业、文旅、文化、会议会展、医疗康养业务的六大板块。该集团董事局主席孙宏斌称，计划用3~5年时间，将文化和医疗康养板块做到头部位置。实际上，融创进军康养早有端倪。10月27日，融创与清华大学、青岛市人民政府及西海岸新区管委分别签署协议，确立在青岛西海岸新区合作共建“清华大学附属融创青岛医学中心”。11月29日，云南省委书记陈豪会见孙宏斌一行，双方表示将助力云南文旅、康养产业转型升级。所谓康养产业，即以康养、旅居、地产、医养等为集合的新型产业。随着人口老龄化加剧，大健康市场潜力持续扩大。据中共中央、国务院印发的《“健康中国2030”规划纲要》，2020年我国健康服务业总规模要大于8万亿，2030年再翻一番，达到16万亿。政策导向和市场需求双重加持下，众多房企纷纷布局。不仅是融创，包括泰禾集团（000732.SZ）、阳光城（000671.SZ）、中国恒大（03333.HK）、万科A（000002.SZ）、绿城中国（03900.HK）、保利发展（600048.SH）等房企均进军医疗行业或与医疗企业合作。有业内人士表示，除了拥有雄厚资金，房企通过地产开发销售积累的大量业主，都可成为大健康产业的潜在客户。同时，地方政府支持产业集群类综合体项目，可为当地贡献税收、促进就业、导入人口。更重要的是，如今地价高涨，房企可借此低价获取土地资源。而融创在医疗康养的首发之地青岛，投资力度颇大。孙宏斌透露，融创在青岛投资超过三千亿元。截至目前，融创康养项目共计22个，其中已建设项目14个，主要分布在山东、云南、河南、四川等地。但是，当下康养行业盈利模式尚不清晰，已布局的企业多数仍在探索阶段。以万科为例，截至2018年，万科养老项目约170个，基本都处于亏损状态。郁亮曾公开表示，养老业务刚发芽，前期试错阶段可以不挣钱，甚至可以亏本，但一定要突破做地产的思维和习惯。行业研报表示，康养地产项目的收益来源包括一次性收入来源，即独立住宅销售收益；以及长期性收入来源，包括租赁项目的出租收益、配套设施的经营收益。众多开发商仍摆脱不了依赖地产销售的窠臼。融创亦看到这一现状。该集团执行董事、执行总裁兼北京区域集团总裁荆宏坦言，康养行业普遍亏损，还需地产业务进行反哺，或多或少带有公益性质。“但从长期来看，随着真正意义的长护险推出，这将是非常有前途的产业。”孙宏斌进而解释，融创康养业务将围绕三个方面，一是做养老中心，二是为社区做养老服务，三是做候鸟式养老。“3-5年不挣钱也没关系，要把产品做好，一定会起来的”。跟文旅业务类似，融创未给康养板块定下短期盈利红线，而是着眼于抢占赛道、长远布局。责任编辑：王帅
进口商品持续升温 碳酸饮料增速领跑,原标题：进口商品持续升温，碳酸饮料增速领跑尽管2019年中国GDP增速有所放缓，但快消品市场依然保持了平稳增长，同时进口热在持续升温。凯度消费者指数与贝恩公司12月5日联合发布的《2019年中国购物者报告，系列二——经济增长放缓背景下，中国消费者购物热情不减》显示，中国快消品市场在2019年前三季度的销售总额增长了4.9%，其中，进口商品增幅尤为明显达到10%，占快消品总销售额的18%。整体来看，四大快消品领域（包装食品、饮料、个人护理和家庭护理）过去几年一直保持了量价齐升的状态，其中个人护理和家庭护理品类表现出色，分别增长了11%和7.8%；食品和饮料品类则相对较低，仅取得2.3%的增长。今年前三季度中国快消品的销量增速是去年同期的2倍多，但平均售价增速却开始放缓，从去年同期的4.6%降低至3.7%，仅略高于通货膨胀率。贝恩公司全球合伙人、本次报告的联合作者布鲁诺（Bruno Lannes）表示，虽然大宗商品和科技、重型机械行业已经受到了全球贸易紧张局势的影响，但中国消费者对来自美国及其他地区进口商品的需求并没有削弱，一方面中国市场需求多元化，从不同区域的越来越多的国家进口商品，不容易受单一地缘政治因素影响；另一方面，许多品类中，进口商品的增长速度都超过了品类增速，特别是在高端品类中，进口商品的占比非常高，这其中都蕴含着大量的机会。报告显示，进口产品销售额最高的前20大品类的进口商品中，市场份额超过50%的六大品类，分别为洋酒（74%）、葡萄酒（60%）、奶粉（57%）、香水（56%）、化妆品（51%）、巧克力（50%）；复合年增速最高（2017Q2~2019Q2）的六大品类则分别为碳酸饮料（29%）、化妆品（28%）、宠物食品（26%）、护肤品（18%）、个人清洁用品（17%）、营养品（16%）。贝恩公司全球合伙人邓旻告诉记者，目前中国很多快消产品看起来已经遍地都是，但实际上市场的渗透率还很低，有许多可以深挖的机会，如碳酸饮料，中国的人均消费量只有美国的1/20左右，这一点从进口碳酸饮料的高复合增速可知，快消行业的关键在于企业/厂商能否推出合适的产品来撬动市场需求空间。值得注意的是，今年上半年，中国进口商品销售额的增速达到10%，为快消品整体增速的近2倍；其增长主要来自线上，进口商品的线上销售额今年上半年同比增长达30%，在线上销售总额的占比高达35%。许多外资快消品公司特别是中小企业进入中国市场摒弃了复杂的实体渠道，选择积极拥抱电商渠道，实现了快速增长，如2017年在天猫开设国际旗舰店的西班牙药妆品牌Sesderma，一年之内销售额就实现了破亿。凯度消费者指数大中华区总经理虞坚认为，新进外资快消品公司通过专注线上渠道，越来越受到中国消费者的欢迎。而对于已经在中国市场上具有一定规模的外资大品牌而言，则需要采取不同的策略，如调整运营模式以适应更多的本地决策，紧跟市场变化并通过快速学习加快在中国市场的执行速度，实施数字化应用和转型来应对数字化经济快速发展的中国市场环境。“电商渠道成本并不一定就比线下渠道低，当下最需要考虑的也不是哪个渠道成本更低，而是通过不同的渠道满足消费者的不同诉求并实现销售目标，线下渠道更多作为教育市场和消费者面对面深层沟通的场景，而线上渠道则更多地扮演收割角色。”虞坚对记者说道。责任编辑：覃肄灵
挤去价格“水分” 中国将建全国医用耗材监控平台,原标题：挤去价格“水分” 中国将建全国医用耗材监控平台中新社北京12月5日电 （记者 李亚南）中国国家医疗保障局5日发布消息称，为解决高值医用耗材价格虚高的问题，目前全国31个省（区、市），除西藏外，均已建立医用耗材网上集中采购管理平台。下一步将建立全国医用耗材监控平台，提高集中采购效率。据介绍，随着科学技术的不断发展，新技术、新材料的广泛应用，医用耗材在现代医学中的作用日益提升。其在缩短手术时间，减轻患者痛苦的同时，也一定程度加重了患者的负担。近年来，国家采取多项措施力图挤去高值医用耗材价格“水分”。国家医保局方面表示，目前，全国大部分省份医用耗材集中采购采取阳光挂网的模式，定期进行价格联动。省内与各医院该耗材采购最低价联动，省际间则与省平台最低挂网价联动。医疗机构采购价原则上要求不得高于最高限价。与此同时，中国进行了医疗机构补偿机制改革，降低药品耗材的采购价格，为提高医疗服务价格腾出空间，以体现医务工作者的劳动价值。此外，国家医保局将建立医保经办机构与医疗机构间“结余留用、合理超支分担”的激励和风险分担机制，推动医疗机构使用中选价格适宜的医用耗材，降低公立医疗机构运行成本。国家医保局指出，与正推向全国的药品集中采购和使用不同，医用耗材国家集中采购的复杂程度更高：一是医用耗材没有通用名；二是医用耗材品种规格繁多，市场分散；三是绝大部分医用耗材只能在医疗机构使用，使用人员水平直接影响医疗效果。国家医保局表示，当前部分省份已形成区域联盟，实现价格联动，如西部联盟（14省际联盟）、京津冀一体化联盟等。下一步将建立全国医用耗材监控平台，实现全国范围内数据共享，提高集中采购效率。（完）责任编辑：覃肄灵
"电商""无证驾驶""再惹争议 ""二次清算""暴露存管漏洞",原标题：电商“无证驾驶”再惹争议，“二次清算”暴露存管漏洞近日，来自央行上海分行的一纸《举报答复意见书》再次将电商的“无证经营支付业务”与“二次清算”拉到了市场的聚光灯之下，面对这一行业性问题，有业内人士对记者表示，尽管支付行业存在无证经营支付业务的监管规范，但电商平台并没有相应的监管机构来监管，存在一定监管空白。记者了解到，作为电商无证经营支付业务的主要体现，“二次清算”目前存在的问题更多是在存管漏洞上。比如，尽管有银行和支付机构托管资金，但资金交易的指令还是由平台发布，这就可能造成风险事件。不过，基于合规、数据保护等方面的因素，业内共识是，电商平台配置支付牌照是趋势。电商“无证驾驶”为何不止？“无证经营支付业务”实际上是近年来监管的重心，早在2016年，央行便曾联合多部门开展无证经营支付业务整治，到了2017年，央行又发布《关于进一步加强无证经营支付业务政治工作的通知》，即217号文，令支付圈颇为震动。根据央行的通知，无证经营支付业务的认定标准主要有两种，一种针对网络支付业务，包括采取平台对接或“大商户”模式，即客户资金先划转至网络平台，再由网络平台结算给该平台二级商户，以及为客户开立的账户或提供的电子钱包等具有充值、消费、提现等支付功能。另一种是针对银行卡收单业务，包括以平台对接或“大商户”模式接入持证机构，留存商户结算资金，并自行开展商户资金清算，即所谓的“二清”行为，以及从事其他收单核心业务，重点关注特约商户资质审核，受理协议签订等业务活动。严监管下，近两年来，支付行业被整顿，第四方支付机构偃旗息鼓，然而电商行业的无证经营支付现象并未停止，其无证经营支付业务通常表现为资金二清，也就是两次清算，以及开立电子钱包。“电商通常会接入一个持证机构，比如银行、非银支付机构等，成为其特约商户，然后客户在电商平台上支付的款项是先结算至电商平台掌握的账户，过了几天后，再由平台清算、分发给商户，如果平台没有支付牌照的话，这就涉及了资金二次清算。”华东一家支付机构资深从业者对第一财经记者说，“另外还有一种情况就是平台设立电子钱包，给客户提供消费、充值、提现等功能。”“究其根本，这是源于电商平台对流动性的需求。”上述从业者称，采取二次清算的模式，电商平台能够利用客户大量的沉淀资金开展很多玩法，比如赚取银行利息或者进行理财等。除此，央行杭州中心支行员工潘佳峰还曾撰文指出，这也能增加平台商户和用户对平台的黏性。一方面，电商平台能够通过控制过渡资金的结算速度，加大对平台商户的发货速度以及服务质量的管理；另一方面，用户通过电子钱包与平台绑定更为紧密。但其中的风险点就在于资金风险，电商平台在无证经营支付业务过程中，无论是资金二清模式还是电子钱包模式，均将沉淀大量资金，而这些资金并不在监管之下，一旦电商平台出现内控机制不完善或经营困难，极易发生资金挪用等风险事件。“这实际上和‘预付费’是一个道理，比如此前教育机构倒闭、健身房跑路、干洗店关门等，大量用户的学费、押金就无法退回。”前述从业者对记者说，“如果平台资金链断掉了，那么问题就来了。”有业内人士称，部分电商平台的沉淀资金规模高达几十亿元。潘佳峰也表示，从市场竞争的角度来讲，考虑到监管等因素，支付行业可以说是一个垄断竞争市场，而电商平台作为一类未持有《支付业务许可证》的机构参与了支付市场，不仅打破了最优的市场格局，降低了资源配置效率，还掌握了大量的商户信息和客户的待结算款项，蕴含着较大的商户管理风险、支付信息风险等。除了风险外，还值得一提的是，目前电商的无证经营支付业务仍存监管空白。“之前217号文出台的时候，很多支付机构就去找电商平台洽谈，希望能成为平台的资金结算方、托管方，但大多到最后合作都没成功，其中的一个关键在于并没有专门的监管方去查电商的无证经营。”前述从业者说。而监管的缺乏也是目前电商平台出现无证经营支付情况的一个主要原因。“二清”整改有哪些选择？不过可以看到的是，如今对无证经营支付现象的打击愈加严厉。近日，在第八届中国支付清算论坛上，央行副行长范一表示，无证机构游离于监管之外，严重扰乱市场秩序，损害持牌机构利益。同时客户资金安全、信息安全隐患极大，必须给予根治。“要把严厉打击无证机构作为当前和今后一个时期严监管常态化的一项工作。”他提到。作为电商无证经营支付的主要体现方式，“二次清算”也将面临再次整顿。“现在‘二清’存在的问题更多是在存管漏洞上。”一位支付行业资深分析师告诉记者，“比如，尽管有银行和支付机构托管资金，但资金交易的指令还是由平台发布，这就可能造成风险事件。”这一风险形成的逻辑在于，托管机构无法准确核实交易信息的真假，从而可能造成资金流出。“除非是托管机构直接与商户进行清算，比如通过商户的二级账户和验证码来交易，这样才能确保交易的真实性。”上述分析师说。基于此，有业内人士建议称，为了最大程度地防范政策风险、业务风险和资金风险，电商平台可以将资金结算及平台商户管理都交由支付机构办理，这样一来，支付机构、电商平台、平台商户以及客户之间的权利和义务就明晰了。但也有观点称，此举或将削弱电商平台的竞争力，如果平台将各种信息发送给支付机构，可能存在泄漏核心商业机密的隐患。目前，市场上电商平台和支付机构的合作更倾向于“支付机构负责资金结算，电商平台管理平台商户”这一类型。“但针对电商平台的支付而言，解决方案均比较复杂，比如要有分账、对账、还要有对C端的、对商户的、对供应商的等，通常托管机构就在合规的基础上，平衡好效率和合规。”易观泛金融团队负责人王蓬博对记者说，“因此有很多电商平台自己买支付牌照了，电商平台标配支付牌照已是共识。”例如，京东收购网银在线、美团收购钱袋宝、唯品会收购贝付、滴滴收购一九付、有赞收购高汇通、国美收购银盈通等，另外，阿里旗下天猫、淘宝有支付宝，网易严选有网易宝。“有了支付牌照后，除了资金清结算，电商平台还有很多可以做的，而且现在价格方面，相比前几年的20多亿，也下降了不少，5亿左右就可以买到，不过购买的难点在于拿监管批文。”前述从业者对第一财经记者表示。日前被上海央行督促整改“无证经营支付业务”的拼多多也一直在朝着拿牌照前进。早在2017年，就有消息称，上海易翼信息科技有限公司（下称“上海易翼”）入股了持牌机构上海付费通信息服务有限公司（下称“付费通”）。企查查显示，目前上海易翼持有付费通39.64%的股份，其全资控股公司为深圳启真科技有限公司，而股权穿透后，这家公司的实际控制人是拼多多联合创始人兼首席技术官陈磊。据了解，付费通拥有互联网支付、移动电话支付、银行卡收单（全国）、预付卡发行与受理（上海市）等业务类型，可以说是全牌照支付机构。然而，拼多多获得这一牌照的控制权还有难度，因为付费通最大的股东是上海市信息投资股份有限公司，持股50.55%，而该公司背后的实际控制人是上海市国资委。不过也有业内人士称也不排除拼多多另寻他路，收购其他支付牌照。责任编辑：覃肄灵
投资者网上打新热情下降 告别“零风险”后该如何投,原标题：投资者网上打新热情下降，告别“零风险”后该如何投？近期A股市场掀起一波新股破发潮，与之相对应的是，网上投资者打新热情也明显下降。第一财经记者统计发现，11月份和12月份进行网上发行的公司有效申购户数的平均值均在1170万户左右，与最低谷的1月份数量接近。今年以来的网上申购情况，呈现出两端低，3~5月份是高峰期（4月份是最高峰），之后逐次下降的趋势。而科创板的网上申购情况则与A股其他板块相反。网上有效申购户数高峰期在10月份，6月底和7月份网上发行公司的申购数量则集中于户数低的区间。多方业内人士对此分析认为，上述申购情况是受到了发行节奏、市场行情、政策方向等因素的影响。投资者打新热情下降，与近期新股频频破发也有一定的关系。在业内看来，科创板新股破发，这是市场化定价的必然结果；A股其他板块出现破发以及拉涨停板数量减少，可能与市场低迷有关，一级市场定价过高，二级市场打新、炒新缺乏动力。零风险打新已成为过去式，业内人士提醒，投资者当前打新需要更加谨慎，精选打新标的，并进行更为深入的研究。网上投资者打新热情下降近期，沪市主板的浙商银行（601916.SH）在上市首日开盘5秒便破发，邮储银行遭到逾6亿元的弃购，12月4日科创板出现首只发行当日就破发的股票——建龙微纳（688357.SH）。新股破发潮来临的背后，则是投资者打新、炒新热情的下降，这从网上有效申购户数上有一定的反映。截至发稿，今年以来，除科创板外的A股市场共有116家公司进行了网上发行，这其中邮储银行以888.2002万户的有效申购户数垫底，且是唯一一家申购户数在1000万户以下的公司。网上有效申购户数在1500万户以上的有4家，从高到低依次为亚世光电、日丰股份、青农商行、鸿合科技；有效申购户数在1400万户以上的有9家。大部分公司的网上有效申购户数集中在1200万户~1400万户区间，合计共有74家，占比64%；申购户数在1000万户~1100万户区间的有4家。对应具体的网上发行时间来看，申购户数在1500万户以上的4家公司网上发行时间均在今年上半年，2家在3月中旬、1家在4月下旬，还有1家在5月上旬；申购户数在1400万户以上的9家公司中，除1家在9月上旬网上发行之外，其余的8家公司网上发行均是在今年上半年，其中4家在4月份、2家在3月份、2月份和5月份各有1家。以网上发行的时间来看申购户数的整体趋势变化，呈现出两端低，3~5月份是高峰期，之后逐次下降的趋势。今年4月份是高峰期，有14家进行网上发行，这些公司的网上有效申购户数均在1300万户以上，平均申购户数为1390.77万户；其次为3月份，有10家公司进行了网上发行，申购户数均在1200万户以上，平均申购户数为1366.81万户；第三个平均申购户数在1300万户以上的是5月份，有9家公司进行网上发行，申购户数均在1200万户以上。今年6月份~10月份进行网上发行的公司有效申购户数的平均值也均在1200万户以上，不过是逐次减少的趋势。11月份和12月份进行网上发行的公司有效申购户数的平均值则均在1170万户左右。今年1月份是最低谷，平均申购户数为1153.45万户。而科创板的网上申购情况则与A股其他板块相反。目前，科创板完成网上发行的公司共有66家，网上有效申购户数前10位均是在10月份进行网上发行的公司，9月份和11月份网上发行的公司的申购数量则位居中间段，6月底和7月份网上发行公司的申购数量则集中于户数低的区间，且这两个月的发行情况呈现出发行越晚申购数越多的情况。科创板网下投资者数量和配售情况也是一样，10月份和11月份处于高峰期，6月底和7月份处于低谷期。当前打新需注意什么“非科创板公司网上申购的高峰期在3~5月份，是因为当时市场走势比较好，4月份市场涨到3200多点，一个比较高的点，所以当时市场投资者的申购热情比较高，而1月份是整个市场最低迷的时候，所以1月份的申购比较低。”前海开源基金首席经济学家杨德龙向第一财经记者分析称。他同时称，科创板公司的网上申购情况则是因为7月份开板交易，到9月份和10月份之时在科创板上市的公司数量越来越多，所以出现当时科创板打新申购数比较多。东北证券研究总监付立春认为，今年以来，A股市场网上打新是受到了发行节奏、市场行情、政策方向等因素的影响，而科创板与A股其他板块的网上打新有一定的互补关系。投资者打新热情下降与新股破发是相互作用的结果。“新股破发其实说明了现在新股发行更加市场化，与市场大的环境以及新股询价、定价机制有一定关系。”杨德龙具体称，最近破发的一类是科创板的公司，科创板实施注册制，市场询价的价格可能会比较高，这就导致一旦上市，就有可能破发，因为定价就已经充分反映了大家对它的预期；另一类是近期上市的一些大的银行股，因为银行股的市盈率往往都是10倍左右，离23倍市盈率的上限相差很远，相当于市场化定价的模式，这些银行股在上市之后，由于市场低迷，所以破发也在情理之中，特别是一些银行股比较大，可能在上市的时候，对于市场资金面也会形成一定的压力。武汉科技大学金融证券研究所所长董登新也表示，科创板新股上市首日破发属于正常现象，这是科创板新股定价市场化的必然结果，这与成熟市场的国际惯例一致。对于其他A股板块新股出现破发、拉涨停板数量减少的情况，董登新认为，这可能与整个市场比较低迷有关，网上的投资者可能相对悲观，网下询价的机构仍然乐观，从而导致一级市场定价过高，二级市场打新、炒新缺乏动力。“新股破发才能够倒逼定价重心下移，能够把新股的定价向价值回归。”董登新称。那么在目前的形势下，该如何打新，打新需要注意什么呢？“这时候更考验专业的研究能力。”付立春认为，目前打新需要谨慎，需要更加的精选和专注，对拟上市公司进行更为深入的研究。董登新提醒称，投资者应该具备风险意识，零风险打新的时代基本已经终结了，一级市场和二级市场的收益风险越来越对称，也就是说打新炒新和投资二级市场旧股票的收益风险越来越靠近，再不能用过去盲目打新、疯狂炒新的心态去对待新股和次新股，要谨慎再谨慎。责任编辑：王帅
中国信达高管：中国不良资产价格稳中有降趋于理性,原标题：中国信达高管：中国不良资产价格稳中有降趋于理性中新社北京12月5日电 （记者 王恩博）作为防范和化解系统性金融风险的重要阵地，中国不良资产市场受到各方关注。中国信达资产管理股份有限公司总裁助理向党5日在北京表示，近两年中国不良资产市场成交价格稳中有降，预计未来市场定价将趋于理性。作为中国四大国有金融资产管理公司之一，中国信达高度关注不良资产市场。截至2019年6月，该公司累计收购不良资产约2.88万亿元人民币。值得注意的是，此前两年，由于中国不良资产市场参与者迅速增多、竞争压力不断加大，不良资产包价格一度出现虚高现象，降低了行业投资回报率。对于高资金成本市场主体而言，盈利空间受到大幅挤压有可能引发风险。谈及当前不良资产市场现状，向党当天在中国银保监会举行的银行业保险业例行新闻发布会上表示，从市场供给看，2019年来银行不良贷款批量转让的市场供给基本平稳，没有出现大起大落，市场呈现两大变化。一方面，国有大行推出的不良资产在市场上占比呈下降趋势，而农商行、城商行等地方商业银行不良资产出包量有所上升；另一方面，非银行金融机构对外转让的不良资产持续增多。总体而言，不良资产品种上有增加、结构上有变化，市场供给呈平稳态势。从价格上看，日益多元化的参与主体让不良资产市场进一步回归理性。向党说，最近两年开始，不良资产成交价格更趋理性，总体平稳中略有下降。展望明年，预计市场供给将继续维持稳定趋势，金融不良资产品种有望进一步拓展。他指出，伴随不良资产市场参与者收购处置经验愈加丰富，一级市场定价将渐趋理性，竞争环境将更加健康有序。中国信达也将更加理性、更加科学、更加基于资产价值本身来从事资产经营活动。（完）责任编辑：覃肄灵
对赌业绩完不成？ 还有更狠一招等着你,原标题：对赌业绩完不成？放心，还有更狠一招等着你……小甜甜惨变“牛夫人”的重组后遗症，总在年关时显得格外扎眼。2019年末，如何处理前些年并购泡沫期留下的商誉减值和业绩补偿后遗症，成为市场和监管博弈的焦点。12月2日，莎普爱思的一则公告，显示出了业绩承诺方为兑现承诺有多努力——卖地、卖原材料、追债，只为能够延期交足2018年度的业绩补偿款。然而，并非所有重组公司都能像莎普爱思那般遇上“良心”业绩承诺人。市场上不乏重组标的资产业绩大幅下滑，而业绩承诺方拒不践诺的现象。上证报记者注意到，一种新的规避履行业绩承诺的手法正悄然“上线”，即业绩承诺期内出售资产（将资产移出财务报表）。资产出表了，承诺就可以无疾而终？如此“新招”试探着监管边界。规避履诺：有新招，还有“神逻辑”如果说业绩承诺是并购交易估值的“防伪标识”，那么原股东履行业绩补偿则构成实际的约束和威慑。而在现实中，眼见标的资产业绩不达标，牵扯到承诺人切身利益时，总有人想方设法予以规避。面对逃避责任的戏法，证监会在2016年6月曾专门出具《关于上市公司业绩补偿承诺的相关问题与解答》，明确提出：上市公司重大资产重组中，重组方的业绩补偿承诺是基于其与上市公司签订的业绩补偿协议作出的，该承诺是重组方案的重要组成部分，因此，重组方应当严格按照业绩补偿协议履行承诺。重组方不得适用《上市公司监管指引第4号——上市公司实际控制人、股东、关联方、收购人以及上市公司承诺及履行》第五条的规定，变更其作出的业绩补偿承诺。即承诺一旦生效，此后不得变更。奈何“道高一尺、魔高一丈”，下面总有对策——在业绩承诺期内直接出售标的资产。资产都不在上市公司了，岂不就可以免除补偿承诺了？如此操作堪称“神操作”：业绩补偿承诺伴随资产出售自然终止，终止不属于变更，因而不违反证监会的解答。随着资产出表，也无需进行信息披露，重大资产重组的效果究竟如何，也就成了永远的谜。虚假出售：挑战市场，考验监管在并购浪潮褪去后，标的资产无法实现业绩承诺是典型的后遗症之一。仅以沪市统计为例，从2015年至2018年间，业绩承诺未完成比例逐年攀高，分别是9%、15%、24%和28%，平均未完成比例为20%。单看2018年年报，重组后第一年业绩承诺未完成的比例为13%、第二年未完成承诺的比例为25%，第三年为31%，第四年则高达44%（9家承诺第四年业绩，4家未完成）。沪市主板尚且存在如此高比例的业绩不达标案例，遑论并购重组更加活跃的中小创市场。沪市公司并购重组业绩承诺完成情况上市公司与业绩承诺方对簿公堂的情景也屡见不鲜。例如：吴通控股与广州新蜂因业绩补偿纠纷诉诸法院；四方股份的并购标的原股东拒不履行现金补偿的终审判决，该案件已进入法院执行程序；金盾股份因业绩承诺人未履行约5.7亿元的现金补偿义务，上市公司已向法院申请强制执行；国民技术（维权）、皇氏集团、广日股份、鸿利智汇等公司，也均因业绩补偿事宜，与交易方或轮番诉讼，或进行仲裁。有观点认为，之所以目前较多出现无法完成业绩承诺的原因，既与当年并购泡沫期的“惯性”高估值有关，也因买卖双方轻视了业绩承诺和补偿规则的严肃性和持续性。还有观点认为，近年经济增速放缓，股市相对低迷，也是造成并购重组业绩不达标的客观原因。如果上市公司能够及时止损，将标的资产以公允价格出售回笼资金，也是一种交代。不过需要警惕的是，有些通过关联交易非关联化等手段，向身份和资金来路不明的接盘侠高价出售资产，既规避了业绩承诺和商誉减值，也不会因为折价出售资产导致会计确认投资损失。如此“一举两得”的假出售如果蒙混过关，将对市场诚信和投资者信心造成二次伤害。资产出表：对照四个标准，真伪可辨市场终究是有鉴别力的。对于真实出售且提前履行业绩补偿的行为，无论从市场反应还是监管放行来看，都给出了可探讨的解决办法。近期的典型案例当属东方精工。11月26日东方精工宣布，公司2017年完成以47.5亿元收购汽车零部件公司普莱德100%股权，却因标的公司2018年度未完成业绩承诺而与原股东产生业绩补偿纠纷，现双方达成了一揽子解决方案。东方精工拟将普莱德以15亿元的价格出售给鼎晖，同时，作为普莱德原股东对上市公司的补偿，东方精工将1元回购普莱德原股东持有的与16.76亿元补偿金额相对应的公司股份并注销；出售资产后，2019年的业绩补偿承诺也一笔勾销。将无法实现业绩承诺的资产在承诺期内打折卖掉，这笔交易到底是赔是赚？对上市公司来说，当年47.5亿元收购的资产，加上资金成本，现在出售收回15亿元现金，大约打了三折。对标的原股东来说，这一买一卖间，虽然资产不在上市公司体内了，但原股东仍保留了上市公司14.15%的股权，对应市值约11亿元。但倘若不卖，标的资产2018年经审计亏损逾2亿元，上市公司计提商誉减值准备逾38亿元，更何况，业绩承诺期一过，其盈利情况更加无法保证。如今，公司预计，这次一揽子交易预计将增加上市公司2019年的利润总额约21.13亿元，包括出售普莱德的收益以及注销业绩补偿股份的收益。有投资人士认为，前几年市场泡沫期并购的资产，现在出售肯定要打折。尤其是承诺期没到，业绩下滑，上市公司出于流动性的需要不得不“忍痛割爱”的情况下，买方自然会挑肥拣瘦。但是，上述投资人士表示，从善后的角度来说，东方精工的方案给了一种出路。这种模式之所以被市场和监管接受，可以归纳为符合四个标准：第一，交易真实，例如有鼎辉的专业投资机构作为买方；第二，价格的公允性可验证，经审计、评估，作价符合常识判断；第三，钱货两清，出售资产同时回笼现金；第四，原承诺方继续履行承诺，以股份回购作为补偿。上述投资人士表示，“如此风险获得释放，也算是各方共赢的结果。”完善制度：守住底线，强化监管2019年的重大资产重组政策松绑刚刚落地，市场又站在了新一轮并购浪潮的起点，监管规则既要保护中小投资者的合法权益，防范系统性风险，又要给予微观主体较充分的灵活性。业绩承诺及补偿制度将何去何从？从历史的角度看，业绩补偿制度是市场化改革的重要成果。监管机构按照市场化的理念，不去限制重大资产重组的估值。但要抑制忽悠式重组，概念式并购，防范市值管理击鼓传花的风险，设计了标的资产的业绩承诺规则，要求对无法完成承诺进行补偿。这个规则的性质，实际上是资产方进入资本市场的一份声明与承诺，这是弥补市场失灵的重要防线。对于标的资产业绩下滑，无法履行补偿承诺的情况，如果监管放松，等于宣告有关规则成为一纸空文；如果坚持原则，怎奈有关股东“不舍得”或没有实力拿出现金或股份作为补偿。有市场专业人士建议，本着实事求是的态度，可以给业绩承诺期内出售资产一个出口，但要加强对为资产出表、规避业绩补偿和信息披露进行的假出售的监管。操作办法参照四项测试：交易真实，价格公允，钱货两讫，补偿履行。“把好市场入口和市场出口两道关，加强对交易的全程监管”，这是资本市场面临的重要任务。IPO和并购重组是资本市场最重要的入口；相应地，退市和资产出售则是最重要的出口。可以预见，在未来相当长的时期，加强过程监管，维护规则稳定性将成为市场健康发展、为市场化改革保驾护航的重要手段。免责声明：自媒体综合提供的内容均源自自媒体，版权归原作者所有，转载请联系原作者并获许可。文章观点仅代表作者本人，不代表新浪立场。若内容涉及投资建议，仅供参考勿作为投资依据。投资有风险，入市需谨慎。责任编辑：王帅
前10个月中国知识密集型服务进出口同比增10.7%,原标题：前10个月中国知识密集型服务进出口同比增10.7%中新社北京12月5日电 (记者 李晓喻)中国服务贸易“含金量”正在提高。中国商务部5日公布的最新数据显示，今年前10个月知识密集型服务进出口15135.6亿元(人民币，下同)，同比增长10.7%，占服务进出口总额的比重提升至34.1%。资料图为中华人民共和国商务部。图片来源：视觉中国其中，知识密集型服务出口7959.8亿元，同比增长13.0%；进口7175.8亿元，同比增长8.2%。从具体领域看，个人文化娱乐服务进出口增速最快，高达27.6%；电信计算机和信息服务、金融服务次之，增速分别为19.1%和14.8%。另据商务部数据，1-10月中国服务贸易进出口总额44392.7亿元，同比增长2.6%。其中，出口15772.3亿元，同比增长9.0%；进口28620.4亿元，同比减少0.7%；服务贸易逆差收窄10.4个百分点至12848.1亿元，同比减少1494.9亿元。近年来，随着居民收入增长，中国服务消费占比稳步提升。据官方统计，2018年中国城乡居民服务消费占比达44.2%。受此推动，服务贸易也持续向好。2018年中国服务进出口规模创历史新高，继续保持世界第二位，增速也高于世界主要经济体。(完)
法国1995年以来最大规模罢工登场 国家面临瘫痪,中新社巴黎12月5日电 （记者 李洋）法国1995年以来最大规模罢工5日如期而至，国家由此面临瘫痪。中新社记者在巴黎市中心看到，公共交通系统几乎全部停止服务。在不少地铁站和公交车站都可以看到“线路停止运营”的指示牌。往日熙熙攘攘的站台已经空无一人。巴黎十多条地铁线中只有两条自动行驶线路勉强维持运转。巴黎当天阴冷潮湿，很多民众被迫在恶劣天气中改变出行方式，选择公共交通以外的出行工具。据记者观察，骑自行车和摩托车的民众有明显增加。也有不少人选择步行，表情尽显无奈。往日热闹的街道显得冷清许多，商业区的人群活动明显减少，不少店铺到了营业时间仍未开门纳客，也有银行网点不再对外营业。埃菲尔铁塔等景点也因罢工而关闭。巴黎东站、巴黎北站、蒙帕纳斯车站等几个大型火车站都没有多少乘客现身。法国国营铁路公司（SNCF）已经取消了当天的绝大部分火车营运，只留有少数工作人员在车站维持秩序。另外，由于有法国机场工作人员参加罢工，导致数百架次航班当天被迫取消。这次罢工就是由SNCF工会组织发起的，获得了法国众多行业部门和人员的支持和响应，其中包括医疗、教育、消防、电力、邮政等关键行业。舆论普遍将本次罢工与1995年的全法大罢工相提并论。1995年的罢工原因与本次罢工如出一辙，都是由于政府推动退休制度和养老金改革而触发。1995年的罢工持续近一个月，并以政府屈服于罢工中止改革而收场。法国工会组织方面此次扬言会实施“无限期罢工”，意味着罢工可能延续数天乃至数周之久。而工会组织负责人称，法国社会的紧张程度与罢工的社会支持程度都超过1995年，表示要与政府的相关改革展开长久对抗。罢工者还计划5日在全法范围内组织数百场示威游行，加紧对政府施压。法国官方警告示威游行期间会发生新的暴力和破坏行径。大规模示威游行沿途的所有店铺已被警方要求暂停营业。法国政府方面则表明继续坚持改革的态度，并表示会出台罢工的详细应对措施，从而显示政府也打算与罢工展开“持久战”。按照法国政府的改革计划，提供特殊福利的退休制度将会被废除，改为统一的退休制度。民调显示，多数法国民众支持政府的退休制度改革，但并不看好政府能够将改革坚持到底。（完）责任编辑：张玉洁 SF107
前10月我国服务贸易总额超4.4万亿元,原标题：前10月我国服务贸易总额超4.4万亿元新华社北京12月5日电（记者王雨萧、陈炜伟）记者5日从商务部获悉，今年1至10月，我国服务进出口总额44392.7亿元，同比增长2.6%。其中，出口15772.3亿元，同比增长9.0%；进口28620.4亿元，同比减少0.7%。商务部服贸司相关负责人表示，前10月我国服务贸易主要呈现两大特点：一是服务贸易逆差持续收窄。1至10月，我国服务业生产指数同比增长7%，为服务出口快速增长奠定良好基础，服务出口在服务进出口中占比达35.5%，同比提升2.1个百分点。总体来看，服务出口增速高于进口增速9.7个百分点，推动服务贸易逆差下降10.4个百分点至12848.1亿元，同比减少1494.9亿元。二是服务贸易“含金量”提高。1至10月，我国知识密集型服务进出口15135.6亿元，同比增长10.7%。其中，知识密集型服务出口7959.8亿元，同比增长13.0%；进口7175.8亿元，同比增长8.2%。从具体领域看，个人文化娱乐服务、电信计算机和信息服务、金融服务延续较快增长态势，进出口增速分别为27.6%、19.1%和14.8%。责任编辑：覃肄灵
欧盟达成强硬立场：不解决风险不允许数字货币进入,新浪科技讯 北京时间12月5日晚间消息，据国外媒体报道，欧盟各国财长今日达成一致，在明确解决可能带来的风险之前，不应允许像Facebook“天秤币”（Libra）这样的私人数字货币进入欧盟。此举进一步证实了欧盟对“天秤币”的强硬立场。自去年6月宣布以来，“天秤币”因可能对金融体系产生影响而招致全球监管机构的批评。欧盟各国财长今日在一份联合声明中表示：“在充分识别和解决法律、监管、各种挑战和风险之前，任何全球“稳定币”安排都不允许在欧盟运营。”像“天秤币”这样的数字货币，也被称为“稳定币”，通常由传统货币和其他证券支持。相比之下，比特币等数字加密货币则不具备这样的属性。在监管机构的持续压力下，“天秤币”1/4的原始支持者，包括支付巨头万事达和Visa，在10月份已经退出了该项目。但Facebook和总部设在日内瓦的“天秤币”协会的其他20名成员还将继续推进该项目，预计于明年6月正式推出，但也有可能推迟。欧盟财长们今日还表示，他们可能考虑将欧盟监管数字加密资产和稳定币的法规作为全球计划的一部分。欧盟金融专员瓦尔迪斯·都布罗夫斯基斯（Valdis Dombrovskis）在布鲁塞尔举行的财长会议上对各国财长表示，欧盟委员会已经在制定这一新规定。此外，各国财长在会议上还赞扬了欧洲央行（ECB）在公共数字货币方面的工作，这可能成为私人倡议（如Facebook天秤币）的替代方案。在提交给各国财长的一份文件中，欧洲央行表示，如果欧洲内部的支付仍然过于昂贵，则可能需要一种公共数字货币。上个月就有报道称，据欧盟的一份文件草案显示，欧洲央行应考虑发行一种公共数字货币。此举主要是受到了Facebook“天秤币”项目的启发。但欧洲央行同时指出，现金使用量下降的趋势可能加速公共数字货币的采用，但此类举措可能对金融体系产生非常大的影响，因此需要仔细评估。（李明）责任编辑：张宁
"""双开""半月后 工行上海分行原行长顾国明涉受贿被捕",原标题；被“双开”半个月后，工行上海市分行原行长顾国明涉受贿被捕被“双开”半个月后，工商银行上海市分行原党委书记、行长顾国明被上海检方以涉嫌受贿罪决定逮捕。据最高人民检察院网站12月5日消息，中国工商银行上海市分行原党委书记、行长顾国明涉嫌受贿一案，由上海市监察委员会调查终结，移送检察机关审查起诉。近日，上海市人民检察院第一分院依法以涉嫌受贿罪对犯罪嫌疑人顾国明决定逮捕。案件正在进一步办理中。在工行上海市分行担任管理职务17年顾国明今年52岁，汉族，上海市人，1989年毕业于华东师范大学国际金融专业。大学毕业后，顾国明便进入工行上海市分行，在10年间历任工商银行上海市分行国际业务部科员、资金科副科长、资金科科长、总经理助理、副总经理，上海巴黎国际银行董事、常务副总经理。1999年7月，顾国明先后出任工商银行上海市分行国际业务处代处长、处长，国际业务部总经理。2002年6月，任工商银行上海市分行党委委员、副行长。2015年8月起，顾国明正式升任工行上海市分行党委书记、行长；2019年6月被免职。今年6月，中央纪委国家监委网站一则消息“引爆”了上海金融圈——顾国明因个人涉嫌严重违纪违法正在接受纪律审查和监察调查。当时，多位接近工商银行上海市分行的人士向澎湃新闻表示，“一脸懵”“不知道啊”。随即，工商银行官方网站同步发布了顾国明被查的消息。顾国明被查后，工商银行总行火速任命工行山东省分行党委书记、行长付捷奔赴上海，出任工行上海市分行党委书记、行长。付捷此前曾历任工行北京市分行副行长、工行青岛市分行行长。据澎湃新闻了解，顾国明被查后，工行上海市分行也有高管人员一同被带走协助调查，目前已经回到单位任职。但工行也已对其进行了相关处分。与不法商人沆瀣一气，甘于被“围猎”11月20日，中央纪委国家监委网站发布消息，顾国明被开除党籍、开除公职。根据通报，顾国明严重违反政治纪律，与他人串供、隐匿财物、销毁证据，对抗组织审查；严重违反中央八项规定精神和廉洁纪律，违规出入私人会所，违规接受他人为其高尔夫球会员卡充值，违规收受贵重礼品、礼金，无偿借用管理服务对象住房和车辆，违规从事营利性活动，利用职权为亲友谋取私利；严重违反组织纪律、在干部选拔任用过程中，为关系人“量身定做”选拔任用方案；严重违反生活纪律，道德败坏，生活腐化；利用职务便利为他人谋取利益，非法收受他人巨额财物。通报还称，顾国明身为中管金融企业党员领导干部，理想信念崩塌，党性修养缺失，毫无敬畏之心，人生观严重扭曲，价值观极度物化，把国家托付管理的金融资源当做交易筹码，与不法商人沆瀣一气，相互利用，甘于被“围猎”，涉嫌受贿犯罪，数额特别巨大，且在党的十八大后不收敛、不知止，性质十分严重，影响十分恶劣，严重损害党和国家利益，应予严肃处理。多名地方分行高管被查今年以来，工行系统内已有多名地方高管被查。除了顾国明外，今年4月，已退休近两年的工行重庆分行原党委委员、副行长谢明也因涉嫌严重违纪违法被查，目前已被开除党籍，取消退休待遇，将其涉嫌犯罪问题移送检察机关依法审查起诉，所涉财物随案移送。顾国明被查后，7月5日，工商银行面向全行召开全面从严治党从严治行暨警示教育大会，严肃通报并深入分析反思近两年查处的违规违纪违法典型案例，要求以案促思、以案促省、以案促查、以案促改，将工商银行全面从严治党、从严治行引向深入。会上，驻工行纪检监察组组长王林通报了重庆分行原副行长谢明案等12起典型案例，要求全行干部员工认真汲取教训，深刻反思，对照检查、加强整改，切实增强纪律规矩意识。责任编辑：王帅
千亿元的马拉松产业:一年上千场赛事 三四线城市加入,原标题：争抢千亿马拉松经济：一年上千场赛事，三四线城市加入马拉松旺季的几乎每一个周末，上海资深跑者刘帆（化名）都飞奔在马拉松的赛道上，迄今他已完成了60多场全程马拉松。9月8日太原、9月30日柏林、10月6日布鲁塞尔、10月13日郑州、10月27日成都、11月3日纽约、11月16日天门、11月17日上海、11月23日嘉兴、12月1日千岛湖，以及接下来12月8日广州、12月15日深圳、12月22日东莞……第一财经记者感叹于他的繁忙。“每年都会有这么‘神经质’的一段时间”，刘帆说，其实像他这样马不停蹄的跑者在跑步圈里还不少。算上即将到来的三场，今年刘帆将完成23场全马。他粗略算了一下，全年跑步总支出约12万元，其中4场国外赛事总开销（吃住行等）约8万元。正是许许多多跟刘帆一样跑者的热情参与，催生了一个上千亿元的大市场。一些三四线城市也加入到这一风潮中。快速发展的马拉松产业从1981年北京马拉松开始，经过39年的发展，中国马拉松产业日益壮大，尤其是2014年之后，更是进入快速扩张阶段。2019国际田联路跑会议上发布的《中国路跑运动报告》（下称《报告》）显示，2018年中国境内举办马拉松及相关运动规模赛事（800人以上路跑赛事、300人以上越野赛事）共计1581场，累计参赛人次583万。上千场赛事、几百万人次的参与者，赞助商投资、报名费等收入，基于比赛所产生的主场馆租赁和酒店住宿，出售赛事转播权所带来的媒体收入，以及外延出的涵盖“吃、住、行、游、购、娱”等文旅消费，拉动了数百亿元的马拉松经济。《报告》显示，2018年中国马拉松年度消费总额达178亿元，全年赛事带动的总消费额达到288亿元，年度产业总产出达746亿元。根据国际经验，人均GDP超越5000美元时，会进入以马拉松为代表的全民路跑体育消费周期，这在欧美称为“马拉松赛事现象”。2011年，中国人均GDP超过5000美元，2018年人均GDP已超过9500美元，而2011年之后也正是中国马拉松赛事从一年只有几十场到上千场迅速增长的时期。胡润研究院发布的《2017中国高净值人群健康指数白皮书》显示，超六成富豪有“亚健康”症状，而64%的高净值人群，选择将“跑步”作为自己改善自身健康的方式。马拉松赛事过热了吗？温州大学教授、知名体育学者易剑东说，整体上不存在过热，美国一年举办3000场以上。已完成84场全马的资深跑者、黑子马拉松训练营创始人张连云的看法有些不一样，他认为确实存在过热的现象，因为有的城市，地域比较小、交通不便，并不具备举办马拉松的条件，可是，看着周边的城市都在举办，不乏跟风的举动。相信马拉松之风也会优胜劣汰，相当一部分赛事会被淘汰。马拉松已经成为一座城市的名片，政府都很重视，是否“过热”与城市经济发展水平及特色（比如旅游资源）息息相关。刘帆的看法是，马拉松真正热起来不过四年光阴，过热还谈不上，两极分化趋势明显。北京、上海、广州、武汉等大型精品赛事一票难求，僧多粥少。一线城市爆满，部分三四线城市门庭冷落车马稀。城市因“马”而更精彩根据不完全统计，仅12月1日这一天，中国从南到北就有多场马拉松同时在举行，包括澳门、深圳宝安、广西南宁、云南昆明、浙江桐乡、湖北鄂州、江苏丹阳、浙江千岛湖等。吸引更多爱好者来跑马，扩大城市影响力，带动相关消费，这无疑是相当多马拉松赛事的举办城市孜孜以求的。《报告》称，伴随路跑运动的推广和普及，赛事的城市覆盖率不断扩大。截至2018年年底，中国有285个地级城市举办了规模路跑赛事，路跑运动在中国城市的覆盖率达到85.33%。湖北咸宁市也是一座地级市，距离武汉约100公里，乘高铁只需24分钟。咸宁马拉松今年已经是第四届，咸宁市体育事业发展中心主任孙金波对第一财经表示，他们在首届马拉松筹办之时，就志在打造以温泉为主题的特色赛事，希望以举办马拉松的方式让更多的人来了解咸宁，展示咸宁绿色经济发展成果，通过这个窗口展示咸宁的城市魅力和特色。孙金波表示，由于赛事的口碑，每年参与咸宁马拉松的运动员逐渐增加，从第一届的1万人（包括全马、半马、微马），到今年的1.66万人，已成为了咸宁市市民的一个重要节日，给咸宁这座城市带来了健康运动的元素，每当清晨和晚上参加运动锻炼的人变得更多了，很好地推动了全民健身的热潮。11月24日，上海跑者常婧在咸宁赛道上获得了自己的PB（PersonalBest，个人最佳成绩）3小时51分29秒，名列全马女子组第33名，人生中首次因为跑马拉松获得300元奖金。她开心地说：“最初因为咸宁籍校友的热情推荐才报名咸马，没想到咸宁是我的福地，明年还会再去。”跑马旺季，撞车的赛事不胜枚举，究竟选择哪个城市参加呢？张连云说，在报名前，通常会看赛事的执行公司和赛事所在的城市。他说，印象最好的必须是武汉，一是在那里上了四年大学，二是武汉马拉松是好的执行公司与鼎力支持的政府的完美结合，已经连续跑了四届，希望能够连续跑十年。跟很多跑者的想法一样，刘帆会以跑步的名义去不同的城市旅游。赛事选择主要以赛事口碑、组织规模、城市情怀等为标准。会不会因为一场马，爱上一座城？刘帆称，当然会，比如波士顿、厦门。他说，城市人文、美食美景、与友同乐等，都可以成为你喜欢一座城市的理由。厦门马拉松良好的口碑也为这座城市带来可观的经济效益。2018年厦马为厦门市带来的直接经济效益总计1.16亿元，带动经济效益约为1.75亿元，综合经济效益为2.91亿元。孙金波也告诉第一财经，咸马赛事举办的周末，市区内的酒店房间早早地都预订完了，温泉景区也都爆满，很好地刺激了咸宁旅游行业的消费。据不完全统计，举办咸马赛事的周末，直接拉动咸宁市的经济消费约2000万元。奔跑经济不停息如何更好地发展马拉松经济？国家体育总局去年联合多个部委出台《马拉松运动产业发展规划》，提出要鼓励马拉松产业的消费创新、赛事特色和产业融合。根据规划，到2020年，中国马拉松运动产业规模将达到1200亿元；出现具有相当实力和影响力的十大品牌赛事运营公司和10家品牌马拉松运动产业技术服务装备商；全国马拉松赛事场次（800人以上规模）达到1900场，中国田径协会认证赛事达到350场，各类路跑赛事参赛人数超过1000万人次。易剑东也是一名马拉松爱好者，去年4月扬州半马以来，他已经跑了17场全马、11场半马，据他观察，与国外顶级赛事相比，中国马拉松赛事还存在一些不足之处，比如报名体系不科学、安保成本过高、赛道设计不合理、跑者服务不规范、酒店接待能力不足、城市服务不配套等。刘帆认为，目前国内很多赛事在服务水平、补给、完赛服务等细节方面其实都优于国外赛事，但在跑步文化方面还有一定差距。比如，国外赛事特别是“六大”（即波士顿、伦敦、柏林、芝加哥、纽约、东京马拉松）严肃跑者居多，追求挑战自我，赛事氛围特别棒，商业市场化运作更明显。张连云则表示，国内很多赛事，比如武汉、北京、无锡等马拉松，并不比波士顿马拉松的组织差，甚至比它们更好。和六大比较明显的差距是，我们的只有形式，展示的装备数量少、款式少。作为管理者，不应该把金牌赛事等作为目标，而应该把马拉松的宣传普及、马拉松带给城市的收益以及普通人的改变等作为常年宣传的目标，真正让马拉松成为城市的名片，而不是只在赛事前后热那么几天。马拉松跑者与日俱增，缺乏科学训练、盲目追求成绩等导致伤病的不在少数。张连云表示，马拉松参与者的营养、恢复、训练等，需要更多专业人员的参与，这一块目前比较稀缺。他给新手们的忠告是：当世界都在追求PB和速度的时候，不妨放慢脚步，想想自己出发的目标。刘帆则建议跑者还是要以健康为目的，科学训练，对42.195公里的全马存有敬畏之心。锻炼身体挑战自我的同时，让跑步成为生活的调味剂，而不是全部。易剑东对第一财经表示，马拉松产业规模会越来越大，因为我们线下生活门槛最低的就是马拉松，而且中年中产人群提升健康质量的需求迫切，再加上城市提升品牌等需求，必定大力提高马拉松赛事数量、逐步完赛赛事服务，从而带来产业规模的持续增长。张连云对第一财经表示，中国马拉松产业目前还在摸索阶段，很多方面的管理还不是很规范，还需要引导和驱动，未来的市场很大，也很有潜力。“纽约马拉松，一周就能净挣一亿美元，相信国内的北马和上马，在三五年的时间内，也能迎头赶上。国内的马拉松产业，不缺钱，缺的是策划和营销策略。”“未来中国马拉松经济大有可为，但会高度分化。”刘帆说。责任编辑：赵慧芳
ST椰岛终止转让子公司中山椰岛清算权益,原标题：ST椰岛终止转让子公司中山椰岛清算权益12月5日，海南椰岛（集团）股份有限公司（简称“ST椰岛”）终止转让子公司中山椰岛饮料有限公司清算权益获股东大会通过。公告显示，因中山椰岛破产清算案牵扯多方利益，历史问题亟待解决，因此原意向受让方华融信联不良资产处置（广州）有限公司提请终止交易。今年8月7日，ST椰岛宣布拟以4098.13万元的价格向华融信联转让子公司中山市椰岛饮料有限公司（简称“中山椰岛”）清算权益。ST椰岛称，本次交易有利于清算工作的进行，也利于公司解决历史遗留问题，取得资产处置收益。不过，此次清算权益转让至今未获得股东大会审议通过。11月29日，ST椰岛收到华融信联提请终止交易的函件。函中称，相关法院对中山椰岛破产清算一案予以受理，是双方合作最关键性的基础，然而破产清算案件牵扯到股东、债权人、清算组、投资人等多方利益，中山椰岛历史问题也亟待解决，因此建议终止本次清算权益交易事项，待问题解决后可视情况重新签订协议。12月5日，ST椰岛董事会决定终止此次交易。值得注意的是，ST椰岛此次交易曾遭遇2名董事反对。对此，上交所于8月8日向ST椰岛下发问询函，要求其补充披露中山椰岛历史清算过程、清算状态等。ST椰岛回复称，2002年3月，因饮料业务经营终止原因，中山椰岛向中山市对外经济贸易合作局请求终止经营，并于同年12月获批。因中山椰岛最终未及时完成注销及年检，2003年9月24日被工商机关吊销营业执照。又因股东之一宝利威公司已在2003年解散、注销所需资料部分缺失、资产转让纠纷等事项，导致中山椰岛清算注销处于停滞状态。2019年2月18日，ST椰岛成立新的清算组，进行清算注销。ST椰岛还表示，中山椰岛相关负债均发生在2007年5月之前，截至目前从未收到过相关债权主张，并已超过诉讼时效。由于ST椰岛为中山椰岛唯一有效存续的股东和清算组唯一成员，且中山椰岛已丧失经营资格并无流动资金，虽有资产却不能清偿债务。责任编辑：王帅
年关将至保壳戏码再度上演 ST公司费尽心机,年关将至，ST公司“保壳”时间越来越少，资产置入、债务重组等方案也陆续抛出，尽管很多没有实质性利好，但“刀口舔血”的资金还是会提前埋伏，ST板块近来也因此出现一波上涨。东方财富Choice统计显示，2019年11月18日至今的14个交易日，ST概念上涨4.5%；这段时间内，*ST猛狮（002684.SZ）、*ST中捷（002021.SZ）、*ST仁智（维权）（002629.SZ）这三只个股的累计涨幅均超过50%。近期涨停的ST股之所以能够吸引资金进入，大多都是发布了重组计划等利好信息的公司。12月5日，*ST鹏起开盘后便牢牢封死涨停板，*ST鹏起股价报收1.01元/股，也因此解除了面值退市警报。“赌保壳、赌重组、赌不会退市．．．．．．到了年底往往都会有一波ST炒作潮，不确定性很大，当然如果赌对了也会收益颇丰。一般是游资或私募做，公募不会参与。”北京某公募基金经理表示。ST炒作潮再起近一段时间来，ST板块走出一波行情，甚至一度出现了涨停潮。截至12月5日收盘，ST板块中，*ST鹏起、*ST美丽（维权）（000010.SZ）、ST百特（维权）（002323.SZ）、ST椰岛（600238.SH）、*ST中捷、*ST索菱（维权）（002766.SZ）、*ST仁智等这7只个股涨停。第一财经注意到，每当岁末年初阶段，ST板块都会十分活跃，比如在2018年年末和今年年初出现了两波较明显行情。“主要是在赌保壳预期，有一部分资金是专门做这个的，类似于垃圾债。”某私募机构负责人对第一财经称。12月5日*ST中捷、*ST索菱的龙虎榜显示，两只个股前五大买入席位均来自游资，其中，华泰证券沈阳大西路营业部出现在这两只股票第一大买入席位上。某券商分析人士称，风险警示股票（ST）中国资本市场的独有产物，炒作热情从未匮乏。一是披星戴帽股票是性价比较高的壳资源标的；二是市场风险偏好抬升阶段，低价股 、绩差股、垃圾股容易受到资金青睐；三是存在摘帽摘星预期，尤其是第三点，摘帽逻辑存在时，往往存在较大的炒作预期。进一步来看，年初至今，ST岩石（维权）（600696.SH）上涨了164.29%，*ST毅达（维权）（600610.SH）上涨89.53%，*ST中绒（维权）（000982.SZ）和ST新梅（600732.SH）分别录得66.93%和61.95%的累计涨幅。特别是ST岩石，是A股市场上赫赫有名的“改名股”。11月15日，屡次更名的ST岩石再度改名。公告显示，公司董事会已通过相关决议，计划将公司名称由“上海岩石企业发展股份有限公司”变更为“上海贵酒股份有限公司”。ST岩石于1993年上市，其简称与主营业务经历过多次变更，曾用过福建豪盛、利嘉股份、多伦股份等多个简称。而最让人印象深刻的便是2015年正值P2P概念火热时期，ST岩石搭上互联网金融浪潮，直接将名称变更为匹凸匹金融信息服务（上海）股份有限公司。“ST股炒作还是不碰为好，很多资产注入或重组并没有实质改变公司。这两年来这个策略越来越不好做，我知道有一家专门做这个的私募今年日子就不好过。”上述私募负责人在与第一财经记者交流时表示。保壳戏码不断上演企业因为持续亏损而产生的多种经营风险，是被戴帽戴星的最常见情形，针对这一情况， 上市公司为达到解除风险警示、保壳的目的，一般而言，卖资产“续命”是最直接的手段。11月20日晚间，*ST中安（维权）（600654.SH）披露《关于出售房产的公告》，宣布为盘活资产，提高资产运营效率，综合交易条件等因素，拟以3600万元的价格向深圳蓝普视讯科技有限公司出售深圳市南山区滨海大道深圳市软件产业基地5栋D座701房产，建筑面积为949.12平方米。卖不动汽车的*ST海马（000572.SZ），也选择卖房产。11月23日，*ST海马发布关于出售部分闲置房产的进展公告，称上半年计划出售的位于上海和海口的401套房产已销售318套，带来应收款1.47亿元，已收款1.2亿元，对净利润的影响金额为0.74亿元。此前公司还转让旗下海马研发100%股权以及物业资产，系列举措预计可带来近7亿的资产处置收益。“有时，企业本身的利润率难以正常改善，但又处在摘帽摘星的时间当口，难以避免的，需要采用一些非常规手段，诸如：债务重组、不良资产剥离、出售投资性资产以及突增补贴款等。”中银国际相关人士分析称。12月2日晚间，*ST鹏起发布公告，公司实控人张朋起和妻子宋雪云与万方控股集团签署《债权债务重组协议》，约定万方控股集团或其指定的第三方在2020年4月30日前以转账方式代张朋起向上市公司偿还占用资金及利息约7.9亿元。此前，*ST鹏起的股价已经连续14个交易日“破面”，此时抛出这份债务重组协议，保壳意图明显。受此影响，最近3个交易日*ST鹏起连续涨停，最新股价报1.01元，面值退市警报解除。这也使得*ST鹏起避免成为面值退市股。12月4日晚间，*ST华业（维权）发布公告：因公司股票连续20个交易日，每日收盘价均低于股票面值1元，根据相关规定，上交所决定终止公司股票上市。因此，*ST华业也成为A股第7家面值退市股。尽管面临退市风险，*ST猛狮这种有“重大资产重组”加持的ST股，仍然可以上演10个交易日录得9个涨停的“高调”戏码。*ST猛狮最新的公告显示，“此次重大资产重组事项仍在正常推进过程中”。上市公司于 2018年9月12日发布了《关于筹划重大资产重组的提示性公告》，称筹划重大资产重组事项，拟向中建材蚌埠玻璃工业设计研究院有限公司、中建材浚鑫科技有限公司及其关联方发行股份购买其拥有的从事绿色能源科技产品的应用研究与生产以及光伏发电站等相关业务公司的股权及与之相关的全部权益。第一财经也获悉，为了保壳有些企业在被实施风险警示的第一年，先保留一些利润，等到第二年再一起释放，造成第一年巨亏，第二年扭亏的情形，也是保壳的常用手段。责任编辑：王帅
星美控股跨界移动通信 谋解院线困局,星美控股跨界移动通信，谋解院线困局来源：北京商报一度受困于影院停业、拖欠工资等风波的星美控股，如今找到了新生意。12月4日晚间，星美控股发布公告称，已就收购新盟通信传媒全部股权签订谅解备忘录。但标的公司并非是电影领域公司，而是一家网络运营商，并在柬埔寨运营相关业务。实际上，星美控股虽然主要从事电影院、影片发行等业务，但对移动通信行业的兴趣已由来已久，并试图借助这一业务解救漩涡中的自己。01、二次进军据悉，星美控股拟收购卖方出售的新盟通信传媒全部已发行股本，预计有关金额将不超过9.8亿港元。不难看出，星美控股此举也是希望搭上5G的快车。而上一轮星美对通信业的觊觎还发生在4G时代。早在2014年，星美控股便曾通过公告对外透露，“随着中国4G移动通信用户高速增长，本集团打算藉此进入移动电信行业，能有效吸纳更多在线客户”，此外还曾与中国电信达成战略合作，联手推出可以看电影的手机卡，并获得授权在下属影院开展合作营业厅、专营店、代理店、代理点等。公开资料显示，此次收购的新盟通信传媒是主要从事提供一站式信息化整体解决方案的运营商，主要业务包括三网融合的基础电信服务、ICT 系统集成服务、IOT 物联网服务、移动互联网服务、互联网媒体信息等多项综合服务。数据显示，该公司在柬埔寨拥有约6600公里的光纤网络，覆盖了25个省市和90%的人口，拥有连结全球的国际网关。且新盟通信是柬埔寨首家推出4K质量的电视提供商、唯一的OTT电视服务提供者、也是柬埔寨唯一的三网合一运营商。星美控股方面表示，进入移动电信行业能有效吸纳更多在线客户，所产生的相关通信收入（数据及语音）将进一步扩大公司的营收规模。除此之外，目标集团结合本集团现有的国内影院网络资源及电商平台优势，能为会员提供影视文化及多元化消费增值服务，发展更多交叉销售项目，贯彻实践本集团的整合营销策略。02、困局未解从公告来看，星美控股对布局移动电信业务兴致勃勃，但人们更关心的仍然是该公司近一年多以来的经营困局。2018年以来，星美控股频频出现旗下影院拖欠货款、服务费等，并被诉至法院，同时网络上还有不少旗下员工指出星美控股长期拖欠工资，随着问题逐步爆发，星美控股旗下影院出现大范围停业，并有消息称最高时曾达到2/3均无法经营。而到了2019年，星美控股仍未走出此前的经营问题。今年9月，星美控股对外透露，根据董事会现有财务资料，并经作出所有合理查询后，本集团现时尚欠足够营运资金支持其业务营运。且根据本集团于8月31日之未经审核管理资料，尚未向其部分雇员支付的工资总金额约为8100万元、尚未就若干租赁物业尚未支付的租金总金额约为940万元、尚未向供货商支付的已在本集团影院上映电影的版权费用总额约为2000万元。按此进行计算，截至8月底，星美控股仍欠1.1亿元。而在影院经营方面，截至8月31日，星美控股在国内经营约336家影院，其中约201家营运中，约135家暂时停业。随后在本月初，星美控股再次对外透露，管理层预期小部分已暂时停业影院将于不久将来恢复营业。据猫眼专业版显示，今年以来，星美影城在影投的排名为第20位，与2018年排名第7位相比，出现明显下滑，且数据显示，2018年星美影城共实现票房11.05亿元，而今年至今仅报收3.75亿元，是上一年的1/3。为了进一步了解星美控股当下的经营情况，以及收购新盟通信传媒的原因和未来业务发展计划，北京商报记者第一时间通过多种途径联系该公司，以及相关工作人员，截至发稿未得到回应。03、跨界待检在投资分析师许杉看来，电影票是影院的主要收入来源，而影院暂停营业便意味着切断了收入来源，对于恢复经营状态较为不利。现阶段星美控股也在试图通过相关方式解决自身的发展问题，不仅已就向该集团提供额外资金的可能性及可能的和解安排与贷款人及债权人进行积极磋商及讨论，包括将他等的债务或部分债务转化为该公司的股权，此外，今年9月，星美文化旅游则披露公告称，就收购内地影院与星美控股及保利文化分别签订了谅解备忘录，拟收购两家公司旗下270余影院。而星美控股间接持有星美文化旅游63.01%的股权，此次交易构成关联交易。影视传媒行业分析师曾荣表示，“随着越来越多的产业内外资本加速布局影院业务，竞争也将越来越激烈。而互联网的高速发展态势下，影院还面临来自以互联网为代表的新媒体的冲击和挑战，尤其是视频网站的崛起，凭借价格、资源等方面的优势，对线下影院造成一定的挤压。”而对于此次星美控股收购新盟通信传媒，许杉认为，“星美控股选择收购柬埔寨的网络运营商也不排除计划在当地发展影院等相关业务。”公开资料显示，近段时间柬埔寨也正发展自身的电影行业，其中在11月底举办的柬埔寨第六届国家电影节颁奖典礼上，柬埔寨电影与文化传播局有关负责人表示，随着柬埔寨电影事业的蓬勃发展，该国电影院数量飞快增加，同时本土电影制作日趋繁荣。“此前国内影视作品海外输出时，东南亚便是一个重点领域，也有部分作品在当地获得较好的反馈，或许是基于这一点，星美控股试图将业务借助当地的网络运营商实现延伸。”许杉如是说。责任编辑：霍琦
央行给移动金融APP戴“紧箍” 划明四大红线,央行给移动金融APP戴“紧箍”，哪些红线不能踩来源：北京商报随着金融业移动金融客户端应用软件（以下简称“移动金融APP”）备案试点工作的开启，关于移动金融APP的监管顶层设计也浮出水面。北京商报记者从知情人士处获悉，央行此前已向部分金融机构定向下发《关于发布金融行业标准加强移动金融客户端应用软件安全管理通知》（以下简称“通知”），12月5日，北京商报记者获悉了该通知全文。从通知来看，央行对移动金融APP安全问题，主要从提升安全防护、加强个人金融信息保护、提高风险监测能力、健全投诉处理机制、强化行业自律5个方面进行了管理规范，并对备受关注的个人金融信息保护划定了四大红线。有分析人士称，央行此次通知对金融行业来说意义重大，今后对移动金融APP治理，监管将走向“事前的事前”，以确保不侵犯消费者权益，不滥用消费者数据。01、划明四大红线在移动金融APP安全规范中，针对个人金融信息泄露问题的整肃已成为重中之重。北京商报记者注意到，在个人金融信息保护方面，央行从信息收集、使用、传输、存储等多个环节中，为各金融机构划定了四条红线。首先，在收集、使用个人金融信息时，央行明确，各金融机构不得以默认、捆绑、停止安装使用等手段变相强迫用户授权，不得收集与其提供金融服务无关的个人金融信息。同时，金融机构应采取数据加密、访问控制、安全传输、签名认证等措施，防止个人金融信息在传输、存储、使用等过程被非法窃取、泄露或篡改。而在信息使用结束后，各金融机构应立即删除敏感信息，在客户端软件卸载后不得留存个人金融信息。此外，金融机构不得违反法律法规与用户约定，不得泄露、非法出售或非法向他入提供个人金融信息。对此，杭州电子科技大学教授徐伟栋指出，对于移动金融APP的合规化其实目标很明确，主要是从金融产品、风控与贷后的需求出发，寻找“最小”、“必要”的信息项，然后提交客户端开发出相应的提取信息功能，而不是以前的、客户端一股脑把能拿到的信息都塞到后端入库，再看哪个信息可以用来加工变量。苏宁金融研究院研究员孙扬则指出，金融行业监管一直呈趋严态势，包括从金融业态强监管、金融科技强监管、金融数据强监管等多方面来看，均在稳步推进。而从此次规范来看，移动金融APP监管已走向深水区，后期监管一定会将个人信息保护、移动金融APP、金融数据等都纳入非现场检查的重要范畴。02、首批23家机构参与备案试点值得关注的是，针对移动金融客户端应用软件安全管理，中国互联网金融协会（以下简称“协会”）也已开始行动。12月3日，协会在京召开移动金融APP备案管理工作试点启动会议。会议明确，各试点机构应于2019年底前完成首批试点备案申请。下一步，协会将会在全国范围内分批次组织开展APP备案推广，并逐步落实风险信息共享、投诉处置机制以及行业公约、黑白名单、自律检查、违规约束等自律管理工作。试点启动会上，央行科技司司长李伟指出，针对当前一些金融机构客户端软件存在的安全防护能力参差不齐、超范围收集个人信息、仿冒钓鱼现象突出等问题，各金融机构要建立客户端软件安全管理全程覆盖机制，相关部门要建立健全客户端软件监督处置机制。北京商报记者从相关知情人士处获悉，本次备案试点主要本着机构自愿申请的原则，首批参与移动金融APP备案申请的有来自银行、证券、基金、保险、支付等领域的23家试点机构，目前协会已出具体试点方案。该人士推测，“从首批申请机构类型来看，目前主要是从持牌类金融机构开始试点，后续协会或将根据试点情况，进一步完善备案流程，统一行业标准和备案规则，从而进一步将备案覆盖至更多金融业务类型从业机构。”“试点一事对行业来说无疑是一大利好，一方面有利于形成行业标杆效应，另一方面，部分不规范的公司也会按照相应要求进行整改。”零壹研究院院长于百程在接受北京商报记者采访时指出，尽管首批试点为持牌机构，但不乏后期会拓展至互联网金融类公司，只要有金融相关业务的移动APP，都应该会受到同样的规范。孙扬同样指出，此前移动金融APP在市场上开展其实是较为无序的，缺乏全面治理，此次规范的下发和试点的启动，对于金融APP治理来说，可以称之为一个里程碑式的事件，此后，不但从事金融业务须有相应许可，在获取用户信息时也须遵守相应规范，同时对用户信息的保存、使用、流转等，都须在监管范畴下进行，有利于从金融供给侧层面，对一些非法金融行为进行有效出清。03、“顽疾”何解？值得注意的是，针对部分移动金融APP安全问题，监管除加强审核规范外，同时也加大了对违规行为的打击力度。12月4日，国家网络安全通报中心官方披露，2019年11月以来，全国公安机关网安部门已集中查处整改100款违法违规APP及其运营的互联网企业。北京商报记者注意到，被查处下架整改的百款APP中，银行和贷款等金融类APP为“重灾区”，其中不乏光大银行、天津银行等持牌类金融机构。不过，光大银行回应称，高度重视提升客户体验与客户隐私信息保护工作，切实保证用户个人信息安全，目前提示的用户隐私政策条款符合相关要求。手机银行APP一直正常运行，从未停止过服务。天津银行在官网发布声明称，截至目前，我行未收到任何行政机关要求“天津银行手机银行APP”下架的官方通知，“天津银行手机银行APP”正常面向公众提供下载、更新、使用等服务。移动金融APP屡现违规，具体如何破题？多位接受北京商报记者采访的业内人士一致认为，要根治金融行业APP“顽疾”是一场“持久战”，仍需监管方、应用商店运营者、APP运营方等多管齐下、多方参与治理。中国民生银行研究院研究员郭晓蓓指出，除了监管部门持续加大APP治理力度外，各金融机构也应严格按照规范要求，构建全流程安全管控体制，覆盖APP软件开发、发布、使用、维护等全生命周期，对于网络攻击、信息泄露等行为，应采取相应措施予以打击，确保系统平稳运行。而对于金融科技公司而言，则应从在软件设计前就准确、充分评估相关风险，植入安全程序进APP系统，在使用前进行多次模拟实验。在孙扬看来，下一步移动金融APP治理推进重点，仍要严把审核关。目前是申请备案阶段，后期应把好源头审核关，比如应用商店运营者或相应网站应履行好平台审核责任，配合监管部门或自律协会，对金融APP从业资质、业务合规性等进行审核。“出来混总是要还的，从业者若违规使用个人信息，肯定要承担法律责任。因此建议金融机构和互金企业，务必遵守监管规定，学习法律知识，配合协会和监管，后期做好相应备案。包括在各自APP的开发、上架，以及数据保存等方面，都应建立一个更加严格的流程和制度。此外，还要对APP开发人员运营人员等做好相应培训，以做到合法合规。” 孙扬称。责任编辑：霍琦
南非航空展开自主商业营救,中新社约翰内斯堡12月5日电 （记者 王曦）作为南非标志性国有企业的南非航空公司5日宣布，即日起采取自主商业营救措施，以期尽快摆脱当前亏损困局。继南非国家电力公司后，南非航空日前也深陷财政亏损泥沼。为此，南非航空原本决定通过裁员等手段减轻财政负担。然而，此举随即引发争端：南非航空超过3000名员工于11月15日爆发大规模罢工，导致大批航班取消，影响了南非民众的正常出行，直接损失超过5000万兰特（约合人民币2500万元）。尽管罢工最终得以暂时和解，但南非航空面临的危机并未得到根本解决。12月4日晚间，南非总统拉马福萨下令，要求南非航空必须展开自主商业营救。此举也被视为恢复民众对南非航空信心、依靠南非政府帮助展开重组、维持可持续运营的最显著信号之一。据悉，南非航空此举的主要目的是摆脱该公司对于政府财政的过分依赖。但在自救过程中，南非政府还将提供20亿兰特（约合人民币10亿元）的资金帮助，以维持其正常运营。同时，此次实施的营救措施还包括重组南非航空国有航空资产，更好地吸引优质投资伙伴等。对此，南非公共企业部部长戈尔丹（Pravin Gordhan）评价称：“我们希望这是南非航空新时代的开始，重组后的南非航空公司令人充满期待，并且能够将数以百万计的游客带入南非。”（完）责任编辑：孟然
复星郭广昌：老玩家败于趋势 新玩家败于大胆,新浪财经讯 12月5日消息，复星国际董事长郭广昌在为混沌大学所作的课程PPT上写了这样一句话——老玩家败于趋势，新玩家败于大胆。“当然我一直跟大家说，活着比什么都重要。你穿过周期了，你发现你竟然在领先了，原来竞争对手在过程中已经死掉了一大半。”他这样讲。郭广昌在演讲中提到，做企业最重要的是管好企业的周期，一方面要善于借助宏观周期立于不败之地，另一方面则要做对、做好微观的企业周期使其最终脱颖而出。他谈道，任何一个企业都活在宏观周期中，危险或机遇取决于决策者的目光有多远。在他分析看来，宏观周期又包括宏观经济周期、产业政策技术周期和资本周期。在经济周期中，当价格远远低于价值时，哪怕是逆周期也依然要敢于去做；而应对产业政策技术周期的策略则是“做对的事，做难的事，做需要时间积累的事”，例如复宏汉霖从2009至2019年进行了十年的研发投入；资本周期则比较鲜明，创业者除了需要把握产品逻辑，还要把握资本逻辑。他认为，无论处于哪个周期阶段，系统能力和商业常识都很重要，其中最重要的四点分别是清晰战略、产品力、人与组织、财商。“复星一路走到今天，我们永远都不是跑得最快的那个，但如果我们侥幸冲到了前面，那一定是前面的人都死了。”因此要用有限的成本“试”出正确的战略，从试探性投资对标业内领先企业，到学习Knowhow积累经验、人才，再到加大投入、深度运营并制定长期战略，最后借力投资并购实现产业纵向或横向的延伸。“好产品是造出来的，不是卖出来的。”郭广昌这样说道。在他眼中，好产品自己会说话。同样，管理也是没有定式的，他说，管理就像穿衣服，不同的年龄、不同的环境，要穿不同的衣服，它的形式并非一成不变，管理的核心是用组织能力和文化价值观来驱动管理的变化和提升，并且借助现代信息科技技术进一步提升管理系统的效率，信息科技运用于管理的典型工具包括钉钉、全球电话会议、OA系统等。他还强调，人才是企业最宝贵的资产。首先要以结果为导向，打开组织结构，鼓励内部竞合机制，其次要实行优胜劣汰，打造精英组织，敢于在人才上进行投资，出现问题时及时调整、主动淘汰，第三是要善于给年轻人充分的成长机会。此外，郭广昌称，如何逆转下⾏周期对于控股一家企业而言同样至关重要。“如果我们把一个企业的种种能力比作一门门武功的话，那Turn Around就算得上天下最难的武功了。”他强调了逆转下行周期的难度，同时也肯定了它的价值。他表示，许多“逆周期”的事往往却是“顺势”而为，其核心依然是对人的判断，包括对人才的甄选、评估和信任，过程中要以工具和数字为辅助。“做对的事，做难的事，做需要时间积累的事，这样才能穿越周期，没人跟你竞争。”这是郭广昌最常说的一句话，也是他对企业发展的深刻感悟。（新浪财经 邹沅铮）责任编辑：陈志杰
杨富玉：人民银行正研制区块链等17项金融科技标准,原标题：央行正抓紧组织研制人工智能、区块链、大数据、云计算等17项金融科技标准来源：每日经济新闻每经记者 张寿林12月5日，中国人民银行科技司二级巡视员杨富玉在“2019银行数字化转型高峰论坛”暨第十五届中国电子银行年度盛典上指出，提升银行数字化转型的产业基础能力和产业链现代化水平，急需强化标准引领。论坛由中国金融认证中心（CFCA）联合近百家成员银行举办。杨富玉在论坛上透露，目前人民银行正在抓紧组织研制人工智能、区块链、大数据、云计算等17项金融科技标准。他还透露，人民银行在组织中国金融电子化公司、CFCA等单位争取在中国基于LEI的数字身份识别项目试点，希望商业银行积极支持并参与。图片来源：主办方供图中国金融基础设施达到国际领先水平中国正积极推进数字产业化、产业数字化，引导数字经济和实体经济深度融合，推动经济高质量发展。对于金融领域，杨富玉说，中国金融数字化转型已建立了较好的基础：第一，标准在我国已经上升为一种基础性制度安排。新《标准化法》的发布实施以及2015年以来我国标准化改革，推动构建了政府主导制定的标准和市场自主制定的标准协同发展、协调配套的新型标准体系。十九届四中全会强调，推进国家治理体系和治理能力现代化，要全面贯彻新发展理念，强化标准引领，推动规则、规制、管理、标准等制度型开放。今年8月28日国务院召开的常务会议也要求“推动构建以标准引领、企业履责、政府监管为基础的管理体系”。第二，我国金融数字化已经有较好的基础设施支撑。中国金融基础设施达到国际领先水平。商业银行新发卡片全部基于金融IC卡，移动支付蓬勃发展，移动支付产品和服务创新活跃，建成运行一批技术先进的全国性金融基础设施，包括：非银行支付机构网络支付清算平台、人民币跨境支付系统（二期）、全国统一票据交易平台等，金融服务主要通过信息技术手段实现。第三方电子合同、电子订单已在金融服务核心领域得到应用，金融业处理对象高度数字化。第三，我国金融数字化发展已经凝聚了广泛共识。今年8月，中国人民银行印发《金融科技（FinTech）发展规划（2019-2021年）》。规划提出到2021年，建立健全我国金融科技发展的“四梁八柱”。“十三五”期间，人民银行还组织发布了《中国金融业信息技术“十三五”发展规划》《金融业标准化体系建设发展规划（2016-2020年）》，北京等地陆续发布了地方金融科技产业发展规划。第四，我国金融数字化标准建设积累了一定经验。“十三五”期间，我国发布金融国家标准、行业标准90多项，金融团体标准20多项，涉及术语、编码、分类、数据、接口、安全、凭证等方方面面。同时，以标准落地实施为手段，推动将嵌入式应用软件、条码支付受理终端等11项金融科技产品纳入国家统一推行的认证体系，以标准助力金融科技安全与质量管理，切实提升金融科技监管和综合治理水平。争取在中国试点基于LEI的数字身份识别项目我国银行业是金融业的基石，作为现代服务业的典型代表，银行数字化转型，既是数字经济建设的重要组成，又是数字经济发展的关键支撑。杨富玉指出，提升银行数字化转型的产业基础能力和产业链现代化水平，急需强化标准引领。对此，他进一步阐述，一是强化标准对新技术应用规范引导作用。近年来，金融科技迅猛发展，不断改变各国和地区的经济金融版图。金融科技在提供广泛机遇的同时，增加了潜在风险。国际社会形成共识，金融科技能够促进金融发展、金融普惠和金融提效，但相应会增加金融稳定、市场诚信、消费者与投资者保护的风险，对金融治理体系和治理能力提出新要求，标准尤其是推荐性标准可以发挥独有的“软法”作用。有一种观点认为，标准阻碍创新，企业可以运用其市场影响力，制定游戏规则，与银行共享数据，实现甚至超越国外开放银行制度想达到的目标。杨富玉指出，这种观点是短视狭隘的，没有看到在专有接口模式下数据不规范、竞争不充分、创新不持续、公共利益受损的风险。他说，目前人民银行正在抓紧组织研制人工智能、区块链、大数据、云计算等17项金融科技标准，欢迎广大金融机构、科技企业、科研院校等各方力量以不同形式参与，而且将支持外资企业加入标准工作组，公平参与金融标准编制，增强标准编制主体的多元化。二是强化标准高水平开放的支持作用。随着跨境交易和数字经济的持续发展，经济犯罪和欺诈行为日趋复杂，准确识别和验证交易对手，包括商业和贸易伙伴，变得越来越重要。杨富玉介绍，全球法人识别编码（LEI）能为对手方识别和验证带来重要价值，全球正寻求在银行业以及供应链和数字市场等行业的用例中扩大LEI的采用范围，不局限于用在监管报告方面。他透露，目前，人民银行正在组织中国金融电子化公司、CFCA等单位争取在中国基于LEI的数字身份识别项目试点，希望商业银行积极支持并参与。三是强化标准对高质量发展的支撑作用。2018年7月，人民银行、银保监会、证监会、国家标准委批复在重庆市、浙江省开展金融标准创新建设试点。近期开展的中期评估表明两地取得积极成效，形成的一些可推广的经验做法包括：建立金融团体标准发布平台，加大区域金融标准供给力度；开展金融产品标准建设，提高金融产品的可读性、易读性和规范性；构建“轻量级”标准体系，降低中小银行开展标准化工作难度；加强金融标准质量管控，注重标准与监管规则协调配套；将金融标准创新与金融科技应用相融合，完善金融科技标准体系。四是进一步完善金融标准化体制机制。杨富玉指出，当前金融标准发展不平衡、不充分的问题比较突出，尤其是业务、管理标准缺失比较严重，这与一直以来业务管理部门参与金融标准建设程度不高有很大关系。他建议各单位、各部门，结合金融科技发展规划和金融数字化转型，积极支持金融标准研究组织建设，安排专职人员开展标准化工作，并探索建立“技术、业务、管理”三者融合、激励有效的金融标准化统筹协调工作机制。责任编辑：赵慧芳
韩媒曝东南亚旅游购物：水果含金属粉化妆品细菌超标,韩媒曝光东南亚旅游购物“雷区”：水果含有金属粉 化妆品细菌超标据韩媒报道，韩国消费者院近日对7个旅行团购买的32种东南亚商品进行检测，结果显示32种食品和化妆品中有10种商品检出铁粉和细菌超标，其中诺丽果制品是重灾区，有2种诺丽果粉质检出了铁粉，竟然超标了25倍。责任编辑：鲍一凡
360募资108亿:用于安全研发等项目 周鸿祎仍为实控人,原标题：360拟募资108亿：用于安全研发等项目 周鸿祎仍为实控人来源：雷帝触网雷帝网 乐天 12月5日报道360今日发布公告，称为满足业务发展的资金需求，实现战略目标，增强公司资本实力和盈利能力，公司拟非公开发行股票募集资金不超过107.94亿元。这笔募资主要用于安全研发及基础设施类、商业化产品及服务类项目。360称，截至本预案公告日，公司总股本为6，764，055，167股，其中，周鸿祎直接持有公司12.14%的股份。周鸿祎通过奇信志成间接控制公司48.74%的股份，通过天津众信间接控制公司2.82%的股份，合计控制公司63.70%的股份，为公司的实际控制人。按照本次非公开发行股票数量上限1，352，811，033股测算，本次发行完成后，周鸿祎将合计控制公司53.09%的股份，仍为公司实际控制人。因此，本次发行不会导致公司控制权发生变化。免责声明：自媒体综合提供的内容均源自自媒体，版权归原作者所有，转载请联系原作者并获许可。文章观点仅代表作者本人，不代表新浪立场。若内容涉及投资建议，仅供参考勿作为投资依据。投资有风险，入市需谨慎。责任编辑：王帅
奇瑞144亿卖了好价钱 成立仅3个月的接盘者什么来头,原标题：奇瑞144亿“卖了好价钱” 成立仅3个月的接盘者什么来头？历时一年多的奇瑞控股与奇瑞股份增资扩股项目最终落下实锤。12月4日，长江产权交易所公告显示，青岛五道口新能源汽车产业基金企业（有限合伙）（简称“青岛五道口”）通过注资144.5亿元，对奇瑞控股和奇瑞股份的持股比例均将达到51%，成为控股股东。奇瑞增资扩股的成功，无疑将为汽车行业国企“混改”树立起新样本。当然，混改并不是终点，而是起点，奇瑞完成此轮自救后，未来的市场表现才更值得期待。借“混改”主动自救公告显示，青岛五道口持有奇瑞控股、奇瑞汽车股权的比例分别为30.99%和18.5185%；此外，奇瑞控股的股东华泰资管和瑞创投资将向青岛五道口分别转让15.78%和4.23%股权。整体挂牌增资成交价格比整体挂牌增资底价溢价1亿元。上述交易完成后，青岛五道口持有奇瑞控股股权的比例将达到51%，并间接持有奇瑞汽车32.4815%的股权，使其所持奇瑞汽车的股权总比例也达到51%，总比例也达到51%，奇瑞控股和奇瑞股份将发生改制。据介绍，奇瑞此次增资扩股所引入资金将用于企业经营需要，以及落实“奇瑞2025战略”。按照战略规划，奇瑞未来将确立“制造+现代服务”双主业布局、实现“产业+金融”双轮驱动，在现有业务规模基础上，打造全新的“新能源奇瑞”、“智能互联奇瑞”、“移动出行奇瑞”以及“海外奇瑞”，进一步提升奇瑞品牌价值，加快实现国际一流企业目标。在尹同跃看来，青岛五道口团队了解汽车行业，既有丰富的产业和客户资源，也有产业投资和资本运作经验，能够协助奇瑞实现2025战略蓝图，为奇瑞腾飞赋能。奇瑞控股、奇瑞汽车董事长尹同跃表示，奇瑞白手起家，用22年时间成长为一个深度参与全球价值链的中国品牌，而此次成功增资扩股，是奇瑞打造国际一流品牌道路上的一个里程碑。在面对当下“不进则退，慢进也是退”的行业竞争新环境时，奇瑞必须以更加深入和彻底的创新求变精神，引入战略资本，激活体制机制，为下一轮竞争抢占新赛道。对于144亿元的交易价格，业内人士感叹“奇瑞卖了好价钱”。根据业内预判，未来三年中国汽车业还将在寒冬中度过，不少车企日子都将更加难过。无论奇瑞控股，还是奇瑞汽车，今年上半年都是亏损的，且资产负债率不低。数据显示，今年上半年，奇瑞控股亏损1.55亿元，资产总额为904.17亿元，负债总额达到685亿元；奇瑞股份净亏损高达13.7亿元，资产总额为830.8亿元，负债总额达到622.9亿元。以奇瑞目前的资产状况看，找到有实力的靠山更有利于未来发展。此前，奇瑞方面也表示，此轮募资是为了偿还负债以及现有业务、新业务的发展和日常经营。解密“青岛五道口”青岛五道口听上去更像一个专为收购奇瑞而成立的投资机构。2019年8月，青岛五道口成立，注册于山东省青岛市即墨区的青岛汽车产业新城，青岛市即墨区是青岛五道口的重要基石投资者。知情人士透露，青岛一直希望大力发展汽车业。青岛五道口的基金管理人为北京五道口投资基金管理有限公司（简称“北京五道口”），北京五道口董事长、创始合伙人周建民对外表示：“之所以参与奇瑞增资扩股，是仍然看好中国汽车行业长足的增长空间，特别是在新能源汽车和国际化方面的机会。奇瑞在技术研发、全球分工方面具有很好的竞争优势，在新能源、智能网联、正向体系建设等方面有很好的积淀。”“青岛五道口入股奇瑞后，秉承‘帮忙不添乱’的原则，继续推动奇瑞建立更加市场化的激励机制、增加资源资金的引入、加强资本运作、加快全国全球的布局，协助‘奇瑞2025战略’落地。”周建民进一步说道 。有知情人士透露，青岛五道口与奇瑞颇有渊源。据公开信息显示，周建明与鼎晖投资总裁焦震同为山东大学校友，与上海瑞业投资管理中心（有限合伙）的林隆华也关系密切。鼎晖投资与瑞业投资是何种存在？早在2009年的时候，奇瑞通过私募方式引入鼎晖投资等国内5家投姿机构作为股权战略投资者，目前，鼎晖分别持有奇瑞2.61%、0.74%的股权，焦震则担任奇瑞股份的董事，而瑞业投资则是奇瑞私募融咨的独家财务顾问与全球协调人，刚成立3个月的青岛五道口此次可顺利摘牌与上述关系不无联系。据了解，本次增资扩股之后，奇瑞在保持芜湖存量的同时，将围绕增量做文章。借助此举，奇瑞得以在更大范围内配置资源，从而进一步将公司的视野和格局提升至全球层面，不仅让芜湖这座“汽车城”更加名副其实，也让奇瑞这棵“大树”更加根深叶茂。而包括青岛五道口在内的全体股东，将共同制定市场化的激励机制，推动奇瑞业务的快速发展，实现奇瑞的经济效益和社会效益的提升，实现国有股权的增值。事实上，国企“混改”的本质是更好地发挥市场作用，推动企业机制和治理结构的深层次变革，在实现国有资产保值增值的同时，为企业可持续发展带来活力和创造力。在此背景下，奇瑞增资扩股的成功，将为汽车行业国企“混改”树立起新“样本”。责任编辑：王帅
MSC地中海邮轮与招商蛇口签邮轮产业合作谅解备忘录,原标题：MSC地中海邮轮与招商蛇口签署邮轮产业合作谅解备忘录新京报讯（记者 郑艺佳）12月5日，招商蛇口与MSC地中海邮轮正式签署了邮轮产业合作谅解备忘录，达成战略合作伙伴关系。双方将从粤港澳大湾区邮轮合作起步，未来的意向合作范围将覆盖邮轮全产业链，涵盖邮轮船队组建、邮轮港口、邮轮修造、邮轮目的地开发、邮轮产业金融服务等方面。据介绍，蛇口邮轮母港由招商局集团独资兴建，是华南地区集“海、陆、空、铁”于一体的现代化国际邮轮母港。MSC地中海邮轮中国区总裁黄瑞玲表示，以深圳为核心的大湾区在中国邮轮市场的战略地位正在迅速提升。招商蛇口董事长许永军则表示，中国邮轮产业发展前景广阔，招商局集团将积极参与邮轮产业建设，为增强邮轮旅游业竞争力、辐射力作出更大贡献。12月5日，MSC地中海辉煌号首度抵达深圳，正式开启首个华南航季。同时，MSC地中海邮轮还披露了将于2020年开启首个中国航季的旗舰邮轮MSC地中海荣耀号的深圳航季信息。据介绍，MSC地中海荣耀号将于2020年4月10日沿海上丝绸之路航线带着近5000名入境国际游客抵达深圳，此后将在2020年11月30日起正式开启其首个深圳母港航季，直至2021年春季，共运营21个航次。责任编辑：王帅
股转完成高瓴进场 谁是格力新格局最大赢家？,原标题：谁是格力新格局最大赢家记者 卢晓 北京报道股转完成高瓴进场，意味着格力开始了新的格局，也开始了新的撞击。12月2日晚间，格力电器（000651.SZ）宣布，公司控股股东格力集团与珠海明骏签署《股份转让协议》，约定珠海明骏以46.17元/股的价格受让格力集团持有的15%格力电器股份。也就在这一天，代表格力电器管理层的格臻投资，刚刚被同意进入珠海明骏成为新增合伙人。在此之前，格力集团与珠海明骏的协议签署时间已经延期了大半个月。在一系列错综复杂的股权架构设计背后，以低价参与416亿元大盘的格力电器董事长董明珠等格力电器管理层，是这场股份转让中的大赢家，不仅身价倍增，也拥有了更多自主话语权。但在高瓴资本掌握最多格力电器股份的新格局下，这仅仅是一个开始。管理层造富以董明珠为首的管理层在这次股权转让中获利颇多。公告显示，代表格力电器管理层实体的格臻投资以24.2亿元出资，占到珠海明骏认缴出资总额的11.1%。其中，格臻投资通过出资13.9亿元持有珠海明骏 6.3794%出资额。此外，格臻投资还出资10.3亿元以受让的方式获得了珠海明骏4.7236%的出资额。格臻投资在出资时便已几乎翻倍盈利。以416亿元总出资额粗略计算，11.1%的出资比例所对应的出资额应约为46.18亿元。这相当于格力电器管理层以24元左右的价格参与了这场股转。但需要提及的是，截至意见签署日珠海明骏的合计认缴金额为218.5亿元，同样也是在协议价格基础上打了五二折。珠海明骏还宣布其将从招商银行珠海分行贷款225亿。格力电器持续上涨的股价，进一步扩大了管理层手中股份的盈利空间。以12月4日格力电器62.58元的收盘价粗略计算，格力电器管理层手中的股份已经上涨了1.58倍。今年9月初高瓴和厚朴这两大格力电器的意向投资方对外公布。9月26日，董明珠与格力电器总裁助理王凯、执行总裁黄辉、董秘望靖东等合计18位格力电器高管共同投资的珠海格臻投资管理合伙企业（有限合伙）宣布成立。其中董明珠个人持股95.2%。董明珠在格力电器的个人持股也因为这场股转大增。格臻投资通过11.1%的出资额，将持有格力电器1.665%的股份。这其中，董明珠持股比例约为1.58%。这个数字是董明珠今年三季报中0.74%持股比例的两倍多。在完成股转后，董明珠将合计持有格力电器约2.33%股权。而以格力目前3750亿的市值计算，董明珠手中的股份已经价值87亿元。“董明珠是本次股权转让的最大赢家。没有股权转让，她没有机会拿到这么多股份。”有业内人士对《华夏时报》记者如此评价。除了已获得的股份，格力电器管理层还面临着预期的4%的股权激励。此外，格力电器管理层手中增加的格力股份也意味着分红的增长。珠海明骏还在公告中承诺在上市公司涉及分红的股东大会中，会积极行使股东投票权或促使其提名的董事在董事会上行使投票权，以尽力促使上市公司每年净利润分红比例不低于50%。作为参照，今年前三季度格力电器归属于上市公司股东的净利润超过221亿，这意味着将有一个超过100亿的分红大盘。需要提及的是，格臻投资还享有珠海明骏41%的“GP收益”。此外，格臻投资还应确保其享有的占全部GP收益的8%部分，应以适当的形式分配给对上市公司有重要贡献的管理层和员工。无实控人的白马股这次股权转让还宣告：“结合本次权益变动后上市公司的股权结构及董事会席位安排，上市公司在本次交易完成后无控股股东和实际控制人。”这意味着这个白电行业的“白马股”宣布将同万科、中国平安等公司一样，成为无实际控制人的企业。公告显示，本次权益变动后，上市公司除深港通（陆股通）外的前三大股东分别为珠海明骏（持股15.00%）、河北京海担保投资有限公司（持股8.91%）和格力集团 （持股3.22%），上市公司股权结构较为分散。此外，格力电器九人董事会中，珠海明骏有权提名三名董事，无法达到格力电器董事会人数的二分之一以上。作为对照，今年1月16日，格力电器完成了新一届董事会换届。6名非独立董事中，格力集团提名了4名董事，分别为董明珠、黄辉、望靖东和张伟。而更重要的是，公告还显示珠海明骏相关各方与格力电器管理层已达成一致，各方均不谋求格力电器实际控制权。但在这场股权转让中保持稳定的格力电器管理层，话语权则进一步得到加强。除了上述珠海明骏提名的三名董事中格臻投资享有1席外，格臻投资还在珠海明骏中拥有一定话语权。公告显示，珠海毓秀董事会是珠海贤盈的最终决策机构，对珠海明骏和珠海贤盈的重大事项作出决策。而格臻投资在珠海毓秀三人董事会中还占据一席。需要提及的是，格臻投资还以41%的持股比例位居珠海毓秀第一大股东。需要提及的是董明珠以2.33%的持股比例位列格力电器第六大股东。资深家电产业观察人士刘步尘对《华夏时报》记者分析称：“现在新的格力电器成为无实际控制人的公司，本质就是管理层拥有最大的经营自主权。任何一个股东都无法左右影响管理层。”但高瓴资本进入后，与格力电器管理层如何磨合一直是外界关注的话题。董明珠在11月28日举行的全国工商联家具装饰业商会年会上曾发言称：“千万不要说这个公司是我的，我想怎样就怎样，这样的企业必死无疑。”董明珠在上述年会中还谈到，她在被问及格力如何做到目前规模时说，“一个好的企业要想发展好，最重要的是找市场。”刘步尘对《华夏时报》记者表示，这次股权转让复杂的股权涉及，目的就是“你中有我，我中有你”，意味着高瓴资本和格力电器管理层间形成了利益相关性。但他同时也认为，格力电器成为无实际控制人后，高瓴的3个席位会对格力的未来形成制衡关系。“任何股东都无法单一行使自己的权利。这就是股权的治理结构优化。”责任编辑：王帅
巴斯夫继续扩大在华投资 看好中国汽车后市场,原标题：看好中国汽车后市场 巴斯夫继续扩大在华投资新华社广州12月5日电（记者吴涛、荆淮侨）继11月下旬在广东启动其有史以来最大投资项目——巴斯夫（广东）一体化基地后，德国化工巨头巴斯夫5日宣布扩建在广东江门的涂料基地，新基地预计2022年投产，届时将成为年产能4万吨、生产水性涂料等修补漆产品的基地。2018年，中国汽车销量出现了28年来首次下滑，新车市场持续走低。巴斯夫亚太区涂料业务部高级副总裁赵铮宇认为，出现这一情况的原因是中国汽车行业正发生结构性变化，过去的高速增长以及基于高增长的盈利模式都在改变。“从细分市场来看，高端车和新能源汽车都在增长。过去中国每年都有大量新车上市，这为当前二手车市场的发展提供了广阔的空间，因此企业对修补漆工厂加大了投入。”赵铮宇说。巴斯夫在2016年收购了一家江门本地企业成立了涂料公司，作为巴斯夫在亚洲的首个汽车修补漆生产基地，为商用车辆提供色漆、面漆等一整套汽车修补漆产品。巴斯夫大中华区业务与市场发展全球高级副总裁郑大庆说，此次巴斯夫加大对江门基地的投资，将带动其生产能力翻番。江门基地位于快速发展的珠三角地区，新设施将使企业更加贴近客户，为汽车行业提供支持。巴斯夫是全球500强企业中排名靠前的化工企业，公司此前预计，到2030年，中国占全球化工生产总值将接近50%，广东则是化学创新产品的重要增长市场。今年11月23日，巴斯夫（广东）一体化基地建设在湛江东海岛启动。这是中国重化工领域的首例外商独资项目，其首批生产装置将在2022年投产。责任编辑：刘万里 SF014
贵人鸟Q3账面资金仅剩1529万 昔日鞋王走不出舒适圈,原标题：贵人鸟Q3账面资金仅剩1529万如何还债？昔日“鞋王们”关店破产走不出舒适圈记者 郑婷婷 黄兴利 北京报道2019年众多“鞋王”走下神坛。近十年来，在电商蓬勃发展的过程中，众多传统鞋服企业黯然离场。对于上市鞋企来说，业绩疲软已成无法承受的沉重负担。从达芙妮日均关店三家到富贵鸟宣告破产，再到贵人鸟连续陷入债券违约的漩涡。中国的传统“鞋王”们在经历高光时刻后，在最近这十年中，迎来电商和消费人群的迭代，转型成为了无法回避的课题。而盲目的转型使得一些企业陷入偏离主业和关店潮的泥潭中。纺织服装品牌管理专家程伟雄在接受《华夏时报》记者采访时指出：“不是每个企业都具备品牌初心和工匠精神，偏离主业是时常会出现的事，消费分层、市场重构导致消费方式发生巨大改变，传统品牌转型升级需要和企业核心竞争力进行对接，切忌盲目跟风的跨界转型升级。”贵人鸟频暴雷“A股鞋王”贵人鸟在2019年流年不利。12月3日，贵人鸟发布公告称，由于公司资金流动性紧张，公司未能按期兑付“14贵人鸟”债券本息，该债券将在上海证券交易所固定收益证券综合电子平台停牌。“14贵人鸟”发行总额为8亿元，截至目前，“14贵人鸟”债券余额为6.47亿元，债券利率为7%。此前在11月11日，贵人鸟发行的“16贵人鸟PPN001”也宣告违约，违约债券本金为5亿元。此次，贵人鸟在公告中表示，债券停牌期间将继续通过多途径筹集偿债资金，并积极与债权人寻求债务和解方案，包括调整经营模式和开源节流的方式维持生产经营，促进终端销售，增加公司现金流的流入以及控制公司各项成本，继续推进公司部分资产的处置等。《华夏时报》记者致电贵人鸟证券部试图了解公司的资金流转状况和具体的维持经营措施，对方表示需要将采访问题发到邮箱，经公司研究后给予回复。但截至发稿，记者尚未收到对方回复。实际上，今年以来，贵人鸟已经多次出现债券违约未能按期偿付。财报显示，由于经营困难、经销商拖欠货款等因素，截至今年三季度末，贵人鸟账面资金仅有1529万元，较期初余额减少89.64%。然而有息负债已达26亿元，占总负债的78.52%，其中短期债务就达25.98亿元。不仅如此，贵人鸟在近两年来还因借款合同纠纷等原因屡次遭遇股权冻结，加剧了债务危机。2018年，贵人鸟全年营收同比减少13.52%，共计28.12亿元；净利润同比减少536.01%，累计亏损6.86亿元。今年三季度贵人鸟总营收仅3.59亿元。贵人鸟在半年报中坦言融资艰难，有部分金融机构抽贷。在无法获得融资的同时，前期债务集中兑付及金融机构压贷对主业资金占用造成的负面影响逐步显现。今年8月，贵人鸟相关人士曾对《华夏时报》记者表示。“目前贵人鸟的发展重点是努力度过危机、全力回归主业，进一步做强做大相关品牌运动鞋服的研发、设计、生产和销售。”十余年间的“鞋王”命运起伏类似贵人鸟这样的传统鞋企，在21世纪初诞生时正处于行业发展初期，广阔的人口和市场红利让其能拥有一席立足之地。以2005年作为重要节点，鞋企陆续寻求上市。鸿星尔克在2005年于新加坡上市，2007年安踏和百丽登陆港交所，2009年前后，包括特步、匹克、361°等扎堆进入资本市场。此时的鞋企踌躇满志，将目光转向了海外市场，物美价廉的中国制造的鞋服远销欧洲等地。然而，极低的市场价格引起了欧盟监管的注意。2005年7月，欧盟对原产于中国的皮面鞋靴进行反倾销立案调查。2006年10月，欧盟对此案作出肯定性终裁。随后，包括奥康在内的多家鞋企开始了漫长的海外诉讼之路。直到2011年3月，事情出现转机，欧委会发布公告，宣布针对自中国、越南进口以及澳门地区转运的皮鞋的反倾销措施于2011年3月31日正式终止。由此，欧盟针对中国等地鞋服企业的反倾销纠纷告一段落。结束这一困扰多年的事件后，“一代鞋王”奥康在2012年4月成功上市、被称为“中国真皮鞋王”的富贵年也随后于2013年在港上市。资本的助推下，鞋企们的野心和追求开始逐步膨胀。海外并购、扩张开店成为两大行业热点。在海外并购上，安踏是最早吃螃蟹的企业之一。早在2009年安踏就把FILA纳入旗下；在并购开店上，以2007年上市的百丽为例，2010年到2012年，百丽每年净增门店数目都在1500至2000家，2013年，百丽市值一度超过1500亿港元成中国最大鞋履零售商。然而，在上一轮行业的高光时刻里危机早已潜伏，快速发展的电商让贵人鸟、达芙妮和富贵鸟等传统企业乱了阵脚。2012年前后，电商平台以摧枯拉朽之势席卷了众多传统行业，鞋服企业首当其冲。为了应对业绩下滑的困扰，2010年，达芙妮斥资3000万元投资B2C平台“耀点100”，但仅两年时间，耀点100就烧光了达芙妮投资的3亿元，净资产已经负3000多万元。2012年7月，耀点100宣布倒闭。多元化曾经成为鞋服企业的“解药”。以贵人鸟为例，从2015年至2017年，其先后投资了虎扑、西班牙足球经纪业务公司BOY、康湃思体育等，累积投资超过20亿元。如果说贵人鸟投资相关产业属于正常的多元化举措，富贵鸟大举进军金融领域就显得盲目且激进。2013年上市后的富贵鸟因连年巨额亏损，2016年遭遇股市停牌。此时，富贵鸟“病急乱投医”，一头扎进风险极高但金融领域。从2015年到2017年，富贵鸟旗下出现10家投资类企业，包括矿业公司、小额贷款公司等，但因缺乏理财专业经验，现如今，富贵鸟以负债30亿宣告破产。“中国市场机会很多，在高回报诱惑面前，不是每个企业都具备品牌初心和工匠精神，一旦在诱惑的深渊越走越远的过程之中，就会偏离主业的轨道，警醒之时已在悬崖边。”程伟雄对《华夏时报》记者指出。出口在哪电商业务不见起色，转型失败又加剧了亏损，多年的消耗中，让曾经的“鞋王们”元气大伤。“自己不会开电脑，连微信都没有，对市场变化没做出很好的预判，没找到转型路径，主要责任在我。”百丽CEO盛百椒曾坦言。2014年第二季度，百丽门店数量第一次出现了负增长。2016年6-8月，百丽在内地净减少了276家门店，平均每天关店3家。最终，一代“鞋王”的百丽在2017年宣布被高瓴资本等收购人私有化。同样，由于承受不了庞大的店面开支，达芙妮从2016年开始大批量关闭门店以止损。4年间，达芙妮门店关闭数足足超过4000家。到2019年上半年更是巨亏3.9亿港币，在全国范围内仅剩2075家门店。盲目扩张也让贵人鸟尝到苦果。仅2019年上半年，贵人鸟就净关店188家。此外贵人鸟在2017年和2018年的净关店数分别为376家和857家，这意味着两年半的时间里关店数达到1421家。“卖身”和关店只是曾经鞋王们的一个侧影。寻找出口依然是行业集体诉求，正流行的休闲运动鞋领域成为新的热点。今年10月，百丽旗下滔博运动成功赴港上市，目前总市值达到938亿港元，远超当年百丽531亿港元的私有化价格。这一消息搅动了低迷已久的鞋服市场。“从今天来看，百丽采取退市这种战略的抉择是正确的，滔博运动剥离单独上市，市场的反响也较好。”程伟雄表示。此外，传统鞋企也尝试进入运动鞋市场，但效果并不明显。2015年8月，奥康选择与美国著名鞋企斯凯奇（SKECHERS）中国总经销商建立战略合作，但效果不佳。2016年奥康和康龙品牌占据了大部分营业收入，分别是21.11亿元和4.46亿元，而斯凯奇则被归为其他品牌中，其他品牌收入为2.06亿元，同比下降了5.72%。奥康似乎对鞋业失去了信心，除了做皮鞋，也开始涉及地产、金融、投资、生物制品、贸易等领域。甚至于奥康集团旗下唯一生物医药资产——成都康华生物在今年5月申请在创业板上市。程伟雄指出，无论奥康在地产、投资、生物业务如何做大，在市场认知上奥康依然是一个皮鞋品牌，只是奥康的副业在特殊的发展阶段过程已经成长起来了，不需要主品牌再输血了。他表示：“残酷的现实是富贵鸟、贵人鸟等鞋企在副业没成长起来之前就拖垮主业了。”责任编辑：王帅
千山药机A股大限将至 4.82万户股东何去何从,原标题：千山药机（维权）A股大限将至 4.82万户股东何去何从记者 孙源 于玉金 北京报道继长生生物后，千山药机（300216）预计将成为A股第二例因重大违法而被强制退市的企业。千山药机12月2日晚公告称，公司收到《中国证券监督管理委员会行政处罚及市场禁入事先告知书》，根据认定事实，公司2015年至2018年连续四年净利润实际为负，触及《深圳证券交易所上市公司重大违法强制退市实施办法》相关条例规定的“重大违法强制退市”情形，公司股票可能被实施重大违法强制退市。这一张“准黄牌”的背后，是证监会历时2年的调查。因涉嫌信息披露违法违规，千山药机在2018年1月接到了证监会下发的《调查通知书》。12月5日，《华夏时报》记者致电千山药机证券部，相关工作人员对记者确认称，公司已聘请律师团队准备申辩，“（近日）主要（就此事）在开会，肯定是要推进的。”对于公司申辩方向更多问题，该工作人员建议记者拨打董事长秘书电话，但记者拨打后显示该电话已关机。退市或成定局如今，证监会对千山药机作出数项处罚，包括对千山药机处以60万元罚款，对刘祥华、刘华山采取终身证券市场禁入措施，并分别处以90万元和30万元罚款。其他相关人员则将被处以5万元到20万元的罚款。刘祥华是千山药机董事长和法定代表人，刘华山则是刘祥华的胞弟和公司的财务总监。依据《证券法》和《证券市场禁入规定》，刘祥华、刘华山除了不得继续在原机构从事证券业务或担任原上市公司、非上市公众公司董、监、高外，也不得在其他任何机构中从事上述业务或担任上述职位。上述千山药机证券部工作人员对《华夏时报》记者表示，目前公司正常运营，相关人员没有岗位变动，董事长刘祥华正在出差。12月2日，深交所就千山药机可能触及重大违法强制退市情形答记者问。深交所表示，将按照“触及即适用”原则，在其中任一情形触发终止上市条件时启动终止上市程序，并依规作出终止上市决定。2019年5月13日起，千山药机被暂停上市，原因为公司2018年度经审计净资产为负，且2017年、2018年财务会计报告均被注册会计师出具无法表示意见的审计报告，今年三季报显示，千山药机净资产为-22.7亿元，存在大额的逾期债务未清偿，同时，前三季亏损4.7亿元。根据《创业板股票上市规则》，暂停上市后首个年度经审计的净利润或者扣除非经常性损益后的净利润为负值/暂停上市后首个年度经审计的期末净资产为负值/暂停上市后首个年度财务会计报告被出具保留意见、无法表示意见或者否定意见的审计报告，交易所皆有权决定终止其股票上市交易。12月2日，深交所新闻发言人在答记者问中表示，千山药机2015-2018年连续四年净利润实际为负，触及重大违法强制退市情形，如中国证监会最终对千山药机作出上述行政处罚决定，本所将按照规定正式启动千山药机重大违法强制退市流程。上述新闻发言人还指出，创业板不接受公司股票重新上市的申请，因此，公司如被依法依规作出终止上市决定，将不能重新上市。不过，对于证监会的结论，千山药机公告显示，千山药机和部分当事人将对上述处罚进行陈述、申辩和要求听证。京师律师事务所律师谢重基在12月4日接受《华夏时报》记者采访时表示：“根据证监会的立案调查和《中国证券监督管理委员会行政处罚及市场禁入事先告知书》认定的事实，千山药机申辩的主要目的是力求避免公司股票被强制退市，其申辩的重点应该是公司涉嫌违法违规的信息披露行为是否具备重大性，只有其该违法违规行为不具备重大性时，强制退市的局面才有可能挽回。个人认为，这种可能性非常小，也就是说千山药机被强制退市的命运很难改变，退市只是时间的问题。”千山药机退市基本已成定局，这一失足，将永别资本市场。2年虚增4亿利润2017年、2018年的财务会计报告，为何均被注册会计师出具无法表示意见的审计报告？因为千山药机连年财务造假的数据已经露出了破绽。公开资料显示，千山药机违法动机的苗头生发于2014年，千山药机与华冠花炮签订烟花生产线合同，到2015年确认销售收入，但实际并未完成生产线的安装，公司用一笔财务公司的借款冒充销售汇款，此后公司在2015和2016年虚增利润共4.37亿元。其中，2015年，千山药机在虚构了九江清源实业集团有限公司等6家公司的销售回款，虚减1.32亿元应收帐款等操作下，共虚增2181万元利润。再加上其他莫须有的财务数据，这一年，虚增利润共计7950万元，占当年利润总额的95.76%。2016年的造假尺度更大，千山药机没有对应收帐款保理业务如实进行会计处理，伪造中苋生态科技（深圳）有限公司的销售回款，虚增在建工程，虚减计提坏账准备等，导致2016年虚增利润总额3.57亿元左右， 占当年年报披露利润总额160.05%。据了解，除了业绩造假，刘祥华还与刘华山联手，通过两人控制的个人账户、多家公司与上市公司进行大笔资金划转，实现关联法人占用上市公司资金，且没有对占用行为及时报告——2017年，刘祥华及刘华山控制本人及陈顺华、湖南康都制药有限公司祁阳分公司、湖南新五洲医药包装有限责任公司、湖南新中制药机械股份有限公司等的银行账户，实际违法占用千山药机资金余额10.1亿元。证监会调查认定，刘祥华凌驾于千山药机内部控制之上，伙同其胞弟刘华山操控公司资金往来，决策和组织实施千山药机发生金额巨大的关联方非经营性资金占用及利润造假等事项。同时，为掩盖公司上述问题，公司财务总监周大连，财务部长姜纯领导公司财务部违规进行相关账务处理，导致公司2015 年、2016年年度报告存在虚假记载。对此，千山药机回复称，目前，刘祥华和刘华山占用的上市公司资金“还没有全部还给上市公司”。“赌局”终局“我25号买的股票，你们29号开市就停牌了，那是我一辈子的心血，你就告诉我如果退市了，我还能拿回来多少，给我一个心理准备。”5月17日，在千山药机的年度股东大会上，有小股东直接质问董事长刘祥华。刘祥华如此回答：“你本来就是来赌博的，我们的股票正好符合你”。他还称：“我们今年一直在发暂停上市的风险提示，本来你买的心态就是赌博，退市的话就没了，恢复上市肯定涨很多倍。”彼时的股东们还不知道千山药机财务造假的端倪，刘祥华的赌徒言论如今再次回想，不禁令人唏嘘。Wind数据显示，截至今年9月30日，千山药机股东户数约为4.82万户。按照规定，上市公司被深交所出具终止其股票上市决定且未提出复核申请的，自深交所作出上市公司股票终止上市的决定后十五个交易日届满的次一交易日起，公司股票交易进入退市整理期；公司提出复核申请且上诉复核委员会作出维持终止上市决定的，自上诉复核委员会作出该决定后的次一交易日起，公司股票交易进入退市整理期。退市整理期交易期限为三十个交易日。不单单是利润连续为负的问题，财务造假注定了千山药机未来再无缘上市。2018年11月，沪深交易所发布的《重大违法强制退市实施办法》规定，上市公司披露的年度报告存在虚假记载、误导性陈述或重大遗漏，根据证监会行政处罚认定的事实，上市公司连续会计年度财务指标实际已触及《创业板股票上市规则》规定的终止上市标准的，公司股票应当被终止上市。而作为创业板股票，若千山药机被依法依规作出终止上市决定，将不能重新上市。“千山药机一旦被强制退市，对投资者的索赔肯定是有影响的，退市后其股票不能上市交易，直接导致该公司的投资价值锐减，退市后千山药机是否还有资产赔偿投资者主要取决于公司退市后的资产状况，退市后，公司对投资者的赔付能力目前还不好确定。”谢重基认为。千山药机起家于制药专用设备，2011年登陆A股，2015年正式涉足慢病管理，后续对检测基因芯片、可穿戴设备及APP产品等进行开发。随着千山药机不断靠拢“基因检测”“智能可穿戴”“大健康”等火热概念。上市数年至今，千山药机的股价也同样令人惊心动魄，画出了一幅“山形”的走势图，其股价最高曾冲至109元，市值最高逼近300亿元，暂停上市前市值仅剩13.8亿元。责任编辑：王帅
美10月贸易逆差缩窄 初请失业金人数跌至4月以来新低,新浪美股讯 北京时间5日晚间，美国商务部经济分析局发布10月贸易帐，美国10月贸易逆差472亿美元，前值为525亿美元，预期为487亿美元。美国劳工部发布失业救济申请数据，截至11月30日当周初请失业金20.3万人，跌至4月以来新低，预期21.5万人，前值为21.3万人。美国11月23日当周续请失业救济人数 169.3万人，预期 166万人，前值由 164万人修正为 164.2万人。数据公布后，现货金银小幅下挫，分别报1473.97美元/盎司和16.831美元/盎司。路透评美国10月贸易帐：因手机和其他家用品等下降的影响，美国10月进口下滑，使得贸易逆差连续第二个月下降，跌至近一年半以来新低，或将在第四季度提振美国GDP增速。不过值得注意的是，消费品进口有所下降表明美国内需走弱。路透评美国至11月30日当周初请失业金人数：美国上周初请失业金人数意外下降至七个月低位，表明尽管经济增速放缓，就业市场依旧稳固。由于上周为美国感恩节假期，初请失业金人数往往波动较大。2019年美国就业增长事实上出现一定程度的放缓，平均为每月16.7万人，而2018年月均就业增长则为22.3万人，部分原因在于贸易局势致使需求下降，劳动力出现短缺。责任编辑：孟然
报告：滴滴前三季度乘客醉酒相关投诉近4万件,原标题：滴滴前三季度乘客醉酒相关投诉近4万件客服每10分钟受理1起。新京报讯（记者 陈维城）12月5日，滴滴对外发布2019年1-3季度《醉酒乘客安全透明度报告》。报告显示，2019年1-3季度，滴滴收到醉酒乘车引发的投诉37607件，相当于客服每10分钟受理1起。其中，乘客醉酒引发的冲突投诉4479件，占冲突投诉总量49.1%。醉酒引发的性骚扰投诉1170件，占安全类投诉总量0.14%。滴滴案例显示，今年10月中旬，快车司机牛师傅在北京接到两名醉酒乘客，乘客要求换目的地，司机让乘客在APP上修改目的地，醉酒乘客觉得太麻烦，不想修改。司机担心转来转去浪费时间，反复询问乘客怎么走。乘客情绪变得非常不耐烦，开始辱骂司机。双方发生语言冲突，乘客殴打司机，最后司机被迫停车逃走，乘客又开始砸司机的车。事后，司机到医院检查，右手骨折，脸也被打肿，医院鉴定为轻伤二级。警方介入处理。按照滴滴相关规则，乘客被限制使用叫车服务。此外，今年5月中旬，广州滴滴快车司机王师傅接到两名醉酒乘客，乘客情绪都比较亢奋，相互聊天调侃。快到达目的地后，其中一名醉酒乘客要求停车，先下了车。司机以为到了目的地，结束订单。双方因此发生语言争执，进而升级为肢体冲突，乘客掐住司机脖子，司机咬乘客的手，两个人互殴，最后醉酒乘客抓着司机的头部往车上直撞。司机被送往医院，紧急做开颅手术。目前司机已出院，回家继续进行康复治理。报告显示，在越严重的冲突中，乘客醉酒占比越高。2019年1-3季度，有人受轻伤及以上的冲突投诉中，由醉酒引发的占比51.9%；有人受轻微刮伤的冲突投诉中，由醉酒引发的占比49.2%；言语冲突投诉中，由醉酒引发的占比48.9%。醉酒乘车也可能导致言语或肢体类性骚扰投诉，其中，大部分是言语骚扰投诉，但是在少量的肢体骚扰投诉中，司机投诉乘客占比87.6%，乘客投诉司机占比12.4%。值得注意的是，男司机投诉男乘客肢体骚扰的比例占52.9%。报告显示，仍有很多车主因醉酒与代驾司机发生冲突，甚至强行赶代驾司机下车，造成安全隐患。据统计，滴滴代驾中，因异常情况中途结束订单的超过1%。滴滴方面介绍，针对醉酒乘车推出一系列安全措施。2019年8月，滴滴在全国上线醉酒报备功能。滴滴平台统计数据显示，醉酒报备功能今年8月上线以来，司机日均报备乘客饮酒11万订单，其中52%是深夜报备；乘客日均报备自己饮酒8.6万订单。所有乘客报备的订单中，肢体骚扰投诉为0。上述报告显示，醉酒报备功能上线后取得初步成效。2019年1月-7月，乘客醉酒引发的肢体骚扰投诉占性骚扰投诉总量30.2%，8月-9月上述比例降至19.2%，相当于降低36.4%。新京报记者 陈维城责任编辑：赵慧芳
2019年任正非接受了多少次采访？,原标题：2019年，任正非接受了多少次采访？2018年12月，孟晚舟在加拿大被拘押。这件事如同一个分割点，在此之前华为创始人任正非，是个低调神秘的企业家，鲜少在媒体报道中露面。该事件发生后，任正非开启了采访模式！据深蓝财经不完全统计，截至目前，2019年任正非接受的采访，以及发表演讲、文章共40次！每个月都要接受3到4次采访，有时会在一天内接受多次采访。尤其受到CNN、BBC等外媒的欢迎。而在国内主流媒体中，任正非也是当之无愧的“流量王”，据不完全统计，在各大媒体的微信公众号中，“任正非”出现的频次如下：人民日报：17次新华网：3次侠客岛：4次环球时报：62次央视新闻：23次央视财经：16次中国新闻网：15次中国证券报：43次证券时报：26次任正非采访梳理：（1）1月2日，致华为全体员工的一封信：我们要转变观念，追求打造可信的高质量产品。可信将成为客户愿买、敢买和政府接受、信任华为的基本条件。（2）1月15日，接受美国CNBC等多家外媒采访：2019年对于华为来说将是艰难的一年，全年营收目标为1250亿美元，营收增速可能会降到20%以下。华为不是一家间谍公司，华为从未向哪方提供过客户数据。（3）1月17日，在深圳华为总部与接受国内多家媒体记联合采访。Q．华为目前主要的困难是什么？我们觉得除了困难，都是困难，没有不困难。Q．下一个倒下的会不会是华为？早晚的事，这是个哲学命题，不是一个现实命题。（4）1月17日，接受深圳卫视采访：打电话她（孟晚舟）都挺高兴的，她说她这辈子还难得有这么轻松过。感谢全国人民，感谢网友们对她（孟晚舟）的关心关爱。（5）1月17日，接受央视记者董倩《面对面》栏目采访：欧美国家，最终有很多东西他非买不可，我一定会卖给他们的。我们不会计较他曾经计较过我们。（6）2月18日，接受BBC采访：西方不亮，还有东方亮，美国不代表全世界。其实我们非常多的技术远远领先了西方公司。（7）2月19日，接受CBS采访：感谢美国人帮华为宣传5G，因此获得了更多的合同。美国说不卖芯片给中国，有钱赚为什么不做呢？你不卖给它，就会逼着它自己把这个东西做出来，你想卖给谁，也卖不动了。华为从未向中国政府提供过任何信息。（8）3月13日，接受加拿大CTV采访：加拿大和华为都是受害者，两国的关系也遭受了挫折。孟晚舟事件也是一桩个人事件，这件事不会影响华为和加拿大的关系，在加拿大的投资也不会减弱。（9）3月29，华为誓师大会：任正非、郭平、徐直军、余承东带领华为消费者业务集团高管集体宣誓。2023年，华为消费者业务达到1500亿美元的销售收入目标。（10）4月10日，洛杉矶时报采访：考虑到英国脱欧带来的影响，我们不能让华为成为100%民主的公司。一票否决权可以被继承者保留，但家人不会拥有，一票否决权由公司的7人小组享有。（11）4月13日，接受美国CNBC采访：华为将考虑向包括苹果在内的其他智能手机制造商销售5G芯片，在这方面对苹果持开放态度。中美之间就是合作共赢，没有其他话可说。（12）5月18日，接受日经新闻采访：受到美国禁令的影响，华为的增长预计会放缓，但影响是局部的。华为从未做过任何触犯法律的事情，美国供应商不能向华为提供芯片也好，我们已经为此做准备了。（13）5月21日，央广等多家国内媒体的采访：美国的“90天临时执照”对我们没有多大意义，我们已经做好了准备。美国政客目前的做法低估了我们的力量。大家要骂就骂美国政客，这件事不关美国企业什么事情。不是用华为产品就是爱国，不用就是不爱国，华为只是产品，不要跟政治挂钩。华为现在最大的问题就是赚的钱太多了，但价格降低的话就把下面的公司搞死了。（14）5月21日，接受央视《面对面》采访：中美贸易根本的问题是教育水平，国家一定要开放才有未来，开放一定要强身健体，强身健体要有文化素质。（15）5月23日，接受《时代周刊》采访：没有美国市场，华为也是世界第一。5G不是政治，只是一个工具，对我们来说最重要的是为世界提供服务。（16）5月27日，接受彭博采访：Q．被问到华为被美国打击，中国是否会制裁苹果公司？首先，这一定不会发生。第二，如果发生了，我第一个反对。Q．外界认为华为偷了美国的技术美国都没有做出来，我去哪里偷他的技术啊？更有可能是美国来偷我们的技术差不多，因为我们目前是领先美国的。（17）6月17日，《与任正非咖啡对话》第一期，对话《福布斯》著名撰稿人乔治·吉尔德和美国《连线》杂志专栏作家尼古拉斯·内格罗蓬特：华为未来不会有业务拆分和出售的问题。华为的知识产权不会武器化，世界上很多公司每年给华为付很多专利费。但这些年太忙还没空去收专利费，费用不一定像高通那么多。未来两年华为销售收入都会保持在1000亿美元。（18）6月19日，接受CNBC采访：Q．特朗普总统和其他官员花了很多时间大谈特谈华为，您怎么看？因为他们身体好，精力太旺盛了。他们来替我们操心，这一点我还是很感激的。他们把我们捧高了，我们没有这么高的地位。到2021年，华为会结束目前的痛苦现状获得新生。Q．您之前在采访中说过，由于美国现在针对华为的情况，华为的收入会减少300亿美元？300亿美元对我们来说，是很小的一件事，我们主要是砍掉一些边缘化产品，因此美国制裁对我们不会产生太大的影响。（19）6月20日，发表公司EMT内部讲话：今年我们将从全世界招进20-30名天才少年，明年我们还想从世界范围招进200-300名。（20）6月27日，接受加拿大《环球邮报》采访。美国不会取消实体清单。孟晚舟问题遵循加拿大法律来解决，当前应该是一个解决的最好时机。现在美国建不成先进的信息网络，落后是注定的，因为华为不会卖5G设备给美国。（21）7月18日，接受意大利媒体群访，包括安莎通讯社、意大利通讯社、《晚邮报》、《共和报》等：Q．为什么孟晚舟事件后不同以往地频繁与媒体沟通？我也不只是为了救我的女儿，也为了救我们公司，所以我要挺身而出。Q．特朗普已经把华为或者把任正非形容成“邪恶王子”的形象。在你看见我了，觉得我像不像“魔王”？我们在美国没有网络，也不打算将5G卖给它，怎么会危害美国国家安全呢，美国这么着急做什么呢？（22）7月4日，法国著名新闻周刊《观点》杂志发表专访：鸿蒙操作系统很有可能比谷歌的安卓或是苹果的Mac OS X系统更快。（23）7月20日，接受雅虎财经采访：特朗普对华为一无所知，他想将华为作为谈判筹码，但中国不会买账。2019年华为智能手机出货量预计达到2.7亿部。（24）8月16日，接受英国天空电视台采访：如果美国封锁，不让谷歌提供安卓系统给我们的话，世界上出现第三种系统，对美国称霸世界也是不利的。如果没有特朗普的宣传，全世界人民不会知道华为这么厉害、这么好。（25）8月20日，接受美联社采访：Q．华为为什么不聘用外籍人员做华为的CEO？第一，外籍员工必须要具备这个能力；第二，外籍员工必须在华为公司工作25年，从基层一层层升上来，才能了解整个公司的结构。（26）8月30日，华为心声社区发布《任总在干部管理工作汇报会议上的讲话》：我们现在就要通过这3-5年把一批平庸或惰怠的干部更替掉，要下决心换一批血。主管一定实行每年10%的末位淘汰，下岗的管理干部一律去内部人才市场重找工作机会。（27）9月6日，接受BBC采访：到了5G时代，美国还是有一些落后的。而华为，则因为布局早，研发投入足，已经走到了5G领域的前列，威胁到了美帝的地位。美国在通信产业的落后，不要归咎于华为的崛起，而要多反思，主要原因在于自己走错了路。（28）9月9日，接受《纽约时报》专栏作家托马斯·弗里德曼采访：我们还没有打算把设备卖到美国，因此深层次的矛盾还没有产生。我们可以向美国企业转让5G所有的技术和工艺秘密，帮助美国建立起5G的产业。希望我的工资比库克少一点就行，我对美国的高工资太羡慕了。不管谁不卖什么，都一定会有另外的替代产品产生。我们要相信人类不会灭亡的，在没有粮食吃的时候，人们吃野果、树皮，不也活过来了吗？（29）9月10日，接受《经济学人》采访：华为有意向西方公司出售5G技术，目的是制造一个能在5G上与华为竞争的对手。对于6G研究，华为也是领先世界的。华为判断6G十年以后才会开始投入使用。会在我思维跟不上的时候退休的，现在还是才思泉涌的状态，再呆几天吧！（30）9月19日，接受美国《财富》杂志采访：把鸿蒙打造成可以与苹果系统相媲美的操作系统，不需要两到三年。作为公司领导人，说话要保守一点，不能把下面人逼得太紧，但对于他们来说，不需要这么长时间。（31）9月26日，《与任正非咖啡对话》第二期，对话两位人工智能专家杰里·卡普兰和彼得·柯克伦：5G是小儿科的事情，未来最大的产业是人工智能。希望不要在人工智能领域不要出现第二次实体清单。华为完全脱离美国的供应也能生存。欢迎美国恢复供应，因为人还是有感情的，不能光为我们挣钱，让朋友不能挣钱。（32）10月15日，接受北欧多家媒体采访，包括瑞典国家电视台、挪威广播公司 ：其实我很感谢特朗普，因为华为公司经历三十年，绝大多数员工开始富裕了，有一种富裕病就是惰怠、享受安逸。再经历一段时间，公司就会垮了。（33）10月16日，接受日本共同社采访：中美不会有新的冷战，美国在封闭自己的时候，中国是在一步一步开放自己的。保守估计6G技术的使用需要等到十年之后，华为暂时没有将其作为主力。（34）10月30日，埃及《金字塔报》发表总编辑阿拉·萨比特的文章《对话任正非：美国制裁不能阻止我们的进步，反而使我们受益良多》：美国限制华为公司的发展，反而使员工更加团结，更加努力地工作，华为已经能“不用一块美国芯片”生产出100%中国制造的产品。（35）11月6日，《与任正非咖啡对话》第三期，对话智能工厂工业4.0精神之父德特勒夫·齐尔克与前联合国安理会主席马凯硕：在实体清单下，华为已经补上了众多漏洞。海外市场影响要大一些，适当收缩一些也正常，我们组织了一批研发人员，杀回马枪。区块链在量子计算面前一钱不值。（36）11月6日，接受多家德国媒体采访，包括《明镜报》等：华为目前供不应求，正动员中国客户少买些，先供应外国客户。我已经批评了公司内部，不要过度消费国人对我们的热情，我们要坚持以客户为中心，把客户体验、客户感知放在第一位。（37）11月21日，英国《经济学人》发行年度特刊“The World in 2020”，任正非发表署名文章《我们处在爆炸式创新的前夜》。（38）11月26日，接受CNN采访：华为没放弃美国市场，但美国不需要我们。谷歌既没有被拒发（向华为出售产品的）牌照，也没有收到牌照。没有谷歌，华为也能成为世界第一。（39）12月1日，华为CFO孟晚舟在加拿大温哥华发表了一封公开信。12月1日，CNN发布专访：女儿孟晚舟这是在受苦，但也因此变得更强大。在过去，孟晚舟可能一整年都不给我打个电话，现在，我们的联系密切了许多。（40）12月2日，加拿大《环球邮报》刊登专访：华为计划将其研发中心从美国转移至加拿大。华为将在中国境外开发制造一些移动网络设备。责任编辑：赵慧芳
奇瑞混改路：让出大股东 转身亦艰难,原标题：奇瑞混改路：让出大股东，转身亦艰难奇瑞混改尘埃落定。青岛五道口出资144多亿元入驻奇瑞，成为奇瑞控股、奇瑞股份新的大股东。不过，旧包袱很重的情况下，实现平稳发展才是主基调。奇瑞混改的摘牌人终于被掀开神秘面纱。长江产权交易所12月4日发布公告称，奇瑞控股集团有限公司（简称“奇瑞控股”）、奇瑞汽车股份有限公司（简称“奇瑞股份”）增资扩股项目成交，青岛五道口新能源汽车产业基金企业（有限合伙）（简称“青岛五道口”）出资144.49亿元，成为奇瑞控股、奇瑞股份新的大股东。从去年9月，奇瑞控股和奇瑞股份第一次启动混改，之后未征集到意向投资方致“流产”，今年9月再次启动混改，奇瑞可谓是一波三折，直到11月7日公告截止才终于出现了摘牌人。中国乘用车市场信息联席会秘书长崔东树12月5日在接受新京报记者采访时表示，“奇瑞此次混改落地，有助于改变企业的体制机制，这是一件很有利的事情，采用混改获得更多社会资本，也有助于加快上市进程。”股权大变随着新股东的加入，奇瑞控股和奇瑞股份的持股比例将发生变化。长江产权交易所发布的公告显示，青岛五道口此次以75.8637亿元投资奇瑞控股，获得30.99%的持股比例，成为奇瑞控股第一大股东。增资控股后的奇瑞控股的股权结构也发生调整，原第一大股东芜湖建设持股比例稀释为27.68%（增资前持股比为40.11%）。同时，青岛五道口还以68.6321亿元投资奇瑞股份，获得18.5185%的持股比例，成为第二大股东，而第一大股东仍为奇瑞控股。不过，持股比例被稀释为32.4815%（增资前持股为39.86%）。由于奇瑞控股大股东易主青岛五道口，作为子公司的奇瑞股份，实际大股东也或是青岛五道口。不过，也有业内人士称，大股东未来并不一定会享受实际控制权。在奇瑞启动首次混改扩股增资时，奇瑞控股集团有限公司董事长、奇瑞汽车股份有限公司董事长尹同跃曾对媒体表示，“首先是保护芜湖市的‘黄金条款’，同股不同权，甚至在某些事情上芜湖方面有一票否决权；其次，被选择的这些战略投资者，其企业管理层必须认同奇瑞未来的发展战略，认同奇瑞以芜湖为根，确保管理层的稳定性和话语权。”因此，有分析认为，新股东是否拥有话语权，要看股权占比，也要看新股东自身实力。另据消息称，完成增资扩股后的奇瑞控股新一届董事会将于2020年春节前完成改组。届时，或将揭晓这一答案。一波三折混改路今年9月2日，奇瑞控股和奇瑞股份同时宣布，将通过增资扩股方式引入同一投资方，挂牌低价分别为75.3387亿元和68.1572亿元，报名截止日期是今年11月7日。其实，这不是奇瑞第一次启动混改。去年5月，奇瑞股份以无记名投票形式，内部全票通过了“股权转让”的决议，计划采用 51%的股权转让的形式换取200亿元资金。彼此，宝能被传是最有可能的投资方，不过后来也不了了之。随后，在去年9月，奇瑞控股和奇瑞股份正式披露第一次增资扩股公告，欲启动混改。不过，项目公告期满后，一直未征集到意向投资方，随后进入延长期后仍未有交易，首次混改以“流产”告终。对于首次增资未有接盘者的原因，业内分析或许是因为条件苛刻。要进入奇瑞的资本，意向投资方须为单一主体，不接受联合体增资，不能是外资，也不能是整车企业。此外，此次增资扩股完成后，新增投资方将成为持股最多的股东，却不一定能占据主导地位。时隔一年后，今年9月，奇瑞再次启动混改。吸取上次失败经验，第二次发布的增资扩股在条件明显看起来放宽一些。这轮增资扩股，奇瑞汽车方面降低了底价，较去年的162.43亿元减少了近19亿元，为143.5亿元。今年11月8日，奇瑞控股和奇瑞股份的增资扩股公告状态显示“已结束”，这意味着摘牌人已出现。此前流传的两大意向投资方包括青岛五道口和腾兴长三角（海宁）股权投资合伙企业（有限合伙）。而从最终摘牌人的出资情况看，青岛五道口出资144.49亿元，比此前公告挂牌低价143.5亿元高出近1亿元。新股东背后的山东国资此前，青岛五道口便是被业内猜测的候选人之一。天眼查信息显示，青岛五道口成立于2019年8月，经营范围包括投资与资产管理、股权投资、投资咨询等。公司共有两位股东，分别为北京五道口投资基金管理有限公司和王娟，最终受益人为北京五道口投资基金管理有限公司。从注册地看，青岛五道口位于山东省青岛市即墨区的青岛汽车产业新城。新京报记者注意到，青岛汽车产业新城是青岛市政府正在打造的产业集群。另外，从山东高速股份有限公司近期发布的关于投资济南畅赢金安投资合伙企业（有限合伙） 的进展暨关联交易公告中，可以窥探到青岛五道口背后的国资力量。据该公告显示，济南畅赢金安投资合伙企业（有限合伙）（简称“畅赢金安”） 和济南佳鼎投资合伙企业（有限合伙）（简称“佳鼎投资”）分别拟出资10亿元，认购青岛五道口份额，担任有限合伙人。值得注意的是，佳鼎投资是山东高速投资控股有限公司（简称“山东高速投资控股”） 的下属公司，畅赢金安的法定代表人是山东高速畅赢股权投资管理有限公司（简称“畅赢公司”） 。天眼查信息显示，山东高速投资控股和畅赢公司的实际股权控制人都是山东省政府国有资产监督管理委员会。有分析因此称，此次收购奇瑞汽车实现是青岛乃至山东汽车产业集群的一个重要的产业布局。同时，也可以窥探出此次拿下奇瑞大股权背后存在的国资力量。不过，在崔东树看来，国资力量作为资本方应该不会完全主导企业发展，还是需要企业实现自主发展，由企业管理层制定路线主导市场发展。未来或发力新能源依据公告，青岛五道口将重点围绕汽车产业，尤其是新能源产业，及其上下游产业链领域开展投资。奇瑞11月8日发布的《关于调整研发部分机构和职能的通知》的公告也显示，奇瑞内部调整包括汽车工程技术研发总院板块，对上海与芜湖的多个中心部分进行整合，并增设上海整车性能集成部、上海整车预研和架构部、上海电动车技术开发部。对此，有业内人士表示，这预示着奇瑞将进一步推动全球战略布局，并将在电动化领域发力。目前奇瑞旗下艾瑞泽系列、瑞虎系列、捷途系列等车型多以燃油车为主。奇瑞新能源官网则显示，目前在售的车型有瑞虎e、艾瑞泽e、瑞虎3xe以及小蚂蚁，NEDC续航里程最大为410公里。不过，除了小蚂蚁系列在A00级电动车市场成绩亮眼外，其余车型表现欠佳。在电气化发展的大潮中，奇瑞是否会转向新能源？崔东树告诉新京报记者，奇瑞在传统造车方面有深厚实力，新能源可能是其发力的方向之一，但应不会丢下传统汽车制造。“传统汽车目前还是汽车行业发展的关键核心，对奇瑞来说，还是以传统汽车制造为主，新能源应该只是一个战略方向。”崔东树称。期待赋能对于未来，奇瑞充满期许。12月5日，奇瑞在官方微博中这样写道：“欢迎‘青岛五道口’成为奇瑞事业合伙人，赋能‘奇瑞2025战略’。” “奇瑞2025战略”规划对新产品、新技术、新能源、智能互联+无人驾驶、品牌建设、高端国际市场等方面进行了一系列布局。尹同跃对此表示，奇瑞增资扩股项目的成功，是奇瑞打造国际一流品牌道路上的一个里程碑。而对于投资方来说，青岛五道口入股奇瑞后，将秉承“帮忙不添乱”的原则，继续推动奇瑞建立更加市场化的激励机制、增加资源资金的引入、加强资本运作、加快全国全球的布局，协助“奇瑞2025战略”落地。作为国内唯一没有上市的大型汽车集团，有业内人士分析，奇瑞多年IPO不成功，主要原因就包括达不到连续3年盈利的硬指标。奇瑞汽车的财务状况也面临亏损境况，数据显示，截至2019年6月30日，奇瑞控股的净利润为-1.56亿元，资产总额为904亿元，负债总额685.1亿元；奇瑞股份的净利润为-13.74亿元，资产总额为830.8亿元，负债总额622.94亿元。在如此大的旧包袱下，奇瑞能否通过混改实现转身？崔东树说，在汽车行业发展相对成熟的阶段，想要实现爆发式发展很有难度。对奇瑞来说，未来更可能是在平稳中才会实现长久向上的发展。新京报记者 秦胜南责任编辑：赵慧芳
中粮成为全球资产第一大粮食集团,原标题：中粮成为全球资产第一大粮食集团新华社北京12月5日电（记者王立彬）当初，运出去一车车大米、小麦、罐头，换回新中国工业化急需的外汇；今天，运进来一批批世界各地优质粮油产品，满足人民群众“吃得好”需求——走过70年的中粮已经成为全球资产第一大粮食集团。中粮集团董事长吕军5日在此间说，伴随革命根据地和解放区经济发展，华北对外贸易公司在新中国成立的前夕应运而生，华北粮食公司、华北油脂公司、华北蛋品公司、华北猪鬃公司、华北皮毛公司相继成立。这些冠以“华北”字样的公司是中粮的前身。从那一刻起，中粮就投身于保障国家粮食安全、满足人民生活需要的历史洪流，把红色作为“底色”“本色”，从政府公司转型为市场化经营企业，从贸易业务拓展到多元产业集群，从国内布局辐射到全球化经营。目前中粮集团业务遍及全球140多个国家和地区，连续25年入围《财富》世界500强。2018年底中粮集团资产总额5728亿元、营业收入4758亿元、利润总额129亿元，成为资产第一、营收和利润第二的国际粮食集团。据介绍，中粮集团根植农业、服务农业，充分发挥自身产业优势，大力推进农业生产专业化、标准化、规模化、集约化，成为保障农产品有效供给、加快农业科技进步、带动农民就业增收及脱贫攻坚的重要力量。中粮积极配合宏观调控，稳定粮油市场，以保障人民吃得更放心、吃得更健康为己任，严把从田间到餐桌的每一道防线。中粮准确把握国内资源环境条件和国际农产品供求趋势，拓展海外布局，精准实施跨国并购，推进国际化战略，带动国内农业粮食骨干企业加快“走出去”，不断诠释着中国国际大粮商的新时代内涵。责任编辑：刘万里 SF014
凯撒旅游完成设立海南免税集团：推动增值业务延伸,原标题：凯撒旅游完成设立海南免税集团，推动增值业务延伸12月5日，海航凯撒旅游集团股份有限公司（凯撒旅游，000796.SZ）发布公告称，完成设立海南免税集团公司及购买江苏免税公司部分股权。此前的11月4日，凯撒旅游宣布以2亿元（人民币，下同）自有资金设立海南同盛世嘉免税集团有限公司（以下简称：同盛免税），并以该公司购买江苏中服免税品有限公司（以下简称：江苏中服免税）20%股权。与此同时，同盛免税以1200万的交易价格购买江苏中服免税20%的股权。目前，凯撒旅游已完成同盛免税设立登记手续，并取得营业执照。凯撒旅游认为，旅游业务与免税购物之间有较强的互补性，可以促进旅游产品销售，扩大目标客户群体，提高综合服务能力。同时，通过与旅游零售产业上下游的有效合作，有利于拓展凯撒旅游的产业链条，更好地配合旅游业务的发展和创新，是业务形态多元化发展的重要举措。凯撒旅游表示，开展免税业务，延伸旅游增值服务，通过满足目标客户在旅游行程前中后期不同的消费需求，创造公司新的利润增长点，实现多方共赢。凯撒旅游表示，后续公司将积极推进对江苏中服免税的收购交易，尽快完成相关交割及工商变更工作。收购江苏中服免税有助于公司在天津邮轮母港入境免税店的基础上，进一步布局免税行业，增加自身竞争优势。通过开展免税业务，公司可进一步延伸旅游增值服务，创造新的利润增长点。今年10月10日，凯撒旅游与中国出国人员服务有限公（简称：中出服）联合打造的“天津国际邮轮母港进境免税店”已经正式开业。此外，11月11日，凯撒旅游还宣布，以公司自有资金与凯撒世嘉旅游文化发展集团股份有限公司（简称：凯撒集团）共同出资设立海南凯撒世嘉旅文发展集团有限责任公司（简称：海南凯撒集团），以实现旅游、食品、免税、旅游金融等各项业务的全面发展。当日晚间，申万宏源证券社服分析师分析指出，财政部已明确规定拥有免税品经营资质的企业必须绝对控股免税店，凯撒旅游设立同盛免税子公司及收购江苏中服免税部分股份是公其与中出服合作，并进入免税赛道的一次尝试。同盛免税设立后将作为公司免税业务的管理平台，推动公司在免税领域业务的发展。接手江苏中服免税的20%股份有助于公司在参股天津邮轮母港入境免税店的基础上，进一步布局免税行业。通过参与免税业务，凯撒旅游可延伸旅游增值服务，创造新的利润增长点。另一方面，申万宏源证券分析认为，免税行业受益于国家引导消费回流的方针政策，供给端不断放开带动需求端高速增长。伴随消费回流效果的逐渐显现，预计至2025年免税行业仍有翻倍市场空间。中出服目前在全国拥有12个市内门店，年销售额约8亿元，现阶段陆续翻新门店后可预期较好的增长空间。凯撒旅游有望和中出服开展更深层次的业务合作，实现资源互惠。申万宏源的报告显示，年初至今，日韩出境游维持20%以上高增速；东南亚7月后恢复性增长，但游客质量没有明显提升；中国香港、中国澳门三季度客流出现明显下滑。出境游受制于宏观经济环境的压力，暂未见明显的景气拐点。凯撒旅游主业受行业整体趋势影响，维持在低速增长区间。不过，在申万宏源证券看来，本次参与免税业务是凯撒旅游业务向上下游延伸的新尝试，但该项业务具体实施策略仍有待进一步验证，暂时不会对凯撒旅游盈利情况产生明显影响，维持“增持”评级。截至当日收盘，凯撒旅游报8.05元/股，涨3.47%。责任编辑：王帅
*ST鹏起：实控人涉嫌内幕信息 实控权转移存障碍,新浪财经讯 12月5日消息，三连板*ST鹏起：因公司存在实际控制人所持公司股份被质押冻结、公司及公司实际控制人被公开谴责、实际控制人涉嫌泄露内幕信息罪等情况，公司实际控制权转移存在障碍，在前述障碍及其他影响因素消除前，万方集团无取得*ST鹏起控制权的安排。责任编辑：王帅
大股东贷款违约 华宝信托或处置*ST升达股权索债,*ST升达（维权）今日晚间公告称，2016年11月30日，升达集团与华宝信托签订《信托贷款合同》一份，约定华宝信托向升达集团发放金额不超过14.1亿元的信托贷款。同日，为担保《信托贷款合同》的履行，华宝信托与升达集团、江昌政分别签订了《股票质押合同》，升达集团将其持有的1.8436亿股升达林业股票、江昌政将其持有的2，867.66万股升达林业股票质押给华宝信托。因升达集团未能按约清偿信托贷款本息，华宝信托向上海市高级人民法院提起诉讼。据公告，法院判决若升达集团不履行还款义务，华宝信托有权以拍卖、变卖上述质押财产所得的价款优先受偿。*ST升达表示，截至目前，上述诉讼不会对公司的本期利润或后期利润产生重大影响，但因公司控股股东升达集团所持公司的全部股票被质押、冻结，如果华宝信托处置质押股票可能影响到公司控股权的变动会导致公司控股股东变更，对公司的股票交易有重大影响。*ST升达的2019年第三季度财报显示，营业收入274，580，993.34元，同比增长13.00%；归属于上市公司股东的净利润-32，443，074.47元，较上年同期亏损程度有所增加。前三季度营业收入为819，278，229.93元，比上年同期增长10.72%；归属于上市公司股东的净利润为-82，179，639.51元，较上年同期亏损程度有所增加。责任编辑：王帅
达人寓中介拖欠房东租金 租户“无房可归”,原标题：达人寓中介拖欠房东租金，租户“无房可归”新京报讯（记者 张静雅）多名市民反映，达人（天津）网络科技有限公司北京分公司（以下简称“达人寓”）拖欠房东租金，房东要求收回房子，租户陷入无房可归的困境。今日（12月5日），达人寓工作人员称，已经通知租户，如果房东强行腾房，公司可以为租户办理退租手续，并承诺在7至15个工作日内返还剩余的租金和押金。对此，租户们表示“不相信”。达人寓在企业信用信息网上被列入了经营异常名录。网页截图房东租金被拖欠，租户或无房可归今日（12月5日），租户陈女士告诉新京报记者，2018年底，她因工作原因从天津来到北京。2019年7月，她和达人寓签订一年合同，租下位于北京市丰台区和义西里15号楼的一居室。为此，陈女士缴纳了1年房租5万多元，并缴纳3万元的押金。11月初，陈女士被房东电话告知，因达人寓拖欠其租金，房东决定收房，希望她能尽快搬走。陈女士致电达人寓工作人员得知，如果房东收房，她需要搬走，后续会将押金和房租还给她。“但他们没有提到退租手续，也没有解释为什么拖欠房东房租。已经年底了，我去哪里找房子？”此外，房东张女士今日告诉新京报记者，2018年初，她将位于通州区璐苑嘉园小区的房子委托给达人寓出租。房屋被打了隔断，改成三居室出租给三户人家。今年9月起，达人寓开始拖欠她的房租，张女士想收回自己的房子。但她从自家租户处得知，租户们已经将下一个季度的房租付给了达人寓。租户们和她协商，能否不要年底收回房子。张女士十分为难，“我收不到房租，又不忍心看着租户流落街头。”张女士称，11月初，达人寓的员工告诉她，由于资金链断裂，一时给不了房东钱，但公司即将得到新的资金支持，很快就能将欠费付清。但至今她仍没有收到房租。租户提供的租房合同。受访者供图达人寓被列入经营异常名录，用户准备维权新京报记者在企业信用信息网上查询发现，达人寓房屋租赁信息化平台隶属于达人（天津）网络科技有限公司，该公司的注册地在天津市武清区。2018年11月，该公司被当地监管部门列入经营异常名录。2019年，该公司因房屋租赁合同纠纷、委托合同纠纷、服务合同纠纷多次被告上法庭。2019年11月，该公司被北京市通州区法院列入失信被执行人名单。同时，该公司因违规发布房源信息被北京市住建委执法部门立案查处。12月3日，新京报记者随多名房东和租户到朝阳区常通路3号院办公楼内向达人寓索要说法。面对房东和租户，达人寓的工作人员称，会尽快找到资金给房东结清欠款。此外，该工作人员称，如果房东强行腾房，公司可以为租户办理退租手续，并承诺在7至15个工作日内返还剩余的租金和押金。有关公司资金链断裂的说法，该员工表示“没听说”。对于该员工承诺的解决办法，租户和房东们均表示“不相信”，下一步将通过法律途径进行维权。新京报记者 张静雅责任编辑：赵慧芳
药股SAGE盘前跌逾61% 抑郁症新药三期临床试验失败,原标题：药股SAGE（SAGE.US）盘前跌逾61% 抑郁症新药三期临床试验失败来源：智通财经网12月5日（周四）美股盘前，截止21：15，药股SAGE（SAGE.US）跌61.26%，报57.8美元。今日美股盘前，该公司表示，重磅新药SAGE-217三期临床试验数据不理想，未能达标，该药旨在治疗成年人的严重抑郁障碍症状。15天整体数据，在汉密尔顿抑郁总分17项评分中，与安慰剂相比，SAGE-217没有达到统计预期显著下降的效果。公司又称，SAGE 217开发项目包括另外五项关键研究，其中两项报告了阳性数据，一项是MDD，一项是产后抑郁症，其中三项正在进行中。责任编辑：刘玄逸
中方正考虑加入CPTPP可行性？专家称规则差距已缩小,原标题：中方正在考虑加入CPTPP可行性？专家称规则差距已缩小中国是否有意加入《全面且先进的跨太平洋伙伴关系协定》（CPTPP）？12月5日，商务部给出最新回应。在当天举行的例行新闻发布会上，有记者提问，“最近有消息称，中方正在考虑加入CPTPP的可行性，请问商务部对此如何评价？”商务部新闻发言人高峰表示，“中方主张建设开放透明、互利共赢的区域自由贸易安排，只要符合世贸组织原则，开放、包容、透明，有利于推动经济全球化和区域经济一体化，我们都持积极态度。”《全面且先进的跨太平洋伙伴关系协定》是在美国退出《跨太平洋伙伴关系协定》（TPP）之后，其余11个TPP成员国重新命名并重新签署的贸易协定，新名称在原TPP的基础上增加了“全面且先进”（Comprehensive Progressive）。2018年12月30日，CPTPP正式生效。2019年9月，英国国际贸易大臣特拉斯曾表示，英国有意加入CPTPP。中国社会科学院世界经济与政治研究所副研究员苏庆义对澎湃新闻（www.thepaper.cn）记者表示，中国应尽早作出加入CPTPP的决定，与4年前《跨太平洋伙伴关系协定》（TPP）刚完成谈判时的情形相比，中国面临的国际国内形势都发生了较大变化，这些变化都有利于中国加入CPTPP。具体而言，苏庆义认为，最大的变化背景是美国已退出TPP，不是CPTPP成员国。此外，变化的外部背景还包括：CPTPP已经开始生效；与TPP规则相比，CPTPP规则的标准有所降低；许多CPTPP规则已经开始成为国际经贸规则的趋势，如世界贸易组织改革、已经生效的欧加自贸协定和欧日自贸协定、谈判完成的美墨加自贸协定（USMCA）都会涉及类似的高标准国际经贸规则。苏庆义强调，中国加入CPTPP不仅必要而且可行。其必要性体现在：美国未来重返CPTPP的可能性非常大，中国尽早加入CPTPP能带来经济层面、深化自身改革开放、参与全球经济治理三方面的收益，并有利于应对中美经贸摩擦。可行性则体现在：与TPP刚完成谈判时的情形相比，中国的制度和政策与 CPTPP 规则的差距已缩小；CPTPP开始考虑成员扩容问题；美国不属于CPTPP成员，程序上无法阻挠中国加入；中国在中美经贸磋商中积累了谈判高标准国际经贸规则的经验。他解释称，CPTPP规则相比TPP规则标准有所降低。具体来说，CPTPP规则对TPP有所修改，其中最主要的修改是对富有争议的条款进行搁置。一共22条的暂停条款大多是TPP谈判时由美国提出的。这22项条款涵盖海关监管与贸易便利化、投资、服务贸易中的跨境交付、政府采购、知识产权、透明度与反腐败等一般条款以及针对金融服务、电信服务、邮政服务和环境服务的特定部门条款。其中，对投资和知识产权条款的搁置尤为突出，这适当降低了CPTPP的规则标准，中国加入的难度也就相应降低。此外，苏庆义认为，中国自身制度和政策与CPTPP规则之间的差距正逐渐缩小。2015年至今，中国在深化改革、扩大开放方面又推出了许多举措。例如中国的自贸试验区范围不断扩大、数量不断增加，许多规则已经在自贸试验区先行先试，并推广到全国。除自贸试验区外，中国还在许多领域推出改革举措。随着近几年的改革开放，中国对高标准经贸规则的接受能力明显提升。2018年12月的中央经济工作会议还首次提出“制度型开放”这一概念，中国对制度型开放的推进本身就是要对接国际高标准经贸规则。中国如果加入CPTPP，则将有利于进一步深化改革、推进制度型开放。苏庆义表示，中国的“入世”经验表明，加入一个自身暂时无法满足标准的协定，为尽量满足其标准，加入前的谈判过程本身就是中国不断深化改革开放的过程。当加入该协定后，为满足承诺，也是中国不断完善自身法律法规、政策、措施和做法的过程。“也就是说，加入标准高的协定有助于倒逼自身改革开放。在中国改革开放进入深水区后，尽管推进改革开放的动力不减，但是推进困难明显加大，非常需要通过外部的协定倒逼自身改革开放。尤其是，中国已做出从推进商品、要素开放向推进制度开放的决定，加入CPTPP正好满足自身推进制度开放的需求。”他说。但苏庆义也表示，中国加入CPTPP确实面临不少困难。根据他的分析，CPTPP有一部分规则没有接受难度，大部分规则属于接受难度中等，中国目前离这些规则有一定差距，但是这些规则要么属于中国自身改革开放的方向，要么对标这些规则的难度不太大，要么这些规则本身属于较为“中性”的规则，不会对中国造成负面影响。中国经过一段时期的改进完全可以接受这些规则。但CPTPP中确实有一部分规则的接受难度较大，包括：货物的国民待遇与市场准入、投资、国有企业和指定垄断、知识产权等。中国需要和CPTPP成员国共同考虑如何协调对中国来说接受难度较大或不能接受的规则。责任编辑：鲍一凡
ST东海洋:因违规为控股股东提供担保等行为收警示函,新浪财经讯 12月5日消息，ST东海洋（维权）公告，公司于近日收到中国证监会山东监管局下发的警示函。存在违规行为包括：违规为控股股东提供担保；2018年年度业绩预计不准确，未及时披露发生重大亏损的情况；挪用募集资金的情形且对募集资金存放及使用情况的披露与实际情况不一致；以及内部控制重大缺陷，财务报告相关内部控制未有效执行。责任编辑：王帅
花旗上调苹果目标价 旺盛需求带来强劲假日购物季,花旗将苹果的目标股价从250美元上调至300美元，重申买入评级，并预测该公司假日季业绩强劲。分析师Jim Suva提到苹果公司的“定价策略和近期需求趋势”，认为有理由预测一个比去年“更好的圣诞节购物季”；去年苹果下调了收入预测。他写道，市场共识“未充分意识到Apple Watch和Apple AirPods的需求实力”，苹果的服务业务也将增长并帮助提高利润率。Suva认为收益和销售额都有上升的空间，但并不预计苹果的估值倍数扩张，因为“已经大幅扩张”。今年迄今为止，苹果股价上涨了66%，有望实现2009年以来最大年涨幅。花旗修改后的目标价比苹果周三收盘价高出近15%。根据彭博数据，该股的平均目标价为260美元，略低于最近的收盘价。目前，有27家机构建议“买入”，14家评级为持有，7家建议卖出。苹果将在1月28日发布第一财政季度业绩．责任编辑：孟然
水滴筹创始人致歉:错了就是错了 成立检查组排查整顿,原标题：水滴筹创始人沈鹏公开致歉：错了就是错了 已成立三大检查组全面排查整顿【TechWeb】12月5日消息，针对日前网上曝光的水滴筹志愿者一事，水滴筹创始人沈鹏晚间发布公开信称，代表水滴筹的全体成员向大家说声：对不起！第一时间成立了工作组展开相应调查，并且全面暂停了线下服务。沈鹏解释称，水滴筹组建线下服务团队的初衷是为了更好地帮助不太会在互联网上发起筹款的因病致贫的患者，为了更好地服务这个群体，目前我们有数百名线下筹款的服务人员。这次的事件，大家批评最多的是水滴筹线下服务团队怎么可以为了“提成”去做一些违反规则的事情。这是我们管理层的管理责任，我们价值观没有深入到员工心里，我们的管理动作没做到位。所谓“提成”实为公司支付给线下服务团队的酬劳，并非来自用户筹款。他表示，这次事件帮助我们发现了水滴筹在管理中存在的问题，但我相信，我们坚持向善的初心以及免费救助大病患者的初衷未变。截至目前的初步调查，线下人员违反服务规范的类似现象确实有不同程度存在，给个人求助模式带来了一定的损害，我们正在进一步排查和发现问题，也会及时向大家继续公布进展。据沈鹏透露，截至目前，公司成立了三大检查组全面排查整顿，分别是线下团队深度自查组、总部特别质检组以及公司独立督查组，全面排查线下服务情况。公司已查明相关报道中涉及的违规线下工作人员，违规相关的所有直接或间接参与的同事都将为此承担责任。同时，水滴筹开始加强纪律培训和服务规范提升，实行考核上岗。从11月30日起，我们围绕价值观及高压线、服务审核规范、服务绩效升级、招聘选拔等方面进行了第一轮培训，从12月4日起开始第二轮培训，所有相关人员皆需要参加培训，并需经过严格的考试，合格后未来方可上岗。最后，沈鹏表示，回归本次事件本身，错了就是错了，我们的管理需要提升、我们的业务有待改进，我们绝不回避问题，我们必须直面问题、解决问题。压力最大的时候，甚至我曾想过，如果水滴筹线下团队再管不好，是不是要像别人说的那样把水滴筹交给相关公益组织？但我本身是一个很坚韧的创业者，相信全体水滴小伙伴只要以更高的标准去自我约束、严肃整顿和持续努力改进，一定能攻破难关。责任编辑：赵慧芳
彭博调查：美联储将在2020年维持利率不变,原标题：彭博调查：美联储将在2020年维持利率不变根据彭博社调查的结果显示，美联储官员将不会让2020年总统大选影响他们的货币政策，并将在未来两年保持利率不变。在12月2-4日对29位经济学家进行的调查中，受访者放弃了他们之前的关于2020年降息的预期。预测中值表明，预计到2021年底，联邦基金利率的目标区间将保持在1.5%-1.75%的水平。大多数受访者也都不认为即将举行的选举将对美联储的政策产生任何影响。Raymond James Financial Inc．首席经济学家Scott Brown表示：“在可预见的未来，美联储将按按不动，但如果确实有必要的话，它也会降息。”“尽管存在很大的噪音，但美联储仍将置身于政治纷争之外。”美联储决策者今年已三次下调利率。美联储主席鲍威尔在10月份的降息行动后，暗示将暂停降息，并表示在官员们看到经济前景出现“实质性的变化”之前，利率将保持不变。超过90%的受访者认同美联储最近的评估结果，即他们在2019年的降息措施有助于支持美国的经济增长，而货币政策现在“处于一个良好的位置”。经济学家们还认为，2020年经济衰退的可能性有所下降。当被问及明年美联储基准利率降至零的可能性时，中值为20%，低于10月份的30%。尽管存在这种乐观情绪，但绝大多数受访者表示，经济增长和通胀的风险仍然偏向下行。他们还指出国际贸易争端是2020年对美国经济的最大威胁，其次是全球增长放缓。美联储的几位官员表示，他们正在密切关注贸易不确定性的任何迹象，这已经抑制了美国的商业投资，可能会导致招聘大幅放缓。Hugh Johnson Advisors LLC的Hugh Johnson表示：“最重要的变化将是就业人数，我目前预计就业人数将低于市场共识和美联储的预期。”美国劳工部定于周五发布11月份的非农就业报告。在彭博社的另一项调查中，经济学家预测该报告将显示当月新增18.5万个就业岗位。调查显示，如果非农就业数据在未来几个月持续在10万人以下，决策者将被迫改变其政策前景。责任编辑：孟然
晚间公告热点追踪：三七互娱40亿进行证券投资和理财,【三七互娱：拟40亿元进行证券投资和委托理财】三七互娱董事会同意公司及下属子公司使用最高额度为40亿元（或投资时点等值外币）的闲置自有资金进行证券投资和委托理财，其中，进行证券投资额度为不超过5亿元，进行委托理财的额度为不超过35亿元。该议案尚需提交股东大会审议。三七互娱2011年在深圳中小企业板上市，原名顺荣股份，是汽车零部件的制造商，通过一系列外延式并购，网络游戏成为主营业务，目前汽车零部件业务已全部剥离。除2018年之外，净利润始终保持不错的增长势头，2016年-2018年，净利润分别达到11.51亿元、18.36亿元、12.17亿元，3年累计净利润42.04亿元；归母净利润则分别为10.70亿、16.21亿和10.09亿，3年累计归母净利润37亿元。也就是说，三七互娱此次推出的投资规模已超近3年归母净利润之和。【*ST中捷：总经理张炫尧辞职 任职未满4个月】*ST中捷公告，董事会收到公司总经理张炫尧的书面辞职申请，申请称“因个人原因，申请辞去中捷资源投资股份有限公司总经理职务”，张炫尧辞职后将不在公司担任其他职务。*ST中捷今年8月底宣布，聘任张炫尧为公司总经理。*ST中捷火了，自11月18日以来，公司9天9个涨停板，累计涨幅已达到55.63%。近期*ST中捷交易表现活跃，并且已经3次上了龙虎榜。年底临近，ST股保壳压力骤增，不少上市公司正尝试抓住最后的时间窗口努力自救。自11月18日起，ST板块表现就十分活跃，*ST九有19天11涨停，ST罗顿5连板等。截止今天，在此期间收获3个以上涨停板的ST股票，共有15只。重组与增发【庄园牧场：拟定增募资3.8亿元 投资万头奶牛养殖产业园】庄园牧场本次非公开发行募集资金总额将不超过3.8亿元，拟用于金川区万头奶牛养殖循环产业园项目及偿还银行借款。重大事项【金辰股份：拟发行不超3.74亿元可转债】辰股份募集资金总额不超过3.74亿元，扣除发行费用后将投资于“年产40台（套）光伏异质结（HJT）高效电池片用PECVD设备项目”，以及补充流动资金。投资与经营【硅宝科技：拟收购高分子材料企业拓利科技100%股权】硅宝科技拟以现金方式收购拓利科技100%股权，初步评估其整体估值暂定2.55亿元，最终以评估师事务所经评估的评估值为参考，经公司与股权出让方协商决定。拓利科技主要产品为有机硅橡胶、紫外光固化材料、环氧树脂材料等高分子材料，应用于电子、5G通信等领域。【金石资源：收购宁国市庄村矿业80%股权】金石资源拟2795万元收购宁国市庄村矿业有限责任公司80%股权。公司另需向目标公司提供无息借款7605万元，用于其归还截至2019年10月31日的债务。目标公司拥有位于宁国市庄村萤石矿的采矿权，其采矿证规模5万吨/年，萤石保有资源储量108.63万吨，评估基准日剩余可采储量64.9万吨。该矿山具有较好的远景找矿潜力。【百傲化学：拟收购美国汇宇鑫40%股权】百傲化学拟收购大连汇宇鑫科技有限公司持有的美国汇宇鑫40%股权，交易总价为1.1亿元。美国汇宇鑫下属拥有一家全资子公司Clearon，从事水处理化工产品的研发、生产及销售。此次交易将有助于充分发挥Clearon和公司之间的业务协同，公司的异噻唑啉酮类工业杀菌剂CIT/MIT系列产品将通过Clearon在美国市场销售渠道对外进行销售。【钱江摩托：控股公司拟停止投建锂电池项目】钱江摩托控股公司浙江钱江新能源公司与温岭市政府签订协议，拟在当地实施浙江钱江新能源40亿Wh锂离子动力与储能电池总成项目，项目总投资约31.8亿元。截至目前，由于锂电行业变化等因素，导致新能源公司未能按约定按期推进，项目处于停滞状态。控股公司与温岭市政府决定停止项目并签署解除合同协议书，预计对公司当期税前利润影响约为-2732万元。【新宁物流：3亿元出让嘉信仓储100%股权】新宁物流拟将嘉信仓储100%股权以3亿元全部转让给东莞三江港口储罐有限公司。嘉信仓储2018年度营收6369.78万元，净利润1663.33万元。交易预计会产生损失将对公司2019年度净利润产生影响。【金融街：子公司9.48亿元竞得天津市一地块】金融街全资子公司天津融承和景企业管理咨询有限公司通过参加挂牌出让活动以总价9.48亿元竞得了天津市津西青（挂）2019-21号宗地的国有建设用地使用权。该项目用地面积为46861.1平方米，总计容建筑面积不超过93722.2平方米。【东方盛虹：盛虹炼化引入50亿增资 推进1600万吨/年炼化一体化项目】东方盛虹全资子公司石化产业作为原股东向盛虹炼化认缴增资25.2亿元，连云港盛虹炼化产业基金合伙企业（有限合伙）以增资方式向盛虹炼化投资24.8亿元，投资全部计入盛虹炼化注册资本。盛虹炼化增资后注册资本130亿元，石化产业持股比例由100%降至80.92%股权，产业基金持股比例19.08%。【易华录：拟与梁溪区政府合作投建江苏无锡城市数据湖项目】无锡市梁溪区政府和易华录拟合作投资建设江苏无锡城市数据湖项目，通过城市数据湖的建设，为梁溪区引入大数据产业；无锡数据湖产业园项目一期总投资近10亿元。易华录和无锡名扬投资有限公司将共同成立无锡数据湖信息技术有限公司。项目公司注册资金拟定为3亿元，易华录出资1.47亿元，持股比例为49%。【科融环境（维权）：控股股东所持公司8.2%股份将被公开拍卖】科融环境控股股东徐州丰利与长城证券因担保物权纠纷被深圳市福田区人民法院执行裁定。人民法院将于12月10日10时至11日10时对徐州丰利所持公司5845万股股份公开拍卖，拍卖股份占其所持股份比例为27.97%，占公司总股本比例的8.20%。【江龙船艇：签订4575万元豪华游船建造服务项目采购合同】江龙船艇今日与珠海九洲船务有限公司签订了《62m钢质沿海豪华游船建造服务项目采购合同》，合同金额为4575万元。另外，公司在连续12个月内与同一交易对手方九洲船务签订的合同累计金额为9245万元，占公司2018年主营收的20.43%。【兴源环境：控股子公司中标1.11亿元土地整治项目】兴源环境控股子公司浙江浙江疏浚成功中标《磐安县尖山镇栗岭畈土地整治项目》，中标价为1.11亿元，工期在2021年9月30日前完工验收。【苏宁易购：子公司LAOX完成引入战略投资者】苏宁易购下属子公司LAOX完成引入战略投资者，LAOX通过定向增发募集资金84.34亿日元（约人民币5.46亿元）。增发后，公司境外子公司持股LAOX股份稀释至29.77%、表决权比例30.40%，LAOX将不再纳入公司的合并报表范围，成为公司有重要影响的参股公司，公司将按照权益法核算。经初步测算，预计本次交易将影响公司2019年度净利润亏损约6亿元。【温州宏丰：实控人陈晓拟将5.54%公司股份转让给林雷彬】温州宏丰实控人陈晓拟以协议转让的方式将其持有的公司2295万股（占公司总股本5.5386%）转让给林雷彬，每股转让价格为3.87元（较12月5日收盘价4.32元/股折价11.63%），转让价款为8881.65万元。转让后，林雷彬将持有5.5386%公司股份，控股股东陈晓及其一致行动人林萍合计持有49.63%公司股份，陈晓仍然是公司的控股股东、实控人。【多家证券公司发布11月份盈利状况】中信建投母公司11月净利3.3亿元，上年同期为2.79亿元；长城证券母公司11月净利6453万11月份母长城证券实现营收2.46亿元，净利润6453万元；1-11月份母公司实现营收27.37亿元，净利润8.53亿元；华泰证券母公司11月净利为9891万元；西部证券11月母公司净利润3764万元；中国银河母公司11月净利3.14亿元；中信证券母公司11月净利4.13亿元，上年同期为16.75亿元；国泰君安母公司11月净利4.42亿元；海通证券母公司11月净利为3.34亿元；广发证券11月母公司净利润5.92亿元；申万宏源证券及2家证券子公司11月净利润3.69亿元。【四川路桥：前11月累计中标金额约222亿元】四川路桥及下属公司11月中标工程施工项目16个，中标合同金额约18.17亿元。截至2019年11月30日，公司本年度累计中标工程施工项目126个，累计中标金额约222.34亿元。【中通客车：前11月累计销量1.32万辆 同比增长19%】中通客车2019年11月份产量1430辆，本年累计13471辆，同比增长22.06%。11月份销量1407辆，本年累计13200辆，同比增长19.49%。其中，中型客车本年累计销量5220辆，同比增长48.42%。【牧原股份：11月份商品猪销售均价30.30元/公斤 环比下降9.55%】2019年11月份，牧原股份销售生猪75.11万头，销售收入28.41亿元。2019年11月份，公司商品猪销售均价30.30元/公斤，比2019年10月份下降9.55%。2019年11月份，商品猪价格整体呈现下滑趋势。【仙坛股份：11月商品鸡销售收入3.12亿元 环比下滑11%】仙坛股份2019年11月销售商品鸡1134.31万只，销售收入3.12亿元，同比变动幅度分别为4.64%、12.46%，环比变动幅度分别为-0.12%、-11.33%。【天康生物：11月生猪销售收入1.83亿元 同比增长151%】天康生物11月份销售生猪6.08万头，环比下降14.37%，同比增长11.56%；销售收入1.83亿元，环比下降8.04%，同比增长150.68%。销售收入同比上升得益于新建养殖基地投产后，养殖规模扩大以及生猪市场价格上涨所致。1-11月，公司累计销售生猪76.96万头，同比增长34.05%；累计销售收入12.37亿元，同比增长96.97%。【新希望：11月销售生猪收入为14.48亿元 环比增长8%】新希望2019年11月销售生猪39.58万头，环比变动5%，同比变动66%；收入为14.48亿元，环比变动8%，同比变动291%；商品肥猪销售均价31.84元/公斤，环比变动-6%，同比变动132%。本月生猪销售中，仔猪外销的占比较全年平均水平略高。【华菱星马：前11月中重卡销量同比降12.65%】11月份，华菱星马中重卡销量为1314辆，同比下降40.62%；1-11月份中重卡累计销量为15300辆，同比下降12.65%。【曙光股份：1-11月整车整车销量同比降52%】11月份，曙光股份整车销量为449辆，同比下降65.57%；1-11月整车累计销量为7240辆，同比下降52.03%。增持与减持【普丽盛：三家股东减持公司4%股份 完成减持计划】Masterwell、软库博辰、FundII-Annex今年6月披露的减持计划实施完毕。减持期间内，三家股东通过集中竞价方式合计减持公司2%股份，通过大宗交易方式合计减持公司2%股份。三家股东原拟合计减持公司不超6%股份。【富临精工：实控人拟减持公司不超3%股份】因个人资金需求，富临精工实际控制人安治富，计划六个月内以集中竞价或大宗交易方式减持公司股份累计不超过1304.17万股，占公司总股本比例3.00%。【恒润股份：股东拟大宗交易减持不超2%股份】恒润股份持股4.75%的股东智拓集团，拟3个交易日后的六个月内通过大宗交易方式减持不超291.2万股，占公司总股本的2%。【泰尔股份：泰尔集团及欣泰投资减持1.92%股份】泰尔集团及欣泰投资于12月4日，通过大宗交易方式合计减持公司股份858.5万股，占公司总股本的1.92%，两股东不再持有公司股份。【华信新材：两股东拟减持公司股份】华信新材持股6.0013%的公司股东苏州国发拟减持合计不超过204.8万股，即不超过公司目前总股本的2%；持股1.0363%的公司股东盐城中科拟减持合计不超过106万股，即不超过公司目前总股本的1.0363%，减持期间为公告之日起的6个月内。【太极股份：高级管理人员减持股份计划实施完毕】太极股份高管柴永茂先生于2019年12月4日通过集中竞价方式减持公司股份500，000股，占比0.12%，完成本次减持计划。【葵花药业：首次回购37万股公司股份】2019年12月5日，葵花药业首次通过集中竞价方式回购公司股份370，357股，占公司目前总股本的0.0634%，最高成交价14.29元/股，最低成交价14.14元/股，成交总金额527.14万元（不含交易费用）。【昌红科技：拟以5000万元至1亿元回购股份】昌红科技拟以5000万元至1亿元，通过集中竞价交易方式回购公司股份。回购价格不超过11元/股，回购期限为自董事会审议通过方案之日起12个月内。【金麒麟：控股股东提议回购2000万元至4000万元股份】金麒麟控股股东提议公司回购股份，回购资金总额不低于2000万元且不超过4000万元，回购的股份用于实施股权激励，回购价格不超过18元/股。其他事项【中信银行：筹建信银理财有限责任公司申请获批准】近日，中信银行收到中国银保监会出具的批复，批准公司拟出资不超过50亿元筹建信银理财有限责任公司。筹建工作完成后，公司将按照有关规定和程序向中国银保监会提出开业申请。【云内动力：控股股东混改项目明起公开挂牌】云内动力控股股东云内集团混合所有制改革项目将于2019年12月6日在北京产权交易所公开挂牌，挂牌时间自2019年12月6日至2020年2月5日。本次混改若能顺利实施，云内动力实际控制人将由昆明市国资委变更为民营投资方。停复牌下一交易日起停牌：暂无下一交易日起复牌：暂无责任编辑：王帅
核电重启加速：多个核电项目启动 上游企业亟待解渴,原标题：核电重启加速：多个核电项目启动，上游企业亟待“解渴核电行业结束3年多“零核准”的困局后，今年成为复苏之年。下半年以来，核电重启有加速迹象，福建漳州核电厂1、2号机组等项目获得启动，主要核电企业亦颇多融资与布局的准备，核电概念股也在今年多次走强。在此之前，今年7月，山东荣成、福建漳州和广东太平岭核电项目核准开工，成为3年半以来首次有官方消息确认新的核电项目获得开工核准。厦门大学中国能源政策研究院院长林伯强认为，目前国内核电审批的速度较慢，但总体趋势向好，核电重启已逢其时。此前，受困于核电“零核准”，台海核电等核电产业链公司遭遇困境，核电重启如何为产业链带来发展机遇，江苏神通已给予肯定答复，台海核电则对新京报记者表示，虽然今年以来核电重启频被提及，实际招标与公司产品需求还未出现新变化。多个核电项目开始启动11月下旬，华能昌江核电二期项目全面启动。据华能官方消息，华能控股建设的昌江核电二期项目成为海南自由贸易试验区建设项目（第七批）启动项目之一。据介绍，昌江核电二期项目规划建设两台“华龙一号”压水堆核电机组，总投资394.5亿元，2019年计划投资18亿元。本期建设的两台机组紧邻一期工程机组布置，建设周期为60个月，计划于2020年8月浇筑核岛首灌混凝土，3号机组2025年建成，4号机组2026年建成。近期以来，核电重启出现逐渐加速迹象，多个工程项目迎来启动。今年7月，国家能源局召开上半年能源形势新闻发布会，国家能源局发展规划司司长李福龙在介绍上半年能源发展特点时提到，能源清洁低碳转型深入推进。非化石能源发电比重持续提升。李福龙表示，截至6月底，山东荣成、福建漳州和广东太平岭核电项目核准开工。这成为3年半以来，首次有官方消息确认新的核电项目获得开工核准。10月10日，中国核电公告称，国家核安全局10月9日为福建漳州核电厂1、2号机组颁发了建造许可证，标志着两台机组具备了正式建造的条件，后续将根据现场工程进度按计划有序开展两台机组核岛的第一罐混凝土浇筑工作。其后，中国核电控股股东中核集团于10月16日在福建漳州宣布华龙一号在此开工建设，这是由中核集团建设的第五台华龙一号核电机组，至此“国家名片”华龙一号批量化建设正式开启。据中核集团介绍，华龙一号是我国具有完整自主知识产权的三代核电技术，满足全球最新核安全标准，是我国核电创新发展的重大标志性成果。目前，中核集团华龙一号国内外4台示范工程进展有序，是全球唯一按照计划推进建设的三代压水堆核电工程。经济日报今年4月曾报道称，中国核能行业协会专家委员会副主任徐玉明透露，年内至少将有10台机组获批，并有望开建，其中有8台机组的审批在年内较为明确，分别是采用“华龙一号”技术的漳州核电一期两台机组、惠州太平岭核电一期两台机组，以及采用俄罗斯VVER技术的辽宁徐大堡核电、江苏田湾核电各两台机组。中国能源网首席信息官韩晓平告诉新京报记者，目前核电重启有几大有利因素，包括核电加速三代反应堆建设较为顺利，安全性得以大幅提升；核电自身是一种清洁能源，并可以实现热电联产提高效率，在面临气候环境变化挑战的当下值得重视；此外，核电技术作为一项高新技术，有利于出口拉动经济，带动制造业升级。厦门大学中国能源政策研究院院长林伯强向记者表示，目前国内核电审批的速度较慢，与早年曾提出的大发展仍有距离，牵制因素一是电力仍存在过剩，二是在技术路线方面，采用自主研发的“华龙一号”技术还是美国、欧洲技术仍面临权衡，并需要考虑成本。林伯强认为，考虑核电较火电更长的建设周期，且电力过剩有所缓解，核电重启确实应该提上议程。他表示，中国对电力需求的增长仍将持续较长时间，在以安全为首要前提的情况下，核电虽然目前没有“大发展”，但总体趋势向好，市场广阔。韩晓平提出，电力市场竞价或给核电发展带来一定影响，如竞价，煤电价格较低，会在一定程度上压缩核电和可再生能源发展的空间，“压低电价会使得核电发展面临较大压力。相比电价，我国更应该考虑的是节能，如何将单位GDP的能耗降下来”。大唐、福能加速核电领域资本布局核电项目重启之外，主要核电企业也加快核电领域融资与布局的准备。大唐发电11月下旬公告称，拟合资成立辽宁庄河核电有限公司（暂定名），负责辽宁庄河核电项目的开发和前期工作。该公司将由大唐发电控股，持股比例为46%；按照持股比例，大唐发电首次出资额为3.68亿元。据华夏能源网报道，大唐的庄河核电项目已筹备十数年。大唐于2006年进入庄河，其后经过论证评审将核电厂址确定在庄河市南尖；2016年，辽宁庄河市南尖核电厂址已被国家列为核电保护厂址。此外，大唐发电还拟对大唐国际核电有限公司进行吸收合并，吸收合并后大唐发电存续经营，注销大唐国际核电有限公司的法人资格，大唐国际核电有限公司的全部资产、负债及权益由大唐发电承担和享有。据大唐官网介绍，大唐国际核电有限公司是大唐发电的全资子公司，主要经营范围包括核电前期开发、核电站的建设和管理、核能设备检修及维护、核电投资、核电技术开发、技术服务与咨询等业务，目前负责开发的核电前期项目有辽宁庄河核电项目、重庆市丰都核电项目、江西峡江核电项目、福建宁德核电三期项目等。作为福建省属综合性企业集团的福建省能源集团有限责任公司（下称“福能集团”）亦在加快核电布局。福能集团控股的福能股份日前公告称，公司发行股份购买资产暨关联交易事项经审核获得无条件通过。据此前公布的报告书，福能股份拟向福能集团非公开发行股份，购买其持有的10%福建宁德核电有限公司（下称“宁德核电”）股权，标的股份交易价格定为15.31亿元。工商信息显示，宁德核电目前股东为大唐国际发电股份有限公司、中广核宁核投资有限公司和福能集团。报告书披露显示，宁德核电已建成投运4台核电机组，总装机容量435.6万千瓦；宁德核电2017年、2018年及2019年1-6月的净利润分别为16.48亿元、22.34亿元和 7.93亿元。福能股份表示，交易完成后，上市公司将进一步增加参股核电项目，同时进一步增加清洁能源发电项目的权益规模，持续优化电力业务结构，符合国家产业政策的要求，且具有广阔市场发展前景。台海核电、江苏神通等上游企业影响几何？核电重启的消息已在资本市场引发关注。12月4日，核电装备制造商台海核电就核电重启所带来的影响回复新京报记者表示，虽然政策层面今年以来对核电重启持续有所提及，但是落到实际招标以及对公司产品的需求上，“可以说目前来看没有什么新的变化”。台海核电此前曾因核电停滞陷入经营困境，2018年营收盈利均大幅下降。台海核电其时表示，受国内核电新项目招标推迟及建设放缓的影响，公司新增订单不达预期，行业景气度偏低，公司亦受到影响。在此背景下，台海核电控股股东台海集团尝试引入外援以自救。去年12月，台海集团获得来自中核集团旗下中核香港产业基金有限公司的15亿元增资，中核香港产业基金有限公司进而成为持有台海集团48.19%股权的单一最大股东方。今年7月，台海集团由烟台市人民政府牵头组织，与四家投资机构分别签署了《投资意向书》，投资方拟对台海集团进行总额50亿元的战略投资。二级市场上，台海核电、江苏神通、海龙核科等核电概念股们都曾迎来不错的走势，并获得市场的正面关注。今年10月末，江苏神通发布的路演活动会谈纪要显示，公司副总裁兼董秘章其强就若核电新项目建设持续重启、公司未来2-3年核电订单量预测回复称，随着近期获得批复的漳州1-2号机组开工建设，公司核电阀门的订单将保持稳定增长。章其强表示，若核电项目每年能保持批复开工建设4-6个机组的规模，预计每年将对应新增项目订单约3亿，加上现有存量运行机组越来越多，根据规划到2020年底要建成58台机组投入运行，这些核电机组运行带来的备件、维修市场需求每年也能获得2亿-3亿的备件订单，公司核电阀门业务领域的订单需求将逐步实现稳中有升。国泰君安在日前发布的一份对江苏神通的研报中提出，三代核电机组有望进入批量化建设时代，江苏神通核电阀门产品领域市占率90%以上，有望受益核电重启。责任编辑：王帅
宁波联合拟加码地产业务 承诺四年实现近20亿净利,原标题：宁波联合拟加码地产业务，承诺四年实现近20亿净利经济观察网 记者 洪宇涵12月3日，宁波联合（600051.SH）发布重组草案，拟以8.29元/股的发行价格向大股东荣盛控股发行股份购买其持有的杭州盛元房地产开发有限公司60.82%股权，该发行价较前一日收盘价溢价率为 40.99%。目前，荣盛控股持有宁波联合29.08%股权，本次交易完成后，大股东持有公司股权比例将上升至55.19%。资料显示，收购标的盛元房产是一家有着近20年房地产开发经验的房地产企业，立足浙江本土市场的标的公司建立了包括城市多元化房地产业态开发、物业出租等多业态的综合开发经营模式，房地产开发项目涵盖住宅、商业、精品公寓、写字楼等多元化业态。遭遇瓶颈根据官方资料显示，宁波联合主业涵盖房地产业务、电力、热力生产和供应业务、批发业务及居民服务业务等多个领域。其中，房地产业务已成为宁波联合重要的业务板块之一。多年来，宁波联合致力于区域市场的深耕细作，依托传统住宅、文化旅游地产和特色商业地产，已在宁波、温州、舟山等地建立了一定的市场基础和品牌效应。但近年来，宁波联合可持续发展似乎遭遇瓶颈，根据宁波联合的财报显示，近年来上市公司利润增长乏力。2015年至2018年，宁波联合四年合计实现净利润10.05亿元，而2018年当年实现利润2.48亿元，同期下滑48.35%。2019年前三季度，宁波联合仅实现利润5467.22万元，同期下滑32.04%。宁波联合将眼光聚焦在与目前公司资源最为匹配的核心板块房地产业务上。但近年来宁波联合再房地产业务上的销售收入迅速下降。2018 年，公司房地产业务实现销售收入7.13亿元，较上年减少82.4%。2019 年上半年，宁波联合的地产业务实现销售收入4，407万元，较上年同期减少91.2%。宁波联合在财报中将收入下降的主因归为房地产子公司商品房竣工交付面积大幅减少，其中2019 年上半年更是无商品房竣工交付。计划收购根据公告显示，盛元房产总资产规模为35.43亿元，净资产规模为12.22亿元，今年1-10月实现净利润约3.22亿元。根据本次重组的《盈利预测补偿协议》，荣盛控股承诺盛元房产在2020-2023年累计的经审计的合并报表口径下扣除非经常性损益后归属于母公司所有者的净利润总额不低于19.27亿元，平均每年可为宁波联合创造近5亿元的净利润。据公开资料显示，盛元房产2017年、2018年实现扣非后归母净利润分别为1.5亿元、3332.28万元。2019年1月份至10月份实现净利润约3.22亿元。宁波联合表示，公司将成为大股东荣盛控股旗下房地产开发业务的专业化经营平台。借助荣盛控股雄厚的资本实力、良好的企业形象、卓越的市场影响力，未来公司在拓宽融资渠道、降低融资成本、获取优质项目资源及吸引和留住高端人才等方面将具备更有利的条件，同时也有利于与荣盛控股其他产业形成合力、发挥协同效应，为公司房地产开发业务的做大做强提供有利基础。公告显示，盛元房产自主开发项目和合作开发项目的数量和规模将进一步增加，将通过滚动经营获得持续稳定的收益，这也是实现本次重组业绩承诺的有力保障。其中，盛元房产持有的已竣工项目“湘湖壹号”一二期、“蓝爵国际”写字楼、“东方海岸”及“晴庐”商铺，可售面积超过8万平米，预期收益可观；在建项目中，“开元世纪广场”四期、“银河望府”、“观湖里”、“名和家园”一期及“名和家园”二期，部分房产已完成预售，未来将陆续进行交付；另外拟建的“湘湖壹号”四期及储备土地，将为盛元房产的可持续发展提供有利支撑。责任编辑：霍琦
茅台清理整顿子公司：坚决清理僵尸亏损微利子公司,坚决清理僵尸亏损微利子公司 集团公司专题研究多个子公司清理整顿工作来源：茅台集团融媒体中心12月4日，集团公司在会议中心召开专题会，研究清理整顿部分子公司事宜，以更大力度推进集团清理整顿子公司工作，为茅台长期稳健发展夯实基础。集团公司党委副书记、总经理李静仁主持会议，集团公司副总经理杨建军，总法律顾问段建桦，总工程师王莉，副总经理万波出席会议。▲李静仁主持会议会议充分研究了相关子公司清理整顿工作方案，强调要不断增强工作力度，坚持问题导向，在合法依规的基础上对急难问题特事特办，以非常规思维和工作方式解决好历史欠账和发展欠账，积极主动对接执法部门，及时跟进、做好协调，加紧推进岁末年初的各项工作，保质保量完成年度工作目标。会议特别强调，在茅台由高速发展转向高质量发展阶段，僵尸、亏损、微利子公司成为茅台健康发展的“绊脚石”。茅台要紧紧围绕“定位、定向、瘦身、规范、改革”要求，以壮士断腕的勇气、坚强有力的措施抓好子公司清理整顿工作，坚决清理有损茅台利益的子公司，确保茅台持续健康发展。▲会议现场集团公司总经理助理汪智明，公司办公室、党委组织部、法律知保处、财务处、审计处、人力资源社保处及部分子公司负责人参加会议。责任编辑：鲍一凡
2020财经院校排名出炉：央财力压上财 成为第一,原标题：2020财经院校排名出炉，第一是它！2020国内财经院校排名出炉央财力压上财，成为第一中南财大、西财名列第三及第四名央财为何力压群雄，夺得第一？对比国外热门财会强校及专业国内财大到底表现如何央财力压上财， 夺得第一近日，中国科教网发布2020国内财经院校排名榜单，中央财经大学超越上海财经大学排名第一。中南财大，西财，对外经贸分别名列第三、四、五名。同时，中国科教网还对2019年-2020年经济学学科门类进行了排名 ，其中中国人大的经济学排第一，其次是央财，北大、西南财经、对外经济贸易大学的经济学学科。事实上，不光在国内，即使在国际范围内，央财的名号也是响当当，据U.S.News发布2019世界大学排名，经济与商科专业共有200所大学上榜，中国内地共有9所高校位列榜单，包括：北京大学、清华大学、上海交通大学、复旦大学、中国人民大学、浙江大学、上海财经大学、厦门大学、中山大学，国内经管专业知名的中央财经大学其中，中央财经大学以137名的好成绩比肩人大，力挫浙大（150）、厦大（165）及上财（156）。可见央财在经济、管理方面的学科竞争力。央财和UIUC，谁更强？央财既然是国内财经院校霸主，那么对比国外热门财会专业，表现又是如何呢？这里以UIUC会计专业为样本，UIUC全称伊利诺伊大学香槟分校，在美国会计界，没有人不知道UIUC，因为该校会计专业全美第二，在四大拥有超多校友，“美国会计专业公告”将UIUC的会计课程评为美国最好的会计学课程。那么，综合对比国内财会院校，谁更胜一筹？1、就业率一切不以就业为重点的对比都是耍流氓，据各高校公布的2018年毕业生就业质量报告来看，央财就业率为96.58%，同时央财毕业生在公募、私募基金及新财富的占比也是力压国内一众财经院校，人数分别达22（公募基金）、20（私募基金）、7（新财富）。UIUC的会计专业则在Gies商学院下，于1902年开设，1922年颁发全美第一个会计专业学士学位，可以说是引领全球了。数据显示，UIUC会计专业就业率高达95%，与央财相当。以下是Gies商学院就业数据：2、薪资毕业生薪资方面，央财毕业生平均薪资为11630元，领跑一众财经院校，要知道2019年全国高校毕业生平均薪资不过7000元，也就是说央财毕业生薪资高过国内66%的同期毕业生。反观UIUC会计专业，其毕业生平均年薪为62330美元，对比Gies商学院其他专业，薪资中等偏上。但要是能够进入税务局工作，薪资可达10万美元。国财经强校盘点国内财经院校有“四财一贸”的说法，指上海财经大学、中央财经大学、中南财经政法大学、西南财经大学和对外经济贸易大学，因为5所院校均为211，在中国财经业处于领先地位，故得名“四财一贸”。1、中央财经大学央财应用经济学连续十多年保持优势，以A+的成绩坐实了双一流学科。理论经济学有所提升，工商管理和统计学尚可。总体而言比较偏科，经济学强，管理学较强。在央财，绝大多数人和事情都是“目的指向型”的。上课、自习、点名、回答问题、和老师问问题套近乎——为了成绩；参加活动、参加比赛、学生工作、志愿者、社会实践——为了综测。2、上海财经大学综合大学嘲笑财经类大学太功利，财经大学看不上综合大学的就业率低，毕竟薪资排名第一的上财已经碾压众多985，仅次于清华。其次，上财经管学科（应经、理经、工商管理、统计）总体发展水平总体在同类学校中最高，基本与央财持平。有个06届学长表示，财大BBS还在的时候，最热门的板块永远是求职招聘板；大二开始实习就蔚然成风，翘课实习很常见；到了大三，更是变成了全民实习的阶段，连带如何选课排课也成了一门学问，如何应对一周三天甚至四天的实习，可是愁坏了多少人。这就是上财，你的peer pressure会让你玩都玩的不安心。3、对外经济贸易大学经、管、（外）文、法全面开花，是所有同类院校中亮点最多院校。相对于2013年学科评估成绩止跌回升，但现阶段与上海财经、中央财经仍有小幅差距。但，外经贸真的是一座有情怀，有深度，有广度，能学会玩的学校。就自由度来说，贸大应该是财经院校之首，因为你可以：选课不是一般的自由，大学四年修满学分即可（私心认为是坑爹的选课系统根本选不到课，所以才特别自由）；从来没有“夜不归宿”这个说法，在外实习到深夜的同学不用担心门禁；wifi覆盖全校，不限流量不要钱；参加美赛建模，学校提供场地和各种支持，简直不要更贴心……4、中南财经政法大学和其他财经校一样，功利也是中南财经政法的代名词；和其他校略有不同的是，作为四大财经院校之一，中南财的学子似乎更为低调，务实不好高骛远。见过top10的学生，觉得天之骄子，天下之美为尽在己；中南财的学生其实普遍认为学校仅仅是211而已，所以找工作也好，做工作也罢，不会觉得自身了不起，自大骄人，但是也不自卑。5、西南财经大学总体评估结果的确不够理想，甚至可以说出乎意料，与长期以来西财的内部评价和外部口碑不匹配。曾有西财学子吐槽：“我财和电科有点像，都是本科中的高职高专，少了川大的那种大气，有种‘我别的不会但我金融/会计/保险很牛’的专业技工气质。”除四财一贸外，国内仍不乏财经高校，比如近两年势头正旺的南京审计大学：6、南京审计大学虽然该院校仅为双非一本，但江浙沪一带认可度超高，而且在银行，四大中也有较为丰富的校友资源。国财经强校盘点1、德克萨斯大学奥斯汀分校会计系是该校著名专业之一。UT课程设置跟着CPA考试走，是个很好的入门，学生后期自己复习CPA的时候上手比较快。德州的公司想招会计学生一般最先想的是UT-Austin！2、南加州大学USC会计系Leventhal在全美名气都很大，在加州地区也相当有影响力。既可以主修Business或其他专业，同时minor会计，或者直接参加学校的Progressive Master’s Degree项目，获得提前被硕士项目MAcc和MBT的录取机会。3、杨百翰大学美国最大的教会大学。会计项目一直是全美Top10，会计项目可以本硕连读，5年就可以完成。4、密歇根大学安娜堡分校中部名校，美国州立大学的翘楚。会计专业毕业生CPA通过率全美Top 10。5、圣母大学私立天主教学校，属于超有实力超土豪但超低调的一所大学。圣母大学商学院和会计专业排名都很靠前。MSA（会计硕士）有Assurance和Tax两个track可选，就业导向很强。6、宾州州立大学四大中校友网庞大，全美各校现任职四大人数最多的就是Penn State（每一家都是最多的哦），加起来有近2500人。7、纽约大学座落于纽约心脏地带的世界顶尖名校。NYU的斯特恩（Stern）商学院的会计学专业一直在全美排名Top 10。8、俄亥俄州立大学美国顶尖的公立大学，被誉为“公立常青藤”大学之一。俄亥俄州立大学的费舍尔商学院（Fisher）被评为美国最顶尖的商学院之一。会计专业全美Top10。财会学子与四大毕业进四大，是大多财会学子的选择，领英曾经以四大会计师事务所作为调查对象，发布了一份《四大会计师事务所用人调查分析报告》，包含一个四大从业者毕业高校百分比排名。其中上海财经大学更是达到了6.3%的超高比例。在四大用人方面，影响因素有很多，比如所在城市、专业等。而四大的宣讲会院校，基本上就是target school。普华永道宣讲学校包括以下十所：对外经济贸易大学、广东财经大学、广东外语外贸大学、江西财经大学、南京审计大学、上海财经大学、天津财经大学、西南财经大学、中南财经政法大学、中央财经大学毕马威宣讲学校，包括以下13所：对外经济贸易大学、广东外语外贸大学、江西财经大学、南京财经大学、南京审计大学、上海财经大学、上海对外经贸大学、首都经济贸易大学、天津财经大学、西南财经大学、浙江财经大学、中南财经政法大学、中央财经大学德勤宣讲学校，包括以下十所：东北财经大学、广东外语经贸大学、南京审计大学、上海财经大学、上海对外经贸大学、首都经济贸易大学、天津财经大学、浙江财经大学、中南财经政法大学、中央财经大学安永宣讲学校包括以下十所：东北财经大学、对外经济贸易大学、广东外语外贸大学、南京审计大学、上海财经大学、上海对外经贸大学、首都经济贸易大学、天津财经大学、西南财经大学、中央财经大学而且，很多学生进入四大都是奔着审计岗位去的，尤其是PwC的审计岗位，更是整个公司的“核心业务”。据上财《2018年度就业质量报告》，毕业生的就业流向，会计师事务所占到了将近11.8%，但其中却只有约1成是其他会计师事务所，也就是说近10.1%进入会计师事务所的同学都进了四大。看完排名吃完瓜，其实财经院校内部的互撕并没有多大意义，等开始找工作或者开始工作了突然发现，大家大多数其实都是平凡的人：在学校里绝大多数平凡的人最后区别不过是你在这片区域做柜员，我在那片区域做柜员。你在这里卖理财，我在那里卖理财。我在这里加班做底稿，你在那边加班做底稿。学校之间那些差距其实很渺小。而那些特别出类拔萃的精英们，早就不是自己的学校可以定义他们的。他们找到的工作，以后得发展其实他在这a财会这样，在b财也会，在c财也没差。所以，别让学校成为你的上限，也别让它成为你的下限。责任编辑：王帅
没开玩笑：2019 A股领涨全球,原标题：没开玩笑！2019，A股领涨全球2019年即将收官，全球主要市场的各大股指也将交出各自的年终成绩单。经历了去年的大跌，今年A股扬眉吐气，领涨全球！深证成指和创业板指成为全球主要市场年内涨幅的冠亚军，跑赢美股三大指数。不过2019年的全球股市涨幅最高的其实是委内瑞拉——涨了43倍。近日市场传出桥水基金做空欧美股市，让市场一阵恐慌。展望2020年全球股市，大多数机构还是持乐观态度。数据显示，策略师2020年预期中值是标普500指数将涨至3325点，较目前水平高7%。但随着2020年的临近，更多投资者开始将目光转向美国以外的市场。2019年股市牛熊榜中国股市领涨全球回顾2019年全球重要市场行情的涨跌表现，中国股市今年可谓是扬眉吐气，领涨全球。截至12月5日收盘，创业板指和深证成指的全年累计涨幅达到了36.73%和35.35%，成为2019年全球主要股指涨幅的冠亚军，排名第三位的俄罗斯RTS指数，年内涨了33.81%。紧随其后的是纳斯达克指数，涨幅29.11%。值得一提的是，中国的中小板指涨幅也达到了32.53%，沪深300指数则涨了28.80%，跑赢了标普500指数，其2019年涨了24.17%。如果以上证综指作为标准，则A股的表现仍然强于印度、英国、韩国和中国香港的恒生指数，与日经指数的年内涨幅相差无几，同时与作为长牛标准的道琼斯工业指数差距也非常微小。目前道琼斯的涨幅是18.53%，而上证综指涨了16.26%。看到这些数据，估计很多投资者都会觉得荒谬，因为这与大家的真实感知相差太远：行情这么牛，为什么我还是在亏钱？客观来看这份数据的话，涨幅是拿年初的数据和现在的数据做对比，忽略了行情中具体的过程，也忽视了具体的个股表现。而投资者交易的正是个股，而不是某个指数。而个人投资的收益，取决于能否选中好股，能否制定合理的交易策略等。今年全球表现“最好”市场：委内瑞拉股市涨了43倍如果我们把目光放得更远一点，从更宽泛的全球市场行情来看，也只有委内瑞拉和希腊指数超越了深成指和创业板指。而今年全球表现最好的股票市场则让人惊讶，是来自南美洲的一个小国委内瑞拉。委内瑞拉股市的规模也很小，小到什么程度呢？目前只有10成分股。而今年，委内瑞拉股市的涨幅达到了惊人的4333%。不过委内瑞拉并不值得羡慕，因为近几年委内瑞拉已经成为了世界经济的一大奇观。委内瑞拉股市上涨并没有给投资者带来财富，每个国家的股市都是以本国的货币计价的。而委内瑞拉的通胀数据和货币贬值程度，已经到了“人类无法阻止的地步”。2010年的时候，委内瑞拉货币玻利瓦尔与美元是8：1，2013年的时候，玻利瓦尔与美元是30：1，17年时已经是接近10000：1。到了2018年6月，委内瑞拉国内的通胀率达1000000%，街头上随处可见被当做垃圾扔掉的各种面值的纸币。时隔一年，委内瑞拉在今年5月宣布年化通胀率首次回落到1000000%以下，至815194%。所以尽管股市上涨43倍，如果是换算成美元的话，超发的货币已经让进入委内瑞拉股市的投资者血本无归。这在全球资本市场都是罕见的。传桥水下注15亿美元做空欧美股市达利欧发文否认美股这一轮长牛何时终结？——一个从很早之前就开始提出的问题。目前欧美股市都正处于高位，很多机构对这个问题的答案都还是否定的。但是，近日一则有关桥水基金正在做空欧美股市的消息吸引了众人目光。据外媒报道，知情人士透露，全球第一大对冲基金桥水已对全球股市到明年3月时会下跌押注逾10亿美元。部分上述知情人士称，这一仓位是在数月内建立的，执行方是几家华尔街金融机构，其中包括高盛集团和摩根士丹利；如果标普500指数或欧洲斯托克600指数出现下跌，或是两个指数均下跌，该仓位将令桥水获利。报道称，该仓位由一些看跌期权组成。看跌期权授予投资者在某个特定日期以约定执行价卖出股票的权力。期权的作用是让投资者用一笔金额相对较小的资金来对冲更大规模资产组合的风险，或是建立一笔方向性头寸。这些期权的到期时间是明年3月份，是桥水金额最大的股市空头仓位之一。知情人士称，桥水约为这些期权合约支付了15亿美元，不过仅相当于该公司管理的1500亿美元资产的1%左右。消息出来后，桥水基金创始人达利欧第一时间在社交媒体上发声，称桥水基金并没有任何预测股市将下跌的押注，相关报道存误导性。桥水基金也随后发表正式声明进行澄清，表示首先桥水基金的资金管理模式包含大量相互关联、相互对冲的头寸，并且这些头寸经常发生变化，在任何时候查看任何一个头寸以试图推论背后的动机都是错误的；其次，桥水基金没有旨在对冲或押注美国任何潜在政治发展的立场。虽然桥水否认了做空的报道，但衍生品市场早已经暗流涌动。今年9月，标准普尔500指数看跌期权持仓量一度刷新四年新高。随着美股再次刷新历史纪录，投资者的分歧正在不断加大，与标准普尔500指数挂钩的未偿付看跌期权有增无减。数据提供商Trade Alert称，明年3月到期的标普500看跌期权的热度正在不断升温。机构看好明年行情投资者已开始买入这些股票目前，美股依然处于史上最长的牛市之中。牛津经济研究院经济学家施瓦茨（Bob Schwartz）在接受第一财经记者采访时表示，现阶段的经济环境与上世纪90年代很相似，全球经济面临放缓压力且危机四伏。以消费为主体的结构令美国经济的基本面依然健康，在制造业面临贸易环境挑战的背景下，消费者依然是美国经济最大的动力，劳动力市场则成为坚定的后盾。施瓦茨对美国经济前景表达了谨慎乐观，称通过7月以来的连续三次降息，美联储的政策效果正在逐步释放，对消费和房地产等行业的刺激作用将在未来显现，这些都将成为支持经济的重要动力。然而不确定性依然存在。巴克莱首席美国经济学家盖彭（Michael Gapen）表示，正如美联储所担忧的，全球经济确实需要克服一些障碍，这些障碍对商业部门支出产生了影响，其中既有贸易担忧，也包括英国脱欧等地缘政治风险。制造业的减速似乎正在趋缓，这是个好消息。但坏消息是，非制造业和服务业等部门表现似乎比预期疲软。华尔街机构对于明年美股走势较为乐观。Fact Set数据显示，策略师2020年预期中值是标普500指数将涨至3325点，较目前水平高7%。相较于过去5年表现最优异的高溢价、高增长公司，现在寻找基本面坚实、价格更有吸引力的标的更重要。景顺首席环球市场策略师Kristina Hooper预期 ，全球央行2020年将会维持宽松货币政策，以及温和财政刺激措施，因此对资本市场的看法较整体经济乐观，并在2020年偏好风险资产多于非风险资产，经济不明朗可能会继续压抑资本支出，预计全球整体经济增长率约为3%。股票市场方面，她认为受货币政策环境将在2020年继续支持美国股市，但美国股票的估值似乎过高，投资者应注意来年市场或会更为波动。同时，该行看好新兴市场股市，由于美联储更多宽松政策及投资者对收益率的追求，都是带动新兴市场股市投资的因素。另外，亚洲新兴市场股市应该会受惠于中国及印度的财政刺激措施，中国股市会受惠于中国金融市场开放和A股在MSCI指数占比加重。更多投资者开始将目光转向美国以外的市场。追踪全球股市的MSCI全球所有国家指数已接近2018年1月创下的纪录高位，但基金经理和分析师仍表示，来年全球股市有机会跑赢美国股市。在过去十年的大部分时间里，全球股市未能跟上美国股市的步伐，这意味着其估值显著偏低。Refinitiv的数据显示，STOXX 600的远期市盈率是15.4，远低于标普500的19.3。Evermore Global Advisors的首席投资官戴维·马库斯（David Marcus）表示：“接下来一段时段，估值将成为未来投资回报的驱动力。”他将更多的投资组合转移至欧洲股票，例如比利时的医学实验室设备制造商Fagron NV和法国媒体巨头Bollore SA 。联邦国际小型中型公司基金投资组合经理托马斯·班克斯（Thomas Banks）表示，即使是对今年股票表现强劲的公司而言，与美股公司估值差距的缩小也可能是一个驱动因素，他一直在增持欧洲公司股票。班克斯仍然看好伦敦证券交易所和瑞典赌场游戏运营商Evolution Gaming Group AB 等公司，到目前为止，这两家公司迄今均已上涨了50%。戴维斯国际基金的投资组合经理丹顿·戈伊（Danton Goei）则表示，更具吸引力的估值，促使他买入料将从印度和中国消费中受益的公司股票。他看好腾讯控股和新东方教育科技集团 ，同时，还增持了法国飞机引擎制造商赛峰 。责任编辑：王帅
