西媒曝阿扎尔确定无缘国家德比 因伤缺席4-6周,北京时间12月5日，西班牙媒体《科贝电台》透露，皇家马德里球星阿扎尔将错过12月18日进行的国家德比。此前皇马在官方通告中称：阿扎尔遭遇了右腿腓骨的伤病。在欧冠对阵巴黎圣日耳曼的比赛中，阿扎尔突破时被同胞莫尼耶绊倒。赛后第一时间检查，显示阿扎尔将因伤休息10天左右。但据《科贝电台》最新消息显示，阿扎尔的伤情比预期更加严重，将伤缺4-6周。本赛季首回合西班牙国家德比将在北京时间12月19日凌晨3时进行，皇马客场挑战巴萨。而阿扎尔将在1月8日的西班牙超级杯，与瓦伦西亚的比赛中回归。（安然是正太）
幸好足球不是加减法 不然索帅怎么可能赢穆帅呢？,索帅的曼联，怎么可能赢穆帅的热刺呢？至少从赛前的气氛来看，情势好像是这样的：索帅的曼联接连战平升班马，一片愁云惨雾，一堆耻辱纪录；穆帅的热刺豪取三连胜，何其酣畅淋漓，何其所向披靡。再加上人们对曼联和热刺的实力认知，似乎还没开打，索帅的球队就已经凶多吉少了，不输球就算不错——好在，足球不是这么简单的加减法，这也正是集体项目的有趣之处。熟悉红魔这赛季情况的球迷们都清楚，曼联目前这个积分不是因为打不了精锐。关注了穆帅三场热刺比赛的球迷们也能看明白，热刺的情况绝不是简单一句三连胜就能概括的。相对而言守强攻弱的情况下，曼联并没那么容易输，而且一旦先进球，给热刺带来的麻烦可不是奥林匹亚科斯能比的。更何况曼联这帮小年轻未必稳定，但论气势球，那可是谁也不服。一个多月之前，索帅同样处于风雨飘摇的位置时，就有观点认为，惨败利物浦有可能让索帅下课。但在那个时候，你也应该能看出来，曼联惨败几乎是没有可能的，因为保证下限的防守摆在那里，队内气氛也没出问题。而在大逆转奥林匹亚科斯之时，也早有分析指出了热刺存在的相当程度的隐患。这种趋势性的东西，并不会因为个别比赛结果就显著改变。对，就是趋势。每一场足球比赛之中可能会有其变数，但最忌讳的就是因此去急着肯定或者否定某种趋势。就像索帅赛后说一波连胜就能满血复活，你也得谨慎地考察一下，因为赢了热刺和一波连胜并没多大关联。同理，热刺这场比赛退了之前的“虚火”，也没必要大惊小怪一棍子打死。真跟中下游球队打，目前的热刺还是比曼联更有办法一些的。上周末尤文的比赛之前，一看赫迪拉没首发，就有拥趸表示舒服了，要大胜了。的确，他这赛季表现不理想，但尤文中场又有多少更好的方案呢？足球要真是这么简单的加减法倒好了，不上谁谁就能赢球，那让我带也知道怎么赢。因为处理球能力不行被有些球迷黑得体无完肤的马图伊迪也没首发，结果他不在，尤文前场逼抢形同虚设，数次轻松被人打穿。投资学中有一种非常重要的方法叫做基本面分析，这个说法也可以套用到绿茵场上，即每支球队都有其基本面，这是与他们的阵容配置、常用的人员安排和战术打法密切相关的，具备相当的稳定性和可靠性。比如曼联长于反击而不擅长落阵地，切尔西阵地战办法更多但防守端不够稳定，巴萨时常要担心覆盖面和运动能力，马竞有前场配合却没人终结……当这种基本条件落位的时候，有时候教练能做的改变是有限的。比如你会抱怨萨里的尤文踢得难看，但当球队里几乎没人有带球能力的时候，除了传来传去还能怎么办呢？也正是基于这种基本面，你知道拉什福德在这样的场合会有很重要的作用，这是和他的技术特点、比赛局面以及之前比赛的例子密切相关的。如果你是一个对曼联本赛季趋势有着很好的判断的球迷，就知道这场胜利并没有那么不可思议，胜利之后也不会就是一片光明。这其实就是足球内在的某种规律，看球久了，理解得深了，自然会更了解这种规律一些。足球不是加减法，也体现在进攻球员或者明星球员的堆砌上。如果巴萨排出MSG组合，自然需要格列兹曼在防守上做一些牺牲；萨里至今都拒绝多试C罗-迪巴拉-伊瓜因三叉戟，是因为只要这么上就会立刻失去场上平衡。甚至包括谈论梅罗的国家队队友时也是，听起来阿根廷明星云集，葡萄牙名气不大，但葡萄牙这几年始终才是整体性更强、更平衡的那个。平衡，趋势，基本面，这样的说法显然是不如超神、天坑、毒瘤来得吸引人，但这才是判断足球比赛大体进程的正确方式。就像2018年世界杯的时候，没打阿根廷之前煽乎没怎么听过的冰岛是弱队，打平了阿根廷立马又觉得冰岛好强剑指出线，结果两次判断都错误。这就是信息了解得不够，又只会进行简单的加减乘除推演，根本没有把握住实质性的规律。换言之，曼联原本就没有媒体渲染得那么惨，热刺也没有面上的三连胜那样美好。这场比赛曼联有戏而热刺不好打，对两队够了解的双方拥趸应该是能判断到的，对比赛的走势和结果也不会太过意外。如果是这样的话，恭喜你，你对这场比赛的判断是基于长线的分析和理解，而不只是做做加减乘除，拿着夸张的数据和报道看热闹的。正因为看长线而不是一场论，所以你也会知道，不必大喜过望或者破口大骂。当这场比赛硝烟散尽，那些惊天动地的报道过了热度之后，曼联和热刺各自的路都还长呢。（新浪体育 华迪维亚 专栏）新浪国际足球原创专栏：点击进入作者其他文章：点击进入作者专栏梅西金球险胜范戴克 真靠那些不懂球的记者？C罗开始卖情怀时 梅西有多强恰恰最不用金球证明破荒！救主！但你发现没 C罗像个普通球员了|gif球场老大爷奥义！跑不动的伊瓜因 凭什么虐我|gif
穆帅当世第一人蜜！把穆帅纹遍全身 若泽让我融化,今年62岁的薇薇-博迪科特，一定是这个世界上最痴迷穆里尼奥的人之一，她在自己身上纹满了和穆帅有关的图案。这位来自英格兰莱斯特希尔的退休教务助理，这些年来一直追随穆里尼奥，并且在自己身上拥有了38处关于穆帅的文身（最新一处是在穆帅入主热刺后所做），花费了超过2000英镑（约合一万八千元人民币）来完成这些作品。薇薇说：“这几年来，我确信我花了几千英镑，来做若泽-穆里尼奥的文身，但这绝对是值得的，因为我爱他。我还想花更多钱，事实上，我已经在考虑下一处做什么了。”薇薇的第一处穆帅文身，是在2017年穆帅入主曼联后完成的，之后就一发而不可收。她说：“若泽很英俊，很聪明，我喜欢他作为主教练达成的成就，他绝对让我融化了。”“我会把若泽-穆里尼奥放在所有主教练之上，包括瓜迪奥拉，唯一接近穆帅的是波切蒂诺，但他也没法和若泽比。看若泽执教一支球队，太性感了，我打赌他闻起来也会很美妙。”“无论若泽去哪里，我都会追随。我关注他去曼联，我认为在那里他受到了糟糕的对待，那不是若泽的错，而是俱乐部的问题，因为一切都在索尔斯克亚身上重演了。从更大的蓝图去看，曼联现在实际上更糟糕了。”“当他得到热刺的工作，我为他欣慰，我去买了所有的报纸，阅读每一篇关于他的网上报道，我就是没够。”当被问到她的丈夫会不会因此吃醋时，薇薇说：“他喜欢我这么做，他也爱若泽-穆里尼奥。”（皮特洛赫里）
曼联出价比皇马高也没用 当年这张王牌只想投皇马,据里昂俱乐部主席奥拉斯透露，当年曼联对卡里姆-本泽马的报价是高于皇马的，但法国前锋一心想去伯纳乌。2009年，本泽马是欧洲最炙手可热的新星之一，之前两个赛季在法甲进球37个。弗格森曾想把本泽马带到老特拉福德，但法国人只希望去皇马。奥拉斯说：“当卡里姆决定离开里昂的时候，我们有两份报价：曼联和皇马。”“卡里姆来找我，我们之间的关系是彼此信任的，他告诉我：‘我的梦想是为皇马踢球’。因此他去了皇马（转会费3500万英镑），虽然皇马的报价比曼联要少。”加盟皇马至今，本泽马获得了两次西甲冠军、两次国王杯、四次欧冠，另外还有两次西班牙超级杯、三次欧洲超级杯和四次世俱杯冠军。（皮特洛赫里）
兰帕德欢呼切尔西找回王牌：他不在时当然想他,切尔西主帅兰帕德盛赞伤愈复出的蓝军中锋亚伯拉罕，并表示不必为后者设立进球数目标。22岁的亚伯拉罕本场对维拉打进了个人本赛季第11个英超进球，还助攻芒特打进制胜球。上赛季他租借到维拉效力，40场打进26球，双方有着深厚感情，亚伯拉罕破门后没有庆祝，而本场结束后，做客到斯坦福桥的维拉球迷唱起了亚伯拉罕的名字。“每天在更衣室里，亚伯拉罕的存在感都在增加，靠的是他的激情和胜利的欲望，”兰帕德说，“他现在已经接近联赛射手榜的首位了，他展示出了各方面能力，撕扯防线，带领起我们的压迫。”“当然，如果一个球员势头特别好，当他不在时你会想念他，而今天他复出，一下子就找回了之前的感觉。”兰帕德还表示，不会给亚伯拉罕设立进球目标。“不，我想我不需要，他是一个饥渴的小伙子。我从不设定目标，不必造空中楼阁。你能说的是，他们每场比赛，能否继续进球，能否保持饥渴，能为全队做些什么。目前他做到了，也在进球。”比赛最后阶段，亚伯拉罕似乎再次受伤，一瘸一拐的离场，但兰帕德表示问题不大。“看起来并不是太糟糕，所以我觉得他没事。”（Kata）
索帅盛赞曼联阵中新王牌 当年那支红魔他也能立足,曼联在主场2比1击败热刺，主帅索尔斯克亚点名表扬了红魔中场麦克托米奈，称后者的状态简直是“不可阻挡”。麦克托米奈上个月因为脚踝伤情休阵，如今回归后给了球队极大的助推。索尔斯克亚说：“你几乎可以说，他目前是不可阻挡的。他带给我们在对抗上的帮助，他在中场带给我们的领导力，也让弗雷德被解放了。”“我想弗雷德今天也很出色，一流的，他们是很好的搭档。”“麦克托米奈昨天开始训练，只是和预备队一起的轻度练习，但他是一个强悍的小伙子。他本场的表现绝对顶级，这也是你所预期的，每天在训练里，你都看到这个小伙子一切都干的很好，准备的很好，你是希望自己队里有这类球员的。”“他如此职业，他不惧怕任何大牌，他只想尽自己努力达到最高标准，我在曼联想要的就是这样的人。”“当我在曼联效力时，那个阵容，他也很合适，他可以很好的融入那个阵容，因为他来自青训，他是自己人，他是当地人，他知道曼联意味着什么。”（皮特洛赫里）
利物浦“非常规”胜利更美妙 克洛普：这感觉最棒,利物浦在默西塞德德比中5比2大胜埃弗顿，红军主帅克洛普表示，看到一些非主力球员发挥出色，这种感觉是最棒的。本场替代萨拉赫和菲尔米诺首发的两名球员，奥里吉（2球）与沙奇里，都取得了进球，前者已经在过往4场安菲尔德德比战中打进5球。克洛普说，非主力球员闪光，这对球队是一个极大的帮助。“作为主教练，你肯定希望如此，小伙子们确实做到了，作为主教练，这是你能得到的最美好的感觉。”“这并不让我意外，但我没料到会这么好，真的很优秀，这帮助了球队。小伙子们现在知道，我可以很容易的告诉他们，他们是多么出色。当他们打出这样的表现，对于全队来说都是非常好的。”利物浦在15轮英超中拿下14胜1平（45分里拿到了43分）的佳绩，实在令人惊叹，但克洛普表示，重要的是向前看。“这只是个数字，43分，但等我们打伯恩茅斯时，想要的数字是3（分），对手对他们的处境不满（伯恩茅斯最近四连败），他们想反弹，而我们必须做好准备。”“这是我现在唯一考虑的，数据等到赛季后看会很酷，但在赛季中，我不感兴趣。”（Kata）
还能火几年 尤文主管：C罗完蛋了？别逗我笑了,据尤文图斯体育主管法比奥·帕拉蒂奇称，克里斯蒂亚诺·罗纳尔多“比以前更强壮地回来了”。帕拉蒂奇对有关这位经验丰富的前锋在错失金球奖后“完蛋了”的说法嗤之以鼻。C·罗纳尔多选择不参加在巴黎举行的金球奖颁奖典礼，而是选择在米兰的足球盛会上露面，这位尤文球星在那里获得了意甲联赛的奖项。C·罗纳尔多获得了意甲最佳球员奖，他上赛季在联赛中攻入21球，帮助尤文赢得了他们的第八个联赛冠军。帕拉蒂奇被问到C·罗纳尔多最近的状态是否意味着这位34岁的球员的能力在下降，在过去的5场比赛中他仅 为斑马军团进了一个球。尤文主席拒绝了这种说法，他告诉都灵体育报：“克里斯蒂亚诺完了？别逗我笑。C·罗纳尔多的膝伤让他无法发挥出最佳状态，但现在他比以前更强大了。”在谈到金球奖时，帕拉蒂奇补充道：“对我来说，C·罗纳尔多上个赛季也当之无愧，他在欧冠中打进了很多关键的进球。”C·罗纳尔多本赛季也应该获得金球奖。他是个好胜的动物。我们和他一起做了很好的投资，他提高了我们所有人。我们必须接受他的饥渴，这是他区别于其他人的地方。他会留在尤文图斯吗？当然。”帕拉蒂奇还借此机会对马泰斯·德里赫特大加赞扬，因为他赢得了科帕奖，该奖被授予21岁以下的最佳球员。德里赫特在7月份以7500万欧元的价格从阿贾克斯转会到了尤文图斯，帕拉蒂奇认为这是俱乐部最好的交易之一。“我越看他，就越觉得他是个怪物。他属于另一个类别。”帕拉蒂奇说：“你知道20岁在大俱乐部首发意味着什么吗？由于基耶利尼的受伤，他很快就加入了比赛。他立即承担了巨大的责任，这太疯狂了。他是我们最好的年轻球员买卖。他将定义一个时代，我对此深信不疑。”
2019洲际射手榜：C罗20球登顶 梅西仅列第13,C罗在2019年经历了状态起伏，但在洲际赛场上，C罗仍然进球如麻。据统计，截止到11月，C罗成为2019年度洲际射手榜第一名。据 IFFHS（国际足球历史与统计联合会）统计，2019年（截止到11月）足坛球员代表 国家队时在国际A级赛事的进球数，以及在球员代表俱乐部时在洲际赛事的进球数之和，最高为20球，这一数组归属于C罗。而英格兰+热刺队长凯恩以19球排名第二，斯特林、莱万、劳塔罗、吉鲁都进入前十，梅西则排名第13，孙兴慜则排名第15。前20名完整榜单：1、C罗：20球（国家队14球，俱乐部6球）2、凯恩：19球（国家队12球，俱乐部7球）3、阿里-马布霍特：17球（国家队17球，俱乐部0球）4、斯特林：17球（国家队8球，俱乐部9球）5、阿里-阿尔莫兹：16球（国家队15球，俱乐部1球）6、莱万多夫斯基：16球（国家队6球，俱乐部10球）7、奥马尔-索马：15球（国家队8球，俱乐部7球）8、劳塔罗：14球（国家队8球，俱乐部6球）9、吉鲁：14球（国家队6球，俱乐部8球）10、绍穆罗多夫：13球（国家队13球，俱乐部0球）11、格纳布里：13球（国家队9球，俱乐部4球）12、阿兹蒙：13球（国家队8球，俱乐部5球）13、梅西：13球（国家队5球，俱乐部8球）14、法伊萨尔：12球（国家队6球，俱乐部6球）15、孙兴慜：12球（国家队3球，俱乐部9球）16、米特罗维奇：11球（国家队11球，俱乐部0球）16、扎哈维：11球（国家队11球，俱乐部0球）18、卡尔塔克：11球（国家队10球，俱乐部1球）19、久巴：11球（国家队9球，俱乐部2球）20、博内德贾：11球（国家队8球，俱乐部3球）20、希门尼斯：11球（国家队8球，俱乐部3球）20、维纳尔杜姆：11球（国家队8球，俱乐部3球）（长歌）
梅西：FIFA年度最佳为何选马内？我真爱看他踢球,梅西夺得个人第六座金球奖，得奖后，梅西表达了自己对马内的欣赏。在接受采访时，记者问到梅西为何在FIFA评选最佳球员时将票投给了马内，梅西回答称：“今年有很多很多出色的球员，但我投了马内，这是因为看他踢球我真的很享受，他和利物浦一起经历了一个伟大的赛季。”此前在FIFA票选年度最佳球员时，作为阿根廷队长的梅西，将第一票、第二票和第三票分别投给马内、C罗和德容。马内也感谢了梅西：“ 梅西为你投票的感觉真是太棒了！ 我有投票给梅西吗？当然了。梅西排在范戴克之后吗？不，范戴克很伟大，也很出色，但这里我得和他说抱歉了，梅西必须排在前面。”（长歌）
西媒：皇马越来越有冠军相！西甲要和巴萨掰手腕,“皇马有了冠军相”，西班牙《阿斯报》在最新的一篇评论中指出，皇马的多个指标让人想起2016-17赛季，那个赛季齐达内拿到了西甲和欧冠的双冠王荣誉。《阿斯报》表示，就赛季开局来说，皇马球迷可以对球队充满信心了，因为这个赛季的皇马和过去2个赛季有了很大不同。上赛季到2月份，皇马落后巴萨已多达8分，而2017-18赛季，皇马到12月份就落后巴萨11分了。本赛季第3轮，皇马还处在第五的位置上，落后于马竞、毕尔巴鄂、塞维利亚和莱万特，但14轮比赛后，皇马和巴萨的分数一样了。算起来，这是皇马2017年夺得西甲冠军后的最佳开局。《阿斯报》认为，一些迹象让皇马球员可以梦想拿到10年来的第三个西甲冠军。巴萨近年来大大减少了与皇马的西甲夺冠次数差距。最近20年，巴萨拿到了10个西甲冠军，而最近10年更是拿到6个。“我们获得了欧冠奖杯，但在西甲和国王杯上……这方面我们也必须要提高。”齐达内回归皇马后就这样表示。14轮比赛后，皇马拿到了31分，而2016-17赛季同期皇马拿到34分，也就是说，现在的皇马同期只少拿了3分。当时皇马获胜10场，这次是获胜9场。输球方面，本赛季皇马输掉1场，2016-17赛季同期还没输球。但这赛季皇马丢球更少，同期少丢了1球。当时皇马的中场是克罗斯、卡塞米罗和莫德里奇，现在这些球员还在，而且巴尔韦德爆发了，体现出重要性，而当时科瓦契奇零星参与。有意思的是，这个赛季和那个赛季，皇马都被比利亚雷亚尔逼平了。这些迹象都给出了皇马能夺冠的暗示。不过，仅仅一些迹象重合还不够，接下去皇马就面临巨大挑战，未来一个月内他们将在西甲对阵瓦伦西亚、巴萨、毕尔巴鄂竞技、赫塔菲、赛程十分艰难，也能真正检验出这支球队是否具有冠军相。（塞尔吉奥）
1098天!皇马将失去世俱杯冠军章 踢巴萨是最后1战,今年的世俱杯决赛将于12月21日在卡塔尔进行，一天后12月22日皇马同毕尔巴鄂竞技的比赛中，皇马将在时隔1098天之后，第一次身穿没有世俱杯冠军徽章的球衣比赛。2016年的12月18日，皇马击败鹿岛鹿角，开起了世俱杯三连冠的征程。那天的决赛结束之后，皇马的球衣赞助商阿迪达斯立即推出了新款皇马球衣，球以上印有世俱杯的冠军徽章。在2017年3-0战胜塞维利亚的比赛中，皇马正式身穿这件球衣亮相。世俱杯的冠军徽章，陪伴皇马踢了172场正式比赛，皇马取得了108场胜利，总共打进了392粒进球，失球数为200球。自从国际足联决定世俱杯冠军球队的球衣上将印有世俱杯冠军徽章之后，皇马是享受这一荣誉时间最长的球队。2007年，AC米兰第一次享受到这一荣誉。在那之后，皇马、曼联、巴萨、国米、拜仁等球队都享受到了这一荣誉。而十分巧合的是，12月18日皇马同巴萨的国家德比，将会是皇马享有这一荣誉的最后一场比赛。（林登万）
皇马挖姆巴佩有戏！巴黎开价：拿这妖星+钱来换,“维尼修斯+欧元换姆巴佩”，周四的西班牙《阿斯报》在封面打出了这样的标题，按照该报的说法，大巴黎方面要求皇马在谈判时将维尼修斯列入交换计划中。之所以这样，是因为大巴黎俱乐部的体育主管莱昂纳多，视维尼修斯为未来的世界级巨星。梅西获得了2019年的金球奖，阿根廷人的地位现在无人能撼动，那未来呢？很多人都相信，姆巴佩将是未来金球奖的最热门竞争者。20岁的姆巴佩在本届金球奖评选中排名第六，已经非常接近那些成名巨星。很久以来，姆巴佩都是皇马的梦想，是皇马的一号目标。齐达内也多次公开表示过这一点。皇马正密切关注他的续约事宜，如果他不与大巴黎续约，那皇马引进他会容易很多。值得一提的是，姆巴佩也对皇马很有好感，在金球奖颁奖典礼上就显示了这一点。姆巴佩还与维尼修斯合影，并写下了“跟我的朋友一起”的句子，维尼修斯则称姆巴佩为“巨星”。大巴黎肯定不会轻易放姆巴佩离开，他们正在与姆巴佩团队谈续约，不过姆巴佩并没有接受大巴黎的续约条件。而据西班牙《世界体育报》报道，姆巴佩的团队认为，如果他转会皇马，那赢得金球奖会容易很多。姆巴佩的团队正精心维护他的形象，包括接广告也是非常小心，只接了几个很适合他的大品牌。大巴黎想与姆巴佩续约，姆巴佩目前的合同到2022年结束，而2022年是卡塔尔世界杯举办的年份，他们与姆巴佩签约到这个日期有战略意义。不过在那之后，大巴黎还是希望姆巴佩能继续留下，为此，大巴黎愿意给姆巴佩足球世界第二高的年薪，仅次于梅西。但姆巴佩希望能获得更高的地位。姆巴佩的团队知道皇马和弗洛伦蒂诺的影响力，去年虽然法国拿到了世界杯冠军，但拿到金球奖的却是莫德里奇。姆巴佩的团队相信，如果球员加盟皇马，那获得金球奖会容易很多，这不是说皇马能操纵金球奖，而是说皇马影响力更大，能对投票者产生更大影响。尤文图斯球员以及高层指责皇马不让C罗得奖，更是验证了姆巴佩团队的猜想。在全球影响力方面，皇马大大超过大巴黎，大巴黎能开出更好的经济条件，但到皇马拿金球奖更容易的想法，诱惑着姆巴佩。值得一提的是，大巴黎对维尼修斯感兴趣，按照《阿斯报》的说法，大巴黎已经表示，如果要谈判，必须要将维尼修斯列入交换计划。维尼修斯现在并不受齐达内的信任，但皇马高层相信维尼修斯的水准，认为他未来能成为巨星。有关姆巴佩的转会，各家媒体存在不同的说法，而未来肯定也会出现更多的章节。（伊万）
神锋拒巴萨曼城:在国米就像家一样 我和卢卡库…,关于巴萨和曼城的出击，最近频繁围绕的转会传闻，劳塔罗向国际米兰表达了忠心！“国际米兰就是我的家，对于我来说，有一些情感的东西是非常重要的，比如这里的球迷粉丝很爱戴我，这实在是太美妙了！我尝试着一直保持着谦逊，并且用我自己的实力和表现展示自己配得上身上穿的这件蓝黑球衣。我想要向国际米兰，所有的内拉们贡献出我的一切！”“当我走进球场的那一刻，我就提醒自己无比保持全神贯注，我的头脑、我的脚全部都要交给比赛。我很高兴我今天在球场上取得的成绩，同时也要感谢幸运女神的眷顾，但是我们绝对不能在比赛中任何时候忘记任何细节。我一直在训练中尝试做到最好，主教练的方式和策略对我很有提升，他对每个人的训练要求都一样，因此我们每个人都必须进行最大程度的训练才能比赛。”“我与卢卡库之间日渐默契，就算在场外，他也是一个很出色的人，我们的目标是尽可能的在各项赛事中出击，尽可能的帮助球队！”（Alduin）
利物浦球迷嘲讽梅西：小偷！把金球奖还给范戴克,在今年的金球奖竞争中，梅西击败范戴克，拿到了个人的第六座金球奖。不少利物浦球迷对此并不服气，他们打出横幅让梅西把金球还给范戴克。利物浦同埃弗顿的比赛，是金球奖颁奖典礼结束之后利物浦的第一场比赛，利物浦球迷在安菲尔德球场外打出横幅，嘲讽梅西，认为范戴克该拿金球奖。横幅上写着：“金球奖被盗了！如果有人找到了，请把它交还给它的合法拥有者手中。”根据《法国足球》公布的得分详情，梅西的分数为686分，只比范戴克高了7分，领先优势十分微弱。（林登万）
劳塔罗：国米就是我的家 二弟在时候我很难上场,直播吧12月5日讯 当地时间4日，劳塔罗-马丁内斯接受了意大利天空体育的采访，他讲述了孔蒂来到国米后带来的改变。劳塔罗表示此前由于伊卡尔迪的存在球队只能踢单前锋，自己很难获得出场空间。劳塔罗本赛季已经斩获13粒进球：联赛8个、欧冠5个，总出场数为19场，这些数据说明阿根廷人正处在最佳状态，他跟卢卡库组成了超级搭档。阿根廷人说道：“国米就是我的家。平常大部分时间我都在球队度过，国米对我非常重要。从我来这儿的第一天，这里的人们就展示了对我的爱，这对一个球员、一个新人来说非常重要，因此我想努力工作、谦逊地证明自己有能力穿上国米球衣。我的目标就是让球迷和家人开心，我的家人为了我遭受了更多的苦难。利用这次采访，我想给家人送上问候，他们都在阿根廷，他们看到我在这里很顺利一定会开心的。”“上赛季，教练只打单前锋，我知道，排在我前面的是队长伊卡尔迪，对国米来说他是最重要的球员，显而易见，我很难踢上球。我总是在训练中全力以赴，但我明白，也只能这样了。那时候只能获得短短几分钟的出场机会，跟现在是不一样的。”“今年，我打出了一届非常优秀的美洲杯。然后我遇到了孔蒂，他工作起来高度专注，他对待每个球员也是这样，所有人在训练中都要尽最大努力。罗梅卢（卢卡库）无论在场上场下都是好人。我们正在按照教练的指示工作，我们要把国米带到更高的水平。”国米历史上有很多伟大的阿根廷球员，对此劳塔罗表示：“大家都了解国米的历史：伊卡尔迪、萨内蒂、米利托、坎比亚索，这让我有了更大的责任感，但这能帮助我成长，让我更努力地工作。”“孔蒂给了我信心，这是一名球员所需要的东西。相比斯卡洛尼，他会用不同的方式来表达。这个赛季，教练让我的身体状况有了进步，尤其是在营养上，这些变化在球场上能反映出来。我们每周都会努力训练应对比赛：罗马、巴塞罗那、包括对阵斯帕尔。我们这样做是为了证明我们是国米，我们永远想拿三分。我们的目标就是踢好当下的比赛，然后考虑下一个对手。”（直播吧）
意媒尤文炮轰皇马：耍阴招！偷了C罗去年的金球,据西班牙《阿斯报》报道，梅西获得今年的金球奖，C罗未能得奖，皇马与今年的金球奖关系不大，然而他们却躺枪了：尤文图斯俱乐部的代表和意大利媒体都炮轰了皇马，认为是导致皇马了C罗不能得奖。《米兰体育报》将C罗放在了报纸封面，并打出了“星际战争：尤文图斯对皇马的攻击”的大标题。意大利媒体刊登了基耶利尼谈金球奖的话题，这位尤文图斯球员炮轰了皇马，认为是皇马不想让C罗拿金球奖，因为C罗已经离开了皇马。去年是莫德里奇拿到了金球奖，不过基耶利尼认为，拿到过世界杯冠军的球员，比如博格巴或者格列兹曼更配得上拿金球奖，他将去年的金球奖评选形容为“真正的盗窃”。而尤文图斯俱乐部体育主管帕拉蒂奇表示，C罗配得上金球奖，他还确认了C罗将留在尤文图斯。《阿斯报》认为，帕拉蒂奇的话，加上基耶利尼、德里赫特、C罗姐姐以及其他一些对此发表的观点，足以推断出一个事实，那就是围绕C罗，存在俱乐部之间的战争。《米兰体育报》对比了最近5年皇马和尤文图斯的夺冠数量以及在转会市场上的投入，并指出弗洛伦蒂诺对C罗的离开感到心痛，皇马不知道怎么样填补C罗留下的空缺，而皇马一些球星的缺陷也因C罗离去而暴露。C罗的7号球衣一度给马里亚诺，而后者在齐达内的阵容中没有任何地位。不过西班牙《马卡报》认为，是皇马让梅西获得了喘息空间，只有皇马球员才能压制梅西。利物浦夺得欧冠和皇马夺得欧冠是不一样的，正因为如此，现在梅西重新拿到了金球奖，而之前他曾连续3年无缘奖杯，那3年，正是皇马连续夺得欧冠奖杯的阶段。《世界体育报》则指出，C罗无法竞争金球奖，可能与尤文图斯的低关注度有关。“金球奖的投票结果显而易见，除了球员的位置之外，在英超联赛以及西甲巴萨这样的球队踢球，将会得到更高的关注度，这些球队在世界上得到的关注度最高，C罗被尤文的低关注度给害了。”（塞尔吉奥）
热刺这一端彻底烂透了！穆帅空有屠龙招没法使,在老特拉福德球场，热刺踢出了摆烂一般的表现，其中防守端之差劲，让人触目惊心。有人说了，《whoscored》不是给热刺后卫奥利耶打出了8分的高分嘛，这可是场上所有球员中的第二高分，仅次于拉什福德。但如果你看看《每日邮报》的评分，你会发现奥利耶只有5.5分，这可是场上的最低分。事实的真相是，《whoscored》只是机器评分，靠的是简单的数据，有时会和场上的真实情况形成冲突。今天就是如此，而《邮报》的人工评分就很客观，不光奥利耶是不及格分，加扎尼加也是5.5分，防线上阿尔德韦雷尔德、桑切斯、维尔通亨这三人也都只有6分。评分已经明白无误的显示出，热刺的这条防线今天表现很差劲。从比赛的实际情况来看，他们表现之烂触目惊心。曼联拿到了12次射门机会，其中多达7次射正，几乎每次射门，都会惊出热刺球迷一身冷汗。如果不是曼联进攻球员把握机会能力不强，热刺早就遭到曼联屠杀了。具体到第一个丢球，弗雷德的直塞其实很差，可达文森-桑切斯却把球铲给了拉什福德，他自己丢掉了禁区内的位置，拉什福德随后拿球轻松进入禁区，一脚爆射破门，加扎尼加的扑救也遭到名宿广泛质疑，他这一下太过大意了。比赛中，这样的场面多次出现，这都说明了热刺的防守太差劲。穆帅执教四场，热刺场场都丢2球足以说明问题。所有人都知道穆里尼奥的最大优点就是调教防守，但在热刺，穆里尼奥却颇有点无处下手的感觉。穆里尼奥一身防守方面的本事无处施展，究其原因，还是在于热刺的防线人员配置有严重问题。阿尔德韦雷尔德、达文森-桑切斯都不是防线统帅型后卫，罗斯、戴维斯、奥利耶、维尔通亨（最近被穆帅用做左后卫）等人也不是顶级边卫，他们要么只能顾防守，要么只能顾进攻，想要攻防兼备根本不可能。这就是穆里尼奥如今面临的窘境，或许他只有等转会市场窗口开启，买入新后卫后才能彻底解决问题。（小九）
金球奖主办方：11月就告知梅西获奖 他连问真的吗,日前，梅西收获了个人的第六座金球奖，完成了前无古人的成就。金球奖主办方《法国足球》杂志负责金球奖投票和审查的编辑帕斯卡-费雷表示，自己在打电话告诉梅西获奖时，他开心的像个孩子。费雷表示，在11月中旬，金球奖就已经统计出了最后的结果，并且将这一消息告知梅西，当时梅西正在马略卡，准备同巴西队的比赛。费雷说道：“我们通过电话告知了梅西这一消息，这是一次非常自然的对话。我告诉他，我想和他聊聊金球奖，我有个消息要告诉他。梅西回答说，他也听到了一些谣言。”“我这样回答他：‘他们说的不是谣言，我正式宣布你已经获得了金球奖。’然后梅西确认了好几次，‘真的吗？真的吗？真的吗？’他这样重复了几次，我回答说，是，是，是，你是最终的赢家。”费雷表示，梅西对金球奖十分渴望，梅西得知获奖后高兴的像个孩子：“看起来他非常想念这座奖杯，这就像一个孩子，他已经习惯了在每年的同一天拿到礼物，直到最近几年他几次没收到礼物，他会无比怀念这座奖杯。”（林登万）
瓜帅误把曼城叫成拜仁 当众狠打脑门惩罚自己gif,曼城战胜伯恩利，主帅瓜迪奥拉带队止住最近波动的局面。但在赛后的新闻发布会上，他却因一次口误“打”了自己。在赛后新闻发布会上，瓜帅聊到了罗德里的凌空世界波进球，紧接着瓜帅却出现了口误：“我觉得罗德里完美适合这个联赛，我觉得拜仁……”当意识到自己说错之后，瓜帅用右手狠狠拍了自己的脑门，赶紧改口：“曼城！曼城买了……拜仁什么拜仁，我XXX都说了啥……应该是曼城！我都不知道我在想什么。”（长歌）
梅西母亲：没想到他能拿金球 以为第5座是最后1次,在前不久结束的金球奖颁奖典礼上，梅西捧起了个人的第6座金球奖。他的妈妈西莉亚-库奇蒂尼在接受CNN采访时表示，她没想到梅西能拿金球，并表示自己以为第5座金球奖已经是梅西的最后一座金球奖了。库奇蒂尼表示：“我真的非常开心，我们没想到他能拿到这座奖杯，我们都认为第5座金球已经是梅西的最后一座金球奖了，这真的是一个意外的惊喜。”“我一直非常感动，梅西的职业生涯中，他每天所取得的成就都会让我们感到惊讶，更重要的是，成为一个人品出众的人，这才是最主要的事情。”库奇蒂尼也表示，她很后悔自己本周不在巴塞罗那，如果她知道梅西能获奖，她一定会确保自己在巴塞罗那。对于外界时不时出现的对梅西的批评，库奇蒂尼表示：“老实讲，这些话伤害到了我，因为你们（媒体）可以批评，但是要在不冒犯、不嘲笑别人的前提下。显然，作为一个母亲，我感到受到了伤害。”最后，库奇蒂尼也谈到了明年的美洲杯：“我们很清楚，他也很清楚，我们全家人都很清楚，他对阿根廷的感情，但是谁有会比他更想赢世界杯和美洲杯呢？”（林登万）
穆里尼奥赴曼联更衣室恭喜索帅 这句解释彰显气度,憋着一肚子劲儿想要赢球，结果最终却败走梦剧场，今晚的穆里尼奥无疑是失落的。但输球的痛苦却没有让穆里尼奥失去理智，他在赛后依然保持了风度。《每日邮报》透露，穆里尼奥在热刺1-2输给曼联后，亲自前往曼联更衣室，当面向索尔斯克亚表示了祝贺。穆里尼奥赛后也证实了这一点，他对自己的行为进行了解释：“这没问题，怎么了？我和索尔斯克亚之间又没发生什么，我没敌对过他，他也没有敌对过我。所以，我们之间为啥会有问题呢？”按照穆里尼奥的说法，他本人对索尔斯克亚并没有意见，他或许对一些曼联球员、高层有意见，但这其中却没有包含索帅，毕竟索帅是在他下课之后，才来曼联执教的。而穆帅的解释也显示出，他经过一年时间的沉淀后，似乎变得更沉稳，心胸和气度也更大了，至少现在来看是这样的。未来怎样，这显然还得继续观察。（小九）
索尔斯克亚:曼联一波连胜就满血复活 赢球真快乐,英超第15轮，曼联主场2-1战胜托特纳姆热刺。赛后，红魔主帅索尔斯克亚接受了记者的采访，他认为曼联本场踢出了一场完美的比赛，尤其是拉什福德。索尔斯克亚说：“当然，赢球总是能够让你感觉到快乐。小伙子们踢得很棒，我们一直都在学习与提升。今晚的比赛，最重要的是我们在大部分时间内都表现得非常好，胜利是我们应得的。这场比赛的3分意义重大，本赛季我们遭遇了太多的平局，而有些比赛我们是可以取胜的。我们在领先的时候丢了太多的分数，过去两场比赛是一个教训，我们当时一度反超的比分，但却没有拿下比赛。”在谈到曼联重建的过程时，索帅说：“我们有一个长期的计划，我们已经开始了重建。我们每个人都希望这支俱乐部能够变得更加出色，找回昔日的荣光。所以在这一点上，我们不能只看眼前，必须要有长期并且可行的计划。当我们连续赢下3、4场球时，人们会找回当年曼联的感觉。”拉什福德本场梅开二度，成为了全场的MVP，对于拉师傅的表现，索帅赞不绝口：“这是最好的拉什福德。也是在我执教之下他踢得最好的一场比赛。在面对英超顶级球队时，拉什福德表现的非常沉着冷静，对进球充满着渴望，无所畏惧。第一粒进球，我们都知道他有着非常出色的远射能力，除了这粒进球之外，他还有3、4次这样的机会。”索帅继续称赞自己的爱徒：”拉什福德罚点球时，也非常冷静。今晚的拉什福德，就像是回到了学校的操场，或者是自己家的后花园，他彻底释放了，踢得非常自如。你能看得出来，他非常享受踢球的快乐，老特拉福德的7万5千名球迷也希望看到最棒的他。”（Cinderella）
热刺核心检讨：全队态度不如曼联 本想为穆帅赢球,热刺在梦剧场1-2不敌曼联，虽然比分看起来不算难看，但看了比赛的人都知道，热刺这场踢的有多么的狼狈。赛后热刺核心阿里也做出了检讨。阿里这场首发出场，他为热刺攻入一球，表现得到了人们的肯定，算是热刺全队表现最好的一位球员。阿里表示：“当你输球时，一切都很难积极起来。我们知道我们必须做什么，我们必须要有和对手匹配的精神力。我们输球不是因为曼联实力高过我们，而是因为我们没有饥饿感，我们的踢球态度不如曼联。每一次五五开的拼抢，我们都慢一步。”“也许我们有点自大和过度自信了，我们前几场一直表现不错的。在如此重要的比赛里，我们应该充满信心和自负一点，但绝对得把握合适的度。我们今天有点马虎，在这样的比赛里可不能这么做，否则你会受到惩罚的。”“我们这批队友一起踢了很多年了，我们必须得从失败中吸取教训。我们想要赢下任何一场比赛，也想为穆帅在他曾经执教过的地方赢球。”（小九）
曼联全队打鸡血！玩命死拼穆里尼奥 索帅又续命了,穆里尼奥重返老特拉福德，受到了球迷的热烈的欢迎。但万万没想到的是，曼联的将士们却在默默地酝酿一场风暴。他们并不想让穆帅全身而退。最终，曼联踢出了赛季的最佳一战，主场强势扳倒了热刺。本场的曼联令人眼前一亮。《BBC》说：“看了这支曼联，你会在心中有这样一个疑问，他们还是那支战平谢菲联、阿斯顿维拉的球队吗？他们惊艳无比。”的确，此役曼联的将士们个个都像打了鸡血一样，无论是战术执行力、斗志还是状态，专注度，都堪称是本赛季的最佳的一场比赛。从比赛一开始，曼联就采用了高位逼抢，球员们战术思想非常统一。红魔的第一个进球就是林加德抢出来的机会，之后才有了拉什福德的远射破门。曼联在中前场的快速反抢令热刺有些不适应，本场穆里尼奥的球队没有组织起太多有威胁的进攻，全场只有8次射门。曼联的专注度也非常好，本场没有出现太多的失误，这也并不是一件容易的事情。在战术方面，曼联将士也贯彻的非常好。在上下半场都完美抢下了开局，在比分取得领先之后，曼联就打起了最擅长的反击。更难能可贵的是，红魔全场都保持着高强度，没有给热刺任何喘息的机会。《曼彻斯特晚报》称：“曼联踢出了本赛季最好的一场比赛，赢球也是情理之中的。”从球员个人表现来看，索尔斯克亚说这是他上任以来，拉什福德踢得最惊艳的一场比赛。充满着斗志与自信，敢于承担压力，对进球对胜利充满着渴望。不光光是拉什福德，本场曼联的每一名球员都是如此，曼联的精气神又回来了，看台上的弗格森也终于笑了。就连穆里尼奥都被打服了，他赛后称：“曼联配得上这场胜利。”显然，面对昔日的主帅穆里尼奥，所有曼联球员都憋着一股劲想要赢球。在赛前，《太阳报》曾爆料称，索尔斯克亚跟曼联的球员讲，如果在面对热刺与曼城的比赛当中，再继续输球的话，他有可能被解雇，这也是可能是曼联球员集体爆发的另一个潜在的原因。虽然索帅的执教战绩一般，但这批曼联球员还是非常挺索帅的，他给了年轻球员大把的上场时间。拉什福德、麦克托米奈、格兰伍德等人必然全力以赴，为索帅而战。从另外一个角度来说，曼联本赛季只有今天一场踢出了如此高的强度与水准。这的确是比较遗憾的，如果用今天这样的状态与精气神，面对谢菲联、阿斯顿维拉，或许曼联早已经赢球了。事实证明，曼联的这一批球员还是有能力，并不是外界说的那么不堪，关键还是要看索帅如何让他们稳定的发挥，也许球员的状态会有所起伏，但至少在斗志与积极性上，这批曼联的球员还是能够做到的。联赛是一个漫长的过程，如果单单只靠踢穆帅，或者踢其他强队时打鸡血拼出好成绩，这远远是不够的。（Cinderella）
瓜帅获加泰最佳主帅奖 主动提出和武磊恩师分享,曼城主帅瓜迪奥拉荣获一座年度最佳教练奖杯。本周二，加泰罗尼亚足球联合协会评选出2019年度最佳教练奖，获奖者正是瓜迪奥拉。由于当天瓜帅正在英超联赛中带领曼城对阵伯恩利，因此无法到场领奖，该奖项由瓜帅的父亲瓦伦蒂代领。在颁奖仪式上，被问到有关瓜帅未来是否会重返巴萨执教时，瓜帅的父亲给出回答：“佩普（瓜迪奥拉）有可能回来执教，不过从他离开巴萨那一次，就都是他自己在做决定了，我为他和我其他的孩子们都感到骄傲。”虽然瓜帅本人没有到场领奖，但他特别录制了一段视频表达了获奖感言：“我希望和鲁比（前西班牙人主帅）以及科尔德斯一起分享这个奖项，他们在西班牙人和巴萨女足所做的工作都非常杰出。所有加泰罗尼亚教练们都在帮助足球日益进步，他们会让加泰的足球成为世界范围内的典范。”（长歌）
巴萨官方宣布续约金童至2022 违约金最多可达4亿,北京时间12月4日巴萨官方宣布，同小将安苏-法蒂完成续约，续约后他的违约金上涨到1.7亿欧元。法蒂的新合同到2022年为止，另外在合同到期后，法蒂还可以选择再续约两年。另外，他的薪水也有了显著的增长。实际上在今年6月，法蒂刚刚同巴萨完成一次续约，那次续约之后他的违约金为1亿欧元。不过，随着法蒂新赛季在球队大放异彩，巴萨认为1亿欧元的违约金已经不能确保球队留下法蒂，于是便开始同他进行续约谈判。另外，巴萨在官方公告中还表示：“当法蒂同巴萨一队签订职业合同时，他的违约金将会上涨到4亿欧元。”本赛季法蒂已经在各项赛事中为巴萨出场11次，出场时间为408分钟，并且在对阵奥萨苏纳和瓦伦西亚的比赛中分别进球。（林登万）
兰帕德:和特里当对手感觉奇怪 1大将距离复出还远,凭借亚伯拉罕和芒特的进球，切尔西2-1击败维拉，终结了英超两连败，赛后主教练兰帕德谈到了和特里作为对手重逢的感觉。谈到本场比赛，兰帕德说道：“我认为我们今天很出色，对于能再次赢球我感到很开心，对西汉姆的时候我们遭遇了一些挫折，不过今天我们回来了。我们在下半时表现出来的品质很重要，使得我们在剩余时间里能继续前进，有些让人失望的是我们没能多进2-3个球。”兰帕德也称赞了对手维拉：“维拉非常顽强，阻碍了我们前进，他们有出色的球员，踢得也很团结。”特里以维拉助教的身份重返斯坦福桥，对此兰帕德说道：“这感觉有点奇怪，不过我去年也（作为对手）是这样，这种感觉很困难，但你是职业的，要好好完成自己的工作，这不是一件容易的事情。很高兴特里回到这里得到掌声，特里很谦虚，不想带来太大的波澜，但他就是切尔西的传奇，是俱乐部有史以来最伟大的队长，他配得上一切。”打进一球的亚伯拉罕在最后时刻受伤被换下，兰帕德表示他的伤情并不严重，而对长期伤号奇克，兰帕德透露他距离复出还有一定的距离，并且没有复出的时间表。（斗神）
只有他为穆里尼奥拼命！热刺都像他这么踢怎会输,在老特拉福德球场，热刺球员踢出一场可以称为“丢人”的比赛，他们毫无斗志，毫无饥饿感，犹如一群游兵散勇一样踢球。但热刺也有一人可以昂首挺胸的离开，因为他真的为穆里尼奥拼了。这个人显然是阿里。所有人都知道这场比赛对于穆里尼奥来说意味着什么，狂人当初被曼联更衣室反叛后，曼联高层毫不犹豫的解雇了他。随后的日子里，穆里尼奥的声望受到了巨大的影响，因此再访曼联，穆里尼奥是憋着劲儿想要赢球，毕竟这可是重塑他声望的好机会。但是在这样的一场重要比赛里，热刺却踢的如同一盘散沙，毫无拼劲。纵观热刺全队，也只有阿里是真的拼了。他在热刺落后的不利情况下，硬是打入了一记精彩神球，力助热刺扳平了比分。更让人惊叹的是，比赛第94分钟，也就是比赛最后一分钟里，阿里依然在努力去进攻，他的精彩射门惊出了曼联一身冷汗。哪怕筋疲力尽，哪怕队友早已认命，可阿里就是不服，他还是想要拼一拼，看能不能为热刺和穆帅拼出一个奇迹来。看看数据，阿里2次射门，2次射正，制造2次威胁球机会，这三项数据都是热刺全队最高。别忘了，他还有6次夺回球权。赛后《每日邮报》给阿里打出了7分，这是热刺球员里的并列最高分。看到爱将如此表现，穆里尼奥也很欣慰，他专门称赞了阿里：“阿里很好，他表现很出色，尝试了一切可能，即使在下半场对手防守更严密形势更困难的时候也是如此。”穆帅上任后，阿里彻底复活了。本赛季在波切蒂诺执教的12轮英超中，阿里总计才贡献了2球。但穆帅上任后，他3场英超就打入了3球。穆帅任内总计踢了四场，他都首发出场，数据是4球1助攻。说他是穆帅手里第一王牌，这没有任何错。如果热刺其他球员也像阿里这么拼，热刺又怎么会遭遇如此败局呢？（小九）
利物浦32场不败打疯了！要夺冠+破阿森纳49场神迹,利物浦继续高歌猛进，球队5-2横扫死敌埃弗顿，继续领跑积分榜。同时此役后，利物浦已经联赛已经累计32场不败，战绩为27胜5平，这创造了利物浦127年队史的新纪录。克洛普的红军如今是不可战胜的。此前利物浦队史最长的不败纪录是1987-1988年间创造的31场，如今克洛普书写了新的神迹。纵观英超历史，如今比利物浦32场不败更长的纪录也只剩下2个了。第一个是2003年5月-2004年10月，温格的阿森纳创造的49场。第二个是2004年10月-2005年10月，穆里尼奥的切尔西创造的40场不败。接下来利物浦将向这两个纪录发起冲击。如今利物浦本赛季英超夺冠的形势看好，球队15轮过后已经确立了对积分榜第二名8分的领先优势，占得了先机。只要球队不遭遇大规模伤病，突然崩盘，克洛普是很有机会终结利物浦30年无缘联赛冠军的历史的。（雷利）
怪！索尔斯克亚的曼联有两张脸 劫富济贫只打精锐,在连续战平两支英超升班马之后，被看衰的红魔今天却将目前势头正盛的热刺斩于马下，给了穆里尼奥当头一棒。如今的红魔有个怪像，不管打谁都五五开。面对传统豪强丝毫不落下风，甚至能赢球，但面对中下游球队，却不停的送风。曼联球迷调侃球队如今是劫富济贫，也不无道理。回到本场比赛，曼联对阵热刺，无论是媒体、专家还是球迷都一致看好热刺。原因很简单，曼联伤兵满营，主将博格巴、马夏尔都无法上场，而热刺在穆帅的调教之下已经走上正轨，之前刚刚取得了三连胜。但此役曼联却又变了一张脸，在跟热刺的对抗当中，完全不落下风。从OPTA统计来看，曼联全场有12次射门，并有7次射正，而热刺仅有8次射门，5次射正。索尔斯克亚的曼联总是让人琢磨不透，就像谜一样。本赛季，曼联遇到Big 6时还未尝败绩。主场4-0横扫切尔西，2-1力克热刺，另外战平了不可一世的利物浦，战平了阿森纳。在联赛杯当中，甚至还客场2-1战胜了切尔西。此外，曼联还曾在主场以1-0战胜了目前积分榜排名第2位的莱斯特城。在面对这些英超强队时，曼联5战3胜2平，拿到了11个积分。相反在面对中下游球队时，曼联战绩却惨不忍睹。主场1-2输给水晶宫，客场0-1输给纽卡斯尔与伯恩茅斯。之前两轮分别战平了两支英超升班马谢菲尔德联与阿斯顿维拉。在面对非Big 6球队时，曼联10战2胜4平4负，仅拿到了10个积分。如此糟糕的表现也直接拖累了曼联的战绩。索尔斯克亚说：“本赛季的6场平局，曼联其实都是能够获胜的，但就是临场发挥不佳。”曼联之所以会出现两副截然不同的面孔，这与球队的打法、心态都有直接的关系。众所周知，索尔斯克亚的曼联更擅长于打反击，拉什福德与马夏尔的速度都非常快，在反击当中就会踢得如鱼得水。最明显的一个例子是曼联第一轮4-0战胜切尔西的比赛，红魔有4粒进球有3粒是通过反击打进的。在面对这些球队时，曼联多数是处于守势，这样更有利于反击打法。而在面对中下游球队时，曼联是主攻的球队，没有太多的空间来打反击。这同时也说明，在卖掉卢卡库之后，曼联没有强攻的实力，面对对手摆大巴时，索尔斯克亚往往束手无策，缺乏战术的变化。这也与曼联的阵容结构有一定的关系，球队缺少不同类似的进攻球员，在中前场的阵容厚度也比较单薄。此外，这与曼联球员的心态也有关系。在面对强队时，红魔的将士仍然想证明曼联是顶级豪门，在重视程度上更高一些，在场上踢得也更加卖命一些。比如说今晚的拉什福德，就像是打了鸡血一样，不可阻挡。要解决这样的问题，曼联必须要引进不同类似的进攻球员。好在索尔斯克亚也已经意识到了这个问题，曼联很有可能将在1月份引进一名强力中锋。目前红魔最大的目标是挪威19岁的超级天才哈兰德，他本赛季在欧冠已经轰入了8球。曼联的B计划是尤文图斯的老将曼朱基奇。（Cinderella）
兰帕德的切尔西真核是他！没进球没助攻却是最佳,面对老队长特里担任助教的维拉，切尔西在主场2-1拿下了比赛，取得了国际比赛日后的第一场胜利，而这场比赛的全场最佳，并不属于传射建功的亚伯拉罕，也不是打破球荒的芒特，而是给到了既没有进球也没有助攻的威廉，他全能的表现成为了切尔西获胜的关键。上周末对阵西汉姆的比赛，威廉没有首发，切尔西也在主场0-1失利。本场对阵维拉，威廉回到了首发阵容，他和年轻后卫里斯-詹姆斯组成了切尔西的右路，这一侧也成为了上半场切尔西进攻的主要发起点。开场不久威廉就制造威胁，他接到了普利西奇的传球后小角度抽射，被希顿扑出。切尔西凭借亚伯拉罕的进球取得领先，但近期表现不佳的后防线在半场结束前再次犯错，埃及前锋特雷泽盖门前撞射为维拉扳平比分，双方回到了同一起跑线上。下半时刚刚开始，属于威廉的表演时刻到来了。威廉在右侧禁区线上拿球，面对维拉两人的防守，威廉漂亮地拉球晃开空间，送出一脚精准的传中，找到了禁区内的亚伯拉罕，亚伯拉罕胸部停球架炮，芒特凌空抽射将球打进，虽然不是直接助攻，但威廉在过程中发挥了重要的作用。之后，威廉又频繁为切尔西发动进攻，他的一脚右路传中越过了希顿，可惜亚伯拉罕面对空门竟然没有将球碰到，随后的一次反击，又是威廉斜传找到詹姆斯，撕开了维拉的防线，可惜詹姆斯最后一脚传中有些仓促，被维拉完成解围。威廉不仅进攻端威胁十足，防守也非常积极，比赛来到第64分钟，威廉回到本方禁区附近防守，他机敏上抢断掉了塔盖特，塔盖特被迫对威廉犯规，吃到了本场维拉唯一一张黄牌。接下来的时间，威廉本有机会在进球和助攻上有所斩获，但都距离成功差了一点点，他先是送出一脚直塞，帮助亚伯拉罕获得单刀球机会，亚伯拉罕面对希顿竟然打偏。随后，切尔西获得禁区前任意球，威廉操刀主罚，他打出了一脚极具弧线的射门，可惜希顿做出极限扑救，将球扑到了门柱上。比赛最后时刻，威廉在拼抢中出现了一点受伤，兰帕德也是迅速用若日尼奥将他换下进行保护，接下来切尔西还面临一系列恶战，需要一个健康的威廉。威廉下场时，获得了全场切尔西球迷的欢呼鼓掌。全场比赛，威廉4次射门3次射正，为队友制造了两次机会，同时还完成了4次过人，堪称切尔西的进攻发动机。在《每日邮报》的赛后评分中，威廉得到了全场最高的8分。本赛季，威廉获得了象征核心的10号球衣，一度引起了不少争议。但以威廉的资历和能力，确实配得上这个号码。威廉因为在美洲杯上受伤缺席了球队的季前备战，赛季初表现不尽如人意，但经过快速调整，他已经是兰帕德进攻体系中不可缺少的一员，他是球队前场关键的持球点，更重要的是，在这支年轻的切尔西中，31岁的威廉已经称得上是老将，他的经验对目前的蓝军有着重要的作用，目前他是队内并列的助攻王。在之前对阵水晶宫的比赛中，威廉戴上了球队的队长袖标，上周对西汉姆威廉替补若日尼奥后，也是接过了袖标。威廉本人对切尔西也有很深的感情，目前他和球队的合同在明年夏天到期，之前采访中威廉已经多次表态希望和切尔西续约，并且明确表示在明年1月后不会提前和其他球队洽谈自由转会，兰帕德也希望切尔西能尽快续约威廉。切尔西曾经多次拒绝了巴萨对威廉的求购，以威廉的表现，切尔西提供一份续约合同几乎是一笔稳赚不赔的签约。（斗神）
穆里尼奥:早告诉球员曼联怎么攻 可他们还是防不住,面对曼联，热刺的防守形同虚设，被红魔撕的支离破碎。赛后穆里尼奥有些无奈，他明明有针对性布置，但热刺球员却没有执行好他的战术。本场比赛，拉什福德梅开二度，是曼联赢球的头号功臣。穆里尼奥坦言，他早已布置好对拉什福德的针对性防守方案。穆帅表示：“拉什福德从曼联左路进攻时，他就很危险，我知道这一点，并向球员们提供了这一切信息。他的第一个进球，是典型的拉什福德方式，我们的防守球员很清楚这一点。”“曼联和我们有着相同的目标，输给曼联对我们来说是一种倒退，我们和他们都想进入英超前六名。我们需要继续努力了，我们今天犯了错，但现在哭泣不好，我们周六还有比赛要踢。”这一场输球之后，热刺在英超积分榜上跌落到了第8名，而曼联则排在了第6名，热刺的争四乃至争六形势看起来非常严峻了。（小九）
穆帅认输：曼联配得上赢球 红魔对我的接待很棒,重回老特拉福德，穆里尼奥带领的热刺遭遇了输球，赛后穆里尼奥分析了比赛，并承认曼联配得上赢球。穆里尼奥首先分析了比赛：“在下半场刚开始时，我们就丢掉了一粒本不该丢掉的球。我们没有保持警惕，甚至对手掷界外球时和睡着了一样，我们给了拉什福德发动进攻的机会。”“一旦拉什福德进入禁区，那防守他就更困难了。他很聪明，等着我们来伸脚。上半场一开始，曼联踢的更有侵略性，以及更好，他们取得领先当之无愧。甚至有机会取得2-0领先，然后我们控制了比赛。”“下半场一开始，曼联就进球了，这让比赛可以按照他们想要的方式进行。”“我赛前一直试图告诉球员曼联在主场是如何踢球的。他们对阵切尔西、利物浦时，一直会奔跑、压迫，努力提高支持者的士气。通常情况下，他们踢弱队时反而容易取得不好的结果，这会让很多人误以为，曼联踢强队时也拿不到好结果。但事实不是这样，因为踢强队时曼联的比赛方式变了，所以他们反而踢的更舒服了。他们对这种比赛方式感到满意。”“我们必须得怪自己，我认为曼联显然对这场比赛感到满意，总的来说，胜利是他们赢得的。”随后穆里尼奥谈到了阿里：“阿里很好，他表现很出色，尝试了一切可能，即使在下半场对手防守更严密形势更困难的时候也是如此。”谈及曼联球迷对他的接待仪式，穆里尼奥表示：“很好！有礼貌！有教养！符合我的预期！”（小九）
15场造13球！曼联太子恐怖进化 他憋着劲打穆帅,穆里尼奥重返梦剧场。拉什福德抢了昔日主帅的主角光环，他用梅开二度成为了老特拉福德的英雄，也送给了穆帅在热刺的首场败绩。曼联本赛季的成绩不佳，但客观来说，拉什福德的个人表现一直不差，如果没有他扛着球队的进攻线，曼联现在的成绩可能就更没法看了。马夏尔有伤无法出战，此役进球的重担完全压在了拉什福德身上。曼联王储本场像打了鸡血一样，势不可挡。根据OPTA的统计，全场拉师傅有多达6次射门，并有4射正，都是全场最高的。在跟英格兰最好的前锋凯恩的对话中，拉什福德完全占据了上风。开场仅6分钟拉什福德就为曼联首开记录。拉什福德高速插上接应林加德的回传，他带了两步之后，看也不看球门，直接就是一脚不讲理爆射，球向炮弹一样直飞近角，虽然热刺门将加萨尼加碰到了皮球，但却没法阻止皮球入网。《天空体育》称：“拉什福德今晚踢得相当的自信，而且射门感觉特别好，基本上都很有威胁。”一招鲜，加遍天。第25分钟，拉什福德险些又通过远射轰入一球。套路如出一辙，林加德传球给禁区前沿的拉什福德，后者调整一下之后，就是一记爆射，加萨尼加飞身勉强扑了皮球一下，球重重地砸在横梁上。2分钟过后，拉什福德在左侧禁区内又是一脚漂亮的远射，热刺门将又一次做出精彩扑救。在被热刺扳平比分之后，为曼联挺身而出的仍然是拉什福德。第49分钟，拉什福德在左路疾速突破狂奔，他先是用速度甩开了回追的奥里耶，随后又一次变向晃开了西索科，无奈之后热刺后腰只能下脚犯规，主裁判判罚点球，拉什福德骗过加萨尼加，一蹴而就为曼联再一次反超的比赛。在赛后《Whoscored》的评分当中，拉什福德获得了全场最高的9.3分。在本场完成梅开二度之后，拉什福德本赛季英超的进球数已经来到了9球，并有4次助攻。前15轮比赛，曼联王储就直接参与了球队13粒进球，追平了德布劳内，仅次于瓦尔迪和亚伯拉罕。拉什福德有一颗大心脏，越是遇到强的对手他就越强。拉师傅在英超有4次完成梅开二度，全部都是面对英超的“Big 6”，在英超面对其他英超五支豪门时，拉什福德往往进球效率更高。对阵切尔西，拉什福德总共打入了5球，对阵利物浦总共打入3球，面对热刺3球，面对曼城、阿森纳各有2球入账。在索尔斯克亚上任之后，拉什福德的进步非常明显，进球效率有了大幅度的提升。在穆里尼奥时期，拉什福德踢了81场英超联赛，仅打入15球，场均只有0.18球。而在索帅手下，拉什福德踢了34场比赛就打入了16球，场均0.47球，进球数已经超过了穆帅时期。尽管索尔斯克亚本赛季执教战绩一般，但不得不说拉什福德的确正在兑现自己恐怖的天赋。在穆里尼奥手下，拉什福德成长的比较缓慢，潜力也是忽隐忽现，表现不太稳定。但在本赛季，拉什福德成了曼联的第一大腿，他将是红魔未来复兴的最大希望。（Cinderella）
穆里尼奥输球后这幕火了！索帅对狂人摸头杀|gif,焦点大战热刺VS曼联的比赛，最终以红魔2-1赢球结束。赛后穆里尼奥和索尔斯克亚互动的一幕在社交网站上火了。当主裁吹响终场哨后，虽然热刺输球了，但穆里尼奥还是走向索尔斯克亚，准备和对方致意。索帅和穆里尼奥走到一起后，先是击掌，然后索帅一边和穆里尼奥说着什么，一边对他来了一记“摸头杀”。索帅摸穆帅头这一幕赛后立即引起网友调侃，一位英国网友特意评论了这一幕并配文：“世界名画！”还有英国网友表示：“今晚的比赛其实没啥看头，全场最高光的一刻正是此时！”其实也能理解人们为何聚焦于穆里尼奥和索帅的互动，当初穆里尼奥从曼联下课后，接替穆里尼奥的人正是索尔斯克亚，但当索帅踢出更差成绩时，他的帅位却并没有危险。如今前任和现任直接对话，自然引人关注。最终这场对决，以索帅小胜一手告终。（小九）
克洛普豪取英超100胜！超越爵爷 效率只比穆帅低,英超第15轮，利物浦5-2击败死敌埃弗顿，继续在积分榜上高调领跑。而此役后，利物浦主帅克洛普也迎来了了自己的英超第100场胜利，其效率在英超历史上排名第二位，仅次于穆里尼奥。根据opta的数据统计，克洛普拿到英超100胜用了159场比赛，已经是英超历史上做到这一成就第二快的教练了。排名第一位的仍是穆里尼奥，穆帅拿到英超百胜仅用了142场比赛。排名第三位的是曼联传奇教练弗格森爵士，爵爷总计用了162场比赛。阿森纳前主帅排名第四位，教授拿到英超100胜用了179场比赛。前利物浦和切尔西的主帅贝尼特斯排在第五位，他拿到英超100胜用了181场比赛。（雷利）
[英超]利物浦5-2埃弗顿,
英超-奥里吉2球 马内1球2助攻 利物浦德比5-2领跑,"北京时间12月5日04:15(英国当地时间4日20:15)，2019/20赛季英超第15轮一场焦点战在安菲尔德球场展开争夺，利物浦主场5比2力克埃弗顿，奥里吉梅开二度，沙奇里复出进球，马内1球2助攻，维纳尔杜姆锦上添花。利物浦联赛6连胜后继续领跑。这是第233次默西塞德郡德比。利物浦近17个联赛德比取得7胜10平保持不败，利物浦在近23个德比主场取得10胜13平保持不败。埃弗顿上次在安菲尔德取胜还是1999年9月，凯文-坎贝尔打入唯一入球。双方英超交锋54场，利物浦23胜22平9负占据上风，其中主场13胜12平2负。此前联赛历史交锋200场，利物浦77胜66平57负。阿德里安替换停赛的阿利松出战，奥里吉、沙奇里、拉拉纳和米尔纳轮换出场。罗伯逊左路传中，马内头球攻门高出。利物浦第6分钟取得领先，马内反击中直传，上赛季主场96分钟绝杀的奥里吉趟过门将后射入空门。利物浦第17分钟扩大比分，阿诺德斜传，马内内切直传，沙奇里小禁区前单刀低射入网，2-0。随后迪涅开出角球，里查利森头球攻门高出。埃弗顿第21分钟扳回一城，罗伯逊解围角球时拦截失误，伊沃比右路传中，洛夫伦同样拦截失误，迈克尔-基恩近距离捅射入网，1-2。利物浦第31分钟再次拉开差距，洛夫伦长传，奥里吉从容停球后12码处凌空吊射入网，3-1。他近4次在主场对阵埃弗顿打入5球。[开局超值签约马内！打造你的专属豪门球队]伯纳德第35分钟替补出场加强反攻。前阿森纳边锋伊沃比外围劲射偏出。迈克尔-基恩任意球混战中头球攻门偏出。利物浦第45分钟扩大比分，阿诺德反击中突破传球，马内禁区边缘射入左下角，4-1。埃弗顿半场补时扳回一城，伯纳德左路传中，里查利森10码处顶入右下角，2-4。利物浦下半场放缓节奏加强控制。里查利森角球进攻中头球攻门被没收。汤姆-戴维斯远射也被阿德里安得到。亨德森和奥里吉替补出场。沙奇里左路任意球传中，维纳尔杜姆头球攻门偏出。第85分钟，亨德森直传，马内晃过门将却失去射空门机会。随后伊沃比直传，莫伊塞-基恩禁区弧内单刀推射偏出。利物浦第90分钟锁定胜局，菲尔米诺切入禁区左侧回传，维纳尔杜姆禁区左侧12码处射入远角，5-2。克洛普仅用159场达到英超100胜场里程碑，仅次于穆里尼奥的142场。利物浦连续32场英超不败改写队史在顶级联赛的最长不败纪录。利物浦(4-3-3)：13-阿德里安；66-阿诺德(83',12-戈麦斯)，6-洛夫伦，4-范戴克，26-罗伯逊；20-拉拉纳(72',14-亨德森)，5-维纳尔杜姆，7-米尔纳；23-沙奇里，27-奥里吉(73',9-菲尔米诺)，10-马内埃弗顿(5-4-1)：1-皮克福德；19-西迪贝(35',20-伯纳德)，2-霍尔盖特，13-米纳，5-基恩，12-迪涅；17-伊沃比，26-戴维斯(72',18-施奈德林)，10-西古德森，7-里查利森；9-卡尔弗特-勒温(60',27-莫伊塞-基恩)(斯科)"
法甲-内马尔进球被吹+点射 姆巴佩破门 巴黎2-0胜,北京时间12月5日4：10（法国当地时间21：10），2019/20赛季法甲第16轮焦点战展开角逐，巴黎圣日耳曼主场迎战南特。姆巴佩和内马尔破门，巴黎2-0击败南特取得联赛两连胜。巴黎最近6次对阵南特取得5胜1负，最近一次交锋巴黎上赛季联赛客场2-3不敌南特，在主场巴黎3-0获胜。上周末巴黎对阵摩纳哥的比赛由于大雨被推迟。内马尔、姆巴佩和迪马利亚组成锋线，纳瓦斯担任首发门将。第27分钟，默尼耶右路传中，姆巴佩小禁区前推射打高。布拉斯远射被纳瓦斯扑出底线。第40分钟，巴黎开出右侧角球，球被南特解围后内马尔在点球点附近抽射破门，但裁判经过VAR回看后，认定德拉克斯勒犯规在先，进球无效。第45分钟，内马尔获得单刀球机会，他突入禁区射门被门将拉丰用脚挡出。半场结束，巴黎和南特互交白卷。下半时双方易边再战，第50分钟，姆巴佩左侧突入禁区连续过人后射门，球被拉丰扑出。第51分钟，巴黎终于打破僵局，迪马利亚从右路突入禁区后传中，姆巴佩抢点用脚后跟将球打进，巴黎1-0领先南特！第59分钟，班巴在禁区线上大力抽射，纳瓦斯侧扑将球化解。巴黎做出换人，萨拉维亚和姆巴佩下场，德拉克斯勒和伊卡尔迪出场。第82分钟，拉丰禁区内接球时撞倒伊卡尔迪，主裁判吹罚点球，内马尔主罚打左下角得手，由于南特提前进场点球重发，内马尔重罚打右下角破门，巴黎2-0领先南特！巴黎用掉本场最后一个换人名额，内马尔被卡瓦尼换下。第90分钟，迪马利亚左路45度传中，卡瓦尼点射打高。阿贝德远射，纳瓦斯飞身将球扑出。第93分钟，迪马利亚左路传中，球越过拉丰，卡瓦尼面对空门竟然踢疵。巴黎2-0击败南特，在少赛一场的情况下领先第二名马赛5分。巴黎圣日耳曼（4-3-3）：1-纳瓦斯；20-库尔萨瓦、2-蒂亚戈-席尔瓦、22-迪亚洛、12-默尼耶；23-德拉克斯勒(78'19-萨拉维亚)、5-马尔基尼奥斯、27-盖耶；10-内马尔(87'9-卡瓦尼)、7-姆巴佩(78'18-伊卡尔迪)、11-迪马利亚（斗神）
热刺遭曼联爆虐！没防守更没反击 穆里尼奥气炸,重回曼联，穆里尼奥击败红魔，以胜利者姿态重新证明自己的桥段并没有出现。更让人想不到的是，等待穆里尼奥的会是一场气人的输球。今天的热刺踢的毫无精气神，刚开场，拉什福德就轻松为曼联取得领先，热刺想要防守反击的思路就此报废。好不容易挺了几十分钟，热刺终于依靠阿里的个人能力扳回一球。但不曾想，下半场刚开始4分分钟，热刺就又送给了曼联点球，比分又成了1-2落后。全场比赛下来，热刺右路彻底被打爆，拉什福德在这边的突破犹如过大马路一样简单惬意。左路的维尔通亨，也在曼联小快灵战术面前显得有些难以招架。詹姆斯、拉什福德可以随意起脚，热刺的后腰和防线也难以形成有效防守。就这样，曼联总共拿到了12脚射门机会，7脚射正几乎都是绝对机会。若不是加扎尼加做出5次精彩扑救，热刺恐怕输的更惨。[豪门授权真实足球经理！组建球队签约穆里尼奥]防守形同虚设的同时，热刺的进攻也彻底瘫痪。小卢卡斯、孙兴慜、阿里、凯恩都没有打出应有水平，不管是反击还是阵地战，这些人只是各自为战，难以形成有效配合。这种情况下，曼联靠多人围抢，迅速化解热刺进攻。整体下来，热刺根本没有拿到几次绝对机会。英格兰名宿克里斯-瓦德尔直接点评：“我认为曼联是表现更好的一方，热刺是有能力解决问题的，但穆里尼奥对今天的比赛没什么可以抱怨的。”言下之意显然是，热刺这场是完败。防不住，更不会反击和进攻，看起来穆里尼奥拯救热刺的路还长着呢。（小九）
英超-拉什福德2球+中楣 阿里再破门 曼联2-1热刺,北京时间12月5日3时30分（英国当地时间4日19时30分），英超第15轮在老特拉福德上演1场重头戏，曼联主场2比1力克热刺，终结前主帅穆里尼奥接手热刺3连胜。拉什福德首开纪录并中楣，阿里连续3场破门扳平。下半场，拉什福德造点并主罚命中。穆里尼奥在被曼联解职后351天重回老特拉福德，可能成为首位接手热刺前3场顶级联赛全胜的主教练，但热刺本赛季英超7个客场仅1胜（3平3负），1979年以来首次连续14个顶级联赛客场失球。热刺在英超输给曼联场次最多（34负），但上赛季客场3比0击败曼联，终结在老特拉福德4连败且不进球的历史。穆帅轮换两人，温克斯和小卢卡斯出场，取代戴尔和恩东贝莱。曼联今年1月客场1比0小胜热刺，但2015年以来还从未在英超对热刺连胜。曼联此前连续3轮不败（1胜2平），是该队本赛季联赛最长不败，主场则连续8场不败（4胜4平），但前14轮只拿到18分，创下1988-89赛季以来最差开局。近25场联赛仅有2次零封对手。因伤缺阵3场的麦克托米奈复出，格林伍德第2次英超首发，也是本赛季首次联赛先发，林加德和阿什利-扬也获得出场机会。马夏尔轻伤缺阵，布兰登-威廉斯、马塔、佩雷拉改打替补。开场6分钟，曼联首次射门就取得领先！林加德左肋与桑切斯拼抢，拉什福德拿球突入禁区左侧距门13米处大力斜射，球在加扎尼加门前反弹被他指尖一托入近角，1比0。[穆帅战旧主铩羽而归！点击体验真实足球经理]凯恩在门前24米处主罚任意球掠过横梁。丹尼尔-詹姆斯右侧边线被温克斯铲倒后头部撞在穆里尼奥右小腿上，温克斯吃到黄牌。拉什福德禁区弧顶主罚任意球偏出左门柱。詹姆斯右路低传，林加德背身做球，格林伍德右侧距门7米处低射被加扎尼加封出近角。拉什福德第25分钟几乎梅开二度，林加德左侧横传，拉什福德在门前25米处大力轰门击中横梁弹回！林加德分球，拉什福德禁区左侧距门14米处弧线球被加扎尼加飞身封出远角。阿什利-扬左肋直塞禁区，林加德闪开后卫，在门前13米处弧线球偏出远角。热刺第39分钟扳平比分！维尔通亨左路传中，弗雷德头球解围顶到后点，奥利耶小角度射门被德赫亚伸脚挡出，阿里倚住弗雷德勾球转身距门5米处挑射入远角，VAR认定阿里没有手球，1比1。下半时开始仅70秒，拉什福德左路突破奥利耶，切入禁区底线附近被西索科踩中脚面倒地，点球！拉什福德亲自操刀推进右下角，曼联2比1再度超出！小卢卡斯右路抢断阿什利·扬传中，孙兴慜停球横趟点球点附近低射被弗雷德伸脚破坏。格林伍德左路回敲，弗雷德敲到右侧，詹姆斯禁区弧顶弧线球被加扎尼加得到。埃里克森换下小卢卡斯。弗雷德断球传中，经过格林伍德和林加德传递后，詹姆斯右侧禁区边缘推射被加扎尼加封出近角。恩东贝莱换下温克斯；佩雷拉换下格林伍德。埃里克森左路准确转移，奥利耶禁区右侧距门10米处停球低射被德赫亚抱住。洛塞尔索换下西索科；卢克-肖换下林加德。阿里左路横传，恩东贝莱在门前27米处轰门也被德赫亚得到。阿尔德韦雷尔德起球到禁区左侧，阿里在门前13米处胸部停球半凌空抽射被德赫亚倒地没收。曼联将领先优势保持到终场。曼联（4-2-3-1）：1-德赫亚/29-万-比萨卡，2-林德勒夫，5-马奎尔，18-阿什利-扬/39-麦克托米奈，17-弗雷德/21-丹尼尔-詹姆斯，14-林加德(87'卢克·肖)，10-拉什福德/26-格林伍德(80'佩雷拉)热刺（4-2-3-1）：22-加扎尼加/24-奥利耶，4-阿尔德韦雷尔德，6-达尔文-桑切斯，5-维尔通亨/8-温克斯(70'恩东贝莱)，17-西索科(85'洛塞尔索)/27-小卢卡斯(64'埃里克森)，20-阿里，7-孙兴慜/10-凯恩(马舸)
英超-亚布拉罕传射 芒特破门 切尔西2-1终止连败,"北京时间12月5日03:30(英国当地时间4日19:30)，2019/20赛季英超第15轮一场焦点战在斯坦福桥球场展开争夺，切尔西主场2比1力克阿斯顿维拉，亚布拉罕复出传射建功，芒特进球。特雷泽盖一度扳平。切尔西止连败后继续保持前四。切尔西近10战维拉仅负1场，维拉近15次客战切尔西仅胜1场。双方英超交锋48场，切尔西24胜12平12负占据优势，其中主场14胜5平5负。这是双方第153场交锋，此前切尔西61胜34平57负稍占上风。切尔西联赛遭遇连败，亚布拉罕伤愈复出，威廉、坎特、阿斯皮利奎塔和克里斯滕森轮换出战。维拉上轮逼平曼联，此番轮换3人首发。普利西奇反击中传球，威廉禁区右侧小角度抽射被扑出。随后普利西奇头球攻门偏出。明斯解围阿斯皮利奎塔传中，亚布拉罕12码处抽射踢空。坎特右路传中，芒特12码处头球攻门正入希顿下怀。普利西奇传球，芒特禁区弧内射飞。切尔西第24分钟取得领先，詹姆斯右路斜传，无人防守的亚布拉罕小禁区边缘头球破门。这是他本赛季第11粒联赛入球。他此前曾租借加盟维拉，他进球后拒绝庆祝。格雷利什斜传，明斯小禁区左上角外头球攻门也被凯帕没收。维拉第41分钟扳平，埃尔默罕迈迪右路传中，特雷泽盖近距离头球攻门打在腿上趟入右下角，1-1。这是英超历史上首粒由两位埃及球员联袂完成的进球。切尔西第48分钟再次超出，威廉右路传中，亚布拉罕胸部回停，芒特14码处第一时间抽射上角入网，2-1。阿斯皮利奎塔禁区左侧低传被挡出，西班牙人禁区左侧12码处射远角偏出。芒特远射打中恩戈约偏出，坎特外围抽射，亚布拉罕12码处接力打门偏出左侧立柱。普利西奇禁区左侧小角度射门被希顿勉强挡出，亚布拉罕近距离在明斯干扰下错过补射机会。威廉25码处任意球直接射门被希顿扑挡后击中右侧立柱。巴舒亚伊替换受伤的亚布拉罕出场。埃尔默罕迈迪角球混战中12码处扫射偏出。奥多伊替补出场。道格拉斯12码处头球攻门又被凯帕神勇救出。切尔西(4-2-3-1)：1-凯帕；24-詹姆斯，15-祖马，4-克里斯滕森，28-阿斯皮利奎塔；17-科瓦契奇，7-坎特；10-威廉(91',5-若日尼奥)，19-芒特，22-普利西奇(86',20-奥多伊)；9-亚布拉罕(83',23-巴舒亚伊)维拉(4-3-3)：1-希顿；27-埃尔默罕迈迪，15-恩戈约，40-明斯，18-塔格特；7-麦金，11-纳坎巴，14-霍里哈内(58',6-道格拉斯)；17-特雷泽盖(76',23-霍塔)，9-韦斯利，10-格雷利什莱斯特城主场2比0取胜沃特福德。第55分钟，马西纳禁区内对埃文斯犯规，瓦尔迪射入点球。第95分钟，贾斯丁头球摆渡，麦迪逊强突至12码处低射入网。南安普敦主场2比1力克诺维奇。第22分钟，沃德-普劳斯左路任意球传中，因斯近距离撞射入网。第43分钟，沃德-普劳斯开出角球，肖恩-朗头球攻门，伯特兰德近距离捅射入网。诺维奇第65分钟扳回一城，特蒂直传，普基突破至禁区左肋8码处射入近角。狼队主场2比0轻取西汉姆。第23分钟，穆蒂尼奥开出角球，登东克尔小禁区边缘捅射击中左侧立柱入网。第86分钟，内托回传，库特罗内禁区边缘内射入左下角。(斯科)"
[英超]切尔西2-1阿斯顿维拉,
[英超]曼联2-1托特纳姆热刺,
躺着也中枪！穆里尼奥遭飞来横祸 场边观战被撞了,曼联与热刺的比赛中发生了非常意外的一幕。双方球员拼抢时意外撞到了场边的穆里尼奥，好在球员和教练都没有受伤，这个花絮还是非常有趣的。这一幕发生在比赛的第13分钟，曼联球员詹姆斯在右边路带球突进，在传球瞬间，热刺球员温克斯从侧面飞过来想要铲球，结果将詹姆斯撞出了球场。凑巧的是，穆里尼奥刚好站在场边，飞出去的詹姆斯头部撞到了穆里尼奥的小腿。被撞的詹姆斯随后趴在场边缓了好一会，被撞的穆里尼奥也握着自己的小腿按摩了一下，显然这两个被撞的主角，都有些疼。不过好在两人都没有大碍，并没有影响比赛的进行。或许，老天已经注定，穆里尼奥重返梦剧场的这个夜晚，无论如何是不会平静的度过了，一定会踢出一些故事。（雷利）
穆帅微笑抵达梦剧场！拥抱曼联员工 索帅送红酒,英超本轮焦点战，曼联作客老特拉福德对阵热刺，穆里尼奥重返梦剧场对阵救主。赛前热刺抵达老特拉福德时，穆里尼奥展现了自己的暖心一面，他与老特拉福德的一些曼联员工亲切问候。转播镜头记录了这一幕，穆里尼奥面带微笑抵达老特拉福德，他做得第一件事就是与更衣室前的一些曼联工作人员握手和拥抱致意。虽然此番作为曼联的对手，但是对于昔日曾经合作过的老朋友和工作人员，穆里尼奥还是显得很礼貌。走进球场前，穆里尼奥与索尔斯克亚也寒暄了几句，索尔斯克亚还被拍到手里带着一瓶红酒，或许这是索帅送给穆帅的礼物。穆里尼奥赛前说，重回老特拉福德就是回到自己曾经开心的地方，那里仍有很多被他视为朋友的人。而穆帅执教热刺后，也收到了50多条曼联员工的祝福。（雷利）
英媒：热刺寻求冬季出售王牌 不到4千万镑就卖,据英国媒体报道，托特纳姆热刺准备在一月份出售丹麦中场埃里克森，以图挽回球员自由离队的损失。《伦敦标准晚报》称，热刺对埃里克森的要价不到4000万英镑，只希望有人接手，以避免球员到明年夏天自由转会。埃里克森和热刺的合同到本赛季末到期，他已决意离队。《伦敦标准晚报》称，尽管热刺此前给埃里克森提供了一份周薪20万英镑的新合同提案，但已经无法挽回丹麦人的心，在穆里尼奥找他谈时，埃里克森当面告知热刺新帅，他不想留下。该报称，埃里克森迫切希望到西甲或者意甲闯荡，而热刺主席列维已经准备批准一月份对丹麦中场的出售。对于这样的局面，穆里尼奥说：“我不想谈论这些个人的事情。如果我告诉你，我没和列维先生谈过埃里克森、阿尔德韦雷尔德和维尔通亨，那我是撒谎，是的，我和列维先生谈过这些。同时，我也和球员谈了，和他们都谈过。我们交流，并试图理解所有细节，但我不会公开谈论这些情况的。”“重要的是，他们都是优秀的职业选手，和热刺有着重要关系，非常了解俱乐部，知道我们需要他们做什么。因此，他们三人都准备好出战，暂时忘掉合同的事情，这是眼下最重要的，因为我们有三项赛事，这些小伙子都是优秀球员和热刺人，我信任他们。”（Kata）
梅西金球险胜范戴克 真靠那些不懂球的记者？,“这他X也能来投金球奖的票？”本届金球奖的完整投票结果曝光之后，斯里兰卡《每日新闻》的记者哈菲兹-马里卡尔火了。在一大片梅西大战范戴克，C罗马内萨拉赫的选票中，这位老兄的投票简直是泥石流：第一名竟然是阿诺德？第二是奥巴梅扬？您是按照字母顺序选的吗？与“主流”的投票相比，相对能理解的也就是把目前的年度射手王莱万排在第四名了吧……有意思的是，这位老兄不是第一次“搞事”了。2018年他的投票结果相对还没那么诡异，您再看看2017年！博努奇，德赫亚，法尔考，阿扎尔，凯恩！当年西甲冠军+欧冠冠军皇马的所有成员，没有一个进了前五名！当然了，他选择的这几位当年也有良好的表现和荣誉支撑，只不过……恕我直言，马里卡尔先生，您的世界我真不是很懂。考虑到今年几乎只有1%的差距堪称历史罕见的微弱，这种奇葩选票自然更容易招来球迷们的骂声：就这种记者，专业性何在啊？就这样的记者都能投票，这金球奖行不行了？投梅西的好些记者，怕都是那些叫不出名字的小国家的吧？当然不排除有马里卡尔这样的投票的可能性，不过对于整个金球奖的投票水准，那还是需要将整个投票仔细剖析一番。首先，既然要投票，那么投票人应该对本年度的世界足坛大势有良好的把握，观看了足够多的全场比赛而非集锦，对球员的表现和在球队中的作用有一个思路清晰的认知和相应的分析能力。换言之，为什么这么投票，你得有明确的道理。我虽然算不上业界资深名流，但看球加上参与足球报道的日子也不短了，自认能给出如下的投票理由：我更重视团队荣誉和直接对话，结合俱乐部和国家队表现，再考虑到加盟之后给利物浦带来的最后一步质变，选范戴克第一；最强个体发挥，单体影响力达到极致，数据表现都是惊为天人，选梅西第二；利物浦夺欧冠冠军，全年表现马内胜过萨拉赫一筹，国家队也更好，C罗则有数次惊天表现和俱乐部国家队双线荣誉，3-5名选马内、C罗、萨拉赫。当然了，我这一套选法不可能所有人都认同，比如说相对而言没有那么重视团队荣誉的投票者，更欣赏梅西的个体影响力和统治力也是很正常的。但你投这个票，至少得让人看出一个基本上说得通的理由。像马里卡尔的选票，实在是让人搞不清楚逻辑何在。这样看来，这次的选票有几种类型——团队极致型：欧冠冠军就是牛！喀麦隆记者选择的前五名是范戴克，萨拉赫，马内，阿利松和阿诺德；刚果记者则在前三名选择了范戴克、马内和萨拉赫，梅罗分列四五名。梅罗连体型：毕竟是在足坛顶峰缠斗数十年的两位传奇！C罗和梅西的名字在选票中相连的现象并不罕见，我可以选范戴克第一，但优秀团队的代表之下，就该梅罗两大巨星了吧。重量冠军型：如果你认为欧冠和美洲杯是今年最重要的两项赛事，那么双冠且都有重要地位的只有阿利松，选他第一名，就像去年选欧冠+世界杯双冠的瓦拉内第一名一样。当然了，有一种特别的类型需要拿出来说一说，那就是“地缘票”。举例来说，莱万获得的两张第一名选票，分别来自德国和波兰记者。不用说，这是对莱万有多出色有最直接认知的两个地方，他们看待莱万的维度和我们是不一样的。因此这也算不上什么偏袒：你如果平时联赛90%的时间看英超，10%看其他的话，肯定也会对英超球员看高一线。这次投票出来，有人认为孙兴慜的票少了，其实就有这方面的原因。由于赛季中期回去踢亚洲杯表现并不突出，他并没有给亚洲记者留下太深刻的印象，不像马内、萨拉赫、马赫雷斯等人在非洲包括阿拉伯世界的记者中那样。而提到英超和欧冠，利物浦那几位又占了先手了。有时候可能你投完了5个人，突然想起来，啊，孙兴慜还不错，但没地方写了。本次评奖结果出来，很多人非常讶异的或许是马赫雷斯进入了前十名。而将他放在前三名的选票，全部是来自非洲和中东国家的。马赫雷斯获得的33分中，他们贡献了80%。这其实也不夸张，毕竟非洲记者对非洲杯的了解远胜于你我，他们对非洲杯的难度和意义的体会也不一样，这自然会影响到他们在金球奖评选中的态度。记者A投出的前五名：梅西，范戴克，马内，C罗，萨拉赫；记者B投出的前五名：C罗，阿利松，阿圭罗，范戴克，姆巴佩。你猜谁是克罗地亚记者，谁是塞拉利昂记者？你没猜错，看起来合理得多的A记者，反倒是来自所谓的不知名小国塞拉利昂。蒙古记者选择的是范戴克，梅西，马内，萨拉赫，C罗；尼日尔记者选择的是马内，梅西，范戴克，萨拉赫，C罗。像马里卡尔那样的奇葩选票几乎就他一例，其他选票最多是个别位置有点小诡异，整体其实是很符合正常的推断的。最后一个问题是不同大洲给出的选票情况。如果按照最初的老金球奖，只允许欧洲记者参与投票的话，那么按照《法国足球》的统计，获得231分的范戴克会以一定优势力压梅西的194分获奖。后来金球奖有过一次合理的扩军，那就是加入其他大洲进入过世界杯的球队，这些国家的记者也可以参与投票。按照这个算法，统计结果如下：这样算起来还是范戴克获奖，只是领先优势小了一些。而如果再加上那些没进过世界杯的、“听都没听过的国家”的记者，梅西就超过范戴克了。这或许很容易让人觉得，就是这些世界杯都没打过的小国记者“不懂球”，只会看名气选梅西把他推上去了，还拿斯里兰卡记者的那张神票作为例证。你可以说原先的记者队伍配置比较合理，没有必要扩军了；而且评选记者队伍的扩军，自然会给整体质量带来一定的波动。但如果仔细考察所有选票的话，你很难总结出小国的记者就一定不合理或者不懂球，斯里兰卡神票的确只是孤例。他们中绝大多数人的评选标准都是很清晰的，而这个标准本来就不一定和你想的一样。而且像梅西和范戴克这样微小的差距，只能说时也命也，这跟当年斯内德和里贝里记者投票获胜（后者更是明显优势）、队长和教练投票却大败的情况还是有明显不同的。当差距小到改变两三张选票就能改变结果的时候，又怎么能说是有一股力量在推动呢？这次投票中，只有两名记者投出的前五名与最终的结果是完全一样的，一位来自新西兰，另一位来自塞舌尔。新西兰是打过世界杯的，那么塞舌尔的这位懂不懂球呢？（新浪体育 华迪维亚 专栏）新浪国际足球原创专栏：点击进入作者其他文章：点击进入作者专栏C罗开始卖情怀时 梅西有多强恰恰最不用金球证明破荒！救主！但你发现没 C罗像个普通球员了|gif球场老大爷奥义！跑不动的伊瓜因 凭什么虐我|gif武磊再努力也成不了孙兴慜 但他的坚持让我有勇气
切尔西迎回伟大队长！兰帕德:这是特里的动情时刻,北京时间今夜明晨，英超第15轮切尔西在主场迎战阿斯顿维拉，斯坦福桥将迎回他们昔日的传奇队长约翰-特里，后者目前是维拉队的助理教练。谈到特里的回归，切尔西主帅兰帕德十分期待，两人曾在蓝军并肩拼搏，如今各自为战。兰帕德说：“对我来说没什么不同，去年我在德比郡和他交过两次手。这次的关注点是约翰，切尔西球迷们将会欢迎他，他是这里最伟大的队长，赢得过一切。每个人都知道他和切尔西的情感纽带，我确信球迷们肯定会展现出他们的爱戴，我还确信，这会是约翰一个很动情的时刻，他配得上这样的时刻。”兰帕德如今是蓝军主帅，特里则担任维拉的助教，两人的教练生涯起步不同。对此，神灯表示，这只是每个人选择的道路不一样。“每个人都有自己的道路，他和迪恩（维拉主帅）在一家非常好的俱乐部一起合作，这是他最后一年在那里踢球时获得的纽带，这是很正常的选择，我确信他会有很长久、很成功的教练生涯的，无论他是如何起步的。”“在没有主教练经验的情况下去执教德比郡（兰帕德自己），绝对是一个冒险，不过在足球圈里找工作，总会是冒险，因为这里的竞争如此激烈。约翰去维拉当助教，也是某种冒险，因为我们都想要成功，老板也想要成功。无论约翰选择的道路是什么，我们两人时刻都在冒险，这就是我们工作的性质。”（Kata）
