5年跑出216朵“玫瑰” 西湖玫瑰女王把生活跑成了诗,如果从断桥出发，跑过南山路，和雷峰塔擦肩，像枝叶一样延伸到钱塘江边，接着回到西湖，穿过虎跑路、满觉陇、茅家埠、宝石山……大概坚持23公里，在手机软件上，你的跑步轨迹就会显示出一朵“玫瑰”。如果以1公里5分50秒的配速，56岁的雷丽娟跑出一朵“玫瑰”，需要2小时14分钟。看起来，对于每一个稍微受过跑步训练的人来说，似乎并不难以企及。而如果，要跑出216朵玫瑰呢？截止今天，雷丽娟在过去5年，跑了51302公里，相当于不到两天就完成一个“全马”。216朵玫瑰，赋予了原本平凡的雷丽娟前所未有的仪式感。无论是跑步，或任何一种你热爱且舒适的方式，每个步履不停的人，都将成为生活的主人。开跑，是想治治自己“林黛玉”的体质雷丽娟让人猜不透年纪。特别是跑步时，帽子一戴，艳色的速干衣和短裤一穿，跑姿流畅，别人一看背影，还觉得是个“小姐姐”。她的人生，以跑步为分水岭。前51年，她是一个从丽水来杭州生活的小城姑娘，一个打零工、最终从一家粤菜馆退休的收银员，一个武生的妻子——她迷恋唱武生的老蓝的英武和帅气。顺理成章，她成了一个儿子的母亲，又幸运地成为一对双胞胎的奶奶。如绝大多数平凡人一样，高光时刻与至暗日子，都不是主旋律。她没有太大的志向，甚至也觉得自己不太聪明、不算拼命。还在做姑娘时，她第一次做饭就闹出笑话。她想，暖水袋里的水不是热的吗，倒了不是浪费吗？她便一股脑倒进锅里煮饭。母亲吃了第一口，吐了：“这饭怎么是苦的？”开始跑步，是想治治自己那一身“林黛玉”似的毛病。“不是这里痛，就是那里不舒服，”有人和她说，“你跑步吧，买双好点的跑鞋就可以，不用花什么钱”。她想，那蛮好，我有双二三十块钱的回力，凑合穿吧。那双回力，伴随她从一个跑步“小白”，到跑完在兰溪的人生第一个“半马”。报名时她想，也就20来公里吧。她才知道什么叫配速，甚至说不出半马小数点后那几个数字。没想到，她拿了名次，还获奖一双国产跑鞋。那双回力居功至伟，可惜后来破洞，雷丽娟就丢了，后悔没留作纪念。抗癌，她拿出跑步劲头和丈夫共同面对跑步可以被赋予很多意义。对城市中产来说，跑步是一种价值观正确，意味着消费能力之外的自律与进取；对社交爱好者来说，跑步，意味着朋友圈九宫格的风景与汗水淋漓的自拍；对装备党来说，不穿上一双限量版跑鞋，意味着沦落到鄙视链末端。跑步，还可以升华到找寻自我、对抗虚无的解药，而对雷丽娟来说，仅仅因为喜欢，就去坚持，恰好，还发现了一点小天分。2015年初，西湖落下一场雪。断桥和树梢都白了，跑鞋踩在雪地，会发出沙沙的声音。雷丽娟正跑得起劲儿，却被医生的一通电话催去医院。医生表情严肃，她丈夫老蓝被确诊为肝癌。她知道，老蓝肝不好，还爱吃几口老酒。当年，老蓝还是小蓝时，就因为肝炎，住到她家养病。两家是远亲，论辈分，小蓝还要叫雷丽娟爸爸一声“表哥”。小蓝住了两个多月，同一屋檐下，俩人渐生情愫。父母看出年轻人之间那点小心思，也不说破。就像果子成熟那么自然，他们结婚了。老蓝确诊，雷丽娟慌了。她瞒着老蓝，也不敢跟儿子说。那时，儿子的一对双胞胎女儿才两三岁，正是闹人的年纪。雷丽娟心乱如麻，心想，还是去跑跑步吧。天气很冷。每天，雷丽娟换上装备，照旧开跑。还是熟悉的西湖，此前，她早就能一口气跑下来了。可是那几天，她跑跑停停，一趟要歇三次。呼吸是冷的，脑子是乱的。医生说，早点动手术，不能再拖了。雷丽娟下定决心，跟丈夫和盘托出。老蓝愣了，但抿紧嘴角，没说啥。就像打小练童子功吃的苦头一样，老蓝默默捱着。那年大年三十，夫妻俩在医院度过。说起这些，雷丽娟挺平静，但眼眶还是红了。老蓝的父母和她的父亲都是生病走的，她往返杭州和丽水间照顾。她承受压力与奔波，但心底，也会觉得自己不易。她拿出跑步的劲头陪丈夫抗癌。跑步，似乎归根到底对抗的是惰性，有时靠靠意志力，咬紧牙就可以挺过去。而病魔，太捉摸不透了。前方似乎是一条通往无边黑暗的路。雷丽娟的体重在一周之内减轻了10斤，腿细得像筷子，丈夫在ICU待了4天，她基本没合眼。“2015年×月×日，老蓝被确诊，血小板下降，”“今天有点好转，老蓝气色不错。”雷丽娟的手机里，存着一条条私密笔记。靠着这些笔记，她串起那些灰暗的日子。“整天笑嘻嘻地跑步，别人哪知道背后的辛酸，”说着，雷丽娟眼圈又红了。这些，连老蓝都不知道。相依，这对结婚33年的夫妻处处撒“狗粮”如果没有意外，雷丽娟的日常极其简单规律。晚上10点前睡觉，凌晨三四点起来跑步，如果拉个半马，两个来小时后，可以在断桥和老蓝相会，陪老蓝走上一会儿，到楼外楼吃碗素面。早饭后，丈夫会回家眯上一会儿，雷丽娟做拉伸、力量训练。下午3点，又开始准备晚饭，5点晚饭吃好，夫妻俩聊聊天。跑步隔离开退休主妇雷丽娟的生活，一边是柴米油盐，烟火人间，一边是四时不同的西湖旖旎风光。老蓝患病后，夫妻俩决定，两个人要好好相依，好好活。年轻时，老蓝唱京剧，时常要登台，或者外出拍戏，最长半年才能回家一趟，夫妻俩聚少离多。往事不可追，他们想抓紧余生时光。老蓝眼看着雷丽娟开始下厨，她为胡萝卜和老鸭能不能一起烧发愁，手忙脚乱，烫得两只手都是泡。老蓝很是心疼，吃到“黑暗料理”，也直夸味道好。过去，即使在一间知名粤菜馆上班，同事们也知道，丽娟姐从不下厨，她的老公又帅、又烧得一手好菜。而现在，老蓝生病后，雷丽娟像“养孩子”一样照顾他。有时，他们还会拌嘴。比如，前不久，下着雨，老蓝坚持要去西湖散步。雷丽娟不让，因为老蓝感冒才刚好，癌症病人最怕感冒。“什么都要听你的！”老蓝被按在家里，生闷气，雷丽娟说，他这是“孩子”到了叛逆期。有了喜事，他们喜欢去游泳馆的杭帮菜馆新白鹿庆祝。那里离家步行10分钟，现在卖9元的糖醋排骨，之前只要5元一份。起先过生日，他们没告诉儿子，儿子过后发现了，很懊恼。后来，他们索性就俩人过二人世界。2016年，老蓝60岁生日前，时常问雷丽娟，你怎么最近跑得这么起劲，她不响。她和跑友说，我要给老蓝一个惊喜。跑友问是什么，“惊喜当然不能说破啊！”雷丽娟捂着这个秘密。直到在新白鹿，上了一桌子菜，她给丈夫献上手机，“喏，送你的，60朵玫瑰。”再艳的鲜花都会谢，而这60朵“玫瑰”，是一步一步跑出来的。雷丽娟从跑友那儿看到，西湖边可以跑出朵“玫瑰”，就记在心上。看起来，跑步轨迹图只像一幅画，实际每一个节点都要卡牢。配速快了，要放慢脚步，慢了，则要紧追一会儿，跑不到理想的数字，雷丽娟很懊恼，还得第二天重来一遍。中途，她生病住了院，为给老蓝送上60朵“玫瑰”，她在12月一个月就跑了14朵。丈夫捧着手机，不响，久久从牙缝里挤出一句：“诶……”，激动得不知说什么好。雷丽娟懂，“他性格有点内向，不知道怎么表达，但他应该是很感动的。”图片来自公众号“跑摄”她这么笃定，还因为，她以后每次跑马拉松，老蓝总会捧着玫瑰在终点等她。那可是真正的红玫瑰。过去，老蓝挺宅。现在，他追着雷丽娟的脚步，当她的专属摄影师，送上玫瑰，一个一个城市跑。有时，下起大雨，雷丽娟想，老蓝不会等她了，结果到终点，发现有个身影颇为面熟；有时，老蓝还会单膝跪地，献上玫瑰，围观人群欢呼，这把“狗粮”撒得实在高调。2018年2月14日，老蓝送上玫瑰。那天是“情人节”，也是雷丽娟生日。仪式感，跑步也是“不疯魔不成活”西湖边多的是跑步的人。有人下了飞机，换上跑鞋就开跑。每年“杭马”，西湖吸引八方来客，今年就有将近14万人报名，中签就像中彩票。更多的杭州原住民，则在日复一日的生活中，用脚步丈量西湖，收藏西湖。有人跑完步，就顺便到苏小小墓旁的亭子里吼上一嗓；有人兜里揣着坚果能量棒，遇到小松鼠，就分享一点；有人在炎炎夏夜刷上一圈，又结伴去涮火锅，欢声笑语就像跑鞋上的反光条一样醒目，将西湖静谧的夜装点得活色生香。在西湖跑友圈中，雷丽娟是颇有名气的“悠悠姐”。跑友们说，“悠悠姐”是一股清流，她是“大神”，却乐意带“小白”，她也不拼装备，至今还穿着国产“多威”，两三百元一双，但她的跑量益发惊人。有跑友替她算过，5年跑超过5万公里，相当于一年1万公里，也就是一年要跑上超过250个全马，平均不到两天就刷一个。雷丽娟相信，生活的仪式感，是自己给自己的。她有点老派，看重数字的意义——比如，今年11月12日，她和老蓝结婚33周年，就选择凌晨3点33分开跑，跑了第213朵和第214朵玫瑰，还是两支“牵手”玫瑰，寓意一生一世。比如，在新中国成立70周年时，她跑上70公里，给祖国庆生。比如，她很少跑圈，有天就到浙大西溪校区，刷上100公里。那天，她带上香蕉、能量棒，保温壶里灌满热水，铺块地垫，把补给放在草坪，自己沿着学校操场，一跑就是10小时20分钟。“悠悠姐你疯了吧！”跑友们惊呼。雷丽娟却挺得意。不疯魔不成活。这话，一个“跑痴”爱听。她还记得，2014年7月30日，自己第一次开跑。“悦跑圈”App记录，那天，她跑了7.36公里，花了53分钟19秒，消耗348卡路里。连高中体测都要补考的雷丽娟陡然觉得，自己跑得还像那么回事。（钱江晚报）
山东马拉松2019年再增长 5000人以上赛事28场,齐鲁网·闪电新闻12月5日讯 记者从省体育总会秘书处了解到，截至2019年11月底，全省共举办29场参赛规模5000人以上的马拉松比赛，直接参与人数30多万人，超额完成了省体育局对社会的公开承诺。2019年，为坚决贯彻以人民为中心的思想，深入实施全民健身国家战略，繁荣体育赛事，助力新旧动能转换，山东省体育局将“全省举办20场以上马拉松标准赛事”写进了公开承诺。要求各地要精心办好这些赛事，并在今后申办赛事中，坚持高端赛事和草根赛事并举，追求连届举办，形成持续影响力。为了让广大老百姓能充分享受到参与马拉松赛事带来的健身乐趣，山东省体育总会秘书处会同省田径运动管理中心，认真贯彻局党组的决策部署，不忘初心、牢记使命。采取赛事预告、跟踪督导等措施，积极倡导各级政府、体育总会、体育社会组织和社会力量兴办马拉松赛事。马拉松不仅是一场单纯的体育运动，更是展现一座城市的窗口，已成为宣传城市形象，助力经济社会发展的重要名片，引起了各级地方政府的高度重视，也受到了广大马拉松爱好者的热烈欢迎。2019年初，各地上报赛事规模1000人以上的赛事计划56场次，其中，5000人以上赛事28场，10月份后，济南、滨州又各增加两场，在全省掀起了马拉松比赛热潮。特别是11月2日，在济南举办的2019泉城（济南）国际马拉松，这是济南市历史上首次举办国际性马拉松赛事，此次大赛是庆祝新中国成立70周年“奔跑中国”系列活动之一。吸引了来自全球20多个国家和地区的20000名跑友。作为成功入选“奔跑中国”马拉松系列赛的赛事，中央电视台CCTV-5进行了同步直播，在国内外引起了强烈反响。东营国际马拉松作为国际金标赛事，每年吸引众多世界各地马拉松爱好者。近几年，青岛、泰安、临沂、日照等地国际马拉松赛发展迅速。马拉松热潮席卷齐鲁大地，带动了全民健身运动的蓬勃开展。
神奇的2019！世界跑圈有18项跑步纪录被打破,上周末，保持9年之久的10公里路跑世界纪录被打破。回顾今年的世界跑圈，被打破的世界纪录实在是太多了。在小编搜集整理后发现：一共有18项世界纪录/世界最好成绩被打破，不包括世界青年纪录以及年龄组纪录。下面就来看看今年世界跑圈都有哪些世界纪录/世界最好成绩被打破了。注释：世界田径官方给一些项目设置了世界纪录（室内和室外），还有一些项目只设置了世界最好成绩（室内和室外），所以世界最好成绩基本上等同于世界纪录。1、300米女子“世界纪录”：34.41 Shaunae Miller-Uibo300米比赛无论室内室外，没有被列入国际田联的世界纪录范畴，所以都只能称为世界最好成绩。在2019年国际田联挑战赛Ostrava Golden Spike meeting女子300米比赛中，巴哈马女飞人Shaunae Miller-Uibo（米勒）跑出了34秒41的成绩，将女子300米世界纪录提高了0.89秒。此前，女子300米的世界最好成绩是墨西哥选手Ana Guevera在2003年跑出的35秒30。米勒之前的300米个人最好成绩是2018年米尔罗斯室内赛中跑出了35秒45的室内世界纪录。米勒曾获得2016年里约奥运会400米金牌。今年的多哈世锦赛400米比赛，被看做是最大热门的她不敌巴林选手Salwa Eid Naser屈居亚军。2、400米栏女子世界纪录：52.16 Dalilah Muhammad今年多哈田径世锦赛女子400米栏决赛中，美国名将Dalilah Muhammad（穆罕默德）以52.16秒的成绩夺冠，今年第二次刷新世界纪录。两个月前在美国田径锦标赛上，穆罕默德以52秒20的成绩改写了女子400米栏的世界纪录。原世界纪录是由俄罗斯运动员佩奇昂基娜于2003年创造的，成绩为52秒34。3、室内600米男子“世界纪录”：1：13.77 Donavan Brazier600米和300米一样，没有世界纪录这一说，只有世界最好成绩。在2月24日举行的全美室内田径锦标赛600米比赛中，21岁的俄勒冈计划成员Donavan Brazier（布拉兹尔）以1分13秒77打破了600米世界最好成绩（室内）。布拉兹尔在今年多哈世锦赛上夺得800米男子冠军，刷新了保持32年之久的赛会纪录，保持34年之久的美国纪录，还成为美国历史上第一位获得800米世界冠军的人。4、室内1500米男子世界纪录：3：31.04 Samuel Tefera埃塞俄比亚选手Samuel Tefera（特菲拉，1999年10月23日出生）在国际田联室内大奖赛伯明翰站，打破了保持22年之久的男子室内1500米世界纪录。19岁的特菲拉去年曾在这里举行的世界室内锦标赛上获得1500米金牌，但他并不是这次夺冠的最大热门，他的同胞Yomif Kejelcha （科耶查）状态更好，一周前只差0.01秒就可以打破室内一英里（约1609米）世界纪录。比赛中，科耶查一路领先，还剩200米时，特菲拉超越对手，最后以3：31.04获得冠军，这个成绩比摩洛哥中长跑传奇奎罗伊在1997年创造的3：31.18的世界纪录快了0.14秒。科耶查以3分31秒58获得亚军，也刷新了他个人的最好成绩。5、室内1英里男子世界纪录：3：47.01 Yomif Kejelcha3月3日，在美国波士顿举行的一场名为Bruce Lehane田径邀请赛上（室内），埃塞俄比亚的长跑新星Yomif Kejelcha（科耶查，1997年8月1日出生）1英里跑了3分47秒01，在今年第三次尝试后终于打破了世界纪录。在2月9日举行的美国纽约米尔罗斯室内赛上，他参加1英里比赛，结果距离世界纪录只差0.01秒，成绩是3：48.46，而当时的世界纪录是3：48.45，由摩洛哥名将奎罗伊创于1997年2月12日。与纪录只差0.01秒，实在是遗憾。憋着一口气的他，在2月16日参加英国伯明翰站2019国际田联室内巡回赛。这一次，比赛距离是1500米。赛前，科耶查被寄予厚望，大家也都对他充满信心，去冲破同样由奎罗伊保持到室内1500米世界纪录：3：31.18，创于1997年2月2日。结果没想到，在这场1500米大战中，一路狂飙的他，在冲刺阶段，不敌队友特菲拉。最终，反倒是特菲拉跑出3：31.04，打破世界纪录。而科耶查跑了3：31.58，接近原来的世界纪录。两次都如此失意的科耶查，憋着一口劲儿，要把世界纪录写在自己名下！终于，他来到了波士顿这场比赛，不仅要冲纪录，还想一次破俩纪录，就是在跑到1500米时，先超越1500米世界纪录，然后最终1英里也创世界纪录。在兔子领跑到809米（用了1分52秒）时。科耶查担心“兔子”跑得不够快，反而开始自己冲出来，独自狂奔。在还剩2圈（400米）时，他的成绩是2分51秒。而到了1500米时，用时在3分31秒左右。最后的100多米，他全力冲刺，最终把成绩定格在3：47.01，把1英里的世界纪录提升了1.44秒！而经官方计时确认，他通过1500米的用时3：31.25，遗憾没能打破1500米室内世界纪录。6、1英里女子世界纪录：4：12.33  Sifan Hassan在2019国际田联钻石联赛摩纳哥站比赛中，荷兰名将Sifan Hassan（哈桑）在女子1英里决赛中以4：12.33的成绩打破尘封23年之久的世界纪录。比赛中，她一路领先，最终以绝对的优势获得冠军，并打破世界纪录。在今年的多哈田径世锦赛上，哈桑拿到1500米（3：51.95，世锦赛纪录）和10000米（30：17.33）两块金牌，成为历史第一人。7、女子2000米障碍赛“世界最好成绩”：5：52.80 Gesa Felicitas KrausKraus是德国田径运动员，专项是3000米障碍赛。在今年9月1日柏林举行的一场2000米障碍赛中，跑出了5：52.80的成绩，将肯尼亚选手Virginia Nganga4年前在这里创造的世界最好成绩（6：02：16）提高将近10秒。这场比赛的第二（Winfred Yavi，5：56.83）和第三名（Luiza Gega，6：00.07）也都刷新了世界最好成绩。Kraus曾在2015年田径世锦赛获得3000米障碍赛铜牌。值得一提的是，在这次刷新2000米障碍赛世界最好成绩的3天前，她以9：07：51的成绩刷新了德国3000米障碍赛纪录。没多久，她在多哈田径世锦赛上将德国纪录提高到9：03：30，再次在世锦赛上获得铜牌。8、5公里路跑男子世界纪录：13：22 Robert Keter5公里路跑世界纪录是2017年底才设置的，肯尼亚的Sammy Kipketer曾在2000年Carlsbad5公里比赛中跑了12：59.5的成绩，但并不是世界纪录。在今年年初摩纳哥举行的一场5公里比赛中，瑞士新星Julien Wanders（万德斯，1996年3月18日出生）以13：29的成绩创造5公里的首个世界纪录。两个月后，肯尼亚选手Edward Cheserek同样跑出了13：29秒的成绩，追平世界纪录。11月初，肯尼亚选手Robert Keter在法国举行的一场比赛中跑了13：22的成绩，将原世界纪录提高了7秒，这也是他第一次参加5公里比赛。9、5公里路跑女子世界纪录：14：44 Sifan Hassan同样是在今年年初摩纳哥举行的5公里比赛上，荷兰选手Sifan Hassan（哈桑）跑出了14：44的成绩，是首个5公里世界纪录，也是史上最快的5公里成绩。哈桑后来还打破了室内1英里女子纪录，欧洲3000米、5000米纪录，并保持欧洲半马纪录，真是一个全能的跑步天才。10、10公里路跑男子世界纪录：26：38 Joshua Cheptegei肯尼亚人Leonard Patrick Komon在2010年跑了26：44的10公里世界纪录。9年之后，终于有人打破了这个纪录。他就是乌干达新星Joshua Cheptegei（切普特盖）。比赛之前，切普特盖的目标就是打破世界纪录，第一公里就示意兔子要快点，前5公里用时13：24，比单独的5公里路跑世界纪录仅慢2秒。后5公里用时是惊人的13：14，比5公里路跑世界纪录还快8秒。最终，他以26：38的成绩打破了10公里路跑世界纪录，平均配速2分40秒。而且，这个成绩比他今年在多哈世锦赛拿到万米金牌的成绩（26：48：37，世锦赛历史第二快）还要快。11、15公里路跑女子“世界纪录”：44：20  Letesenbet Gidey在上个月荷兰举行的一场15公里比赛中，埃塞俄比亚21岁女选手Letesenbet Gidey（吉戴）跑出了44：20的惊人成绩。前5公里用时15：09，前10公里用时29：44，最终把肯尼亚女将Joyciline Jepkosgei（杰普科斯盖）保持的15公里世界最好成绩45：37提升了1分17秒。更令人惊讶的是，吉戴最后10公里用时仅为29：12，这是女子史上最快的10公里战绩，不仅比她的同胞阿雅娜保持的场地10000米世界纪录29：17.45要快，更快于路跑10公里的世界纪录29：43（由肯尼亚女将杰普科斯盖保持）。12、半马男子世界纪录：58：01 Geoffrey Kamworor在9月15日举行的哥本哈根半程马拉松比赛中，肯尼亚选手Geoffrey Kamworor（卡姆沃罗）以58：01的成绩夺冠，将原本的半马世界纪录提升了17秒。2018年之前，半程马拉松世界纪录一直由厄立特里亚选手塔德塞保持。2010年里斯本半程马拉松比赛中，塔德塞以58：23的成绩完赛，创造当时的世界纪录。这一世界纪录保持了8年之久，直至去年被肯尼亚选手基普图姆打破。2018年10月28日，在瓦伦西亚半程马拉松比赛中，基普图姆以58：18的成绩完赛，将塔德塞保持了8年之久的半马世界纪录提高了5秒，不过后来他因为生物护照违规被禁赛，成绩也被取消。26岁的卡姆沃罗是基普乔格的小弟，曾在2015年北京田径世锦赛上获得男子10000米亚军，还先后在2014年、2016年、2018年半程马拉松世锦赛上获得冠军。今年还夺得纽约马拉松冠军。13、全马女子世界纪录：2：14：04 Brigid Kosgei在今年芝加哥马拉松上，肯尼亚选手Brigid Kosgei（科斯盖）以2：14：04的惊人成绩打破了拉德克利夫在2003年创造的2：15：25的世界纪录。拉德克利夫保持的女子马拉松世界纪录被很多人认为是很难被打破的，因为女子史上第二快的成绩为2小时17分01秒，凯塔尼2017年伦敦马拉松上创造的。所以，科斯盖能够以提高1分21秒的幅度打破世界纪录，震撼程度不亚于基普乔格破二挑战。14、50公里女子“世界纪录”：3：07：20 Aly Dixon9月1日，在罗马尼亚布拉索夫举行的IAU50公里世锦赛上，英国选手Aly Dixon以3：07：20的成绩夺冠，并打破了50公里女子马拉松的世界最好成绩。Aly Dixon今年40岁，马拉松最好成绩是2小时29分06秒。比赛当天Aly Dixon状态非常好，一路领先。在23公里的时候她用时1小时35分（配速4分07），到了41公里打卡点，Aly Dixon用时2小时32分58秒（配速3分43）。最终她以3小时07分20秒（配速3分44）的成绩完成了比赛，这一成绩比Frith van der Merwe在1989年创造的3小时08分39秒的原世界最好成绩快了1分多钟。15、50英里男子“世界纪录”：4：50：08 Jim Walmsley5月4日，美国选手Jim Walmsley（沃姆斯利）打破50英里（约80.47公里）世界最好成绩，用时04：50：08，将南非运动员Bruce Fordyce在1983年创造的04：50：21的成绩提高了13秒。在这场由他的赞助商主导的挑战赛上，他本想打破100公里世界最好成绩，但最终只打破50英里世界最好成绩。16、100英里男子“世界纪录”：11：19：13 Zach Bitter在8月底举行的Six Days in the Dome六日赛中，美国选手Zach Bitter以11：19：13的成绩打破了100英里的世界纪录，比之前的纪录快了将近9分钟。此前的纪录是由俄罗斯跑者Oleg Kharitonov创下的11：28：03，在保持了16年之后终被打破。Zach Bitter破世界纪录的场地位于美国威斯康辛州最大城市密尔瓦基的室内田径赛道，一圈距离为443m，他以每公里4分13秒的配速绕了363圈田径场，用时11：19：13跑完100英里。更让人惊讶的是，他后半程以5：38：35完成，比前半程还快了约2分钟。在如此长距离的比赛中竟然能做到后程比前半程快，真是神奇。17、12小时跑男子“世界纪录”：104.8英里（168.659公里） Zach Bitter还是这场比赛，Bitter在冲过100英里终点线后，并没有停下来，继续跑了40分钟，以104.8英里的成绩打破了自己在2013年创下的12小时跑“世界纪录”。同一天双破世界纪录的Bitter，不得不说是超马界神人中的神人。而打破“世界纪录”后，Bitter表示自己恢复得很好，只有一些微小的酸痛和肌肉紧绷，但整体感觉良好。18、24小时跑女子“世界纪录”：270.116公里 Camille Herron10月底，在法国阿勒比举行的24小时超马世锦赛上，美国超马跑者Camille Herron在24小时内跑了270.116公里的距离，夺得冠军的同时，还将自己去年12月份创造的世界纪录（262.192公里）提高了将近8公里。今年38岁的Herron在比赛一开始就确立了优势，此后优势越来越大，甚至在半程的时候，一度追上男子第一名——立陶宛人Aleksandr Sorokin，后者最后跑了278.973公里，创造了新的立陶宛国家纪录。最终Herron以刷新世界纪录的成绩夺冠，比女子第二名多跑了15公里，比女子第三名多跑了将近23公里。24小时跑270.116公里是什么概念呢？换算成配速理解就是用5分19秒的配速跑了24小时，而用5分19秒的配速跑全程马拉松的完赛时间是3小时44分20秒，可以想象她的耐力是多么的强大。顺便提一下，中国24小时超马纪录是由梁晶保持的267.7公里。1、人类全马首次跑进2小时：1：59：40.2 基普乔格基普乔格成为人类历史上第一个将全马跑进2小时的人。由于不是正式比赛中跑出来的成绩，所以并不认可为世界纪录。但这又何妨，基普乔格这一次是代表人类挑战人类的极限。2、女子半马：1：04：28 Brigid Kosgei科斯盖在今年芝加哥马拉松上刷新女子全马世界纪录，其实在一个月前的英国大北跑上，她就跑出了女子半马历史最快成绩，1：04：28。不过由于赛道不符合国际田联关于世界纪录认证的标准，所以不会被认可为世界纪录。（马拉松助手）
人生不设限 | 2019跑圈十大高光时刻,生命的意义在于开拓而不是固守，无论什么时候我们都不应该失去前行的勇气。每个人的内心都有一个小宇宙，它能爆发多大的能量，不试一试，你就永远也不知道。在即将逝去的2019年，我们目睹了太多小宇宙的爆发；我们见证了太多荒唐变为现实；我们将众多想法付诸于行动，最大限度的朝着目标努力前进，收获满满！今天我们例举了跑圈十大高光时刻，排名按时间先后顺序，看以下例举是否在你心中留下了不可磨灭的印象。//01。男女5公里世界纪录双双被破//2019年2月17日，在摩纳哥举行的5公里路跑赛中，男女冠军双双打破5公里路跑世界纪录（2017年11月，5公里路跑世界纪录被国际田联引入）。来自荷兰名将哈桑（Sifan Hassan）以14分44秒的成绩夺冠，创造了新的女子路跑5公里世界纪录，打破了之前的纯女子世界纪录15分48秒以及女子混合世界纪录14分48秒。男子方面，来自瑞士的朱利安·万德斯（Julien Wanders）以13分29秒的成绩夺冠，创造了新的男子路跑5公里世界纪录，前世界纪录是由肯尼亚选手吉比特·拉加特跑出的13分30秒。2019年11月9日，在法国里尔路跑5公里大赛中，肯尼亚选手伯特·凯特（Robert Keter）跑出13分22秒的成绩，将男子5公里世界纪录再次提升了7秒。//02。两秒绝杀，切罗诺斩获波马冠军//2019年4月15日，世界马拉松六大满贯之首的波士顿马拉松鸣枪起跑。去年因恶劣天气，导致非洲集团集体崩盘。“黑马”川内优辉夺2018年波马男子冠军，成为继1987年以来首次夺冠的日本选手。美国本土选手德西蕾·林登也为美国夺回时隔33年之久的波马女子冠军。但今年两人未能完成卫冕，女子组方面，来自埃塞俄比亚的德格法（Worknesh Degefa）以2小时23分30秒的成绩夺得2019年波士顿马拉松女子冠军。男子组方面杀到最后一刻，最后阶段上演百米冲刺。肯尼亚选手劳伦斯·切罗诺（Lawrence Cherono）2秒微弱优势战胜勒利萨·德西萨，以2小时07分57秒的成绩夺得2019年波士顿马拉松男子冠军。//03。莫法拉再创纪录，夺大北跑六连冠//2019年9月8日，世界上最大的半程马拉松比赛大北跑鸣枪起跑，本次大北跑莫法拉为创造“六连冠”而来。最终，2019年大北跑男子冠军由英国本土“国宝”运动员莫法拉夺得，成绩为59分07秒，连续第六次夺得冠军创造纪录。2018年伦马是莫法拉退出场地赛后的第一场路跑赛事，首战便斩获男子第三，打破英国国家纪录。2018年芝马夺个人全马首冠，2小时05分11秒刷新个人PB的同时打破欧洲纪录。2019年伦马、芝马，莫法拉表现不佳，未能登上领奖台。近日，莫法拉在接受采访时表示，将会在明年奥运会复出，期待他的表现。//04。疯狂的日本马拉松奥运选拔赛//2019年9月15日，“MGC”——日本马拉松奥运选拔赛在明治神宫鸣枪起跑。MGC报名门槛：男子2：08：30，或两场平均2：11：00女子2：24：00，或两场平均2：28：00除此以外，一些达标赛事拿到日本国内第一也可以入围，使这场比赛成为平均报名成绩历史最高的比赛，比赛条件也完全按照奥运会比赛复制。最终经过激烈的比赛角逐，中村匠吾以2小时11分28秒的成绩战胜赛前两大夺标热门大迫杰、设乐悠太勇夺男子冠军，服部勇马以2小时11分36秒的成绩夺得亚军，两人携手第一时间拿到东京奥运会入场券。日本男子马拉松纪录保持者大迫杰以2小时11分41秒的成绩夺得季军，失去第一时间直通东京奥运会的资格。女子组比赛，前田穗南以2小时25分16秒的成绩夺得冠军，铃木亚由子以2小时29分01秒的成绩屈居亚军，两人也第一时间拿到东京奥运会入场券。一场40人的马拉松比赛，东京让出半座城！//05。卡姆沃尔刷新男子半马世界纪录//2019年9月15日，在哥本哈根半程马拉松比赛中。肯尼亚名将卡姆沃尔（Geoffrey Kamworor）跑出58分01秒的成绩，斩获男子冠军并将原世界纪录提升17秒。前世界纪录是基普图姆在2018年瓦伦西亚半程马拉松跑出的58分18秒。作为肯尼亚中长跑名将，并且长期和老大哥基普乔格一同训练的他。曾在2015年北京世锦赛上获得男子10000米亚军，并且三夺世界半程马拉松锦标赛冠军（2014年、2016年、2018年）26岁的卡姆沃尔曾在，在半程马拉松项目上更是斩获无数荣誉，他曾先后在2014年、2016年、2018年半程马拉松世锦赛上获得冠军。同时他也被誉为基普乔格的接班人，期待2020年他的表现。//06。贝克勒差三秒破世界纪录//2019年9月29日，2019年柏林马拉松鸣枪起跑。比赛行至30公里处，贝克勒被两名90后同胞甩开，镜头又像2018年阿姆斯特丹马拉松那次一样，对准贝克勒的后背，似乎在等待他的“退赛判决”。本以为被甩开后的贝克勒，将再次退赛时，但37公里的完美超越，将曾经所向披靡的贝克勒重新拉回到众人面前。老将贝克勒在一群年轻小将的夹持下，凤凰涅槃、浴火重生！最终，来自埃塞俄比亚的贝克勒以2小时01分41秒的成绩夺得2019年柏林马拉松男子冠军，以3秒之差险破世界纪录。今年已37岁的贝克勒，与基普乔格场地赛与路跑赛的羁绊也已有16年，转战路跑已有5年。直到现在，路跑赛还是没能赢基普乔格，可能是贝克勒不小的心结。状态已回归的贝克勒，在2020年将极有可能与基普乔格碰面，期待那一天！//07。德西萨夺世锦赛马拉松冠军//2019年10月06日，2019年多哈世锦赛男子马拉松鸣枪起跑。本次多哈世锦赛由于当地温度过高，对于参与室外的马拉松运动员都是巨大的考验。因此组委会特意在多哈当地时间凌晨开跑，但温度仍然不低，温度29摄氏度，湿度为51%。在一周之前的女子马拉松赛中，因天气炎热，70人参赛中28人体力不支中途退赛。女子冠军成绩是2小时32分43秒，这也是世锦赛有史以来最慢的女子冠军成绩。最终，来自埃塞俄比亚的选手勒利萨·德西萨（LelisaDesisa）以2小时10分40秒的夺得2019年多哈世锦赛男子冠军。中国选手杨绍辉跑出2小时15分17秒的成绩，排名第20位。日本三名选手分别排名第25、29、37位，成绩分别为2小时16分43秒、2小时17分59秒、2小时19分23秒。//08.1：59：40 基普乔格突破人类极限！//2019年10月12日，举世瞩目的“INEOS 1：59”挑战赛在奥地利。维也纳。普拉特林荫大道鸣枪起跑。本次破二行动，吸取了2017年Breaking2挑战中的经验教训。在赛道选择、天气监测和比赛氛围上做出调整，兔子从去年的29人提升至41人，全部为世界超一流长跑选手。唯一的参赛选手埃鲁德·基普乔格，也在这两年时间内，将个人PB从2小时03分05秒提升至2小时01分39秒。最终，在众人的欢呼声中，来自肯尼亚的马拉松世界纪录保持者，埃鲁德·基普乔格以1小时59分40秒的成绩冲过终点线，完成人类破二壮举。虽然INEOS 1：59挑战和Breaking2挑战的比赛结果，都不被国际田联所承认，但这并不影响其伟大性。对于这种挑战人类极限的尝试，人们愿意且想知道，超级马拉松运动员能否在外界最大程度的帮助下，突破两小时大关。基普乔格用行动证明，人类是可以的！//09。科斯盖刷新女子马拉松世界纪录//2019年10月13日，2019年芝加哥马拉松鸣枪起跑！最终，来自肯尼亚的选手劳伦斯·切罗诺（Lawrence Cherono）再次上演终点绝杀，以2小时05分45秒的成绩夺得2019年芝加哥马拉松男子冠军。女子方面，来自肯尼亚的选手布里吉德·科斯盖（Brigid Kosgei）以2小时14分04秒的成绩，打破女子马拉松世界纪录（男女混合），以绝对优势拿到女子冠军。原纪录是英国名将拉德克里夫在2003年伦敦马拉松赛上跑出的2小时15分25秒。今年的芝马，被临近的INEOS 1：59挑战赛完全掩盖住了光芒。但好在劳伦斯·切罗诺在终点线再一次的经典绝杀，女子世界纪录的被打破，就像上半年波马一样，给2019年芝马书写了又一段佳话！//10.26：38 十公里世界纪录被打破//2019年12月1日，在瓦伦西亚10公里公路赛中。乌干达名将切普特盖（Joshua Cheptegei）以26分38秒的成绩夺冠，并打破了路跑男子10公里世界纪录，将原有的纪录提高了6秒钟。原纪录是肯尼亚名将帕特里克·科蒙（Patrick Komon）创于2010年的26分44秒。切普特盖在前半程用时13分23秒，后半程用时13分15秒，要知道现路跑5公里世界纪录是13分22秒，相信在不久男子5公里世界纪录将会不断的被打破。转眼2019年就要过去，回望这一年，路跑的各项纪录都在被刷新。基普乔格兑现了诺言，成功破二；贝克勒王者归来，柏马再创佳绩；日本为了2020拼尽全力。顶尖选手间的精彩对决，让每场比赛都酣畅淋漓。新人辈出让路跑赛事看到更多希望，也增添了不少激情。行至2020年，下一个目标又将会是多少？我们不知道！但只要我们一直奔跑，就能看到不一样的风景，丈量出不一样的人生！（98跑）
老人67岁开跑马拉松 年过七旬依然奔跑在赛道上,人生，就像是一场马拉松，要永不停歇永不止步。从2015年至2019年11月，共跑12000公里，这是郑州老人叶永亮用脚步丈量出的数据。叶永亮喜欢跑步，但直到67岁时才第一次参加正式的马拉松比赛，如今已经71岁的叶永亮依然奔跑在马拉松赛道上。叶永亮告诉记者，自己跑步的初衷是为了健康，在他70岁以前每年都会跑全程马拉松，70岁以后则每年跑几个半程马拉松，“只要身体状况允许，我会一直坚持跑下去。”□东方今报·猛犸新闻记者 米方杰  实习生 张晚璐/文图已经坚持跑步50余年 “奔跑”已成为习惯在马拉松赛场上，已经满头银发的叶永亮不是跑得最快的，但确是最为显眼的一个，不仅因为他是为数不多的高龄参赛选手，还因为他头上所戴的一个兔子耳朵形状的头饰。虽然叶永亮已经71岁，但他的心态却很年轻，依然奔跑在马拉松的赛道上。4月4日西三环14公里、4月9日建设路12公里、4月15日碧沙岗公园17公里……12月4日，在叶永亮家采访时，老人向记者拿出了几本带着卡通图案的笔记本，这些日记本上所记载的数字便是老人每天的跑步情况，叶永亮告诉记者，他每天跑结束后都会写下一篇跑步日记。叶永亮坦言，他坚持跑步已经50余年时间，如今“奔跑”已成为他的生活习惯。谈起与跑步结缘，叶永亮告诉记者这与自己的一些幼年经历有关，小时候的叶永亮身体很虚弱，经常生病进医院。“有一次在医院，一个大夫跟我妈说我身体不好，如果不加强锻炼的话很难活到40岁，这对我精神产生了很大的打击，同时坚定了我锻炼的信念。”于是，叶永亮便开始了跑步这一最简单、最切实可行、最低成本又最有效的运动。1964年夏天，叶永亮考入离家4公里的开封师院附中，因为当时学校离家太远，没有自行车，于是每天上下学他都靠跑步。“那年的学校秋季运动会，我报名了一个3000米，当时跑下来成绩还不错，就增强了我跑步的信心。”叶永亮说，从那时起，他每天坚持跑步，为了“跑出一个健康的体魄，跑出一个全新的自我”，这一跑，他坚持了50多年。67岁时挑战郑开马拉松 并专门组建了跑团在和叶永亮的交谈中，记者了解到，此前他一直在开封工作，直到2005年，退休后的叶永亮才从开封搬到了郑州生活。“我家里孩子在郑州工作并且把家安在了郑州，我和老伴退休后就也跟着搬来郑州了。”到郑州后，叶永亮依然每天都在坚持跑步，在离家不远的火车头体育场，叶永亮认识了一帮跑友，“以前我都是一个人跑，来这之后认识了一帮跑友，我们都是一块跑步。”叶永亮坦言，自己之前虽然在坚持跑步，但跑得却并不远，而他一直有一个梦想就是跑一次马拉松。在葛训等跑友们的鼓励和帮助下，他开始了备战马拉松，半年时间，叶永亮从原先的15公里，逐一突破了20公里、30公里、40公里，最后突破了全程马拉松的距离。2015年3月，67岁的叶永亮正式报名参加了郑开国际马拉松，并最终以5小时14分09秒的成绩，安全、顺利地完成了全程马拉松比赛。而在此后，他还分别参加了2016、2017年的郑开国际马拉松和嵩山少林马拉松比赛，并且都取得了不错的成绩。“原来以为马拉松是高不可攀的，而在真正跑完之后才发现马拉松比赛并没有想象中的那么难。”叶永亮告诉记者，2016年的时候，他和几位经常约着一起跑步的朋友组建了郑州健跑团火车头分团，如今在他们的影响下，附近不少居民都加入到了跑团中。70岁后开始跑半马  每天都会跑5公里以上记者留意到，近年来，不少地方举行的国际马拉松竞赛章程里都规定65周岁以上的跑者不能报名参加，不管是全程、半程还是4公里的迷你马拉松。“有这样的规定也能理解，是为了防止老年人在跑马拉松的过程中出现意外情况。”叶永亮表示，此前自己在参加一个马拉松比赛报名时也遇到了年龄限制，最后找到了组委会进行了一番沟通才得以完成报名。“我跑步的初衷就是为了健康，根据自己的身体情况，70岁以前我除了每年跑一次郑开马拉松比赛外，平时自己也会跑。但从去年起，我就开始改跑半程马拉松了。”叶永亮表示，人生本身就是一场马拉松，虽然自己年纪大了，但依然没有离开这个赛道。“马拉松比赛不是短跑，获胜的关键不在于瞬间的爆发，而在于途中的坚持。”记者了解到，2018年和2019年的郑开国际马拉松和郑州国际马拉松，叶永亮都报名参加了半程马拉松，并且取得了很好的成绩。“我参加马拉松比赛并不是为了拼名次，去参加比赛是为了感受下赛场上的氛围，同时也和其他跑友做一些交流。”叶永亮坦言，如今跑步已经成为生活中不可缺少的一部分了。“我基本上都是每天三四点就起床和其他跑友一起开始跑步了，基本上每次都会跑10公里左右，状态好了就多跑一点，状态不好了就少跑一点，但最少也会跑5公里。”叶永亮表示，每天跑完步，都觉着身体轻松，心情舒畅，要是哪天不跑就觉着少点啥。虽然叶永亮已经71岁，但记者留意到他依然精神矍铄，面色红润，不同于其他老年人带给人的传统印象，甚至他会给人一种错觉更像一个20多岁的年轻小伙，爱笑、好动。5年跑12000公里 他在马拉松赛道上还要继续跑下去通过对叶永亮2015年至2019年11月的跑步日记进行梳理，记者了解到，近5年来，他共跑了12000公里，这是他用脚步丈量出的数据。“只要身体允许，我会继续在马拉松赛道上跑下去，不管是80岁还是90岁。” 叶永亮表示，自己最初跑步就是为了提高自己的身体素质，如今他在奔跑中也在用自己的亲身经历带动更多人参加体育锻炼。“原来我的运动量比较大，现在运动计划已经改成10（公里）、6（公里）、8（公里），跑个10，跑个6，跑个8然后休息一天，劳逸结合吧，只要能跑就会一直跑，自己会一直坚持下去。”对于跑步带来的改变，叶永亮感慨颇多：“这几十年，它带给我很多好处，它强健了我的体魄，愉悦了心情，结交了朋友，充实了生活，锤炼了意志，陶冶了情操，使我的人生更加精彩。通过这些锻炼我现在没有‘三高’，感冒都很少，能吃、能睡精神饱满。跑步现在是我日常生活、健康生活、精神生活的一个重要组成部分。”在全民健身热潮下，重视健康的人越来越多，很多人投身于跑步运动中，叶永亮老人看到身边很多跑友都有或重或轻的“伤病痛”，这一情况让他心疼不已，已经奔跑了50多年的他想要把自己多年的跑步心得分享给大家，“我们的初心是健康，没有跑步基础盲目跑是绝对不可取的，所以我劝大家要科学锻炼，因人而异，因时而异，循序渐进，不攀不比，不争不抢，不要跑‘英雄步’，不要跑‘意气步’，要掌握力度，劳逸结合，与此同时更要注意跑前热身、跑后拉伸、防寒保暖这些小细节，看似小细节如果疏忽就可能酿成大祸，造成重伤。”
跑者感冒坚持跑步致猝死 病带伤坚持跑步贻害无穷,从南京传来不幸的消息，一名跑者在南京跑步圣地玄武湖跑步时不幸发生猝死，原因可能与感冒期间坚持跑步有关。以下来自于可能是一名医生与跑者的对话，未得到完全证实。死者为大，为这名跑者致以沉痛默哀！如果上述内容为事实，这已经不是第一次发生跑者因为感冒坚持跑步而猝死或者危及生命。在2018年南京马拉松比赛当天，一名选手在比赛中突然晕厥，呼之不应，被送至南京鼓楼医院急诊室时已经失去意识，情况危急，据医生检查发现，这名选手有感冒发烧症状。感冒是由病毒引发的自限性疾病，没有所谓细菌性感冒的说法，这里的自限性是指感冒是通过机体自行抵抗，不必使用外力就能治愈的疾病，也可以叫做自愈性疾病。现代医学对于自限性疾病的态度是：不鼓励用药，通过充分的休息让其自愈。当你感冒发烧时，身体升温对抗病毒，当免疫系统胜利时，身体就会把温度降下来，而身体降温的方法就是流汗。一些跑友可能就误以为感冒时，通过跑跑步，出点汗就会好。这属于把症状和疾病混淆的情况。人们往往误以为发烧就是病，只要把体温降下去，病自然就好了。怎么降温呢？很自然大家就会想到，尽快出一身汗。其实不是出汗了，感冒好了，而是感冒好了，才出汗。感冒时跑步是极其错误的。因为感冒后，体内的防卫系统就会奋起同入侵之敌进行“战斗”，因此出现体温升高等症状，而此时人体新陈代谢的速度也非常快，如果再跑步，就会使体内产热进一步增加，体温更加升高，代谢更加旺盛，引发体内内环境紊乱。这位送医急救的跑者很有可能就是这种情况，由于感冒发烧时，身体机能状态本来就很差，长时间剧烈运动导致身体严重透支和衰竭，并可能引发休克，这种情况非常凶险。另一方面，感冒时跑步还会进一步削弱人体抵抗力。这时细菌就可能乘虚而入，继发细菌感染，如果侵犯心肌，就可能引起急性心肌炎。因此，对于跑友而言，感冒时绝对不要跑步。即使感冒后期，症状减轻，人感觉轻松不少，此时也不宜跑步，因为此时症状虽消失，但机体抵抗力仍然比较弱，一定要待感冒痊愈后过几天再跑步为好。感冒发生后即使痊愈，两周以内也不要跑马，因为跑马是大强度长时间极限运动，感冒期间跑步或者感冒好后没两天就去跑步，是对自己生命的极大不负责任。一些跑者存在各种类型的伤痛，或者处于伤痛的炎症发作期，这时去跑马往往也是贻害无穷，因为长时间大强度的马拉松必然会对受伤部位造成极大压力，通常会导致伤痛进一步加重，即便你带了各种护具，贴了各种眼花缭乱的肌贴也不能起到根本性的防护作用。目前对于护具、肌贴究竟能不能起到防护作用在专业领域尚存在很大争议。总体而言，其作用往往被商家夸大，或者说心理作用大于实际作用。对于伤痛跑者来说，稳妥的做法就是积极进行治疗和康复，恢复后，再经历过一段时间训练和备赛，没有症状才能参赛。对于大众跑者而言，如何判断自己的伤痛是否影响参赛呢？其实只要有伤痛，参赛就有风险，一些比赛跑者非常想跑的话，比赛前可以看看跑15公里左右以及第二天伤痛是否加重，来进行判断。当然，这样的判断只是不得已而为之，并不十分科学。总之，有伤痛不跑马，要跑马没伤痛。在不怎么跑步或者不怎么运动的人眼中，跑步是一件异常辛苦的事情，喘得上气不接下气不说，还腿脚酸胀，属于典型的自己给自己找罪受。但显然广大跑者完全不是这样认为的，在跑者眼中，跑步是一件虽然有些辛苦但最终会给人带来愉悦、健康的事情。对于养成跑步或者运动习惯的人来说，停下脚步才是一件难受的事情。但再热爱跑步，也不是带病带伤坚持跑步的理由，感冒期间坚持跑步就是典型的错误，希望这样的悲剧不再发生！（慧跑）
多所高校强推APP跑步打卡 真的是少年强则中国强,近两年，各大主流媒体都有报道多所高校“跑步打卡”，也有为了拿到学分找替跑的案例，更有高校要求学生雾霾天晨跑这样的新闻…小编不禁想问，高校推广跑步真的可行？大学生的身体素质真的会有所提高？跑步氛围是这样培养？毕业之后还有多少人会坚持跑步？今天咱们就来聊聊这事儿~众多网友对于高校“跑步打卡”，大多数都表示非常支持，并表示该运动就运动，不然大学生吃喝玩乐、作息没规律，毕业后每天要正常起床上班都受不了…还有网友表示，希望这个课程在全国各个大学借鉴推广，大学生不能成为玩手机废掉的一代…更有网友表示，某些大学校园里的田径场都快荒了，杂草丛生，开放时只有附近居民跑跑步，修建的体育馆不是开会租出去，就是只有少数老师在里边打打羽毛球，太浪费了…从学校角度来讲，可能更多的则是完成“政治任务”！2014年6月，为切实提高高校学生健康水平，从根本上扭转下降趋势，国家教育部印发了《高等学校体育工作基本标准》，800米（女生）、1000米（男生）等都是必测项目，如不合格无法拿到毕业证。标准一出台，各级政府，各所高校纷纷响应起来，推出一系列加强学生群体素质的办法，提升学生体质状况。同时各高校也相应制定了新的体能训练规定，“跑步打卡”即为其一…从学生方面来看，首先由于身体素质的原因，不是所有人都适合跑步；有些人可能更喜欢其他运动形式；并且真正喜欢跑步的人大多有自己习惯的跑步时间和路线。而某些高校的跑步打卡APP不仅规定了跑步时间，还有速度限制，有的甚至连运动路线都给你设定好…不管你喜不喜欢，适不适合，反正都得跑完指标。很多学生是为了拿到“学分”不得已而跑步，喜欢跑步这项运动的同学依旧喜欢，不喜欢跑步这项运动的同学则会产生逆反心理，更加讨厌这项运动！讨厌这项运动的同时，催生了一个职业——代跑，甚至出现一名学生携带7部手机跑步，为他人完成跑步任务，最终的结果就是并没有提高大学生身体素质！还有一点非常重要，对于经常跑步的人来讲，跑前和跑后都会进行热身，从而降低运动伤害，这些打卡的大学生？有几个学校实现了有关跑步的知识教学呢？最后，小编想问各位你为什么会坚持跑步？相信很多朋友都会说就是喜欢呀，出汗后的快感，冲刺时的拼劲儿…这句话里有个重点，就是“喜欢”，只有喜欢才会坚持，才会带动身边更多的人“入坑”，身边运动氛围才会越来越浓厚！高校“跑步打卡”虽然好处多多，但不是所有的学生都喜欢这项运动，也不是只有跑步才能提高身体素质，希望各大高校进一步完善政策细节，让众多学生能够喜欢上某一种运动，能够坚持某一项运动，更多听取学生意见，不失为一个好的办法。（来跑吧）
广州马拉松周末开赛 百余条公交线路将实施临时调整,南方网讯（记者/朱江伟）2019广州马拉松赛将于2019年12月8日上午举行，比赛期间临时公共交通调整措施出台，其中多条公交主线将有临时调整（文末附具体调整线路及站点）。广州市交通运输部门提醒市民需留意相关变动，提前做好出行计划。比赛路段将分时、分段进行滚动交通管制（交通管制以公安交警部门现场实施为准），其中包括体育东路、黄埔大道、滨江路、临江大道、阅江路、沿江路、广州大道等多条主干道路，部分交通线路和站点将临时调整。受交通管制的影响，市交通运输部门将对比赛路段途经的公共汽车1、12、24路等159条线路和滨江东路站、滨江西路站等431个站点进行临时调整，采取短线运作或绕道行驶等方式，保障市民的基本公交出行。由于比赛路段集中在珠江两岸，沿江路、六二三马路、人民桥、同福路、滨江路、阅江路、猎德大桥和临江大道等，沿线区域的市民公交出行将会受到较大影响。因此，市交通运输部门提醒广大市民，在广州马拉松比赛期间，请留意相关公交站点和公交车辆车厢内的告示和指引，提前做好出行安排，合理选择公共交通工具，尽量使用地铁出行。地铁出行方面，比赛当天5：30-18：00期间，参赛选手可凭参赛号码布、工作人员和志愿者可持马拉松赛工作证免费乘坐地铁线路。比赛当天，地铁一号线、三号线、三号线北延段以及APM线首班车提前至5：30投入运营服务，其中APM线体育中心南站（5：30-7：30）、APM线海心沙站（5：30-16：30）将取消停靠。期间广州地铁将加强客流监控，并按照“人过安检门、物过安检机”的原则加强安检力度，确保地铁乘车环境安全有序。市民可登录广州交通信息网（www.gzjt.gov.cn）查询具体调整信息，相关信息也将提前在涉及调整的公交车辆车厢内、公交站点站牌上进行告示。同时，市交通运输部门会结合比赛期间交通管制实时情况，动态优化公交调整安排，及时恢复公交线路运营，并在“广州交通”官方微博进行实时滚动播报，敬请广大市民留意。比赛期间，市民对公交出行如有疑问或需要相关帮助，也可拨打“96900”咨询。附：2019广州马拉松赛期间调整线路及受影响站点一、马拉松赛期间调整的公交线路：公共汽车1、4、7、8、9、10、11、12、16、18、20、24、25、31、36、37、38、40、44、45、53、54、57、58、61、62、64、75、78、79、80、81、89、90、101、102、103、104、106、110、114、121、123、128、130、136、137、138、140、181、182、183、184、186、188、192、194、195、197、204、208、209、211、217、219、221、225、226、229、230、238、243、245、247、261、262、263、266、270、278、280、281、283、284、288、293、299、311、460、468、499、506、517、518、521、530、538、540、541、542、544、545、546、548、551、552、556、562、583、669、765、767、771、777、779、801、810、811、813、886、968、989、121A、131A、131B、283班、288A、302A、460A、B1、B10、B12、B15、B2、B21、B22、B25、B27、B2A、B4、B4A、B4B、B5、B6、B7、B8、B9、大学城4线、高峰快线16、高峰快线30、旅游观光1、旅游观光2、旅游公交1、旅游公交2、旅游公交3、商务专线4、城市新中轴线（广州塔环线）、千年古城线（白云山风景区环线）、西关风情线（北京步行街环线）。二、2019广州马拉松赛期间受影响站点：滨江东路站、滨江东路总站、滨江西路（洲咀大街）站、滨江西路站、草芳围站、大元帅府站、大元帅府总站、广州大桥底站、海珠桥底站、海幢码头站、堑口码头站、石涌口站、新鸿花园站、中大北门西站、中大北门站、珠江帝景苑总站、珠江广场站、珠江泳场站、珠江泳场总站、广州塔码头站、赤岗北路（艺洲路口）站、赤岗北路站、大江苑站、大江苑总站、大江直街北站、大江直街南站、广州大桥南站、东晓路（天园路口）站、海印桥南站、海联路总站、江海路站、海联中路站、建基路站、仲恺路站、怡安花园朗晴居（素社）站、纺织路站、市红会医院北门总站、市红会医院站、市二宫站、同福中站、梅园西（地铁凤凰新村）站、客村立交站、大基头（木偶艺术剧院）站、大基头（木偶艺术剧院）总站、革新路口站、洪德路站、会展东路站、江南大道北站、江湾桥南站、琶洲塔公园站、南华东路站、海珠桥脚站、堑口站、海幢寺站、南华中站、南田西站、双塔路站、同福西站、同福西路站、西二号路站、下渡路口站、中信乐涛苑站、地铁市二宫站、凤凰村站、祈乐苑站、怡乐路南站、怡乐路站、怡趣路站、江怡路站、广州塔东站、广州塔西站、赤岗塔站、艺洲路东站、远安路站、会展中心北站、会展中心码头站、阅江路（珠江啤酒厂）站、阅江路（珠江啤酒厂）总站、阅江西路东站、阅江西路西站、阅江西路中站、阅江中路东站、阅江中路站、会展公园站、琶洲大道东（保利广场-香格里拉酒店）站、琶洲塔站、琶洲村站、琶洲站、琶洲大桥南站、广交会展馆站、海港花园站、磨碟沙站、赤岗站、赤岗路口站、康王南路站、六二三路站、市中医院站、大新路口站、人民南路站、文化公园站、文化公园总站、南方大厦站、珠玑路（市中医院）站、地铁车陂南站、体育中心东门站、体育东路站、天河邮局站、冼村路北站、珠江新城（冼村路）总站、冼村路中站、冼村路南站、时代广场站、天河北路站、天河北公交场总站、龙口东站、林和中路站、林和东路站、天河公交场总站、广州大道中站、五羊新村站、白云区医院站、广州体院站、花城大道（华穗路口）站、花城大道站、星汇园站、广州大剧院西门站、市政务服务中心站、人民日报华南分社站、冼村站、天河站、金穗路站、猎德站、猎德东站、花城大道（地铁猎德站）总站、兴国路站、兴民路（天汇广场）总站、花城大道东站、珠江公园南门站、兴盛路口站、珠江新城总站、琶洲大桥北站、广州火车东站站、林和西路站、海心沙公园站、猎德码头站、猎德污水处理厂站、临江大道（员村二横路口）站、临江大道东站、临江大道中站、琶洲大桥底站、临江大道（员村南街口）站、马场路南（南国花园）站、广州大道中路口站、体育西路站、维多利广场站、体育中心站（深港湾站）、BRT体育中心站、体育中心南门站、程介西站、员村（绢麻厂）总站、员村二横路南站、员村二横路站、员村生活区（市六医院）站、东堤站、南关站、爱群大厦站、长堤（民间金融街）站、大沙头（海港城）站、大沙头游船码头站、星之光电器城站、二沙东（传祺公园）站、二沙西站、星海音乐厅（省中医二沙分院）站、二沙岛西总站、东峻广场站、锦城花园（四五八医院）站、海印桥总站、东湖路站、东华南路（江湾桥脚）总站、江湾桥脚站、南方报社站、动物园南门站、广东工大（地铁区庄站）站、天河立交站、解放南路（沿江路口）站、广医一院（靖海路）总站、动物园南门总站、锦城花园（东风东）总站、明月一路站、海珠广场站、海珠广场（侨光东）站、海珠广场（侨光西）站、五羊新城站、五羊新城总站、泰康路站、星海音乐厅站、省中医二沙分院站、大沙头总站、靖海路口站、天字码头站、文德南站、沿江东路站、海珠广场（一德东）站、杨箕村站、珠光路站。来源：南方网[图片]广州市体育局供
培养青年跑步人才 西藏百余名队员参加加高原冬令营,中新网拉萨12月4日电 （记者 赵延）为期5天的“2019年西藏自治区高原耐力项目青少年冬令营及业余体校对抗赛”（以下简称“对抗赛”）正在林芝市举行。4日，西藏185名青少年运动员们正式开始比赛，内容包括：100米、400米、1000米赛跑，竞走、立定跳远、背抛实心球等项目。图为西藏自治区体校教练对青少年运动员进行竞走示范课技术讲授。姚池 摄林芝市教育局四级调研员阿旺次仁介绍，林芝位于西藏东南部、雅鲁藏布江中下游，平均海拔3100米，当地气候温润、风光秀丽，资源丰富，文化悠久。近年来，林芝体育事业也呈现出欣欣向荣的发展势头。今年，该局积极贯彻全民健身国家战略，完善体育设施，组织开展户外运动，努力打造“户外天堂、运动林芝”品牌。阿旺次仁表示，全区对抗赛在林芝已经成功举办了三届，充分展示了自治区对林芝青少年体育工作肯定，对发展西藏青少年体育起着重要的作用。图为青少年运动员们在做热身运动。姚池 摄西藏自治区体育局竞技体育处处长陈红华表示，此次活动是自治区体育局贯彻落实国家田径耐力性项目高原人才开发计划，开展的一项以发现和培养田径体育苗子为主要内容的青少年训练营活动。西藏自治区体育局调研员刘建华介绍，近几年，西藏竞技体育尤其是田径耐力项目的发展水平从毫不起眼，到藏族运动员成为全国顶尖运动员，离不开基层业余体校的发展。此次冬令营和对抗赛，既给七地市业余体校和自治区体校搭建了相互交流学习的平台，提高全区基层教练员的执教水平，又通过比赛检验全区各类体校的训练成果。图为阿里地区业余体校学生在进行热身运动。姚池 摄据悉，此次冬令营将以理论课+示范课+比赛的形式进行，聘请了清华大学知名青少年体育发展教授曹振水进藏，专门针对生长发育关键时期的青少年儿童如何开展体育训练方面进行授课。吉林省体校副校长及两名滑雪教练也将全程观摩比赛，并从中选拔竞技后备人才。中国田径协会人员也将进藏观摩交流，对提高西藏青少年科学训练水平，为西藏竞技体育后备人才发展打下坚实基础。（完）
南京室内田径世锦赛发布会徽口号 全球征集吉祥物,中新网12月4日电 4日，2020南京世界田联室内锦标赛主题口号及会徽发布、吉祥物征集暨倒计时100天启动仪式在南京全民健身中心一楼大厅举行。会上发布了2020年南京室内锦标赛的会徽、主题口号，并公开面向全球征集吉祥物。据组委会方面介绍，本届赛事口号、会徽的征集，得到了国内外热爱创意设计、具有一定创作能力和经验的单位和个人积极参与。经过组委会层层评选，确定本届世锦赛主题口号为“南京魔方，田径梦想 Nanjing’s Cube， Where Athletes Dream”。据悉，为本次赛事新建的国内首家专业室内田径馆已完工，场馆外形酷似魔方，不仅能办赛亦能满足日常训练及大众健身的不同需求。赛事配套酒店长江之舟也将于2020年元旦对外试运营。“南京魔方，田径梦想 Nanjing’s Cube， Where Athletes Dream”寓意全世界运动员将从“南京魔方”扬帆起航，实现田径梦想。赛事会徽发布。组委会供图2020南京世界田联室内锦标赛组委会副秘书长、江苏省体育局副局长刘彤，2020南京世界田联室内锦标赛组委会副秘书长、市政府副秘书长吴秀亮，以及中国田径协会、南京市体育局相关代表出席了启动仪式。赛事会徽以世界田联（World Athletics）要求的其最新W形会徽为基础，由南京首字母“N”、“J”和城市风貌为整合的设计元素组成。整体由紫色、橙色配合渐变的鲜艳色彩，既展示了城市的发展速度也表达了比赛的运动速度。会徽将南京首字母“N”、“J”巧妙地融合在一起，其中“N”和南京标志性建筑融为一体，“J”既似赛道又似城市道路的延伸，并与城墙合为一体。会徽将美丽古都的象征明代城墙和创新名城的地标紫峰大厦交相辉映， 彰显南京的城市定位，空中飞跃的跨栏者既展现了田径运动的力与美，又喻示着南京对跨越式发展的不懈追求。赛事会徽。组委会供图启动仪式上，组委会还面向全球广泛征集2020南京世界田联室内锦标赛吉祥物设计方案。个人、机构和团体均可投稿，接受电子和纸质两种形式递交作品。2020年3月13-15日，2020世界田联室内锦标赛将在南京举办，这是中国首次举办世界室内田径锦标赛，是继2015年北京世界田径锦标赛之后又一落户中国的田径顶级赛事，同时也是2020年东京奥运会前世界田联最重要的一场比赛。目前赛事各项筹备工作正在紧锣密鼓的有序推进，为赛事新建的国内首家专业室内田径馆“南京魔方”已经初步完工，赛事配套酒店“长江之舟”综合体酒店也将于2020年元旦对外试营业，赛事组委会工作团队也已陆续进驻现场进行集中办公。倒计时100天的启动，标志着世锦赛的各项工作进入最后冲刺阶段。组委会副秘书长、江苏省体育局副局长刘彤在仪式现场致辞中表示：“体育作为全人类的共同语言，是连接南京与世界的一道重要桥梁，2020南京世界田联室内锦标赛将是一场属于南京、属于中国、属于世界的盛会，将向全世界展示南京创新、活力的体育名城形象，展现全世界运动员们团结拼搏的体育精神。”（完）
广州马拉松宣传大使亮相 王军霞等“大咖”在列,2019广州马拉松将于本周日（12月8日）鸣枪起跑，今天上午，记者从广州马拉松组委会悉，今年广州马拉松宣传大使由结构生物学家施一公、广州恒大队队长郑智领衔，大使名单还包括奥运冠军王军霞、湖南卫视主持人李锐以及完成“777挑战赛”的蒲爱民，国际名人则有丹麦运动员、国际跑协会官员埃尔林·尼尔森。今年广州马拉松赛6位宣传大使分别来自体育、科学等领域。埃尔林·尼尔森作为国际路跑协会官员，哥本哈根安徒生马拉松联合创办人，代表国际路跑协会在世界各地发起组织多场著名马拉松赛事；埃尔林·尼尔森施一公，是结构生物学家、中国和美国科学院院士、曾任清华大学副校长，现任西湖大学校长，获鄂文西格青年科学家奖、赛克勒国际生物物理学奖、谈家桢生命科学终身成就奖等多项荣誉；施一公郑智，中国足球运动员，曾获2006年度中国足球先生、2013年度亚洲足球先生，现任中国国家队队长和广州恒大队长，带领球队2次获得亚冠冠军，8次中超冠军；郑智王军霞，1993年第七届全运会马拉松冠军，1996年美国亚特兰大奥运会5000米冠军、1万米亚军，成为中国田径场地赛获得奥运金牌第一人，及至今唯一一人一届奥运会获得金银两枚奖牌的选手，是目前亚洲唯一的世界田径名人堂成员。王军霞。（图片源自网络）蒲爱民，马拉松爱好者、世界马拉松大满贯六星跑者、深圳市十佳广告人，2019年年初与2017年广马宣传大使曹峻，共同完成了世界级难度的极限挑战——世界马拉松挑战赛“777”；蒲爱民李锐，湖南卫视节目主持人，曾担任湖南卫视《晚间新闻》主持人，2013年，担任亲子户外真人秀节目《爸爸去哪儿》中的“村长”，2016年李锐主持由湖南卫视打造的中国首档代际沟通观察类节目《妈妈的牵挂》及参与拍摄由贵州卫视打造的国内首档邻里沟通公益真人秀《你好邻居》。李锐。（图片源自网络）组委会聘任这6位国内外体育、科学等领域的重量级人物为宣传大使，其目的就是希望通过借助形象大使、宣传大使在这些领域的符号意义和影响力，吸引更多国内外人士来广州参加马拉松赛事，鼓励广大市民特别是青少年群体，积极参加体育运动，提高自身身体素质及意志品质。（信息时报）
别人跑一小时都没事 为什么自己跑步喘的要命？,为什么只要我跑得距离稍微长一点，就喘成狗？为什么我既跑得不快，也没有加速，却还是气喘吁吁？为什么只要速度一快、坡度一陡，或者一紧张，我就上气不接下气？为什么明明跑步水平还不错，很多时候慢速的跑也会呼吸急促、中速跑甚至会更喘？这些跑步时发生的喘气，让人兴奋而来，败兴而归；同时也让人产生自我怀疑，还会信心受挫。虽然喘气的状况是五花八门的，每个人的原因也各不相同，但总体上来说，跑步当中出现的喘气，主要是以下三个方面原因引起的：01 跑步的实力小于所跑强度过快的速度、高耗能的跑步方式或跑姿过大的动作、有氧的能力不足02 呼吸方式有待调整用嘴巴进行呼吸、强度较大时只用鼻子呼吸、呼吸节奏不对03 自身病理上的因素流感、哮喘、心源性喘气另外，还有些外源性的原因：比如处于一个较高的气温和湿度的空间，这样会加大自身的身体负担，也会导致气喘。所以小伙伴们找到原因就简单了，就可以对症下药了，找到针对性的解决方案：01 你的跑步强度和能力不匹配其实这个问题主要是由于速度过快，这是导致气喘的最大原因很多跑步初学者都最容易犯这个错误，一上来就跑很快，结果每次跑不了多远，就开始气喘如牛，然后心理上备受挫折，甚至还会怀疑自己不适合跑步。其实刚开始时，只要你比走稍微快点，保持慢的速度甚至以走路的速度慢慢跑，哪怕你是新手，连续跑个3~5公里都是没问题的。问题是出在你有氧能力尚未具备，就着急去以自己能跑得最快速度去跑，当然持续不了多久。对于这种原因，解决方法非常简单，就是：跑慢一点，再慢一点。想要高耗能的方式跑步？高耗能的跑步方式分为两种情况：① 动作太大比如过度的抬腿，过度的摆臂；这些都会造成你额外的体能消耗，也就会间接造成运动强度上的加大，虽然看上去跑得并不快，但耗能却不小，当然会气喘吁吁。对于这种情况，我们一定要谨记：跑步是一项利用外力的运动，我们只需挺直上身自然前倾，不用刻意的往出跨腿，手臂随着腿运动的幅度自然摆动，就像走路时摆臂那样自然。重点在于动作越自然，耗能越小。如果你找不到这种感觉，那么你可以可以尝试下先在自然状态下走路，然后越走越快，然后慢慢跑起来，这时候的步伐、摆臂就是最自然的，多试几次，就会有感觉了。② 跑姿的问题跨步、弯腰、拖着腿（不快点收回来）等这些不良跑姿都会导致你的跑步效率低下。跨步会产生刹车效应，弯腰会导致腿补偿性的拖在身体后面（为保持平衡），拖着腿会导致不能快速的进入下一步骤，同时腰部会负荷增大，这些都会大大消耗你的体能，间接增加运动强度，导致在并不快的配速下，却开始气喘吁吁。保持正确的跑姿，可以让你跑得更轻松。（可以参加小编之前的跑姿文章）出现了有氧能力不足的问题？这倒没什么好说的，功夫不到家，就去多练吧！需要你坚持有规律的慢跑，保持每周3~4次慢跑，每次50分钟以上，可以有明显提高当然，自身有一定基础的跑友，可以在跑步过程中加入间歇训练和乳酸阈训练，提高自己的最大摄氧量和扩展有氧空间，那么在一般的强度下跑，肯定是不会喘了。02 你的呼吸方式有问题只用嘴呼吸虽然进出气的量都比较充足，但只用嘴呼吸很容易造成呼吸道感染，得了上呼吸道的疾病，最终都会造成气喘。只用鼻子呼吸在运动强度比较小时，用鼻子呼吸是没问题的。但随着运动强度逐渐加大，需要吸入的氧气和排出二氧化碳的量会越来越大，这时候如果单靠鼻子呼吸是不够的，要用嘴辅助呼吸。一般来说，用鼻子吸气配合嘴来呼气是合理的呼吸方式。呼吸节奏问题呼吸节奏其实一个重点，很多人的关注点也在这里。关于慢跑采用4吸4呼、3吸2呼等等，说法众多。。。有主张对称呼吸法（呼与吸相等，也叫偶数法），有主张韵律呼吸法（吸长呼短，以横膈膜呼吸为基础，也叫奇数法），还有主张自然呼吸的（从走到跑，由慢及快，让呼吸自然跟上，不刻意控制呼吸）。今天小编主要介绍一下韵律呼吸法。韵律呼吸的本质就是在于平静，对韵律的觉察会让你的关注点引向平静。它能使你尽可能地保持放松，平息身体里任何可能会影响状态的压力。韵律呼吸的原理是：在跑步过程当中，脚在开始呼气的时候落到地面的时候会产生一个最强的冲击力，并且此时的核心的稳定性也是最差的。这时候最容易受伤。韵律呼吸的方法是：慢跑和中速跑采用3步1吸，2步1呼的‘数5’呼吸节奏（3：2）；快速跑时采用2步1吸-1步1呼的‘数3’呼吸节奏（2：1），间歇跑或高强度跑时采用2步1吸-1步1呼-1步1吸-1步1呼的呼吸节奏（2：1：1：1）。如此，可以保证呼气的时候，两脚能够均衡落地。而岔气的一个原因是：当呼气时，横膈膜上升，而此时如果刚好脚落地撞击地面，横膈膜上方的器官会就向下移动，这一升一降会使得横膈膜处于高度紧张状态，从而极易产生痉挛，而导致岔气的现象。很多人岔气多发生在一侧，就是因为采用了偶数呼吸法，这样呼气时总是同一只脚落地，横膈膜这一侧就承受更大的压力，从而更容易产生痉挛。与心率不同的是：呼吸是可以由人体自动完成（如睡觉时的呼吸，走路时的呼吸等），可以在意志干预下主动调节。我们可以通过有计划地、主动韵律呼吸的训练，让这种呼吸节奏成为一种习惯、本能，也会逐渐趋于自动发生和完成。记住：韵律呼吸的基础是横膈膜呼吸法，即平常所说的腹式呼吸。吸气的时候腹部鼓起，呼气时腹部收回，感觉好像在用腹部呼吸，但其实是通过横膈膜、腰方肌等一系列深层肌肉来控制呼吸，这样可以达到更深的、更有力的呼吸效果。另外平衡呼吸法（偶数），其实在较慢的速度跑的时候，也是可以的，只是不利于锻炼呼吸能力；自然呼吸法，即由慢及快的呼吸，不去控制，顺乎本能，这种方法有一些出色的运动员也在使用，其实本质上和韵律呼吸是一样的，就是让呼吸和运动融为一体，减少人为干扰和紧张。唱歌的人和游泳的人，在呼吸方面的基础较普通人更好一些，因为他们经过专门的呼吸训练。因此，有意进行呼吸训练的跑友，可以借鉴声乐方面的呼吸技巧和训练方法。03 如果你生病了如果你流清涕、打喷嚏，那最好休息；如果你喘得时候刺啦刺啦，可能是呼吸道发炎，也可能是哮喘，赶紧休息，等病好后再跑；如果你喘得时候，伴有心慌、胸闷的感觉，请尽快停止跑步，你可能有心源性喘气，不适当的运动会导致危险，请及时就医。（42195m）
半马跑62分却被禁赛两年 咸宁马拉松干的漂亮！,今天下午，咸宁马拉松组委会发布了一则公告，对参加半马的两名选手进行处罚。经调查，参赛号为B0941和B0707的两名选手，因跨区起跑，违反了竞赛规程，组委会对二人做出取消成绩，并禁赛两年的处罚。国内的马拉松比赛，对选手做出禁赛处罚，已经十分常见，但咸宁马拉松这次处罚，可以看成一次标志性事件，因为被禁赛的是两名非洲选手，且获得了半马的冠亚军。马拉松江湖在比赛当天曾介绍过二人成绩被取消的经过，当时，B0941号选手Kassie derseh kindie半马跑出了1小时02分23秒的优异成绩，强势夺得冠军，随后，B0707号选手muriu Jackson maina以1小时06分41秒获得了亚军，中国选手张淞琳以1小时09分23秒获得第三名。负责计时工作的人员已经打印出来了当时的成绩单，但随后，现场裁判接到举报，称半马前两名选手存在跨区起跑的行为，两人比赛时都是从全马区域出发。裁判马上对比了两位非洲选手的净成绩，从而坐实了他们跨区起跑的违规行为，当场宣布取消成绩。中国选手张淞琳随即升级成为半马冠军，可喜可贺！跑友留言还原了比赛时的细节，两位非洲选手开跑前在全马区域集结，期间被裁判驱赶了3次，但是二人又反复混入全马选手人群，最后可谓自作自受。其实Kassie derseh kindie有着绝对的实力，即使他在半马区起跑，最后的冠军也非他莫属。据马拉松江湖介绍称，Kassie derseh kindie和贝克勒是同一个教练，半马能够跑到61分，这次来中国比赛就是为了敛财。绍兴马拉松，他就在半马项目夺得冠军，也跑到了62分。上周末的丹阳半程马拉松，他又以1小时02分43秒的成绩夺得冠军，显然，咸宁马拉松的小插曲并没有给他带来丝毫影响，在经纪人的带领下，他继续扮演着马拉松赏金猎人的角色。而咸宁马拉松组委会在处罚的同时，已经报送田协追加处罚，如果追加成功，他将会面临无法在中国捞金的窘境。咸宁马拉松的处罚，给一些非洲选手和他们的经纪人，传递了一个信号，想踏踏实实的赚钱，请先遵守中国马拉松的规则，跑的快，不代表你拥有特权。（文章部分图片来自马拉松江湖，见水印）（kyrie）
厌跑成绩一直上不去 原来你少了这种训练！,相信大多数跑友都知道一个常识，那就是跑步不能一味的只跑步，还要进行，核心、力量训练，这些训练会让你变得更强壮，更有力量，从而也就跑的更快，更安全！但是，对很多跑者而言，单单只是跑步就已经很累了，根本没有精力在跑步后还去进行一些其他的训练，那么，该怎么解决这一问题呢？  请往下看！挪威学者曾做过一次研究：精英长跑运动员训练中，把30%的跑步时间转换为交叉训练之后（这种转换并不影响已在进行的交叉训练），他们的3000米成绩都大大提高！有跑者开始疑惑了，那么交叉训练到底是什么，真的有这么神奇吗？我们通常将训练项目分为力量训练、有氧训练和柔韧性训练。交叉训练，就是在训练过程中涉及了不同类型的运动项目，我们将这种训练称为“交叉训练”。交叉训练可以避免一味跑步所产生的枯燥感，交替肌群的锻炼不仅避免了单一肌肉的过度使用，也平衡了我们身体肌群的发展。对于普通跑者来说，可以拿出10%的跑步时间，或是每周至少进行1- 2次的交叉训练。要记住磨刀不误砍柴工，不要小瞧这些练习，它可以大大提升你的跑步水平！01游泳游泳是非常棒的一种交叉训练方式。因为它不需要承重，能让在跑步的时候承受了很大的压力的关节休息。人在游泳时，水对肌肤、汗腺、脂肪腺的冲刷，起到了很好的按摩作用，促进了人体血液循环，是一种很好的放松方式。游泳既能增强力量和耐力，又能改善灵活性，甚至还可以帮助降低炎症风险，预防因此而导致的心脏动脉硬化等疾病，降低炎症风险还能缓解其他疾病的恶化进程。02骑行“骑单车增强肌肉耐力，打造强壮的股四头肌、腿筋、臀部——这些都是跑者爬坡时需要的肌肉”，拉维齐奥说，“经过单车爬坡训练的跑者会在跑步上坡的时候品味到甜头，他们在上坡时所需时间会更短。”03跳绳在跑步中有触地时间这个关键数据，我们发现，往往越是跑的越快的精英跑者，他们的触地时间也会越短，普通跑者每步触地时间为250毫秒，大众精英跑者能达到200毫秒，一步就相差了50毫秒。所以如果你想提高速度的話，缩短触地时间会是非常重要的训练方向！训练方法之一的跳绳就能让触地时间变短，让你跑步成绩提升！跳绳训练，对跑者的跟腱强度，和缩短触地时间都很有帮助！04瑜伽你也许能跑得又快又远，但弯腰系鞋带呢？这又是另外一回事儿了。要想在适当的动作幅度下跑得流畅，跑者们需要足够的柔韧性。瑜伽和力量训练达到的效果有些相似之处，因为都要把体重当做阻抗来增强肌肉。但你还能从瑜伽中得到更多灵活性，因为瑜伽里有很多的拉伸运动。很多跑者发现，长距离跑或者艰苦训练后练段瑜伽会很放松。（42195m）
中国田径协会实体化后 马拉松市场化之路的思考,10月28日，中国田径协会实体化改革推进仪式在北京举行，经过一年多的筹备，田协工作将正式开始按照实体化运作机制运转。当下除了面对2020年东京奥运会的严峻形势之外，田协的发展也遇到了全新的挑战，但实体化改革无疑是着眼于未来田径市场的大势所趋。其中，以马拉松为代表的全民健身运动更是急需步入市场化的节奏。近年来，国内各地的马拉松赛事氛围依旧火爆，“一票难求”的局面在这项融合竞技体育与全民健身运动的中更是屡见不鲜。作为城市活力的全新带动方式，体育赛事——尤其是城市马拉松——对推动城市的经济、基础设施建设和文化的发展有着越来越重要的作用。伴随着各地区赛事的日益沉淀，马拉松赛事的发展同样呈现出了两大阶段的显著特征：在路跑赛事初创的时代，处于对全民健身和运动普及程度的要求，政府通过政策和资金两方面的扶持，来帮助各大赛事站稳脚跟；随着赛事通过良好的服务、超值的性价比获得了更大程度发展之后，政府搭台、市场唱戏，越来越多的赛事运营成本需要组委会通过市场开发和报名费收入共同解决。作为我国马拉松赛事发展历史上最具影响力的赛事之一，北京马拉松通过三十余年的发展之后，也已形成了相对成熟的组织管理结构模式，赛事的各个环节都能够有条不紊推动进行，已经逐渐步入到马拉松2.0时代。不过在前不久公布的首批国际田联白金标赛事中，中国的马拉松赛事无一入围，包括此前呼声颇高的厦门马拉松在内，都没有获得更高的认证。究其原因来看，无非在于品牌定位、品牌推广和品牌延伸三大内容，其中赛事的市场化运作日益丰富、立体的当下，到底如何才能打造一项“白金标赛事”？在2019年初的中国马拉松年会上，中国田径协会公布的数据显示，去年全国举办的800人以上规模马拉松及相关赛事共计1581场，累计参赛人次583万。全民参与程度依旧保持在较高水准的当下，2018年的马拉松年度总消费高达178亿元，带动总消费288亿，年度总产出746亿元，所有的数据似乎都在进一步烘托路跑市场的火热和“壕气”。这其中，作为马拉松赛事的领头羊，有多达68项赛事斩获了中国田协金牌赛事的称号，比去年增长了55%。中国田协副秘书长水涛在接受采访时曾表示，“标牌赛事的大幅增长标志着中国马拉松赛事品质的提升，代表着中国马拉松逐步向专业化、规范化、国际化的方向发展。”诚然，随着各地层出不穷的赛事创建与消失，市场对于马拉松赛事的筛选也逐年见效，更多的精品赛事受到了各地跑友的认可。北京马拉松、上海马拉松无疑是行业内的翘楚，另外包括华东地区的无锡马拉松、扬州半程马拉松，华南地区的厦门马拉松、广州马拉松等一批赛事，也继续保持良好的口碑。但想要长期屹立于中国马拉松赛事之林，只依靠报名费和目前相对有限的市场开发恐怕远远不够。低价报名费搭配优质的赛事服务，只是诸如上述赛事开拓市场的行为，毫无疑问是马拉松这项运动在中国初期发展的必由之路。经过多年的积累与沉淀之后，以政府大力扶持、组委会低价收费、参赛选手“超性价比”参赛象征的马拉松1.0时代即将翻篇，政府更多转向给予政策支持，组委会需要开拓更大市场，而选手也不应无度的索取低价同时优质的服务。当下，无论是开篇提到的田协实体化改革，亦或是如今多个城市的马拉松赛事0元中标，一线马拉松赛事报名突破十万大关且进入抽签时代，这也是马拉松赛事开启市场化运作时代的强烈信号。在跑者需求、市场物价都保持高速增长的当下，赛事需要通过更深层次的市场开发来继续呈现高品质的服务，而跑者自然也需要为所享受到的服务承担应有的成本。以北马为例来看：北京马拉松2019年参赛人数30000人，每名选手的报名费200元，倘若不考虑赞助商名额及一些免费名额的因素，赛事的报名费总收入达到600万。赛事官网显示，目前北马的所有5个级别赞助商数量为22家，在各大赞助企业现金流相较于往年有所下滑的情况下，大量的物资赞助和权益置换加入期间，无疑减小了赛事的赞助现金收入。国内大型的马拉松赛事目前基本只有上海马拉松“特立独行”，依旧保持在多年前开始至今的100元报名费。但论及市场开发的深度和广度，上马无疑走在前沿。对比国内一些“0元中标”的赛事组委会，报名费始终处于低价，但它们提供的赛事服务质量、赛事本身市场开发程度都与国内大型赛事有着显著的差异，这自然说明了在一场赛事长时间的留存于中国马拉松之林时，为跑者提供的服务，以及自身进行市场开发，都是其中的关键要素，低价吸引人气的时代已经进入到末期了。著名跑者、媒体人、前新浪高级副总裁魏江雷曾表示，跑者在占用大量社会公共资源的当下，享受着“超值”的服务，应该要支付更加对等的费用，来“回报社会和城市”，因此他曾建议北马涨价到500元。消息一出立即引发全网热议，观点迅速分裂为两派：一派声音表示可以接受涨价，毕竟是一个市场的行为，其中更是结合到当下生活必需品的物价相较于前几年都有了攀升；另一派虽占少数，但其观点认为城市和赛事需要拿出更大诚意来满足跑者需求。英国《金融时报》曾将跑步定义为“中国中产阶级的新信仰”，在一身跑步装备动辄几百、几千，往返比赛地交通成本同样高昂的情况下，几百元的报名费对跑者而言恐怕也只是凤毛麟角罢了。当然，对于赛事而言，即便报名费收入能够提抵消掉部分办赛成本，但想要确保一个已经深入人心的赛事品牌持久、创新的传承和发展下去，依旧还要从品牌定位、品牌推广和品牌延伸三大角度来重新审视和布局。在市场化运作进行到相对成熟阶段时，马拉松赛事的发展更是应该进入到第三阶段，通过赛事运营的盈利来反哺城市。尽管外界一度将中国马拉松市场化冠以“泡沫”的名号，相信随着中国田径协会实体化改革的发展与推进，“泡沫”终会消失，今后的马拉松赛事会逐渐向市场化运作演进，自负盈亏毫无疑问将成为赛事运营的主要经营模式。来源：光明网 作者：纳贺伊普
这场比赛全马仅180人完赛 女子全拿奖金！,你可能错过了跑马生涯唯一一次拿奖金的机会。上周末，2019五华马拉松在梅州五华粤东农批广场开跑。来自乌克兰、意大利、埃塞俄比亚等15个国家和地区的逾万名跑者参加。据了解，五华地处广东梅州，五华马拉松共设置全程马拉松、半程马拉松、全民健康跑、迷你4个项目8个奖项。经过紧张激烈角逐，来自埃塞俄比亚选手以2小时24分09秒的成绩夺得全程马拉松男子组冠军，来自甘肃的李彩霞以3小时04分54秒的成绩夺得女子组冠军。五华马拉松奖金幅度很高，全马男女分别奖励前50名。男子全马一共160多人完赛，其中一名全马300兔子还拿到第六名，获得2000元奖金。全马女子一共有35人报名，只有23人完赛，全部拿到奖金。相比北上广动辄十万多人的报名数据，很多小赛事选手招募十分困难。比赛确实多了，但跑者没有同配比的增长。于是，有些比赛面临一个尴尬境遇：即便奖金幅度再大，人招不上来。你参加过哪些小赛事呢？作为“跑渣”，我们还真有机会拿到比赛奖金。（跑马去旅行）
为了母校来一场跑步比拼吧 中国大学生越跑越快了,四年前，当中国高校百英里接力赛（下称“高百”）第一次举行时，主办方还要打着“中国版箱根驿传”的头衔在学校里宣传；四年后，当全国最强的高校跑团聚集上海，没有人再提“箱根驿传”，他们奔跑只为争取那份“高百”的荣耀。上个周末，历经上海、西安、北京、成都、武汉、广州六个分站赛，全国26支优秀参赛队从百余支跑团中出线晋级总决赛，最终北京大学-博雅少年队摘得年度总冠军。日本长跑之所以在亚洲强盛，很大一部分原因源于“箱根驿传”培养的校园跑步人口；如今，“高百”这项中国的高校跑步赛事也肩负起了相同的使命。复旦大学在比赛中。中国的学生跑者越来越快“今年明显感觉强队太多了，咱们这叫不进则退！”在今年“高百”决赛的现场，特意前来为复旦参赛队加油的老学长潘景峰为学弟学妹们做了一番总结。潘景峰之所以发出这样的感慨，多少也是因为曾经在第一和第二届斩获冠军的复旦大学-日月光华队在今年的决赛上直接跌出了前三，爆出了一个不小的冷门。事实上，并不是复旦的参赛学生们变慢了，而是中国各大高校的学生都变快了。数据不会骗人。在第四届决赛当天，夺冠的北京大学-博雅少年队总成绩为9小时50分41秒（总共10人成绩相加，其中包括两位女选手），要比3年前的冠军成绩整整快了34分钟，换句话说，参赛队伍里的每一位选手平均快了3分多钟。“前几届男子选手一棒（约16公里）跑进64分钟也算过得去了，今年能跑进60分大关在某些队伍里只能当替补。”经历了这几年的发展，“越来越快”同样是赛事组织者们感受到的最大变化，“女子最快的选手一棒能跑到61分钟，比过往几届大部分男子选手都要快。”成绩快速攀升的背后原因不难发现——高水平的新队伍更多了，老队伍的重视程度更高了。就以上届冠军清华大学-无体育不清华队来说，今年一共组织了两次为其近两个月的阶段性集训，集训期间一周至少三训，由校内的专职教练带队；为保证最强阵容，队伍在经过多次选拔后才敲定最终参赛名单；而且“清华选手”比赛当天清一色装备最新款的“高科技跑鞋”，一双价值2000多元人民币。与国内其它高校赛事相比，“高百”有着更大的包容度——任何学校任何对跑步有热情的学子、校友都可参与，而不是各名校间体育特长生互相PK的“小众舞台”。因为这样的特质，“高百”才能在短短四年里，从只有1个赛站、20多所高校参与，到今年全国范围内设6个分站和1场年度总决赛、超过200所高校参与。现场大屏幕时时更新赛况。学习日本长跑，让更多在校学生参赛如果那些热爱跑步的大学生可以越跑越快、越跑越好，那么精英竞技层面的跑步能力也会稳步提高，这就是拥有百年跑步历史的日本长跑正在践行的理念。更重要的是，学生跑者不仅仅活跃在“箱根驿传”之上，日本的各种长跑比赛都能看见他们的身影。这就像今年的日本上尾半马，57人跑进64分钟，120多人跑进65分钟，180多人跑进66分钟，350多人跑进70分钟，而且绝大多数都是在校学生……一如前几年，这项赛事的优秀成绩都被日本在校学生垄断。而如今，“高百”也同样意识到了在校学生的跑步能力对于中国长跑的影响和帮助。正因如此，主办方制定了一条看似不合理的赛规——“每支总决赛伍里，第一棒和第五棒年龄上限为30周岁。年龄每高出一岁，则团队总成绩增加30秒。”换句话说，谁上老将谁吃亏。“这主要缘于过去大部分队伍中，校友们的实力和参赛热情普遍强于在校生，我们是希望鼓励更多的在校生能够上场。”赛事组织者的“良苦用心”其实希望刺激更多在校学生的运动热情。不久前，上海体育学院院长陈佩杰就提到，“我国青少年体质健康水平‘增龄递减’现象存在，从2016年、2017年、2018年3年调查数据来看，随着学段升高，学生体质下降的趋势很明显。2017年的调查数据显示，小学生体质健康达标率为92.1%，中学生为88.0%，大学生为74.4%。”幸运的是，经过三年的培养和宣传，“高百”确实用这种循循善诱的方式让越来越多在校大学生爱上了跑步，直接体现就是：今年总决赛在校生的参赛比例大大上升。“我们现在每年都能挖掘在校生加入我们，团队氛围好，大家干劲足。”同济大学-同跑济天下队在本届总决赛创历史最佳地夺得团体第三，学校95级的老学长卞云州说自己今年从队员变成了拉拉队的一份子，“‘新鲜血液’加入让我这样实力不足的老队员退居二线了。”高科技赛事团队。重视科技的“高百”，值得国内借鉴或许，四年的时间维度对于校园跑步热情的培养和在校学生跑步能力的提升还太短了，但这场“高百”对于中国跑步的帮助远不止于此。其中最重要的一点就是，赛事组织者对于科技办赛的执着。在今年总决赛现场，起跑检录点和终点观赛区的一幕幕场景就是最好的缩影——一位迟到的选手，因为马上就要登场的他手忙脚乱起来，谁知工作人员用手机朝他按下了快门键，“检录完成了，上赛道等候即可”；而在终点硕大电子地图上，每一支队伍每一位选手的比赛轨迹正在实时显示，“咱们的队员在哪儿一目了然。”的确，“高百”能成为全国高校圈子里的热门话题，靠的不仅是“母校情结”，还有办赛方每步科技推崇的“专业体育+互联网思维+科技基因”的全新方式。每一年，“高百”赛事的技术升级都会让参赛者和观众眼前一亮，今年也是如此——首创性的实现了人脸识别选手运动轨迹追踪，在不给选手增添额外硬件负担的基础上实现了精准轨迹描绘及选手运动状况预判；人脸检录从PC端优化到移动端，整个流程更加快速便捷。此外人脸识别技术也应用于现场照片的分类检索，通过选取多张照片可生成短视频进行即时分享；场外观众可通过高百小程序实时了解场上选手的跑步状况及赛事的实时数据分析；每步科技自主研发的专业计时系统具备接力赛等复杂计时环境的算法，可实现精准计时……这种“用科技服务赛事IP”的理念，其实在国内的大部分路跑赛事中还没有运用，但它对于赛事的帮助确实不言自明的，就比如提升赛事服务体验、组织专业度等。“通过技术手段不断提升赛事品质是我们一直以来努力方向，今年赛事运营和服务方面引入了更多的技术手段，对赛事组织，管理，服务信息化，智能化、赛事传播等方面进行了整体升级。”每步科技CEO马京伟在接受采访时，透露出了希望赛事更加科技化的一份野心。
村上春树：跑步这几年 我收获的不止是身材,摘自《当我谈跑步时我谈些什么》我33岁那年秋天决定以写小说为生。为了保持健康，我开始跑步，每天凌晨4点起床，写作4小时，跑10公里。我是那种容易发胖的体质。我妻子却无论怎么吃也胖不起来。这让我时常陷入沉思：“人生真是不公平啊！一些人无需认真就能得到的东西，另一些人却需要付出很多才能换来。”不过转念一想，那些不费吹灰之力就能保持苗条的人，不会像我这样重视饮食和运动，也许老化得更快。什么才是公平，还得从长计议。几年之后，我终于步入小说家的行列，还成功减掉了多余的体重并戒掉了烟瘾。说起坚持跑步，总有人向我表示钦佩：“你真是意志超人啊！”说老实话，我觉得跑步这东西和意志没多大关联。能坚持跑步，恐怕还是因为这项运动合乎我的要求：不需要伙伴或对手，也不需要特别的器械和场所。人生本来如此：喜欢的事自然可以坚持，不喜欢的怎么也长久不了。在这期间，我坚持每年都参加一次马拉松比赛，不过100公里长的“超级马拉松”只跑过一次。那次经历真是终身难忘。那是1996年6月23日，我报名参加了在日本北海道佐吕间湖畔举行的超级马拉松大赛，全程100公里。清晨5点，我踌躇满志地站在了起跑线上。比赛的前半段是从起点到55公里休息站间的路程。没什么好说的，我只是安静地向前跑、跑、跑，感觉和每周例行的锻炼一样。到达55公里休息站后，我换了身干净衣服，吃了些妻子准备的点心。这时我发现双脚有些肿胀，于是赶紧换上一双大半号的跑鞋，又继续上路了。从55公里到75公里的路程变得极其痛苦。此时的我心里念叨着向前冲，但身子却不听使唤。我拼命摆动手臂，觉得自己像块在绞肉机里艰难移动的牛肉，累得几乎要瘫倒在地。一会功夫，就有选手接二连三超过了我。最让人心焦的是，一位70多岁的老奶奶超过我时大喊：“坚持下去！”“怎么办？还有一半路，如何挺过去？”这时，我想起一本书上介绍的窍门。于是我开始默念：“我不是人！我是一架机器。我没有感觉。我只会前进！”这句咒语反复在脑子里转圈。我不再看远方，只把目标放在前面3米远处。天空和风、草地、观众、喝彩声、现实、过去——所有这些都被我排除在外。神奇的是，不知从哪一秒开始，我浑身的痛楚突然消失。整个人仿佛进入自动运行状态。我开始不断超越他人。接近最后一段赛程时，已经将200多人甩在身后。下午4点42分，我终于到达终点，成绩是11小时42分。这次经历让我意识到：终点线只是一个记号而已，其实并没有什么意义，关键是这一路你是如何跑的。人生也是如此。当时的我只有30多岁，但也不能称为“小伙子”了。这是耶稣死去的年龄。在这个年纪，我正式站在文学的起跑线上——虽然已不再年轻。作者简介：村上春树，日本后现代主义作家，代表作品有《骑士团长杀人事件》《挪威的森林》《海边的卡夫卡》《舞舞舞》《1Q84》等。本文原标题《人生马拉松》，摘自村上春树《当我谈跑步时我谈些什么》。（kyrie）
冬天停止跑步后 身体会发生什么变化?,寒风凛冽，大雪纷飞，气温冰点，真是太冷了，一出门跑步身体成了冻僵的状态，还是屋里舒服啊。这成了一些人不去跑步的绝佳理由，甚至有跑者到了冬天选择冬眠，几乎不怎么跑步了。一般来说，停止跑步多长时间，就需要多长时间来恢复体能。可能有一天你会暂时或长时间的无法进行跑步，毫无疑问这将给我们的身体机能带来一些倒退。三天不运动之后，自己健康状况已经开始下降了。不过，在在这个阶段损失是非常少的。如果你在之前的训练里非常刻苦，那么三天的休息，反而会增强你的体能。这是因为在这三天里，你的肌肉得以完全的恢复；肌肉碳水化合物（糖原）水平已经爆棚，由于之前艰苦训练而破坏的肌肉纤维已经完全修复，肌肉有足够的时间去完成有利的代谢变化。一周不跑步之后，你身体内开始发生变化，并最终导致体能的流失。跑步停止1周后运动能力下降，配速、心肺、肌肉力量都会呈现15~30%不等的下降。乳酸更容易堆积，重新开始跑步，乳酸阀值由于之前下降，当再次进行高强度跑步时，原本不酸痛的肌肉更容易酸痛，这也就是为什么我们每隔一周运动，肌肉更容易酸痛的原因。在这一点上，你的最大摄氧量（最大摄氧量，你的有氧技能的主要指标）将下降4%到20%。这部分源于心脏输出量减少，在三周不运动后，心脏泵室的肌肉质量会下降大约20%。另一个原因是肌肉发生的生理和化学变化。通过耐力训练所建立的良好的毛细血管网络开始减退。其结果是，肌肉摄氧量下降高达8%。如果你是一个常年的跑步者，两周不跑步不会让你的体能损失很多，别担心。但是，对于那些新近加入跑步的人或者体能水准较低的人，体能损失的比例更大。以上所有不跑步导致的变化在继续发展，但是基础肌肉的变化此时开始显著。到目前为止，你的肌肉将会回到你未训练前的基线。但是，它可能比从不训练的人要高。你的肌肉正发生着生化学的改变。跑者的肌肉燃烧脂肪供能的生化途径开始变得低效，跑步的时候会更难燃烧脂肪，这将减弱你的续航能力。一段时间不跑步，会导致深度睡眠减少，由此导致烦躁不安，并进一步影响睡眠质量。两个月不跑步之后，你的心肌会明显的减少，心壁厚度会减少25%。肌肉中的线粒体在使用氧气转换能量的过程中也会明显的效率下降。停止跑步两个月后，这种效率会下降25%到45%。因此，还是建议小伙伴们停止训练的时间不要太长，特别对于初跑者来说，停止训练八周后就相当于重新开始。三个月后，你开始经历“激素减少”。激素是调节人体生物化学特征的信使。跑者激素分泌减少时，在运动时更多的应激激素会被释放，这简单来说意味着同样的运动强度，将会对身体产生更大的压力，也会增加恢复的时间。六个月之后，跑者体能下降已经趋于稳定。但是，仍会有意料之外的变化发生。你每单元肌肉含线粒体的数量进一步下降，这导致在训练中你利用氧气的能力更低了。体重增加的情况会渐渐变得明显，也就是说会发胖，如不恢复运动，却保持同样的饮食习惯，你肯定变胖了，体重会增加5-10kg，还伴有健康的风险。停止跑步并不可怕，可怕的是永远放弃跑步。你可以因为工作繁忙、身体疲惫而稍微休息一下，给自己充分的休息时间，但是，跑步的习惯，不能放弃，哪怕稍微快走一下，也是极好的。一天不练，自己知道；两天不练，跑友知道；三天不练，全世界都知道……比如刚结束长时间的熬夜加班，身体太累了，你可以在充足的睡眠后，进行些低强度的运动，比如慢走、快走、爬楼梯、瑜伽、游泳、骑骑车等。生命不息，跑步不止，只要这样坚持下去，相信你的大脑、身体、身材都会保持在一个较好的状态。（跑步吧）
改善上半身跑姿的6个动作 让你跑起来轻松不累,跑姿对于跑者来说，总是一个避不开的话题。因为理想的跑姿不仅可以减少伤病，还可以提高跑步经济性。为什么能够减少伤病呢？先来看一下达子的跑姿，可以用6个字来形容：流畅，有力，舒展。数据显示，跑步的时候每次迈步，身体都要承受自身重量8倍的冲击力。如果跑步姿势不够好，那么就不能很好的缓冲这些冲击力，久而久之就不可避免的产生伤病。比如足底筋膜炎、跟腱疼、大腿拉伤、髂胫束综合征、跑步膝和下背部疼等伤病。那什么又能提高跑步经济性呢？跑步经济性简单来说就是你跑步的时候能量浪费少，用最小的能量驱动步伐，就好比一台车，你用最少的油耗去行驶。而良好的跑姿能够减少能量浪费。这样你跑起来就会更轻松，而且节省出来的能量可以让你在跑马拉松后半程时仍可以保持配速，甚至提速。所以理想的跑步姿势应该是这样的：1、舒适：即使提速也不会感觉不适和疼痛2、高效：用最小的能量驱动步伐3、缓冲：每次迈步时，冲击力都能很好地被缓冲掉。从表面看，跑步是一项下肢参与为主的运动，但其实跑步是一项全身都会参与的运动，从头到脚，每一个部位都会参与。所以，跑步不光要注意腿部的动作，更需要注意上半身的动作。因为跑步时身体并不是割裂开的，是一环扣着一环，当其中一个环节没有做好，那么就会影响到下一个环节，进而影响整体的跑步姿势。比如很多跑者的步幅打不开，很重要的一个原因是摆臂幅度不够大。下面这个动作就可以很好地练习摆臂，增加你的摆臂幅度。正确动作演示错误动作演示那理想的上半身跑姿是什么样的呢？我们从5个方面来分别说明。跑步对头部的要求是：别低头看脚下，要平视前方。说起来很简单，但是当你疲劳的时候，就容易低头，这个时候就要时刻提醒自己。两眼平视前方，能提高你的专注度，保持理想的姿势。如果四处看的话，颈部与脊柱，耳朵与肩膀都不会保持在一条直线上，从而增加消耗。当你跑步的时候，肩部是打开的状态。试着做一下这个动作，张开双臂，用力往后伸展，感觉肩胛骨收拢能夹住一只笔。如果你的肩部打得不够开，那么将会影响你的速度和耐力。而且打开肩部也就意味着胸腔被打开，因此呼吸能够更顺畅，跑起来也就会更轻松。肩部的运动与躯干的运动方向是相反的。当你踏出右脚的时候，左肩超前运动，因此右肩向后的时候，左腿也是向后的。一开始跑步的时候，肩部的运动姿态可以做到很好，但是随着跑步时间的延长，肩部会变得紧张，这个时候你很容易出现耸肩的情况。耸肩将会增加身体能量的消耗，所以要时刻提醒自己放松肩部，比如甩甩手臂，耸耸肩等。记住一句话：前不漏肘，后不漏手。什么意思呢？跑步的时候，手臂是呈90度弯曲的，往前摆动的时候，肘部不能超过躯干侧面，往后摆动的时候，手不能超过躯干侧面。手掌或者拳头摆动的位置是从下巴到髋关节。手臂应沿着身体两侧摆动，这样的摆动方式能更好的推动你前进。如果摆动的时候手肘朝外，意味着手臂是沿着胸前摆动的，这样不仅会增加消耗，而且也会拖慢速度。记住，跑步的时候，手掌不要超过身体中心的横切面。很多人可能不太注意手的姿势。手应是非常放松的状态，呈半握状态。你可以想象一下，手里握着鸡蛋的那种感觉，就是很放松的状态。如果你握的越紧，那么能量就越快会从手里溜走。慢跑时，手是微微握拳的状态，而冲刺跑时，手几乎是打开的状态。对于任何运动来说，核心都是非常重要的，因为核心是你力量的来源。所以跑步的你需要经常进行核心力量训练。很多人跑步时总是会不自觉地弯腰驼背，这样你不仅不会利用到从地面传导过来的反弹力，还会越跑越累。所以跑步的时候，核心是应该是收紧的，躯干呈直线状态。但这并不意味着你的躯干不能动。当你踏出左脚的时候，躯干不应该仍保持在中心位置，因为这样不能顺畅地让扭力转移，从而降低能量的使用效率。下面给大家介绍6个改善上半身跑姿的动作，让你跑步时双臂和肩部再也不会酸痛。注意：需要用到弹力带这个小工具。为什么要做这些练习动作呢？因为现在社会，人们经常坐在电脑桌前就是一天，所以肩膀和后背等部位会变得僵硬，所以你要进行锻炼，加强上半身的力量，提高灵活性。1。跪姿开肩找一面墙或者其他平面，弓箭步侧向跪地，右臂180度旋转，同时转动脊柱，让胸部紧贴平面。每个手臂做20-30次。这个动作可以很好的提高肩部灵活性。2。肩部&背部拉伸找一个能够双手握住的圆柱体或者一面墙，双脚分开站立，将肩部往下沉，直到后背与双臂呈一条直线。将这个动作坚持30-60秒。3。弹力带肩部画圈提高肩部灵活性的动作。双手握紧弹力带，手臂伸直举过头顶，画圈至臀部，然后回到初始位置。每次做20-30次。上面三个动作是提高上半身灵活性的动作，接下来这三个动作是上半身的力量训练动作。4。跪姿弹力带Y型提拉这个动作可以锻炼到斜方肌。弓箭步跪姿，手握弹力带，右臂斜向上方提拉。每个手臂做20-30次。5。弹力带双臂外展这个动作可以锻炼到肩袖、中斜方肌和菱形肌。站立姿势，双手紧握弹力带，然后向外展。每次做20-25次。6。弹力带划船这个动作可以锻炼到中斜方肌和菱形肌。需要找一个地方固定住弹力带。站立姿势，双臂紧贴肋部，做划船动作。每次做30次。建议在这个冬训期间，在力量训练的动作中加入这些动作，强化上半身的力量以及灵活性。如果你总是跑步后疼痛或者受伤，或者你想跑得更快更有效率，那么你应该改变一下你的跑姿。。不过要想改善自己的跑姿，是需要花很长时间来学习和感知的。如果你很难掌握好理想的跑姿，那么你就需要强化身体力量，增加移动性。当你的跑姿逐渐靠近理想状态，那么你就能够成为一位很少受伤的跑者，跑起来轻松不累的跑者，更优雅自信的跑者。（马拉松助手）
一路相伴领跑梦想 2019广马官方领跑员正式亮相,2019广州马拉松赛共有来自全国各地的75位官方领跑员为选手们服务，其中全程马拉松45人，半程马拉松30人。全程马拉松领跑员共分为8个组别，依次为3小时、3小时10分、3小时30分、3小时45分、4小时、4小时30分、5小时和6小时15分收尾组。半程领跑员分为6个组别，依次为1小时30分、1小时45分、2小时、2小时15分、2小时30分和3小时15分收尾组。2019广州马拉松赛采用全程、半程赛事分枪起跑，能够有效的让半程选手充分发挥速度，避免出现赛道中选手拥挤的情况。在起点及途中，请选手们留意领跑员标识，除收尾组别使用方形气球外，其余组别均为圆形气球，领跑员身后同时佩戴注明各自领跑时段的号码布。为了更好的为选手们提供服务，在官方领跑员选拔过程中，过往的官方领跑员经历作为被优先考虑的候选条件之一。在最终入选的官方领跑员中，每个组别均有多名领跑员拥有在国内金牌赛事中担任领跑员的经历。比赛过程中，选手们可根据自己的能力选择适合的时段进行跟跑，如果出现身体不适等突发情况，也可以及时向领跑员寻求帮助。2019广州马拉松赛开赛在即，祝愿选手们安全完赛、顺利PB！我们赛道见！（kyrie）
备战2020马拉松赛季 今年冬训该如何练？,俗话说：“得冬训者、得天下”，意思是说：“冬天练的好，第二年比赛不会差”。苦练冬训不仅能有效提升运动员的体能、心肺功能、速度、耐力和力量，更能磨练运动员的意志力。冬训（Winter Trainning）的概念最早出现在竞技体育运动发达的欧美国家。一方面欧美地区由于冬季寒冷并且伴随雨雪天气，不便开展户外运动训练和竞赛。另一方面到了冬天，大部分室外竞技体育赛事结束，赛季结束也就意味着新一轮训练周期的开始！随着11月17日“上马”结束，98跑俱乐部会员本赛季的比赛任务也已完成。目前98跑俱乐部会员正处在赛季身体调整训练阶段。98跑俱乐部“备战冬训”开始时间为：12月09日，结束时间：2020年3月22日（锡马、重马、徐马），整个冬训周期训练时间共计：十五周。新赛季首场比赛：2020无锡马拉松/2020重庆马拉松/2020徐州马拉松第一阶段周期训练2019年12月09号~2020年01月19号，共计：6周第一阶段周期调整2020年01月20号~2020年01月26号，共计：1周第二阶段周期训练2020年01月27号~2020年03月01号，共计：5周第二阶段周期调整2020年03月02号~2020年03月08号，共计：1周第三阶段赛前训练2020年03月09号~2020年03月22号，共计：2周第一阶段周期训练——训练重点：提高有氧耐力水平有氧耐力是马拉松运动员最重要的素质之一，而冬天又是储备和提升运动员耐力水平的最好季节。所以，冬训第一阶段的训练重点主要是围绕有氧训练做文章。同时，还会增加一些核心力量训练，重点加强下肢力量训练。训练安排：前3周以适应性训练为核心，每周4-5次训练。训练内容：有氧和核心训练，基本不安排混氧和无氧训练。根据全马水平（300/310/330/400）将周跑量控制在（70公里/65公里/60公里/55公里），平均运动强度：心率135-145次/分钟。后3周逐渐提升运动负荷，将周跑量控制在（75公里/70公里/65公里/60公里），平均运动强度：心率145-155次/分钟。第一阶段训练期间：每隔2周安排一次30~32公里长距离训练。第二阶段周期训练——训练重点：强化混氧训练和专项能力训练混氧训练是马拉松运动员为提高专项训练强度经常采用的训练方法之一。对于处于北方的跑友，由于气温过低，冬训准备期间不宜进行大强度间歇训练，最好的训练手段就是通过混氧训练来提高运动员的训练强度。专项能力训练主要是指以比赛强度完成接近于比赛距离的训练刺激，是冬训周期训练后期采取提升训练强度的最佳训练手段。训练安排：前2周以有氧和混氧结合训练为核心，每周4-5次训练。训练内容：有氧和混氧（1次/周）。根据全马水平（300/310/330/400）将周跑量控制在（80公里/75公里/70公里/65公里），平均运动强度：心率150-155次/分钟。后3周适当降低运动负荷，提升训练强度，将周跑量控制在（70公里/65公里/60公里/55公里），平均运动强度：心率155-160次/分钟。第二阶段训练期间：每隔2周安排一次32~34公里长距离训练。推荐三种混氧训练方法：1、有氧和混氧相结合2、混氧训练3、混氧间歇跑第一种：20公里，前10公里按照有氧节奏跑，强度要求：心率145-150次/分；后10公里按照混氧节奏跑，强度要求：心率160-165次/分；第二种：准备活动：2公里，混氧跑：18公里，强度要求：心率160-165次/分。第三种：准备活动：4公里，间歇跑：2000米x8次，间歇时间：6分钟/个，强度要求：心率170-175次/分。第三阶段赛前训练——训练重点：赛前训练监控和诱导赛前训练主要是指教练员为运动员接下来的比赛专门准备的训练阶段，赛前训练与竞技状态的关系是非常密切的。科学合理的赛前训练是形成最佳竞技状态的基本保证，而最佳竞技状态又是赛前训练成功与否的重要体现。训练安排：赛前训练“练得少而精”是赛前训练阶段的主要特点。通常，赛前20天左右将完成最后一次32公里长距离课（比赛强度），然后进行为期一周左右的身体调整训练。赛前8~10天再进行一次20公里混氧训练（按照比赛配速进行），其他时间基本是按照10~12公里慢跑训练就可以。“冬训”周期训练调整策略对于竞技体育运动训练而言，阶段性调整训练很重要，冬训也不例外。冬训期间，当运动员完成一个周期训练后，身体恢复质量是机能水平能否继续提高和完成下一阶段周期训练的关键。从运动训练角度讲，没有恢复，就没有训练。周期训练调整手段主要是：慢跑、交叉训练以及营养、生化指标监测等训练手段（1）——慢跑慢跑的目的是通过低强度训练来积极恢复。一般来说，高强度运动对身体的负荷刺激比较深，恢复时间长，而低强度运动刺激比较浅，恢复时间短。调整期间，进行低强度训练可以促进体内代谢与修复，保持训练规律和生物钟，但又避免强度过大给身体增加损耗，从而达到更好的恢复效果。例如：每周3~4次低强度训练，每次10~12公里。训练手段（2）——交叉训练周期调整期间，可以适当进行交叉训练（如：游泳、慢速自行车），这样在保证一定运动负荷、运动规律的同时，也可以帮助消除长期跑步训练中积累的疲劳，还可以平衡身体的综合能力，同样达到积极恢复的效果。另外，也可以减少在田径场训练的次数，增加一些草地、沙滩、土路训练，改变长期单调的跑步节奏，达到交叉训练类似的效果。恢复手段（3）——加强饮食营养、高质量睡眠从恢复的角度看，饮食营养和睡眠质量非常重要。马拉松运动员的饮食，除了需要大量补充碳水化合物外（馒头、米饭），也要多摄入牛肉、海鲜、蛋白质、豆制品、蔬菜、水果、牛奶、蜂蜜等营养价值高的食物。睡眠时神经系统兴奋度降低，体内合成代谢则相对较高，充足的睡眠是身体消除疲劳、恢复体力的最好方式之一。监测手段（4）——生化指标周期调整阶段，大众马拉松跑者可以去医院测一个“血常规”指标，主要关注：血红蛋白、白细胞、红细胞和红细胞压积四个指标。主要是与自己不同时期的指标做对比。通常，这四个指标数值越高，说明身体状况越好。总之，冬训是提升专项能力最好的季节，当然冬训也是受伤高发期。希望大众跑者在制定和执行训练计划时，要切合实际，不能急于求成，要根据自己真实的运动能力按部就班地进行系统训练。（98跑）
频频亮相马拉松比赛 “不老跑男”的精彩人生,衢报传媒集团记者 方俊 通讯员 吴凯媚11月24日，2019衢州马拉松火热开跑，谢晓民虽然没有参赛，但在比赛现场担任裁判员的、今年65岁的他同样心潮澎湃，他说，这种共鸣是不由自主产生的。2017年春天，谢晓民（右）与妻子一起登上白石尖。图片由采访对象提供人称他“不老的跑男”在人才济济的衢州跑步运动协会，谢晓民被会员们封为“不老的跑男”，毕竟，3小时内能跑完“全马”的，目前整个衢州也只有10来位。更何况，2015年上海国际马拉松那场赛事上，谢晓民还以2小时56分的成绩成为全国60岁以上男子组跑进3小时的唯一选手。这是什么概念？也就是说，即便是身体机能较佳的90后，也不一定跑得过他。如果圈子放得更大一些，谢晓民在衢州体育圈也有不小的知名度，他酷爱游泳，擅长骑山地车，曾经扛着十几公斤重的山地车爬到绿春湖顶峰，也曾在20分钟内登顶柯城区境内的灵鹫山。跑步已然成了他的生活习惯谢晓民是柯城人，由于父母工作缘故，他的青少年时期是在常山度过的。他和体育项目结缘还得从初中时光说起，那年他13岁，学校要举办运动会，没人报名1500米长跑，“老师对我说，‘要不，你去吧。’”11月29日下午，谢晓民回忆说。既然老师要求，谢晓民不敢推托，他试了试，轻松拿了个第一，于是被选入校队，很快又拿到全县第一，并且在省运会上大放异彩。学生时代的小试牛刀，对谢晓民的影响非常深远，他说，自己虽然没有走上专业运动员之路，但却和运动结下不解之缘。比如跑步，已然成为他的一种生活习惯，基本上每隔一两天就要跑一跑，以十几公里的短途跑为主，有时候时间充裕、状态佳，也会跑个二三十公里。初次参赛就跑完“全马”不过，参加马拉松也就这几年的事。谢晓民说，2012年10月，他在网上看到厦门马拉松即将开跑，想到自己跑了这么多年，如果一次马拉松都没参加说起来总有些遗憾，就计划：训练一年，进军马拉松。没想到，才训练一个多月，跃跃欲试的感觉越来越强烈，2013年1月，谢晓民最终忍不住报了名，那一次，他顺利地跑完42.195公里（全程）。今年11月，谢晓民参加杭州马拉松。图片由采访对象提供从此之后，谢晓民再也停不下来：上海、北京、杭州，甚至是日本东京、京都，国内和国外知名马拉松赛事，他总是积极参加。跑步军团中的夫妻档这几天衢州冷意十足，很多人裹上了羽绒衣，但谢晓民仍然一件薄外套，“这是经常运动的成果，身上总是热乎乎的，抗冻，不容易生病。”运动也让人心情愉悦，尤其是看到满意成绩的时候。这两年，谢晓民都参加了“10公里基础赛”，今年用时比去年快了2分10秒，成绩出来后，他说自己的自信心瞬间大增。因为运动，谢晓民还结识了一群志同道合的朋友，关系从跑步延伸到日常生活，有时间就约着吃个饭，或者一起爬爬山。说到这，他有点感慨：“这两年衢州跑步圈可是越来越热闹，最开始我到外地参加马拉松，总是孤零零的几个人，现在一大客车都坐不下。”在谢晓民的影响下，原本就喜欢运动的妻子徐伟丽，对跑步也是越发青睐，和谢晓民组成衢州跑步军团中的夫妻档。擅长半马的徐伟丽，曾在2017杭州马拉松赛事上，以1小时50分46秒的成绩跑完半程，成为该届杭马常山女选手中的成绩最佳者。最近，她又拿到2018-2019浙江马拉松赛季积分50岁以上女子组前50名。不是每个老人都适合剧烈运动已过花甲之年的谢晓民仍然坚持跑步等运动，频频在马拉松赛事上亮相，这样的生活的确精彩，不过，在衢州市人民医院康复医学科康复治疗组组长林瑜看来，不是每个老人都能活成谢晓民这个样子。“经常有患者或家属问我，老年人适合什么样的运动？跑步、爬山这样相对剧烈的运动要不要尝试？我的答复是因人而异。如果你一直在坚持，而且身体无碍，适当做些应该没什么关系，但如果你是新手，这么干风险比较大。”林瑜说，对大多数老人而言，游泳、太极、散步等运动更具有大众性。像时下流行的马拉松，老年人最好跑个迷马体验一下即可。老年人的运动量虽然没有固定模板，但基本上微微出汗就差不多了。过度运动的风险有哪些？ 林瑜举了几个例子：最常见的是骨质疏松，容易造成骨折、关节脱位等情况。如果患有心脑血管病，过度运动还会造成心肺超负荷运转，危险性很大。很多老人喜欢一早出门锻炼，对此，林瑜表示，这个时间其实并不恰当，“像现在这个季节，清晨温度低，运动后出汗比较容易生病；还有一点，老年人晨起后短时间内肌肉、四肢等运动器官处于松弛状态，心跳和呼吸比较缓慢，身体代谢水平较低，这时候急匆匆出门锻炼，对身体健康反倒不利。”什么时间运动最合适？林瑜说，天冷的时候，下午二三点左右运动比较好，因为温度是一天中比较高的，身体也进入到最佳状态。而天热的时候，上午9点进行运动比较好。对于林瑜的观点，谢晓民也很赞同，采访中他数次提到，运动因人而异，关键要看自己适不适合。
治疗足底筋膜炎的4种方法 你get到了几条？,对于一个爱好户外运动的人来说，跑步、爬山、快走等等这些都是家常便饭，除了锻炼身体还能欣赏沿途的风景，在大家追求极致美景、追求速度的同时，一些健康问题也悄然出现。足底筋膜炎是一种常见的运动损伤，又称足跟痛。研究表明，足底筋膜炎在运动和非运动人群中均普遍存在，尤其在跑步人群中高发，是最常见的足部疾病。当我们跑步时，如果足底骨头直接撞击是非常疼痛的，足底筋膜就是位于足底的软组织，它起自脚跟处的跟骨，向前止于脚趾，由于脚趾头有五个，所以足底筋膜向前分叉为五束。足底筋膜的主要功能是缓冲，同时也协助维持足弓。跑友出现足底筋膜炎通常会感到靠近足跟的位置疼痛。（图片来源于网络）足底筋膜炎的病因可以归为以下三类：1。 先天因素，行走时脚过度内翻，下肢力线异常，高弓足或扁平足，脚踝柔韧性差，跟腱或小腿肌肉过于紧张；2。 活动量过大或者活动方式不当，比如长时间的行走、跑步和站立，特别是在坚硬的地面和陡峭的山坡上，突然增加跑量和速度；3。 超重或者鞋子不合适，体重过大使得人体最低处足底承受更大压力，足底筋膜容易受到过度牵拉造成损伤。（图片来源于网络）1。 足底筋膜炎疼痛的具体位置在脚后跟靠内侧处，患者在充分活动后，例如行走或跑步后，脚后跟疼痛减轻。2。 但是在长距离跑步的后程，可能再次出现疼痛甚至被迫停下脚步，还有患者在夜间脚后跟疼痛会加剧。3。 休息一段时间，例如看电影、久坐后，或者脚部在不负重一段时间后，站起行走会有隐痛。4。 早晨下床，脚落地时，脚后跟疼痛最为明显，走动一会后疼痛又会减轻。足底筋膜炎的治疗方法有很多，现在认为最有效的方法就是：选用脚型鞋垫，根据足型、步行形态量身定制的鞋垫，可以纠正下肢力线异常，足底受力异常。1。 拉伸拉伸不光是缓解肌肉酸痛，同样也是改善柔韧性。充分地拉伸小腿和足底筋膜，也是缓解足底筋膜炎的有效方法，因为小腿过紧是足底筋膜炎的危险因素。反复拉伸小腿，对于改善足踝柔韧性，减少足底筋膜张力非常重要。2。 理疗去医院康复科，0.4%地塞米松或5%醋酸应用离子导入法局部治疗，冲击波治疗等等都可以在短期（2-4周）缓解疼痛。体外冲击波治疗的技术（ESWT）使用脉冲声波增加血流量，能够促进骨和肌腱交界处新生血管增生、局部血运增加、加快局部炎症的消退，可以用于治疗足底筋膜炎。3。 夜间夹板由于在晚间睡眠时，足底筋膜炎患者会发生足底筋膜挛缩，这是导致第二天早上晨起下床时，足底剧痛的直接原因。因此，采用特制的夜间夹板可以防止睡眠时足底筋膜挛缩，对于患该病6个月以上仍无改善的患者，可以采用夜间夹板。（图片来源于网络）4。 贴扎技术跑友们还可以在跑步前尝试使用low-Dye贴扎法，研究表明，贴扎可使功能得到改善，减轻疼痛。至于手法治疗，跑友还得咨询医院康复科治疗师。事实上强有力的小腿和足踝肌肉，不仅可以增加跑步的推进力，让你跑得更轻松，也可以充分发挥肌肉在腾空落地时的缓冲作用，减少对于足底筋膜的过度牵拉，所以无论是预防，还是更快地康复足底筋膜炎，小腿和足踝力量训练都十分重要。以下五个动作帮助你强化小腿和足踝：1。 小腿后群肌肉练习——提踵找台阶或者凳子，脚前掌踩在上面，做快起慢落的练习，向上提踵1-2秒，而还原落下6-8秒，找一台阶的目的是让脚跟悬空，下落时可以让脚跟落至低于脚前掌，每组12-16个，做4-6组；2。 小腿前群肌肉练习——快速勾脚双脚快速做勾脚动作30-40次，做4组，直至小腿前方肌肉疲劳，小腿前方肌肉过度薄弱和缺乏锻炼，往往是跑友存在的普遍问题，只有小腿前方与后方肌肉均衡拮抗，才能最大程度保证脚踝稳定；3。 落地缓冲练习落地缓冲对于训练肌肉缓冲能力，减少足底筋膜受力具有重要意义，关键动作要领是从脚前掌着地过渡到脚跟落地，落地时没有声响说明缓冲良好，同时落地后要保持单脚站立稳定2秒，这样也可以训练脚踝稳定性；4。 抓毛巾练习抓毛巾训练是足底筋膜炎康复的经典方法，因为这一动作可以增强足底肌肉扒地能力，从而维持足弓，减少筋膜负荷，动作要领是先张开脚趾，下压毛巾再用力抓起毛巾，动作速度不可过快；5。 脚踝稳定性练习通过睁眼及闭眼单脚站立，可以有效训练脚踝稳定性，减少脚踝不稳对于筋膜的过度牵拉，同时增强神经肌肉控制；足底筋膜炎是一种常见的运动劳损，出现上文中提到的症状，首先要注意休息，给予软组织足够的时间修复损伤的筋膜；严重情况下向运动医学医生请求帮助。（慧跑）
基普乔格除了跑步还练些什么？训练原来这么有趣,奥运会冠军，柏林、伦敦等世界顶级马拉松赛冠军拿到手软，2：01：39马拉松世界纪录保持者，在非标准比赛情况下首次实现人类全马破2小时大关，恐怕短期内都没有人能够超越基普乔格所取得成就。基普乔格能取得如此成就，跟天赋、刻苦、自律、团队都有关系，但这一切最终都要落实上扎实的训练中，只有科学训练，唯有科学训练，才是基普乔格始终保持高水平的根源所在。对于马拉松选手来说，跑步训练当然是第一位的，除了跑步训练以外，其他体能强化训练，比如力量训练、核心强化等等也是高水平选手并不可少的。我们来看看基普乔格在跑步以外还做了哪些训练？基普乔格在用迷你训练带进行臀肌训练基普乔格在用瑞士球进行核心强化训练没错，基普乔格在进行瑞士球和迷你训练带辅助训练，瑞士球和迷你训练带作为最为简单实用的训练工具，是身体自重训练的重要辅助，有了他们，相比纯粹身体自重训练，不仅训练难度增加，也大大强化了训练效果。今天，我们就给大家介绍一下这两大简单但却特别实用有效的训练工具。（瑞士球、迷你训练带）所谓大肌肉训练一般就是指臀部肌肉、大腿前侧肌肉、大腿后侧肌肉、小腿肌肉等等这些肉眼可见的大肌肉训练。跑者做的下蹲、提踵、弓箭步、硬拉等等负重或者自身体重练习，就是针对这些肌肉的训练，练好这些肌肉可以直接帮助我们提高肌肉收缩力量，让你跑起来更有劲、更快。因此，这些大肌肉训练当然是十分重要的。那么为什么还需要训练深层小肌肉呢？深层小肌肉通常位于小腿足踝、臀部、腹部深层、肩部深层等部位，顾名思义，这些肌肉体积较小或者位于身体深层，通常被浅层大肌肉所覆盖，肉眼看不到。由于这些肌肉比较小，所以这些肌肉的功能通常不是产生很大的力量，那么其功能是什么呢？它们的功能是保持动作的稳定，实现动作的精细控制，说白了，就是让动作更加精准，大肌肉训练跟能力高低有关，而小肌肉训练跟防伤有关。有些时候，大肌肉力量过强，而小肌肉太弱，容易产生错误的动作模式，这样的动作反而是有害的。因此，大肌肉必须与小肌肉配合，才能实现完美准确的运动动作。臀中肌就是典型的深层小肌肉，臀中肌位于臀部外侧，由于它是深层肌肉，大部分被更为发达的臀大肌所覆盖。发力靠臀大肌，稳定靠臀中肌，臀大肌没力最多就是跑得慢，而臀中肌没力则是导致跑姿出问题。有些跑友，特别是女性跑友，跑起步来，膝内扣，脚外翻，这就是臀中肌无力，膝关节不稳的重要表现，而这样的跑姿将会对膝关节产生极大压力，并且引发髌骨运动轨迹的异常，从而诱发髌骨与对应股骨关节面的过度磨损，导致膝前痛。有研究表明膝痛患者与健康组相比，臀中肌力量明显减弱，大约相差20%—35%。因此，膝盖内扣的错误跑姿将直接引发膝痛，是危害最大的跑姿，而罪魁祸首之一就是臀中肌无力。当臀中肌无力或者未被充分激活时，骨盆就会伴随跑步而出现上下来回晃动。由于下肢都是起自骨盆，骨盆可以被认为是下肢发力之源，没有稳定的骨盆，下肢发力效果当然大打折扣，尽管已经拼命用力了，但由于骨盆不稳，好不容易产生的力量又被人体自身松懈掉了，事倍功半。臀中肌属于人体深层小肌肉，通过简单的身体自重练习很难达到很好的训练效果，而迷你训练带可以很好地胜任这一角色。一根小小的迷你训练带究竟是如何有效地加强臀中肌力量的呢？废话不多说，训练动作先睹为快。1、魔鬼步这一动作是臀中肌训练的经典动作，将迷你训练带放至于膝盖上方，抬头挺胸，身体处于半蹲位，手脚协调侧向跨步，行进过程中，脚尖始终处于身体正前方，同时膝盖始终处于脚的正上方。一组16次，来回算一组，共2组。该动作核心要领是避免膝盖内扣，要有意识地让膝盖正对脚尖2、怪兽走将迷你训练带置于膝盖上方，抬头挺胸，身体处于半蹲位，手脚协调向前跨步，行进过程中，左右脚分别向外侧跨步。一组16次，共2组。同样，该动作核心要领是避免膝盖内扣，要有意识地让膝盖正对脚尖。上述两个动作是训练臀中肌的经典动作。3、徒手下蹲将迷你训练带置于膝盖上方，双脚自然分开与肩同宽，下蹲至大腿与地面平行，下蹲过程中，膝盖不能内扣，始终指向脚尖方向。12个为一组，做2组。该动作对于训练正确动作模式，改变常见的膝盖内扣的错误动作很有帮助。4、双（单）膝开合将迷你训练带置于膝盖上方，身体处于半蹲位，双膝做并拢打开动作，既可以双腿一起练习，也可以单腿交替练习。16个为一组，做2组。5、单脚站立腿外展将迷你训练带置于双脚脚踝处，身体自然站立，以训练右侧臀中肌为例，右腿向外摆至最高点，注意保持骨盆稳定。一边12次，左右为一组，做2组。6、大腿前屈+外展+后伸将迷你训练带置于双脚脚踝处，身体自然站立，以训练右腿为例，右腿向前、向外、向后摆至最高点，保持骨盆稳定。前外后为一次，一边6次，左右为一组，做2组。7、单腿下蹲将迷你训练带置于双脚脚踝处，在一侧腿外展用力情况下，另一侧腿做下蹲，12个为一组，左右脚为一组，做2组。该动作既可以锻炼臀中肌，也可以有效提高单腿稳定性，是一个跑步专项康复训练。8、勾脚高抬腿该动作不是针对臀中肌的训练，但却可以有效提高跑步抬腿能力以及勾脚能力，对于跑步也是一个十分重要的专项练习。将迷你训练踩在脚底，单脚勾住前脚掌，在保持勾脚（迷你训练带不滑落）情况下，单腿提膝屈髋，同时协调摆动。一边12次，左右为一组，做2组。9、仰卧髋外展将迷你训练带置于脚踝处，身体处于侧卧位，以右侧臀中肌为例，右腿向上摆至最高点，同时保持骨盆处于中立位，一侧12次，左右为一组，做2组。当然可以将迷你训练带放置于膝盖处。脚踝处难度大，膝盖处难度小。10、贝壳式侧卧屈髋屈膝，将迷你训练带置于膝盖上方，以右侧臀中肌为例，右膝上抬至最高点，避免骨盆转动。一侧12次，左右为一组，做2组。11、小狗式采用四点跪位，将迷你训练带置于膝盖上方，以锻炼右腿臀中肌为例，右腿向后外侧上抬。一边12个，左右为一组，做2组。以上动作都是针对臀中肌的训练，本质上说，所有这些动作，其实都是通过弹力带被迫让大腿内收内旋，进而通过外展外旋动作，提升臀中肌锻炼负荷，从而有效增强臀中肌力量。需要注意的是在动作完成的过程中，需始终保持骨盆的稳定，避免膝盖内扣。当然，并不是说一次训练需要将上述动作都做一遍，跑友可以从中选择3-4个动作进行训练。至于迷你训练带重量，要根据个人能力和动作选择，一般小阻力的迷你训练带就够用了。瑞士球（Swiss Ball）其实有不下十几种称谓，包括平衡球、健身球、体操球、理疗球、普拉提球、瑜伽球、稳定球、治疗球等等，不一而足。瑞士球早期应用于医疗康复领域，而近二十年以来，成为大众健身、体能训练等领域一个十分重要且有用的训练工具。瑞士球是由EVA材料制造成球形，充气而成的，因此富有弹性。同时，由于瑞士球是球体，球体所具有的滚动性使得想要控制它，保持不动就成为一种特殊的、增加难度的训练方法。——那么，瑞士球训练可以带来哪些好处呢？● 瑞士球重点训练腰腹部，也即身体核心，同时也可以训练上肢和下肢；● 瑞士球可以有效训练身体平衡能力和神经肌肉协调能力；● 因为充气球体使得支撑表面不稳定，需要身体动员更多肌群来帮助维持平衡，提高锻练效果；● 将传统训练动作在瑞士球上进行，在不增加负荷的情况下提升训练难度；● 由于所有动作对于平衡都有要求，所以不像其他练习你是在稳定情况下训练，因此训练起来你需要全神贯注，保持平衡，平衡训练都是充满乐趣的；总体而言，我们将瑞士球视作一种不增加阻力或者负荷，而提升训练效果的训练工具，它对于身体核心控制、平衡能力和协调能力的训练尤为突出，这样就大大弥补了徒手训练的不足。1、静力性练习首先我们可以将普通的平板支撑、侧平板、臀桥等静力性练习改为在瑞士球上进行，这样相比之前的练习，大大增加了训练难度。肘撑瑞士球平板支撑手撑瑞士球平板支撑该动作对于手腕压力相对较大，跑友练习敬请注意安全双脚撑瑞士球平板支撑单脚撑瑞士球平板支撑夹球侧平板支撑2、俯卧撑由于需要保持平衡，对于核心力量和控制提出更高要求3、俯撑勾球要求保持核心稳定，练完后你会感觉腹肌深层强烈的酸胀感4、仰卧挺髋5、仰卧挺髋接提膝这是一个跑步专项力量训练动作，模拟一条腿后蹬，一条腿前摆6、仰卧举球这是一个下腹肌训练7、仰卧卷腹这是一个上腹肌训练，该动作腰椎压力较小，适合腰痛人群8、球上卷腹9、俯卧交替蹬腿这同样是一个跑步专项力量训练动作，模拟跑步双脚动作10、俯撑提膝这也是一个跑步专项力量训练动作11、跪姿祈祷这是一个经典的瑞士球训练动作12、两头起传递瑞士球13、仰卧旋转这个动作对于核心控制要求极大14、有趣的平衡训练瑞士球训练的乐趣是在于平衡，你可以尝试以下练习四点支撑平衡单手三点支撑平衡单脚三点支撑平衡跪姿平衡除了迷你训练带，基普乔格还会做一些轻负重、长时间的踏板操训练，用来提升下肢协调性、快速协调性力量和力量耐力。看看这段有趣的视频，这也是基普乔格在159计划之前的训练内容之一。迷你训练带和瑞士球作为跑者强化力量、增强核心稳定性的重要训练工具，每一名跑者都应该家中必备，基普乔格都在用它们做训练，你也赶紧操练起来吧！（慧跑）
2020建发厦门马拉松分区 你是哪一枪？,2018建发厦门马拉松首创国内单一全马赛事3枪发令、分时起跑的起跑方式。起跑方式依照参赛选手个人成绩水平排序，将集结区域、出发时间进行阶段性分配，缓解赛前集结、寄存衣物、赛中补给、赛后服务等环节压力，有利于跑者发挥实力，提高完赛成绩。根据赛后跑者反馈，分枪、分区取得了较为明显的效果。2019建发厦门马拉松赛事规模由3万人增加为3.5万人，保持3枪发令、分时起跑的起跑方式，同样大受好评。2020建发厦门马拉松参赛的大众精英选手数量大为增加，为了精细化管理并提升参赛体验，组委会将3枪发令改为5枪发令，现将选手分枪、分区说明及参赛号码编排方案公布如下。分枪分区说明参照本届赛事竟规，起跑顺序为按优秀选手在前，其他选手个人成绩顺序分区排列。据数据统计，获得参赛资格的中国籍（含港、澳、台）男子选手成绩在2：30：00以内，共53人；女子选手2：45：00以内，共10人。厦马对国内优秀选手都予以充分的尊重及关注，组委会将为上述选手提供指定热身区域和专属通道进入赛道，安排在优秀选手方阵出发，为国内外的高手提供公平公正竞争的平台，获得更好的比赛体验。2020建发厦马预报名结束后，组委会通过中国马拉松网对所有报名选手成绩进行比对，具体为2017年1月1日至2019年9月30日期间，在中国田协认证为“A类”的赛事可查询到的马拉松个人最好完赛成绩。在获得参赛资格的选手中，按照选手个人最好成绩，由快到慢依次分为A、B、C、D、E、F、G、H、J、K等10个区域，方便赛事当天选手找到相应的检录口。分枪分区设置如下：5个枪次及10个分区的分布情况如下图所示：（本图仅为图示，以现场安排为准）第1枪将于7：30鸣枪。参赛号码编排方案按竞赛规程的相关规定，通过赞助商及其他合作单位渠道报名的选手无论成绩如何，予以分布在K区，其余查无成绩的选手则在最后部分随机排序编号。参赛号码查询方式微信端：关注赛事官方微信公众号“厦门马拉松赛”，通过菜单直达，如下图所示：或扫描识别以下二维码，登录后在个人中心进行查询完整的报名信息和状态：电脑端：通过电脑浏览器访问赛事官方网站（www.xmim.org），同样可以登录之后在个人中心查询完整的报名信息和状态；或者点击首页的“成绩/参赛号”按钮，在查询页面输入姓名和证件号即可，如下图所示：在微信端也可长按识别以下二维码直达“成绩/参赛号”查询页面，输入姓名和证件号即可查询当前赛事的参赛号和基本状态：另外，对通过手机号码进行注册的选手，还将发送短信做为辅助通知；对通过邮箱进行注册的境外选手，还将通过邮件进行通知。如对分配的分区有疑义，请发送邮件至厦马报名处邮箱：bmc@xmim.org，详细说明情况，将在核实情况后予以答复。严正声明2020建发厦门马拉松赛继续采取严格分枪分区检录和管理，组委会原则上要求所有参赛选手按照号码布上的信息，检录入场参赛。特殊情况下，允许前区（A-J区）选手至最后区（K区）检录起跑；但不允许后区选手至前区起跑，如B区选手至A区起跑，依此类推。如违反则取消该选手成绩和排名，并追加禁赛一年的处罚。务请所有参赛选手遵守。未尽事宜，组委会将补充通知。
大快人心！他靠马拉松名额诈骗跑友 已被警方抓获,前几天，多家马拉松自媒体以及多位跑友爆料：一个深圳名叫“青梅煮酒”的人用深马名额进行诈骗，某个群就有十几个人被骗，并且不止一个群的跑友，因为他加了很多群，据了解，有多个跑群的多位跑友被骗。昨天，此事有了进一步结果，深圳龙岗分局一警官在媒体文章后台留言：你好，我是深圳市公安局龙岗分局柳警官，您推文中反映的跑圈诈骗嫌疑人“青梅煮酒”，我局已抓获。目前需要联系受害人的情况，请您跟我联系。如下图本着负责任的态度，小编也与截图中留言的柳警官所属龙岗分局核实，龙岗分局确有此名警官，信息无误。在此，我们提示如您与犯罪嫌疑人“青梅煮酒”有金钱交易，请速与深圳市公安局龙岗分局联系。目前，各个跑群中已经广发提醒，部分受害者已经抱团向警方反馈涉案信息。网络诈骗手段越来越多，万一不幸中招，该怎么办呢？保持冷静、固定证据当遭遇了网络诈骗，我们需要尽量保持冷静，切莫慌张。网络诈骗者一般都是通过媒介与被害人接触联系，如QQ、手机短信、电子邮件和网络游戏等。首先受害者应保存所有证据，如交易记录、网络聊天记录以及对方账号或联系方式。确定损失、尽快报案我们还要确定自己的损失，如钱财、物品等，可以的话，可列出损失清单，供报案所用。确定了损失之后，我们应该尽快报警，切不可再联系网络诈骗者或其他号称能够挽回损失的所谓“网络高手”，防止二次受骗。有的受害者为挽回损失，未经报案便私下联系网络诈骗者或号称能够帮人追回损失“网络高手”，并且轻信了其提供的退款、退物的谎言，二次受骗，使损失进一步扩大。想方设法、尽快止损报警之后，我们应想办法进行止损，如尽快联系银行等。若为网银诈骗，且有保存诈骗者开户行及帐号等信息的话，可立即登录网银和电话银行，输入对方账号后，故意输错三次登录密码，这样对方的网银转账跟电话银行转账功能就会被暂时冻结24时，为我们联系银行、报警，进行进一步止损工作争取宝贵时间。在哪报警？被害人可以向案发地、诈骗行为实施地、诈骗结果发生地、嫌疑人住所地报案。就是你可以选择在你的所在地报案，如若你清楚犯罪嫌疑人在哪，也可以去其所在地报案，两地警方任何一方接到报案后均应受理（受理并非立案）。网络诈骗的立案标准诈骗公私财物价值三千元至一万元以上、三万元至十万元以上、五十万元以上的，应当分别认定为刑法第二百六十六条规定的“数额较大”、“数额巨大”、“数额特别巨大”。对因数额较小没有达到2000元，尚不构成诈骗罪的报案只予以登记报案。当然，如果受害人众多，骗子的手段恶劣也可能予以立案。根据司法解释的规定：刑法第二百六十六条，诈骗公私财物，数额较大的，处三年以下有期徒刑、拘役或者管制，并处或者单处罚金；数额巨大或者有其他严重情节的，处三年以上十年以下有期徙刑，并处罚金；数额特别巨大或者有其他特别严重情节的，处十年以上有期徒刑或者无期徒刑，并处罚金或者没收财产。本法另有规定的，依照规定。被骗金额小，该怎么办？如果网络诈骗分子每次只骗几十块钱，那么被害人报案又不给立案，诈骗分子不就可以逍遥法外了吗？当然不是这样。如果受害人被骗金额不满足立案条件，受害人可以前往网络违法犯罪举报网站（www.cyberpolice.cn）填写详细资料进行举报。如果受害人的举报属实，公安机关会跟进进行线索串并。如果串并发现作案人员累计诈骗额度达到立案标准公安机关会立即立案调查。（本文授权转载自慢跑先生）
为了明年PB是时候冬训了 16周精准备赛计划请查收,对于还没有参加过马拉松的跑者，是否打算开始准备人生第一场马拉松呢？小编想说，对于跑者而言，是时候开启自己的冬训备赛了。夏练三伏冬练三九，主要是指利用酷热和严寒时节，在严酷的环境下进行训练：一方面：这个季节马拉松赛事较少，可以有充分的时间系统地提升自己的跑步能力，有效提高耐力，增加体能储备；一方面：冬季充分地磨练自己的意志品质，在这样严苛的环境下都能很好的跑步训练，那么可以想象，当进入舒适的春季，信心满满地参加一场马拉松自然不在话下。也就是说，利用好冬季，比较系统地进行跑步训练，那么当春季来临，你会发现自己成绩大踏步前进，这就是冬训给你带来的脱胎换骨的变化。当然，对于身处南方的跑者来说，冬季不冷不热，这个季节恰恰是十分舒适的备赛时节，此时不练更待何时？为健康而跑步你只需要保持规律地适量跑步就足矣，而为了马拉松比赛而跑步，除了坚持，你还需要更加系统全面的训练。因为马拉松比赛是长时间高强度的极限运动，同时充满了很多不确定性的，如果你没有足够的能力储备，那么抽筋、撞墙、受伤、退赛将极有可能发生；即便你拼尽全力挣扎着达到终点，即使你被坚持、信念等溢美之词裹挟，这种不太愉快的体验也只有自己打掉牙往肚里吞。如果你不想那么不堪地完成比赛，如果你想健康无伤、不那么痛苦地完赛，亦或是在在比赛中PB，那么系统科学地备赛就显得至关重要。我们常说的一句话是“没有金刚钻别揽瓷器活”，没有足够训练、没有足够跑量就不要轻易尝试马拉松。那么，究竟需要经过多长时间的准备才能参加马拉松呢？1、备赛时间● 从科学角度出发对于初次跑马者而言参加全程马拉松前需要具备8~12个月的持续性系统训练；对于已经参加过马拉松且长期坚持跑步的资深跑友，至少也需要6个月的系统训练，最短备赛时间不得少于3个月；● 如果你计划参加半程马拉松对于初次跑马者而言，需要持续性系统训练3~6个月，对于资深跑友，至少也需要2个月的系统训练，最短备赛时间不得少于1个月；2、备赛跑量● 为全马而备赛，理想月跑量应当达到250-300公里，多一些相对更好，至少也需要达到180-250公里；●  为半马而备赛，理想月跑量应当达到180-250公里，至少也需要达到120-180公里；●  跑全马前的1-2个月至少应当跑过一次30-35公里；跑半马前的1-2个月至少应当跑过一次10-15公里；冬训备赛最科学严谨的你要用周期训练的思想为自己制定训练计划。什么是周期训练？它是由前苏联著名运动训练学专家马特维耶夫（Matwejew）在20 世纪60 年代中期提出了著名理论。他认为人体竞技状态不可能一直处于良好状态，而是具有周期性、阶段性的规律，在备赛初期往往运动量比较大，但强度较低，到备赛后期，则减少运动量，突出运动强度，这样就能不断提高能力，最终让最佳状态出现在比赛的时候。初步了解了周期训练理论，跑友们应该就大体明白了，原来每天坚持跑步，每天只做LSD训练基本只能属于锻炼的范畴。而想要在艰苦的马拉松比赛中健康无伤的完赛或者PB，就得用周期训练的思想，系统地、以一定逻辑、循序渐进的开展训练，这样才能确保经过训练，能力得到实实在在地提高。想要更高效的进行马拉松备战，除了积累必要的跑量，金字塔训练是最佳模式。所谓金字塔训练：就是要把不同配速的训练有机组合，轻松跑位于塔基，表明其是训练的主体，但是不能只有轻松跑，再往上是马拉松配速跑、乳酸阈跑、间歇跑和冲刺跑。速度越慢的训练，往往安排在备赛初期，占的跑量大，而速度越快的训练，往往安排在备赛中后期，占的跑量越少。不同速度的跑法合理安排，就可以全面发展人的体能能力，从而帮助你真正高效地备赛。所以，如何安排接下来大约3-4个月的训练也就成为备战上半年跑马季的重中之重。一般来说，为一场马拉松比赛进行认认真真地准备，需要经历四个阶段。依次为基础期→进展期→巅峰期→竞赛期。马拉松备赛四阶段之所以将训练划分为四个阶段，目的是通过循序渐进的训练，从不同方面对全马跑者所需要的能力进行刺激，以达到全面提升跑者水平的目的。那么每个阶段的训练意义和目的又是什么？（手机斜90°查看图片）1、基础期训练这一阶段对于全体跑者来说非常重要，很多跑者在跑步的前期都能够快速提升耐力，并且不会出现较为严重的运动损伤，但是随着训练时间越来越长和训练越来越频繁，将会遭遇瓶颈。基础期训练的主要目的：就是为即将到来的赛季奠定良好的基础，在该阶段主要是发展身体的有氧能力，防止在比赛中出现撞墙现象。这一时期主要利用低强度，长距离训练强化身体机能，尤其是让下肢肌肉肌腱逐渐得到强化，避免后期因跑量增加和配速提升带来运动损伤。这一时期的跑者，无论是心肺还是肌肉亦或是从跑步经济性来看，都处于一个相对比较薄弱的状态，所以训练以低强度慢速跑为主，让身体有一个逐渐适应的过程。——基础期训练要点● 训练强度可控制在平时跑LSD时的强度，一般为最大心率的65%~78%；● 训练频率在每周3~4次，隔天一次，周末可安排一次长距离LSD拉练；● 每次的训练时间在30~150分钟之间；● 在长跑中途可以穿插多组15秒左右的冲刺跑，用以发展速度能力，这样可以平衡有氧和无氧训练，消除LSD训练的副作用，如导致节奏变慢，心肺趋于适应；2、进展期训练经过基础期训练，跑者的有氧能力已经形成，身体已经得到强化，之前LSD训练为身体所带来的收益已经在逐渐递减。此时，在训练中需要加入新的刺激才能进一步提升整体的跑步能力。而最大摄氧量能力的提升在该阶段将变得尤为重要，最大摄氧量的提升可以很好地为后期大强度训练提供保障。所以在该阶段主要是在进一步提升跑者有氧能力的情况下加入能够对自身的最大摄氧量进行一定刺激的间歇训练，通过间歇训练一方面让一组训练导致的疲劳得到一定程度恢复，同时又不让疲劳完全恢复就进入下一组训练，以进一步提升我们的有氧代谢能力。进展期并不代表该阶段只进行间歇跑，该阶段仍然要保持足够的轻松跑，轻松跑与间歇跑的月跑量比例大约为8：2。比如☟你的月跑量是200公里，那么间歇跑总跑量可以达到40公里，这里可以每周平均分配，也可以根据身体条件以及训练情况，在某2-3周集中进行。3、巅峰期训练经历了前两个阶段的训练，跑者身体处于一个相对来说比较良好的状态，此时如果想提升比赛时的配速，那么就需要训练其在高配速下抗疲劳的能力。在高配速时，乳酸生成增多，身体就会开始进入到疲劳状态，如果将配速正好保持在乳酸产生量与分解量相等的那个区间内，那么跑者将会以最快的速度进行奔跑，而且能够避免身体因乳酸堆积而造成的疲劳。久而久之，临界速度就会跟着提升，有氧区间也会跟着扩大，配速也会相应进行提升。——因此，巅峰期训练以乳酸阈跑为主：● 训练强度：以最大心率的89%~92%进行训练，如果配速达到要求了，但心率较高，那么应当降低强度，以心率为准；● 训练时间：连续至少奔跑20分钟。如果你觉得刚开始强度太大，可以把一次训练拆分成几次来做，每次的训练时间介于5~20分钟之间，训练和休息时间比为5：1。如今天乳酸阈跑的训练时间为40分钟，可以采用训练20分钟休息4分钟，再跑20分钟的方法，也可以采用，跑4个10分钟每组组间休息2分钟的方式进行；● 同样的道理，在巅峰期除了乳酸阈跑，轻松跑、间歇跑同样要继续保持● 轻松跑：乳酸阈跑：间歇跑的月训练量比例为5：3：2；4、竞赛期训练该阶段的训练应当紧紧围绕比赛和适应比赛展开，此周期为了让体能达到巅峰状态，并适应比赛的强度，为即将到来的比赛做好身体和心理上的准备。——该阶段应当加强马拉松配速跑训练，从而适应马拉松专项强度：● 训练时间：马拉松配速跑的训练时间控制在40分钟~110分钟（1小时50分钟）；● 训练强度：心率控制在最大强度的80%~88%，以马拉松比赛PB目标或略低于PB目标的配速进行训练，以充分掌握比赛速度节奏；● 该阶段还可需要配合适量的乳酸阈跑以及轻松跑；● 轻松跑：乳酸阈跑：马拉松配速跑的月训练量比例为5：3：2；对于广大跑者而言，要为自己制订一份系统的马拉松备赛计划显然颇有难度，而市面上大多数训练计划无法提供精细的配速、训练量指导，无法实现个性化和精准训练。距离明年的3月22日无锡马还剩16周，不知道大家是否已经开始备赛？训练进展怎么样了？（慧跑）
年终收官之战 请收好这份2019广州马拉松参赛攻略,还有4天，年终马拉松收官大战-2019广州马拉松即将鸣枪开跑，作为双金赛事+国内大满贯赛事+阿迪参赛服及六福珠宝完赛奖牌，广州马拉松赋予了跑友无限的期待，2019年12月8日，广马7年，如期而至！关于领物，看这里2019广州马拉松领物地点依旧设在广州琶州展馆，距离领物点最近的地铁站为地铁8号线琶洲站，建议选手乘坐地铁前往领物点，另外广马已在周五延迟领物截止时间，请本地跑友尽量选择周五错峰领物哟~领物时间：12月5日（周四）：9：30-16：3012月6日（周五）：9：30-19：3012月7日（周六）：9：30-20：00（特别注意：2019广州马拉松参赛物品领取须本人持报名时所用有效身份证件原件前往领取地点，不可他人代领）广州南火车站/广州站：建议乘坐地铁2号线，至昌岗站换乘地铁8号线（万胜围方向）至琶洲站，出站口步行直达领物点（约50分钟）。广州东火车站/广州白云机场机场：建议乘坐地铁3号线北延段，至体育西路站换乘地铁3号线（番禺广场方向）至客村站，换乘地铁8号线（万胜围方向）至琶洲站，出站口步行直达领物点。广马博览会惊喜依旧2019广州马拉松参赛装备包含：阿迪达斯参赛服一件、参赛包一个、号码簿、盐丸、康师傅牛肉面一盒。另外在领物结束后，广州马拉松依旧设置了赞助商博览会，但博览会展商规模相对北京马拉松和上海马拉松略小，现场可继续薅羊毛。比赛当天，如何到达起点2019广州马拉松比赛起点依旧设置在天河体育中心，参赛选手可乘坐地铁1号线或3号线至体育西路站，或APM线至林和西站下车，步行前往赛事起点。（注意：比赛当天早晨体育中心南站将不停站）另外特别注意的是2019广州马拉松将采取分枪起跑的方式，马拉松选手将于7：30开跑，半程马拉松选手将于8：00开跑，请参赛选手务必进入正确分区起跑，否则成绩无效。比赛线路不变，留意赛道提前解封2019广州马拉松继续延续经典的比赛线路，起点为天河体育中心，全马选手将途径猎德大桥、琶洲展馆、广州塔、滨江东、海珠桥、花城广场等广州标志性地标，而半马选手终点设在广交会展馆北广场。值得留意的是，往年广州马拉松全程均出现了赛道提前解封的尴尬，去年甚至在25公里就解除封路、30公里提前十多分钟拆掉计时毯、关门兔一起被关门，所以请参赛选手务必留意今年广马赛道解封等情况是否和官方公布相符。比赛天气晴朗，温度适宜根据目前的天气预报显示，2019广州马拉松比赛当天晴，气温为10-22度，整体气温较为适宜，有利于选手奔跑。完赛奖牌继续镶金，真香2019广州马拉松全马完赛奖牌继续镶金（半马不镶金），另外选手在完赛后还可获得赛事完赛物资一份。2019年12月8日，广州马拉松年终奔跑，如期而至，你准备好了吗？（马拉松报名）
为保命放弃比赛美女哭的梨花带雨 上收容车也优雅,冲过终点线，这是每个马拉松赛事选手的目标。然而，每场比赛都有不少在赛事规定关门时间未能撞线的选手。伴着冬日暖阳和飞翔的海鸥，2019上合昆明马拉松在昨天鸣枪开赛。一名女选手在坚持了一小时后，上了收容车。昆明市中心海拔约1891米，大部分地区海拔在1500至2800米之间，通常中度海拔高度为1500到2500米，所以此次马拉松算是亚高原跑马。“为了保住小命不得不弃赛，但是上了收容车以后上吐下泻的症状更具体，强忍坐了五个小时后整个人都虚脱了。”在收容车上，这位美女手捧热饮，眼角湿润，让人动容。不少人认为，马拉松上收容车很丢脸。其实，在坚持和放弃之间，放弃也需要很大的勇气。弃赛和坚持完赛一样都值得我们尊重。人生也如一场马拉松赛，但人的生命仅有一次，所以人生马拉松没有第二次机会！每个人都不可能说放弃这一次的人生征途，幻想着去寻求下一次重新开始。在上个月的重庆女子半马，有位姑娘单手掩面，先是仰头流泪，后来又席地而坐，埋头痛哭起来。被“关门”未能完赛，这位哭得梨花带雨的姑娘引起跑圈热议。姑娘名叫冉红霞，27岁，是一名小学教师，2018年开始跑步。2018年3月是她第一次参加跑步比赛，去年重庆女子半程马拉松赛，均顺利完赛。冉红霞表示，当天自己跑之前吃了一点面条，前5公里的状态很不错，因为早上没有喝水，因此在补给点喝了些水，“谁知道肠胃开始痉挛，不舒服，只能压着跑，速度非常慢，一旦快起来就特别难受。”“之前也想过跑不动了就放弃，但真到了那个时候，无论如何都是不甘心的，想着过一会就能缓解。”但冉红霞表示，一直慢慢跑到最后5公里仍然疼痛不止。“明知道会超时了，收容车也在旁边跟我招手，看到只有两三百米了，旁边的小哥哥举着牌子告诉我比赛关门时间到的时候，我实在忍不住崩溃了，心里特别难过。”自己报的马，哭着也要跑完。前年广州马拉松，一位身穿红色紧身短袖，下身黑色压缩裤的姑娘在赛道上边跑边哭，不知道是因为42公里的赛道太虐，还是跑步的途中想起了什么伤心往事，痛苦的表情让人心碎。人生要懂得坚持和放弃。经常参加的马拉松的人常调侃，没有上过收容车的马拉松是不完整的。你上过收容车吗？（跑马去旅行）
涨报名费才能走更远？算一算马拉松的经济账,近年来，国内各地的马拉松赛事氛围依旧火爆，作为城市活力的全新带动方式，体育赛事——尤其是城市马拉松——对推动城市的经济、基础设施建设和文化的发展有着越来越重要的作用。在2019年初的中国马拉松年会上，中国田径协会公布的数据显示，去年全国举办的800人以上规模马拉松及相关赛事共计1581场，累计参赛人次583万。全民参与程度依旧保持在较高水准的当下，2018年的马拉松年度总消费高达178亿元，带动总消费288亿，年度总产出746亿元，所有的数据似乎都在进一步烘托路跑市场的火热和“壕气”。然而作为运营方，要举办一场马拉松并不是那么轻松的事情，需要经过数月乃至数年的精心准备，包括但不限于设计路线、用尽浑身解数去招商引资、在体育交通安保医疗环卫媒体等业务口之间长袖善舞、在物资场地设备等做到万无一失，对不同岗位的志愿者和现场工作人员进行高标准培训，烧脑挖掘设计赛事特色并进行包装推广宣传，绝对保证赛事安全有序，最终要让跑者获得良好的参赛体验，让各路赞助商获得满意的商业回报，为举办地产生理想的广告效应并带来旅游餐饮等行业的经济效益……然而，要打造这样一场各方都满意的马拉松赛事，必须有充足的经费做支撑。当前国内马拉松赛事的经费主要来源是政府通过政策和资金两方面的扶持，然而随着赛事通过良好的服务、超值的性价比获得了跑友和市场认可后，想要实现可持续发展，再像过往一样由政府将财政资金用于补贴马拉松运营成本就显得不合时宜了，用商业资金和社会资金支撑办赛成本才是成熟赛事运营的大趋势与发展方向。国内赛事中，商业开发最成功的无疑是北马，北京马拉松2019年参赛人数30000人，每名选手的报名费200元，倘若不考虑赞助商名额及一些免费名额的因素，赛事的报名费收入仅600万。虽然金额不低，但与一场3万人的马拉松需要的成本相比只能说还是显得单薄。而北马从官网上可以看到有22家赞助商，提供的各方面的权益，让北马在商业化上走的更远，能够实现自身的盈利，但并不是所有的马拉松都可以依靠赞助金额来覆盖成本，更多的赛事还处于运营初期，赞助商的赞助金额有限，而作为主要收入来源之一，报名费无疑是一个收入的增长点。既然市场化运营是大势所趋，那么各个环节的市场化定价同样是必然的。因此，合理的价格——不论是赞助商权益列表，还是报名费，不仅是供求关系的体现，而且是对消耗各类资源的必要反映——尤其是在考虑到自然资源耗费和生态环境影响的条件下。第一，在供求关系中，需求越是旺盛，价格上升空间越大；第二，价格必须反映出办赛消耗各类社会资源的真实成本。从跑者体验出发，越是周全细致的赛事服务，越是精益求精的物料供应，就越是需要投入庞大的各类优质资源，而优质资源的成本是刚性且难以改变的，你能看见的，比如租用更大会展场地和更多流动厕所、发放质量更好的参赛服和含有更多贵金属的的奖牌、在会展和赛道上加派更多更有经验的志愿者、安保急救力量、摄影师和分拨更多饮食降温物资；你看不见的，比如为辛苦的急救人员和警察购买菜量更大营养搭配更合理的盒饭，雇请更多清洁工人加快赛后清理，邀请更多重量级的媒体，制作更精美的影像素材等等。这自然也对应着更合理的价格。对比国内一些“0元中标”的赛事组委会，报名费始终处于低价，但它们提供的赛事服务质量、赛事本身市场开发程度都与国内大型赛事有着显著的差异。这自然说明了在一场赛事长时间的留存于中国马拉松之林时，为跑者提供的服务，以及自身进行市场开发，都是其中的关键要素，低价吸引人气的时代已经进入到末期了。著名跑者、媒体人、前新浪高级副总裁魏江雷曾表示，跑者在占用大量社会公共资源的当下，享受着“超值”的服务，应该要支付更加对等的费用，来“回报社会和城市”，因此他曾建议北马涨价到500元。消息一出立即引发全网热议，观点迅速分裂为两派：一派声音表示可以接受涨价，毕竟是一个市场的行为，其中更是结合到当下生活必需品的物价相较于前几年都有了攀升；另一派虽占少数，但其观点认为城市和赛事需要拿出更大诚意来满足跑者需求。英国《金融时报》曾将跑步定义为“中国中产阶级的新信仰”，在一身跑步装备动辄几百、几千，往返比赛地交通成本同样高昂的情况下，几百元的报名费对跑者而言恐怕也只是凤毛麟角罢了。如今，马拉松赛事已经过了野蛮生长的时期，政府搭台，市场唱戏是马拉松赛事的全新时代，自负盈亏毫无疑问将成为赛事运营的主要经营模式。在这个时期已经成熟的赛事想要确保赛事品牌持久、创新的传承和发展下去，需要从品牌定位、品牌推广和品牌延伸三大角度来重新审视和布局。全面开发赛事的市场价值，让国内的马拉松最终能够在盈利的基础上反哺城市，而不再如今日被冠以“泡沫”之名。
莫法拉刚刚宣布回归奥运会 欧洲马拉松纪录被打破,近日，莫法拉在一段采访中透露，自己将在明年奥运会中复出，会继续征战万米的比赛。2017年伦敦田径世锦赛，主场作战的莫法拉拿到了10000米的金牌、5000米的银牌，他就此功成身退，开始转战马拉松赛场。他在2018年的伦敦马拉松上获得了第三名，并在当年的芝加哥马拉松中跑出2小时05分11秒的成绩，获得冠军的同时，也打破了欧洲马拉松的纪录。今年，莫法拉再次跑了伦敦马拉和芝加哥马拉松，但这两场比赛他的成绩平平，没能继续突破，他也因为跑芝马，从而放弃了多哈田径世锦赛。上个周末，在瓦伦西亚举行的一场马拉松赛中，来自土耳其的选手Kaan Kigen Ozbilen，跑出2小时04分16秒的成绩，一举打破了莫法拉的欧洲马拉松纪录，并首次跑进205大关。（kyrie）
演员郑恺10公里跑进1小时 这波是什么水平？,今天傍晚，演员郑恺在微博晒了一个跑步卡，10公里用时58分，平均5分48秒的配速。郑恺的跑步记录来源于佳明手表，从跑步轨迹来看，他是从南浦大桥边的滨江公园入口出发，沿着公园的跑步道一直跑了10公里。今天傍晚上海的气温在10度左右，他则穿着长裤长袖的装备。郑恺还特别晒出了自己每公里的配速，他的起步较慢，前5公里用时30分18秒，从6公里开始加速，飙出5分25秒的配速，后面5公里则用了27分49秒，平均5分33秒的配速。这是一次典型的负配速尝试，10公里跑进1小时，郑恺自己显然也很兴奋。网上的公开资料显示，郑恺在高中时考取了国家二级运动员证，他的短跑十分出色，即使后来开启了演艺生涯，他还是保持了运动的习惯。为了保持身材，郑恺平时经常光顾健身房。跑步机跑步。举铁深蹲。俯卧腿弯举。户外跑步。去朝阳公园刷小怪兽。在追我吧的录制中，穿上专业李宁䨻跑鞋。还与徐洁儿的俪量跑团一起约跑，他的跑步日常简直和普通跑友一模一样。对于跑友郑恺，你如何评价呢？（kyrie）
冲击大满贯信心十足！2019新加坡马拉松结束3天赛程,新浪体育讯 （2019年12月1日） – 上周末，随着第18届渣打新加坡马拉松赛（SCSM）系列赛事陆续收官，成功将跑步界的目光都聚焦在了新加坡， 为跑者带来了世界级的跑步体验。周日上午进行的5K和10K，是新加坡马拉松系列赛的最后一个赛程。从周五晚上的儿童短跑开始，然后是周六晚上的特色半程马拉松和马拉松比赛，截止到周日的5K10K，共有来自133个国家的5万多名选手参与其中。新加坡马拉松首次改在晚上起跑，全新的三天赛程设计，在参赛者和观众中受到好评，他们可以欣赏到新加坡美丽的城市景观和夜生活。通过与政府当局以及合作伙伴的协作，主办方将年度盛会带入了下一个时代，朝着加入著名的雅培世界马拉松大项（AbbottWMM）的目标迈进，向着世界上最大、最知名的马拉松赛事联盟努力。雅培世界马拉松大型马拉松赛执行主任蒂姆·哈齐马说：“我们的团队很高兴能回到新加坡。看到到晚上的活动和团队继续取得的进步，真是太棒了。与往年一样，我们的评估团队将花时间审查汇报，根据标准评估相关活动领域。我们非常期待与渣打新加坡马拉松赛继续合作。”2019新加坡马拉松在观众体验方面着重发力，让参与者家人、朋友和各国观众都享受到这一系列比赛魅力。（sama）
2019上合昆明马拉松鸣枪开赛,
Joshua Cheptegei打破10公里世界纪录,
2019新加坡马拉松参赛人数创新高 男女冠军双双蝉联,新浪体育讯 2019 年 11 月 30 日晚，2019 年渣打新加坡马拉松赛 （SCSM） 改在夜间起跑，创下了该赛事 18 年来，马拉松参赛选手最多的纪录。改写了历史，进入了一个新的时代。连续两年，肯尼亚约书亚·基普科里尔成为新加坡马拉松跑得最快的选手，卫冕冠军以2分19分13秒领跑各国高手，在新加坡耀眼的夜空中，将优势保持到了最后。这场胜利使基普科里尔成为该地区唯一一个国际田联金标赛事成功卫冕的选手。肯尼亚选手普里斯卡·切罗诺以2分28分53的成绩将新加坡马拉松女子成绩推向新的高度，一举刷新了尘封13年由萨利娜·科斯盖创造的女子纪录，比她快了近3分钟。科塔·霍科努伊和麦迪逊·德罗萨里奥分别以1分36：23和1分49：56的成绩夺得轮椅精英组冠军。竞争激烈中，两人在SCSM有史以来最豪华的轮椅阵容中战胜了残奥会选手和前马拉松冠军。对麦迪逊来说，新加坡的领奖台是2020年东京残奥会的完美预演：“今天的胜利为2020年东京做了很好铺垫，我现在对此充满信心。和去年相比，今年实现了很好的超越。去年，由于湿度，我滑了一点，但今年一切都非常好。”新加坡组，卫冕冠军苏瑞勇以2分45秒52的成绩第三次加冕男子本土冠军，成就帽子戏法。另一方面，他的队友莎朗·谭以3分12：52赢得了她新加坡马拉松首冠。对于晚上起跑，莎朗·谭说：“我很喜欢。你不需要早起准备，你会有足够的休息，温度也相当凉爽，更有利于个人发挥，沿途的观众非常棒。当他们看到名字在我胸前，很多朋友会为我欢呼，会喊出我的名字。”SCSM 2019新加坡精英组男子冠军苏瑞勇说：“连续第三次赢得渣打新加坡马拉松赛，感觉很棒。新加坡公众站出来为大家加油，真是太好了。我们以前从未得到过这么多的群众支持，它看起来像一个盛大的聚会！我喜欢群众的支持，尤其看到我认识的人，会很开心向他们致意。景色也很棒，尤其是在海湾花园和滨海花园。希勒斯桥，因为我没有想到会有那么多的人们去那里，感觉很好，因为你需要大家的推动和支持。比赛的最后一段是美丽的“整个晚上，在浮华码头的看台上，挤满了喧闹的人群，为跑步者们欢呼雀跃。他们是比赛的一部分，这种规模也是新加坡马拉松的首次。在三个比赛日的第二天，IRONMAN集团亚洲区董事总经理杰夫·迈耶（Geoff Meyer）分享了他的想法，他说：“今天看到观众满员，真是太棒了。晚上起跑似乎对跑步者和观众都很顺利，这从创纪录的投票率和比赛时间中可见一斑。我相信，我们已经朝着正确的方向又迈出了一步，并且非常期待明天的10K和5K比赛结束周末。”（sama）
2019新加坡马拉松10公里赛鸣枪开跑,
2019新加坡马拉松高燃瞬间回顾,
2019新加坡马拉松精彩瞬间,
2019新加坡马拉松参赛包揭秘,
新加坡马拉松儿童短跑鸣枪,
2019新加坡国际马拉松精英冠军赛即将拉开帷幕,（2019 年 11 月 29 日） 2019 渣打银行新加坡国际马拉松赛 （SCSM） 将上演一场 史诗般的对决，目前此项赛事已举办第 18 届，预计将有超过 5 万名来自 133 个国家和地区的选手参加 为期三天的赛事。11 月 30 日晚，50 多名有实力争夺冠军的运动员将出现在这项赛事历史上规模最大、实 力最强的精英赛场上，相互竞争，争夺总额为 420，000 新元的奖金。来自世界各地的跑者都对新加坡马拉松情有独钟，其中数量上明显多数的包括印度（4，569人）、菲律宾（3，984人）、马来西亚（3，977人）和中国（2，293人）。在2万多名新参赛者中，有一些人来自牙买加、芬兰甚至南极洲，这证明了这项活动在全世界的受欢迎程度正在增长。精英男子组有多名马拉松冠军得主参赛，来自肯尼亚、埃塞俄比亚、摩洛哥、巴林等国的选手成为众人瞩 目的焦点。精英组成员包括去年的冠军 Joshua Kipkorir 及其肯尼亚同胞； 巴林的 Benson Surei 和埃塞 俄比亚的 Yemane Tsegay。在女子组，Priscah Cherono（肯尼亚）将回归卫冕之战。其同胞，也是去年的亚军 Stella Barsosio 状态 出色，在 9 月份举办的悉尼马拉松赛上以 2：24：33 的成绩赢得冠军，创下有史以来第三快的比赛成绩。她 将与来自埃塞俄比亚的 Mamitu Daska 和巴林的 Merima Mohammed 一同挑战 Cherono 的冠军宝座。有望夺牌的 Yemane Tsegay 在谈到比赛的准备情况时说道：“对我而言，夜跑不是问题，我们在早晨和夜 间都进行训练。我希望所有运动员都喜欢有史以来的首次夜跑比赛，因为城市夜晚灯光璀璨。我很高兴能 参加这次夜跑。2019 SCSM 轮椅马拉松精英赛规模将会扩大，运动员总数达到 16 人。去年的男子组冠军 Kota Hokonuie （日本）和女子组亚军 Madison de Rozario（澳大利亚）也将回归赛场。他们面临严酷的竞争，对手包括 来自美国的三次芝加哥马拉松冠军和 2015 年伦敦马拉松冠军 Joshua George 以及去年获得季军的澳大利 亚选手 Eliza Ault-Connell。 2018 年精英轮椅赛亚军 Madison de Rozario 在分享对夜跑和路线的想法时说：“新加坡风光优美，老实讲 去年我过桥时走神了。我们知道我们不应该因为风景而分心，但我们控制不住。新加坡太美了，所以夜间 游览新加坡也会有惊喜。”二人组希望在新加坡公开赛全国锦标赛中获得三连冠2019 SCSM 还将举办全国冠军赛 - 本地优秀选手将在男子、女子公开赛和大师赛这四个类别中争夺冠军。两届全国冠军、全国马拉松纪录保持者和两届东南亚运动会马拉松金牌得主 Soh Rui Yong 将与去年名列 第二和第三的选手 Mohamed Iskandar 和 Giebert Foo 以及经验丰富的选手 Evan Chee 和 Ashley Liew 展开角逐，捍卫自己的冠军宝座。当被问及针对新加坡的第一次夜跑进行的训练时，Soh Rui Yong 说道：“我经常在上午 9 点到下午 6 点工 作，所以我的全部艰苦训练都是在夜间进行的，这对我有帮助，这样我不用进行调整就能适应夜跑，我对 这个安排很满意。我认为现场气氛会更加热烈，因为前来为朋友和亲人欢呼喝彩的观众会更多，或者他们 只是出来走走，毕竟是星期六的晚上。我真的非常期待这项赛事，因为氛围会有很大不同！”女子全国组由 Rachel See 领衔，她和 Soh 一样，也赢得了过去两届的全国锦标赛冠军。与她一起参赛的 还有退役军人 Yvonne Chee 和 Sharon Tan，以及律师 Verna Goh，这是她在本土精英赛上首次亮相。跑步界的盛大庆典此次为期三天的全新比赛形式将于今晚 7 点从儿童冲刺赛开始。孩子们将在一条充满乐趣和各种游戏的 700 米赛道上比赛，赛道上布置着怪兽卡车和充气装置。本届盛大的周末节日庆典将延续到周末，马拉 松、半程马拉松和长跑接力赛将于周六下午 6 点结束，选手们将穿越新加坡天际线，途径新加坡标志性的 地标建筑，如海湾花园、滨海湾金沙、滨海艺术中心、新加坡摩天观景轮和滨海堤坝。最后，12 月 1 日星 期日，10 公里和 5 公里组的参赛者将分别在上午 6.30 和 8.30 开始比赛。各种技术水平的选手将在一条完 美的路线上完成比赛，途中还有补水区和降温区。选手还将得到数以千计的观众的热烈支持，他们将在皇后坊草坪、The Promontory 和滨海湾浮动舞台的观 众区围观，另外赛道旁还设有 27 个娱乐站。观众可以参加 Piloxing 和 Zumba 等活动，也可以欣赏各种音 乐演出众的新旧曲目。此次赛事面向所有年龄段的观众开放，可从 F1 Pit Building 和滨海湾浮动舞台观看 运动员在起点和终点上的风采。有关完整的观赛信息，请参见此处。“由于多种原因，今年的渣打银行新加坡国际马拉松赛将具有历史意义。马拉松晚间开赛、实力最强大的精 英选手集结和专用观众区，本届马拉松将是盛况空前的一场赛事。随着赛事不断获得全球认可，我要感谢 所有参赛者、合作伙伴和利益相关者自 SCMS 创立以来的大力支持，”IRONMAN 集团亚洲区董事总经理 Geoff Meyer 表示。（sama）
直击2019新加坡马拉松展会,
直击新加坡马拉松精英选手见面会,
直击新加坡马拉松选手领物,
那些跑马拉松的中年人 能靠跑步来拯救“危机”吗,来源：跑步学院（ID：paobuxueyuan）怎样看待全国马拉松热？这是中年人无处释放的精力，还是对自身严格要求？近几年，要说什么运动在中国最火，相信很多人都能不假思索的脱口而出——跑步。01中年人，跑者中的主力军马拉松在中国到底有多火，我们用几组数字为你解答。根据中国田协发布的2018年田径产业及马拉松工作报告，马拉松参赛人次已达530万。报告指出，截止到2018年11月2日，全国共举办了800人以上路跑、300人以上越野跑赛事共计1072场，参加人次530万，预计年底将接近600万人次；其中中国田径协会认证赛事310场，参赛人次320万；协会认证赛事中，协会共办赛事243场，协会赛事57场。目前中国马拉松位居国际田联标牌赛事总数第一。另据《中国体育行业商业价值报告》显示，跑步已成为“大众经常参与的体育活动”，而曾经令人厌烦的马拉松赛事也迎来“井喷式”发展并成为全民健身平台。▲数据来源：近三年中国田协备案赛事中国田径协会官网数据显示，2011 年国内共举办 22 场马拉松赛事，到 2015 年已达到 134 场，较 2014 年增加了 83 场，增幅超过 160%。从2014年到2016年的短短3年时间，中国马拉松赛事数量增长率达到543%。2011年到2018年间，中国的马拉松赛事从22场急剧增加到1581场。最多时，甚至同一天全国各地有多达43场马拉松赛事同时开赛，有超过26万人一起奔跑，这在当时也创下了国内一天之内举办马拉松数量的纪录。可以说，马拉松是办一场火一场，办一场满一场。马拉松赛事火爆的背后，折射出我国跑步人口的急剧增长，而这其中又以中年人参与跑步的热情最高。也就是说，近几年加入跑步大军的中年人占的比例最高。2017年北京马拉松赛完赛选手中男性平均年龄已经达到39岁，女性平均年龄已经达到37岁，相比2016年，北马参赛选手平均年龄又大了两岁。▲2017北马各年龄段完赛人数图片来自北京马拉松官网另有数据表明，目前美国的铁人三项运动员中，有三分之一处于40到49岁之间，这是十年来赛事中最大的群体，也是最有竞争力的一群。波士顿马拉松中，中年参赛者也很活跃，8200名四十多岁的选手完成了比赛，比例超过31%。2017年的纽约马拉松赛事中，40到44岁之间的人数比例最大，而2015年的伦敦马拉松上，40到49岁的参赛选手平均速度比20到29岁的选手还快。根据《2017年度马拉松赛事白皮书》的相关数据显示，从年龄特征看，参加全马比赛的选手数量和成绩都是中年人占据优势，以2017年杭州马拉松为例（数据源自杭马组委会）：2017杭州马拉松完赛人数最多的是，男子44岁（314人）和女子45岁（61人）年龄段。运动员的记录没有那么详细，但是过去十年中，随着赛事数量的增加，中年人的参赛比例也越来越大。霍夫曼和福加德的研究报告指出，100英里超级马拉松赛事的参赛者，平均年龄是44岁。▲图片来自悦跑圈这些数据无不证实，中年人，是跑者队伍中当仁不让的主力军。这一现象乍一看虽有些意料之外，但细想之下便知乃是在情理之中。02跑步，能拯救“中年危机”吗多数人认为之所以中年跑者如此之多，是因为老年人不适合跑步这样的激烈运动，而年轻人则不喜欢枯燥的跑步，所以自然中年跑者最多。这种说法虽不无道理，但这只不过是表象，我们应该透过现象看本质。而这个本质就是：跑步更像是中年人面对所谓“中年危机”的一场自我救赎。在1957年，加拿大心理学家雅克在英国精神分析学会上递交了自己的论文， 文中第一次提及“中年危机”，直到1965年文章才正式发表。雅克的理论是：人到中年，我们开始意识到自己的生命是有限的，然后，我们就受到惊吓。从科学角度上看，中年危机是否存在且值得探讨，但是从直觉出发，却非常合理。变老的过程中，人们会开始自省，反思时间的流逝，这个过程容易让人焦虑，再加上抑郁、压力和对生命的倦怠感，压力不断累积。一般来讲，步入中年后的人大都已成家立业、工作繁忙且上有老下有小。尽管年龄并不大，但由于长时间不良生活方式的影响，运动量的急剧减少，步入中年后的很多人往往都呈现出一副“大肚便便的中年油腻男”形象。于是，在工作压力与健康压力的双重“压迫”下，他们便想到了运动，开始了跑步。慢慢地，跑步成为这些中年油腻男们恢复身材、重获健康、舒缓压力的最佳方式之一。不少人更是因此减肥成功，并且爱上了跑步这项运动，从一名减肥者成为一名马拉松热爱者。当然，并不是所有中年跑者都是为了减肥。事实上，让他们收获更多的，是从未有过的轻松畅快感。这是因为，跑步除了可以健身，也能治愈心灵。我们在以前的文章中曾经讲过，跑步可以改善焦虑和抑郁。比如大家所熟知的知名企业家毛大庆，由于长期生活在高压状态之下，毛大庆曾一度心情抑郁，身体状况糟糕，医生甚至给他开了六种精神类药物，他过上了以药物为伴的生活。后来在朋友的陪伴帮助下爱上了跑步，他很坦率地说，马拉松或长跑，对治疗抑郁症确实有作用。世界卫生组织统计，目前 20% 的全科医生会在治疗抑郁症时，推荐跑步作为替代药品进行辅助治疗。而且跑步在心理层面上，也能够为抑郁症患者产生积极影响。此外，2013 年发表在‘运动与运动医学与科学’杂志上的一篇文章也表示，运动是治疗抑郁症的有效替代疗法。而且跑完后，你还会发现自己轻松了许多，不良情绪也得到了极大缓解，而长期坚持跑步，你的心理状况也会得到改善。当大脑和身体细胞释放出足够多的快乐分子时，跑者就会感受到良好情绪的迸发，并最终产生跑者的愉悦感。同时，跑者的大脑还会释放另一类化学物质内啡肽，它可以缓解跑步的痛苦感，并激活大脑的奖励系统，带来满足感和成就感。这就是马拉松的魅力所在。很多中年人从跑步到跑马拉松，还认识了更多同样生活积极的朋友，也从跑马的成就感中获得对自己的很大认同和鼓舞。此外，很多中年人不光自己运动，也带动了整个家庭运动，这样不仅带来更轻松愉快的家庭氛围，也本身有助于增进与家人的交流。此外，除了缓解所谓的“中年危机”以外，中年跑者同样也是跑马圈中最认真、严肃的一群跑者。这可能是因为，中年人有更多的自由支配时间，并且有相当的经济基础。他们一旦跑马拉松，一般不是冲动，而是深思熟虑，因此大多数情况下，是认真和严肃的，相反，可能年轻人受马拉松热潮的影响更多。而且，中年人一般很少感情用事，他们不会盲目追潮流，不过一旦决定，也很少放弃。也许只有跑过马拉松的人才能明白，跑马对于中年人而言，究竟意味着什么。正如作家尼采所说的那样：“知道为什么而活的人，便能生存。”同样，知道为何而跑的人，便能抵达终点。你，是为何而跑呢？（跑步学院）
冬天跑步七大误区 看看你中了几项,天气越来越寒冷，各位跑友不由得都增添衣物，用各种方法来预防寒冷，其中有不少跑友就跌入了冬日跑步的误区，快来看看吧！01误区一：忽视做准备运动的重要性！冬日跑步最大的敌人莫过于寒冷。很多跑友一出家门就被刺骨的寒风冻得瑟瑟发抖，因此本能的都是希望赶紧跑起来，让自己的身体暖和起来。所以忽视准备运动也是冬日跑步误区的NO.1。冬天大家的身体机能多少都会下降，在这种情况下若是不做准备运动就开始跑步肯定会受伤，因此跑前最重要的事情就是“做准备运动”。02误区二：跑步穿衣过多很多跑友误以为冬季户外跑步防寒要穿很厚的衣服，其实这也是错误的做法之一。衣服本身并不会产生热量，如果厚度过大，反而会导致衣服间空气对流加大，让热量散失变快，更加留不住热量。并且衣服穿太多，人体自身对温度的调节能力会变弱，反而容易导致患上感冒发烧。冬日跑步穿衣可以采用“洋葱式叠穿法”，穿衣的数量应当以运动后体温缓慢身高，微微出汗为宜！03误区三：围巾、口罩、面罩捂鼻冬天寒风刺骨，裸露在外的鼻尖都像要被冻掉了似的，很多跑友喜欢用围巾裹住口鼻，以减轻吸入寒风和冻鼻头的不适。但是，围巾往往有细小的绒毛或纤维，还会有一些细菌微粒，很容易就会被吸入体内，引发呼吸道感染。正确做法是戴围巾的时候，要把鼻子嘴巴都露出来，以保持呼吸顺畅。如果不是污染严重的天气，最好也不要戴口罩，整天戴着口罩，鼻腔及整个呼吸道的黏膜得不到锻炼，对冷空气的处理能力会被人为地减弱，稍微受寒，反而容易感冒。鼻子吸进的冷空气，经过弯弯曲曲的管道进入肺部时，已接近体温。人体的这种生理功能，能通过锻炼得到增强，从而提高耐寒能力。所以，特意带口罩也是没有必要的，可以采用鼻吸法来控制吸入空气的温度。04误区四：身体一热就开始脱衣散热！对于很多爱出汗的跑友来说，冬天跑步没多久身上的内衣就已经湿透了，并且还热的不行，因此，就会赶紧褪去身上的厚衣服“轻松上阵“。但其实若一出汗就脱衣散热是对身体有极大损害的。一是冷风一吹就把刚舒张开的毛孔收缩了，这样会增加感冒的风险。二是会同样增加寒气湿气入体的危险。正确的做法是：采用洋葱式穿法，当内衣湿掉后应当及时脱下将第二层打底衫换上，防止感冒！05误区五：跑完立刻洗热水澡或泡澡！不少跑友喜欢在跑完步之后洗热水澡或泡泡澡来进行放松，但值得注意的是跑完不能马上洗澡或泡澡。据运动医学专家的研究表明，人在运动时，流向肌肉的血液增多，心率加快。当运动停止后，血液的流动和心率虽有所缓解，但仍会持续一段较长的时间，如果这时立即去洗澡或长时间的泡澡，则又会增加血液向皮肤及肌肉内的流量。这样就使得所剩的血液不足以供应其他重要器官，如心脏及大脑，因而会诱发心脏病。有实例显示：有的人在运动后即去洗热水澡或泡澡，尔后常常会感到头昏眼花，全身无力等不适，就是上述所说的缘故。06误区六：跑完进屋先热手脚！许多跑友跑完后进入室内时，首先把冻僵的手脚放到取暖器边烤或用热水泡，其实这一冷一热的骤然交替对手脚极为不利，很容易使手脚生冻疮。正确的方法是，手脚相互摩擦，使表皮温度自然回升，然后待皮肤表面变红时，再移到取暖器旁或放入温水中取暖。其实，平时偶尔能用冷水洗手、洗脸或洗脚，可以增强身体的抗寒能力，反而不容易生冻疮。07误区七：跑完用雪揉搓冻疮对于生活在北方的跑友来说冬日下雪在正常不过了。因此，很过跑友也十分喜欢在雪地附近跑步，可以一边跑步一边欣赏雪景！但下雪天气异常寒冷，尤其是跑完散热太快，在室外容易引发冻疮，不少跑友就用民间广为流传的解决冻伤方法：雪揉搓冻疮。其实这是极其有害的，虽然用雪搓时疼痛、肿胀较轻，使人们误认为能有效治疗冻疮，但它只能延长冻肢的受冻时间，加重组织损伤，还可能增加冻伤加重冻疮的可能性，并不能起到治疗的作用。（跑步圣经）
没跑过寒冷冬季的人 如何跨越人生的低谷？,很多事只要你迈开第一步，其实就没有想象中的那么困难了，因为努力一定会有收获，跑步也是如此。“有谁会在大冷的冬天还坚持跑步？怕不是脑子冻坏了吧，我才不去呢！”同事轻描淡写的拒绝了我的邀请，年初8个人信誓旦旦的发誓：今年一定要跑出更好的成绩。。。再瘦他个二十斤。。。因为寒潮提前来临，如今只剩下我一人在坚持。每年到这个时候，有一个终极问题一直在我脑子里打转：冬天我到底要不要继续跑步？“冬天坚持跑步太难了，早上根本起不来。。。”“感冒了吧！谁让你怎么冷的天还去跑步，傻X。。。”像上面这些不跑步的理由我分分钟可以给出一百条，寒潮提前来临更让我省事儿，这不就是最好的理由吗？但是在我内心深处，总有那么一点良知：去跑吧！不一样的双十一今天是11月11日，朋友圈里却人间百态，有的人忙着清空购物车享受购物节狂欢，孤单寂寞的人失忆感叹又是一年光棍节，而对我来说今天是距离上马的倒数第6天。自从北马撞墙，意外的跑出了5个小时的成绩给了我不少打击，旧伤发作膝盖隐隐作痛。“跑步随便跑跑就好了，干嘛非要去参加马拉松？跑赢了你是能赚钱还是能出名？天冷了别折腾了。。。”我妈在电话那一头说道，电话这一头的我心里真不是滋味。这一次撞墙让我差点了就放弃了接下来的南马，失落了几天之后我还是忍不住跑了起来，我告诉自己：不是因为希望才坚持，而是因为坚持才能看到希望！什么都别想，跑吧！如今身体已经逐渐恢复，状态渐佳，在慢跑中从七分配速逐渐过渡到六分，平均心率140，步频接近200。目标是430，即使今年无法完成，我也要有始有终！坚持是给今年的自己一个交代，不辜负自己流过的每一滴汗水；是给明年一个开始，告诉自己我还可以再战一年，屡败屡战。跑出人生低谷“还能不能干！不能干给我滚！”老板拍着桌子向我吼着，扬言如果项目还是这样就开了我，今年是我在江北新区待的第三年，我是一名社畜。每天早晨8点15到公司，晚上10点下班，中午和晚上吃饭的时间只有半小时，出门必须打卡，有时候饭没吃几口就被拉回去开会，996算什么？“每天上班12小时，被开除却只用了5分钟”，眼见着要到年底，辞职又没有底气，我的心态彻底崩了，巨大的工作压力压得我喘不过气来，上有老下有小，还有巨额房贷，我该怎么办？焦虑、迷茫，到了晚上辗转反侧、难以入眠，整宿整宿的睡不着觉，更糟糕的是体重从75公斤掉到了60公斤，同事调侃我又瘦了，但只有我自己知道，我现在的身体状态很差，再这样下去我大概活不过40岁。体重直线下降，医生怀疑我的肠道里有息肉，于是做了肠镜，结果却出乎意料。医生诊断我是神经性肠炎，很可能是工作压力太大导致的腹泻，建议我抽时间运动，缓解一下压力，就这样一句话搪塞了我，连药都没开。开始跑步，我记得那天加完班错过了末班车，脑海里突然闪现出一个想法：跑回公寓，就好像《阿甘正传》里的阿甘一样，我也不知道为什么我要这么做，只是突然的想跑起来。我不记得那天跑了几公里，但我记得那天睡了个好觉。跑起来的时候内心原来是那么轻松，我不是哪家公司的员工，也不会去想房贷，我只是一个在冷风中奔跑的人。“没跑过寒冷冬季的人，如何跨越人生的低谷？”从那以后无论再晚，一周4次跑步雷打不动，如今我的体重已经回到了70，准备参加明年开春的半马。我换了一份工作，改变了我面对人生的态度，跑步教会了我如何睡一个好觉，更教会了我如何坦然面对人生的低谷，越是困难、越是要跑出去，迎难而上才不会被困难打败。跑步不是我的爱好，而是我生活中的一部分，就像吃饭喝水、呼吸睡觉一样，本能使然，我没有理由在冬天停止跑步。Anyway跑步是一件非常简单的事，能在冬天一直坚持却是非常不容易的，冬天不跑步的人不仅在冬天停跑，天气热不跑，懒癌犯不跑，工作忙不跑，头疼脑热、鸡毛蒜皮都不跑。但是如果你咨询一个非常喜欢跑步的人，他会告诉你冬天跑步的很多优点。我为什么要在冬天坚持跑步？为了多吃几次火锅，为了春天比赛牛X一点，为了穿漂亮衣服。。。冬天跑步最困难的是走出家门，只要迈出第一步，就没有想象中的那么难了，坚持跑步让这个冬天不会很冷，每次跑完都会期待下一次。村上春树曾说：“今天不想跑，所以才去跑”，冬天很冷，不想跑，才更要跑，不是吗？（慧跑）
跑步凭实力单身？230的跑步大神可不一样,PB228的大神：跑步只是业余爱好，家庭更重要卢志毅，可谓是业余跑者中的“佼佼者”！不仅在北马，上马双双破三，更是在北马跑出了228的个人最好成绩。尽管如此，在说到部分跑友有时候会为了跑步而“疯狂”丢掉了自己的工作，更把家人置一边而不顾。他说：“工作和家庭很重要，跑步只是业余爱好。每天早起跑步，白天正常上班，晚上该加班加班，不加班早回家，把时间给家人和孩子。跑步的初心不变，让身心状态更好，积极面对工作和生活。当然，我们经常带孩子户外运动，目的是想让他有一个好身体，但不会刻意训练他跑步。让孩子喜欢运动是我们的责任，但具体喜欢哪些运动项目就由他自己选择了。”想必大多数跑友都很好奇，非专业出身的他，能够在间隔两周的时间内，连续“作战”的训练计划和安排。小编也都“照顾到了”：赛前一周减跑量至平时的60%左右，但周二和周四保持一定的强度刺激。这样身体得到了充分的休息，能以较好的状态参加比赛。比赛中他一般的原则是不完全拼到底。比如像北马这种想出成绩的比赛把体力最大用到95%左右，适当留余量。这可能就减少了后半程“撞墙”的可能性。赛后休息一天，之后开始十公里左右慢跑，这样到周四周五身体就能逐渐恢复了。但如果想跑成绩的话，连续三周三个比赛还是不提倡的。大神虽说家庭工作很重要，但是在北京这干冷的冬日里，他也丝毫不放松自己。对于卢志毅来说，他能支配的时间只有早晨，所以只能早起训练。访问中他谦虚地说道：“感觉自己还处在上升期，训练了就能进步。对更好成绩的渴望估计就是我早起的动力吧。”北方的冬天比较寒冷，他认为这样的条件不适合练速度，所以还要以耐力训练为主。这个冬天他给自己定了个小目标：想在12月16日至次年的2月15日两个月时间内认真累积跑量，2月16日至3月15日强化速度。当然，卢志毅也说，平时光有跑步是不够的，适当的力量训练还是很有必要的，而且他一般会在周三慢跑时跑跑小山，偶尔游泳。跑进230的目标已经达成，他说不想再为自己量化指标了，但觉得自己以后还能跑的更快，理由是：“现在的我身体没有伤病，对跑步更加热爱！”此外，他还透露，接下来要为2020的重马做准备了！2019的重马，是他p（跑）b（崩）的比赛，明年要去重庆是准备收复失地！我们也期待着卢志毅可以在自己人生的马拉松赛场上越跑越远，越战越勇！东马与她邂逅，上马向她求婚同样是芝华安方的VIP于建华和自己的妻子邂逅在2016年东京马拉松前一晚的聚会上，当时的于建华过于腼腆，聚会上两个人都没怎么说话。在那之后偶尔会在朋友圈聊聊天。可是，如果有缘，就注定会走在一起。就这样两人此后经常跑跑步，约饭、看电影，接着2019年开始二人一起参加比赛。6月去撒野北京站，于建华一路陪跑，向女方表白了，然后就在一起了；7月初的越山向海人车接力赛崇礼站，两个人虽然不在一个队里，但一路上都互相牵挂对方；9月雄安国际马拉松，陪着她跑了半程，最终她以1小时40分54秒的成绩获得半程女子第十一名！在一起时间久了，就要给对方一个“一辈子”的承诺，而于建华选择把这个“承诺”留在今年的上马。据于建华回忆：“其实在上马之前的一周，也就是11月9日，我已经在跑团联赛北京站上求婚成功了。之前她一直以为我会在上海马拉松求婚，后来和朋友商量给她来个惊喜。在跑团联赛上我们俩同跑最后一棒，冲线后求婚成功。之后让她以为上海就没有什么惊喜了，其实暗地里和上海的小伙伴策划了一个赛后环节，其中包括送花、赛后采访和聚餐地点的布置。”女友想在上马实现PB，于建华这次就做她的做私兔，为她保驾护航，带她实现PB跑进330。前半程还比较顺利，1小时44分左右，到26公里左右，由于她纽约马拉松回来之还没完全恢复，加上旧伤复发，左腿有些不舒服，就降速走了一段。她还沮丧的哭了起来，很想退赛。他就一直陪着她，鼓励她，安慰她。就这样女友拖着受伤的左腿坚持走完了后面的16公里，4个多小时后才冲过终点。这也是她最近跑得最慢的一次，冲过终点后，她有些懊悔没有实现PB而大哭起来。当晚，上海的小伙伴们精心的为他们准备了另一个惊喜：订婚宴！把房间布置的漂漂亮亮的，像婚礼现场一样，席间不仅播放了大家的祝福视频，墙上也贴满了他俩在一起的照片，更是得到了大家的祝福。谈到以后，于建华说：“我想我们会一直跑下去，因为还有好多地方和好多比赛都没有去过呢，也还没实现近期的目标（于建华的目标是破三，妻子的目标是BQ330）。更远的目标是让她完成六大满贯，目前只差伦敦和波士顿了。再远的目标就是等以后有了小孩就带着小孩一起跑。”4小时的等待太漫长，干脆一起跑！跑友李彪（芝华安方VIP）和妻子的跑步故事，更是有趣。李彪的首马是2004年北京马拉松，他的妻子当时还不参加跑步，就在边上等着，等了4个钟头，后来觉得很累，还不如自己也跑跑，于是慢慢开始了跑步。2004年厦门马拉松李彪跑全马，妻子也完成了人生中的第一个半马，后来重庆是第一个全马。后来两人干脆“停不下来了”就一起参加了大连、哈尔滨、西昌、北京、上海、广州、成都、都江堰、广安、富士山马拉松等等。最开始两次全马都是李彪前半程陪妻子跑，谁知30多公里处陪跑的李彪“崩掉了”，而一旁的妻子还快一些。后来的比赛里，他们就各跑各的，妻子的成绩很稳定，在430-440左右，李彪也会430以内跑完。有趣的是：经常是前半程我在前面，后半程她慢慢超过我。谈起两人跑马过程中，最有趣的几件事，让小编感受到了这对夫妻对于马拉松近乎“执着的热爱”！2017年8月的哈尔滨马拉松，纪念妻子上大学离开家乡30周年，夫妻二人同时报了名，结果只有妻子中签。阿甘做好了妻子一个人回乡参赛的准备，发现哈尔滨马拉松在招募官方兔子，但是要求兔子年龄不超过45岁，可是很不巧夫妻二人都超龄了。抱着死马当活马医的想法也报了名。李彪的妻子写了一封情真意切的短文，大意说这届哈马是自己上大学后离开家乡的30周年纪念，虽然夫妇年龄已经超过45岁，但一直在跑马拉松，成绩也很稳定，身体也健康，此次如果能让夫妇二人作为兔子，一起为爱奔跑，也是爱家乡，爱家乡人的一种体现。也许是这篇应募的短文起了作用，李彪夫妻顺利地得到了官方兔子的资格。（2017年，哈尔滨马拉松夫妻二人一起成为“官方兔”）哈马完赛后，妻子说报个北马，试试运气吧，果然两人都没有中签，那就顺其自然吧。后来李彪妻子发现北马的完赛奖牌上有龙的图案，而他们的儿子是龙年出生的，妻子非常希望拥有这个完赛奖牌，就到处找名额，幸运地拿到赞助商活动名额。于是夫妇二人又一次踏上了北马的征程，不过这次是夫妻两人共同跑。（芝华安方）
