只因演讲中夸了几句奥巴马 美驻英第二号外交官被炒,[编译/观察者网 郭涵]一名前美国驻英国资深外交官宣称，自己去年年底在英国大学演讲时，只因为夸了前总统奥巴马几句话，就被提前解除职务。报告：特朗普的驻英大使炒掉副手，只因在演讲中提到奥巴马 截图：《国会山报》《国会山报》12月3日报道，前美国驻伦敦大使馆副馆长刘易斯·卢肯斯（Lewis Lukens）近日接受采访，首次透露他2018年底被解职的细节。卢肯斯在美国务院工作30年，曾担任过前国务卿希拉里的执行秘书，2016年至2018年底任驻伦敦大使馆副馆长，是仅次于驻英大使的第二号外交官。他2017年还代理过驻英大使馆临时代办7个月。2018年11月，卢肯斯曾在2所英国大学发表演讲、称赞美英之间的的“特殊关系”，结果一星期后被解职。卢肯斯称，他因为在演讲中提到前总统奥巴马而被解职 图自：卢肯斯推特他在开场白中提到一则轶事，即前总统奥巴马2013年访问塞内加尔，并与该国总统马基·萨勒就同性恋议题产生分歧。卢肯斯当时担任驻塞内加尔大使。他称赞奥巴马处置得当、巧妙地回答美国记者的相关尖锐问题，且在当地也很受欢迎，人群在街头巷尾欢呼其名字、出售印有“我们爱奥巴马”字样的衬衫，“令人难以置信。”然而演讲完一个星期后，驻英大使伍迪·约翰逊（Woody Johnson）突然告知卢肯斯，他已被调离职务。当时距离卢肯斯正常轮调还有7个月，他认为自己犯下的“致命错误”就是在演讲中提到奥巴马。如今，卢肯斯在一家伦敦的私人企业工作。美国国务院、驻伦敦大使馆均未对报道作出回应。美国驻英国大使伍迪·约翰逊 @视觉中国《GQ》指出，卢肯斯的遭遇是美国外交部门在特朗普任内被高度政治化的一个惨淡案例。没有哪位总统像特朗普这样不加掩饰地对外交官表露敌意。文章称，通过削减预算、暂停招募甚至人身攻击，这届美国政府已经“掏空”（eviscerate）国务院的职业外交官队伍，导致人才以令人警觉的速率流失。根据美国外交服务协会（AFSA）数据，特朗普任内头两年，国务院近一半的职业部长退休或被迫走人，次一级的部长顾问中也有20%离职。2009年，大约有2.1万人报考外交官考试，而今年只有不到9000人。美国至今尚有20个大使职务空缺，约三分之一的驻外使领馆存在职务空缺。而任命人选的过程又被国会的弹劾调查打乱了进度。另一方面，特朗普任内政治任命的大使数量达到自上世纪60年代以来最高水平，占总数的52%。这些人多是总统的亲信，或者在大选中出过力的人，有的对驻在国以及外交礼仪均缺乏了解，却必须接手关乎国家安全的敏感事务。其中，2017年就职、已经72岁的驻英大使约翰逊就属于政治任命，他来自美国强生公司创始人家族，曾为特朗普就职委员会捐款100万美元。有使馆员工透露，约翰逊经常将“深层国家”（deep state）挂在嘴边，并会“质疑那些在他看来对特朗普不忠诚的员工是否爱国”。卢肯斯表示，这些政治任命的大使对职业外交官的不信任程度“达到我这辈子从没见过的水平”。前者中很多人都有一种“毫无依据”的认识，即绝大多数政府官员都是反对特朗普议程的民主党人和自由派，但这“并不是事实”。上月27日，澳大利亚智库洛伊国际政策研究所发布的“全球外交指数”显示，中国在“2019全球外交网络排名”中首次超过美国，位居第一。
泰国陆军接收首批中国造VN1战车以及10辆VT4坦克,[文/观察者网王世纯]12月3日，首批中国制造的VN-1轮式步战车和配套的VS27装甲抢救车运抵泰国春武里港，由泰国陆军接收。泰国陆军2017年订购了38辆中国VN-1系列装甲车，随后在2019年又追加订购了41辆。由于交付迅速，泰国陆军可能还会继续采购更多VN-1系列装甲车，用于完成泰国陆军2017-2021年发展规划。泰国陆军接收了首批北方工业VN-1轮式步战车和配套的VS27装甲抢救车（泰媒 图）据泰国媒体Khao sod网12月4日报道，12月3日，在春武里港，泰国陆军接收了首批中国北方工业VN-1轮式步战车和配套的VS27装甲抢救车。首批交付的VN-1步兵战车及配套车辆共有38辆，是泰国陆军在2017年订购的第一批VN-1车族。这批装甲车原定于11月28日运抵泰国春武里梭桃邑港，但因为某些情况耽搁了5天。除了八轮车族以外，还有10辆中国VT-4坦克和1辆坦克修理车同时交付给泰国陆军。泰国陆军在接收这批VN-1以后，将对这批新车进行例行检查和修理。随后这批VN-1将被送到泰国装甲训练中心进行试训，剩余的VN-1车族将于明后两年交付。VN-1是重庆铁马厂研制的轮式步兵战车，其底盘和武器配置均与自用的08型步兵战车有所不同，是一款专门的外贸产品。在武器配置方面，泰国陆军订购的VN-1采用了比较高级的四合一无人武器站，配备有热像上反稳像式炮长镜、40毫米榴弹发射器、7.62毫米并列机枪、30毫米高膛压机炮和红箭73发射架，可以实现动对动射击。今年11月初，泰国陆军代表赴北方工业测试场地，实地测试了即将交付的VN-1步兵战车。发射反坦克导弹和动对静射击的VN-1步兵战车 图源：社交媒体泰国陆军原定引进500辆轮式车族，用于构建21世纪的快速反应陆军。2008年，泰国向乌克兰订购了装备233辆有30炮和反坦克导弹的BTR-3E轮式输送车，随后直到2011年才拿到首批乌克兰装甲车。由于BTR-3E不仅交付速度不令人满意，其质量和性能也存在较大问题。泰国陆军随即转向中国寻求现代化的轮式装甲车。2017年，泰国与北方工业签订合同，订购了38辆VN-1系列装甲车，包括34辆步战型，2辆装甲抢救型和2辆维修型。在今年1月，泰军又追加订购了41辆同底盘的保障和支援车辆，包括3辆VN-1轮式装甲车、12辆VN-1轮式自行迫击炮、9辆VS-27装甲抢救车、1辆机械维修车、1辆光电维修车、12辆VN-1营级指挥车、3辆VN-1装甲救护车，此外还有30毫米炮弹、40毫米榴弹、120毫米迫击炮弹和训练用的模拟器材等产品。未来一段时间，泰国陆军可能还会继续采购更多VN-1系列装甲车，用于完成泰国陆军2017-2021年发展规划。除了轮式装甲车以外，泰国陆军还订购了中国生产的VT-4主战坦克。今年1月14日泰国王家陆军已经正式向内阁提出申请，计划斥资23亿泰铢（7250万美元，5亿人民币）订购14辆VT-4主战坦克。在此之前，2016年3月21日，泰国与中国签订了购买首批28辆VT-4主战坦克的协议，单车价格为1.78亿泰铢（3800万人民币），在2017年4月和5月，泰国陆军又增加了10辆VT-4的订单。目前38辆坦克在2017年全部交付完毕。泰国VT-4宣传照片 图源：泰国国防部
香港保安局：修例风波以来438名警员受伤,香港警方举行例行记者会（文汇网资料图）海外网12月4日电 据港媒最新消息，香港保安局表示，截至11月21日，香港警方在“修例风波”中一共拘捕5856人，当中已被落案控告者中含102名未满18岁的年轻人。此外，截止11月29日，已有483名警员在执法行动中受伤。据香港电台等港媒4日报道，香港保安局介绍称，从6月9日至11月29日，共有483名警员在执法行动中受伤，职级由警员至总警司。谈到具体情况时，香港保安局局长李家超举出部分警员受伤的例子，包括有警员在尖沙咀警署执行职务期间，被汽油弹击中而导致身体皮肤严重烧伤；也有警员在屯门处理冲突事件期间，被淋腐蚀性液体而导致身体皮肤严重灼伤；在沙田，有警员制服一名示威者期间被咬断部分手指；有警员被示威者用利刃割伤颈部，以及有警员被示威者以弓箭射穿小腿等。香港保安局也介绍称，截至11月21日，香港警方共拘捕5856人，其中包括1名11岁男性，159人为12至14岁、742人为15至17岁、1192人为18至20岁、1827人为21至25岁、840人为26至30岁、602人为31至40岁、281人为41至50岁、212人为50岁以上。保安局回应香港立法会议员书面质询时又表示，在拘捕者中，4698人的案件仍在调查，包括拒保候查及保释候查，938人已经完成或正处于司法程序，已释放220人。其中，被落案控告这中有102人为18岁以下，占被落案控告人数的约10.9%，362人报称为学生，占总被落案控告人数约38.6%。据港媒早前报道，香港特区政府新任警务处处长邓炳强日前接受采访时曾透露了近几个月来香港警队人员的受伤情况。邓炳强指出，过去几个月，香港警察每天都在进行长时间、高强度的工作，时时刻刻都会面临困难和危险，但同袍们依然不畏危难，紧守岗位，这令他非常欣慰，“我真的为你们感到自豪。”谈及他个人此前也曾被起底，邓炳强表示，家人确实会为自己感到忧虑，但他目前只希望可以尽快平息这场暴乱，还香港社会一份安宁和平静，然后和一众同袍安全回家。（海外网 张霓）
北约峰会联合声明曝光 首次正式提及中国“挑战”,（文/观察者网 霍思铭）尽管北约秘书长周二曾表示，不希望成为中国的对手，但北约仍将首次正式承认中国构成了“挑战”。法新社（AFP）12月3日报道，在伦敦举行的北约70周年峰会上，29个成员国的领导人将于周三签署一份联合声明，承认中国崛起带来的“机遇和挑战”。会议还将批准一份内部报告，该报告将拟定一份北约如何应对中国的行动计划。北约70周年峰会，北约盟国领导人出席英女王招待会 图片来源：视觉中国中国给北约带来“安全影响”？北约秘书长延斯·斯托尔滕贝格表示：“中国的崛起对所有北约盟国都有安全影响。”他声称，中国的国防预算排名世界第二，同时最近中国展示了许多全新的现代化军事能力，包括能射程覆盖整个欧洲和美国的导弹。斯托尔滕贝格在接受美国CNBC采访时称，中国崛起正在改变全球力量平衡。报道称，中国的国防开支在2019年比前一年提高了7.5%，达到约1776.1亿美元。不过，文中也提到，美国国防部2020年的预算为7180亿美元，相比去年增加了330亿美元，增幅约为5%。1990-2018年 中美军费预算与增长率对比 图片来源：世界银行官网法新社报道称，本届中国政府的外交姿态更为积极。其中南海问题已成为了中美两国之间的导火索，华盛顿指责中国“威胁”他国。虽然北约的防御范围仅限于欧洲和北美，但斯托尔滕贝格认为，中国的影响力正开始触及北约边界：“这并不代表着北约将介入南海问题，但我们需要考虑到，中国在北极和非洲（的影响力）正在接近我们，同时在网络和欧洲的基础设施上大力投资。”不过，他坚称，北约的新策略不是要“制造一个新的对手”，而是要以“一种平衡的方式来理解和回应中国带来的挑战”。但斯托尔滕贝格表示，北约还没有计划与中国建立类似“北约-俄罗斯理事会”这样的沟通和合作机制。5G问题再成峰会焦点此外，峰会联合声明的草案还强调一个“安全而有弹性”的通信系统的必要性，尤其是在5G技术的基础设施建设上。该草案已由各国大使同意，但还未得到各国领导人批准。报道评论称，这表明北约和西方各国，普遍对华为等中国企业在下一代通信网络中的地位，感到越来越焦虑。上周，德国就表示，计划收紧对“非欧盟企业”收购其高科技公司的规定。美国也向欧洲国家施压，要求将华为排除在欧洲5G网络开发之外。美国国务卿蓬佩奥12月3日称，美国尊重各国设立科技政策的权力，但“我们和欧洲国家的盟友关系和友谊最终建立在对自由的热爱上，这让我们在发现共同安全威胁时，提出我们的担忧。”图片来源：美国国务院推特截图然而，欧洲国家一直难以找到一个对待中国的共同立场，一些国家强调中国带来的风险，而另一些位于东欧和南欧的国家，则很欢迎中国对他们的基础设施进行投资。此前，德国总理默克尔曾表示，欧盟各国需要统一标准，只要满足各国政府的安全需求，就不会排除华为。法国总统马克龙也声明称，永不“污名化”任何公司和国家。卡纳基欧洲智库的高级研究员托马斯·瓦拉塞克表示，北约制定统一的对华政策可能需要一定的时间：“中国与北约的传统对手俄罗斯相比，是一个更大的、但更长期的问题。”美国研究人员：没有实质作用《华盛顿邮报》也发表了题为《中国是美国的新对手吗？》的评论文章，其中表示，中国“挑战”被列入北约议程中，对于特朗普政府来说是个好消息，因为美国“自认为在与北京展开一场数十年之久的高科技竞赛”，而中国则对和北约进行对抗的建议“不以为然”。文章称，美国研究人员对北约的表态并没有做太多的解读。“新美国安全”研究中心的助理研究员瑞秋·里佐表示：“中国明显是一个日益增长的挑战，北约是应该讨论中国未来在欧洲战略中的作用。然而，我觉得北约领导人认识到了一个事实，他们不应该出去找个‘怪物’来消灭。”北约盟国之间也早已出现裂痕。英国《卫报》11月30日报道称，北约峰会“简直就是地狱里的生日派对”，文中这样描述峰会的局面：“德国和东欧正生法国的气，法国生土耳其和美国的气。特朗普几乎生所有人的气。而东道主英国只希望一切快点结束。”布鲁金斯学会的迈克尔·奥汉隆对《华盛顿邮报》记者表示，特朗普在对中国和欧洲实行了单边关税行动后，很难想象北约这种多边组织还能做出什么“实质性的决定”。里佐也认为：“问题在于，北约作为一个联盟是否有内部的一致性，能以统一战线应对中国。但如果欧洲国家本身就能达成一致，那要北约干什么呢？”
印度上将：中国军舰进入印专属经济区 被印军驱离,据印度时报报道，印度海军参谋长卡兰比·辛格上将3日声称，一艘“中国军舰”最近进入位于安达曼海的印度专属经济区，并遭到印度海军驱离。印度军方人士还指责这艘船在印度水域搞“间谍活动”。报道称，该船于9月进入印度海域，后被印度海军驱离。印度军方消息人士承认，涉事的“中国军舰”其实是“实验1号”科考船。消息人士称，该船被发现在印度海域进行研究活动。印方声称，该船未经印度海军的事先许可就进入该地区。辛格在新闻发布会上说：“我们的立场是，如果在我们的地区采取任何行动，都必须通知我们或征得我们的同意。”他还表示，目前日常平均有7至8艘中国船只在该地区出现。印媒指出，自2008年以来，中国海军一直在印度洋地区保持长期存在，且绝大部分是以反海盗护航编队的形式出现。印度对于中国在该地区的影响力日益增长感到担忧。辛格称：“他们（在印度洋地区的）存在是一个事实。在那正常工作中的海洋调查船，已被指定用于在某些区域开展深海探矿。”实际上，中国“实验1号”科考船并非军舰，也不隶属于中国海军。据中科院官方网站，该船实际上是我国一艘3000吨级入CCS船级的远洋小水线面双体科考船（SWATH），隶属于中科院南海海洋所。船上配置先进的操控系统，能够满足近海、远洋进行海洋水声学、物理海洋、海洋地质、海洋生物、海洋化学、海洋大气环境等学科和交叉学科综合科学考察的需要，可支持大范围、大尺度观测网络的布设、观测、调控、遥感和监视等任务，是我国高性能的水声研究平台及先进的海洋多学科实验平台。
中国裁军大使：有缔约国阻拦禁止生物武器公约谈判,[环球网军事报道 特约记者 杨铁虎]12月3日，《禁止生物武器公约》2019年缔约国大会在瑞士日内瓦万国宫开幕。中国特命全权裁军事务大使李松在会上发言时指出，个别缔约国一边独家阻拦全面加强公约有效性的议定书谈判，一边对其他国家履约情况指手画脚。李松说，2019年是本轮会间会进程的关键一年。在今年8月的专家会上，各国围绕科技发展、合作与援助、国家履约和《公约》机制等问题开展了深入讨论。许多经验和实践值得借鉴，许多举措和倡议值得推广。但另一方面，会间会已进程过半，却成果寥寥。李松强调，特别是在制定具有法律约束力的核查议定书等核心问题上，个别缔约国一味顾左右而言他，甚至一边独家阻拦议定书谈判，一边对其他国家履约情况指手画脚。李松表示，我们希望各方以本次缔约国会为契机，充分展现诚意和灵活，努力寻求共识，推动会间会进程和2021年第九次审议大会取得积极成果，中方支持任何有助于上述进程的努力。《禁止生物武器公约》全称为《禁止发展、生产、储存细菌（生物）及毒素武器和销毁此种武器公约》，1972年4月10日达成，1975年3月26日生效，截至2019年12月共有183个缔约国。该公约既是第一个完整禁止一整类武器（即生物武器）的国际条约，同时也赋予缔约国和平利用生物科技的权利，并规定就此开展国际合作。（完）
中国军工企业携大型人造钻石亮相国际珠宝展(图),合成金刚石的用处大得很，首饰领域并不是其主攻对象，它被广泛地用于高精度机械加工、半导体激光器和高功率激光武器等的散热片、航空航天及深海领域的红外分光用窗口材料等等。人造钻石的研发能力与生产能力，关乎一个国家的顶尖科技实力和国防水平。近日，中国国际珠宝展在北京举行，中国兵器工业集团豫西集团中南钻石有限公司应邀参展，受到各方关注。此次展会上，中南钻石公司展出了10-22克拉无色、黄色、蓝色、黑色钻石毛坯，1-6克拉无色、绿色、蓝色、粉色、红色、黑色等各色裸钻和数十件戒指、项链等精美饰品，公司培育的钻石产品颗粒大、净度高、色彩丰富。据了解，合成钻石，也就是通常所说的“人造钻石”，它的制造原料主要是合成二氧化锆石和合成碳硅石，实验室中采用高压高温法 （HPHT）或化学蒸气沉淀法 （CVD），仅需几周即可培育而成。合成金刚石的用处大得很，首饰领域并不是其主攻对象，它被广泛地用于高精度机械加工、半导体激光器和高功率激光武器等的散热片、航空航天及深海领域的红外分光用窗口材料、高端拉丝模、高端相机的摄像头、石油钻井钻头、金刚石对顶砧（DAC）的压头、饰品等。鉴于金刚石潜在的科研与商业价值，国外将金刚石合成技术视为绝密。近日，中国科学院就利用金刚石对顶砧装置并结合脉冲激光加热技术，产生极端高温高压条件，成功制备出氢和氘的金属态。此外，合成金刚石还可以用于制造激光、雷达等领域的精密仪器。一些金刚石薄膜具有优异的电学、光学、热学、机械性能和化学稳定性，能够耐高温、耐腐蚀和抗强辐射，成为当前微电子器件在苛刻环境下工作的首选材料。
中国航母补给舰在南海响起警报 水兵迅速穿好防护服,清晨，查干湖舰（系901型综合补给舰2号舰）警铃乍响，“舰艇官兵”们从战斗警报声中醒来。查干湖舰航行海上，舰上的训练生活与以往没有不同。19名老兵被安排到舰上各个专业班组，零距离体验舰艇官兵的工作生活。由于对舱室通道还不熟悉，四级军士长丛楠冲到驾驶室时，官兵们已经各就各位。90后操舵女兵刘宸熙，口令铿锵有力，操作娴熟迅捷，万吨巨舰在她的操纵下破浪前行。正午，查干湖舰行驶在广袤的南海海域。已经学了一上午驾驶的丛楠，在刘宸熙“手把手”的指导下，试着驾驭这艘钢筋铁骨的庞然大物。“舵在你手上，海面一望无际，内心紧张却不能有丝毫畏惧……原来驾驭战舰的滋味是这样的。”丛楠连连感慨。午休时，战斗警报声再次响起，四级军士长陈伟跳起来穿戴防护服，曾经在部队穿戴防护服比武屡拿名次的他，这次没能比得过舰上的小伙子们。“倒不是动作比他们慢，只是海上不比陆上，任务情况都得重新适应。”他说。陈伟不服输，却也不得不为艇上官兵点赞，“眼前是一片开阔的水域，危险随时可能出现。虽然岗位不同，坚守的职责不同，但紧张的战斗意识，哪里都一样。”“直升机起降部署！”听到警报声后，吴清杰连忙赶到起降平台，随航空班战友一起参加直升机起降部署演练。天已经完全黑了，夜幕中星光点点。在起降平台信号灯引导下，年轻的飞行员们将战鹰停在晃动的甲板上，战鹰一架架稳健起飞，消失在茫茫夜空中……星空下，这幅战鹰腾跃海天的画卷，吴清杰一辈子也不会忘记。夜幕低垂，浪涛卷着月光涌上船舷。在机电舱室中，老兵马春阳正随电工班一起进行夜间设备巡查。作为电气技师，马春阳决心当好舰艇上的“电工”。多年前，马春阳刚到海军某部当兵，他没想到自己会被分到陆勤部队，更不情愿当个“电工”。马春阳中学时候成绩不错，如果不是高考“败北”，他也许已经到了哪个公司赚大钱。后来马春阳当了班长、带了“徒弟”，他的直性子经常得罪人。上舰这几天，上等兵王睿一直跟着马班长检修装备，小伙子笑说：“真幸运，我没挨过马班长骂。”说完，他调皮地吐了吐舌头。马春阳说，这些年总有“涉世未深”的新战士被他骂哭，而有些战友骂着骂着却成了一辈子的哥们儿。窗外，无垠月光洒满海面，马春阳低头不语。他说他特别担心，担心自己还没脱下军装，就已经开始想念战友了。
掌控美国一半核武器的上将为何竟因2美元饰品自杀,来源：瞭望智库最近，自称“中国间谍”“高层特工”的骗子王立强吸足了全球人民的眼球。他向澳大利亚政府申请政治庇护。11月30日，《澳大利亚人报》网站报道，据多该国安全部门人士透露，虽然调查仍未结束，但其内部一致认为他在说谎——王立强并不是中国派出的“训练有素的情报人员”。行骗到这个“高度”真是让人啼笑皆非。然而，现实中的军人诈骗案更令人匪夷所思，美军就是一个典例。美军横行世界，骗子横行美国。单单一个“战俘网”，就查出3000多起“窃取英勇荣誉”案，找出2000多名假军人、假英雄和假战俘，将1000多名嫌疑人在网上曝光，其中部分人已被联邦调查局逮捕入狱。围绕美军的造假与打假行动早已成为常态。文 | 王培志编辑 | 李雪 瞭望智库本文为瞭望智库原创文章，如需转载请在文前注明来源瞭望智库（zhczyj）及作者信息，否则将严格追究法律责任。8月22日，美国“战俘网”报道，在美国乔治亚州地方法院，面对盗窃荣誉和进行虚假陈述的指控，退役老兵格雷格·拉姆斯德尔低头认罪，将被判处最低1年最高5年的监禁，罚款25万美元。（“战俘网”首页）他给自己设计了这样一份简历：* 拥有30年军龄；* 曾在古巴关塔那摩湾服役，去过阿富汗；* 被授予银星勋章和紫心勋章；* 退役后，在陆军本宁堡从事文职工作。经美国陆军相关官员证实，上述剧情纯属虚构。不过，他利用自己编造出来虚假身份从事欺诈活动却是铁证如山。此类事件在尚武崇军的美国并不罕见。这些打着军人或战斗英雄牌子的骗子有个专属称号——“军中冒牌货（Millitary Imposters）”。他们之所以敢于铤而走险，公然招摇撞骗，是因为其背后有着巨大的利益驱动力。1冒牌货横行，为骗钱这些家伙身着笔挺的军装，胸前挂满各式各样耀眼的奖章，活跃于各种游行集会和庆祝活动之中。其中不乏真正的军人/退役军人，比如上文提到认罪的拉姆斯德尔。他们熟悉军队情况，惯于采取虚报、夸大功绩的方式造假，企图获得更多荣誉和金钱。更多的造假者是压根没当过兵的普通老百姓，他们通过伪造证件以及炮制一些战斗或被俘期间饱受折磨的故事，骗取钱财。爱德华兹·李·戴利，自称是“一名参加过朝鲜战争并被炮弹炸伤的退役老兵”。从1986年2月至2001年12月，他先后从美国退役军人事务部获得约42万美元的伤残救济金。经美国《星条旗报》调查，实际上他根本就不是美军第7骑兵连的成员，只是陆军第27维修连的一名普通机械师，所谓“第一中尉”头衔也是假的。2002年9月13日，戴利被美国联邦法院判处21个月的监禁，并偿还从政府骗取的全部钱款。（“第一中尉”爱德华兹•李•戴利）在越南战争、海湾战争中，美军参战人数众多，伤亡统计不够准确及时，给了冒牌货许多钻空子的机会。五角大楼发布的数据很有意思：在越南战争中，生还的美军战俘仅有661名，其中约100人已在战后死亡，然而，有966人在领取伤残救济金；在1991年海湾战争中，生还的战俘仅有21名，但是，有286人从该部领取伤残救济金。注：《纽约时报》也曾报道，美国退役军人事务部向600多名谎称在越南战争和海湾战争中曾是战俘的人支付了高额伤残救济金。2000年，有4名参加过越战的退役女军人声称自己在被俘期间受伤致残，但国防部却根本没有越战女性战俘的相关记录。惨烈的“9·11”事件再次激活了美国人的“英雄情结”，客观上给诈骗犯拓展了市场，于是，越来越多的冒牌货加入了招摇撞骗的行列。2001年，弗吉尼亚州有219人在个人所得税申报表中宣称自己获得过荣誉勋章以免除部分所得税，结果经调查后发现其中只有4人“货真价实”。次年，理查德•卡顿自称在越战时被俘，在饱受虐待后机智逃脱。经调查，这位是一个如假包换的冒牌货，还伪造了大量军队文件，因此被判入狱。更令人匪夷所思的剧情在后头。2013年，一部名为《无人认领》的电影在美国热映，其中一个情节是1968年陆军一等军士约翰·哈特利·罗伯逊在老挝上空发生直升机坠毁事件后失踪。主角丹丹·恩格克坚称自己就是罗伯逊。由此，他受到了美国各界英雄般的欢迎，各种慰问和援助接踵而至。然而，经过官方DNA鉴定，这位又是个赝品。他不仅用纯属虚构的故事骗过了制片方、顺利完成电影并上映，就连罗伯逊的亲属也完全相信了他的话。（真正的约翰·罗伯逊与冒名顶替者丹丹·恩格克）还有自称是“战功卓著的特种部队军士”的退役军人，其实是一家公司的职员；自称是被炮火击中后被俘的“鬼怪”战斗机飞行员，实际上是俄亥俄州的一名冶金工人……2沽名钓誉：面子好看，下场很惨上文提到，大多数冒充军人和战争英雄的骗子是为了诈取钱财。实际上，源于军人在美国社会的崇高地位，本应理智、谨慎、格外重视名誉的美国政军学界人士也被拖下了水。对美国各界成功人士而言，从军经历是很能给自己脸上贴金的法宝。一枚缀饰引发的血案海军迷们不会没有听过这个名字——曾任美国海军作战部长、有“军事强人”之称的四星上将布尔达。（时任海军作战部长的布尔达）此公履历相当夺目，作为美国海军历史上唯一一位从水兵一路晋升到上将作战部长的军人，他掌管着当时美国海军所有作战司令部、后备队和各类作战舰艇，控制着美国大约一半的核武器！如此位高权重，盯着他的眼睛自然不少。退役陆军上校、《新闻周刊》记者霍克华斯发现，布尔达在公开场合佩戴的海军服役优异勋章和国防部服役优秀勋章上附有铜质“V”字缀饰。注：“V”即valor，代表英勇勇猛。要知道，这种缀饰意义非同寻常，想佩戴它需要符合3个条件：在“危险战区”参与对敌直接交战行动；在作战中有特别英勇表现；得到军方授权。然而，布尔达在越战期间一直在南中国海的军舰上服役，不算到过“危险战区”，显然不符合要求。霍克华斯随即展开为期数周的秘密调查。为了挽回面子，布尔达在越战时期的上司、前任海军作战部长朱姆沃尔特上将立即出面称：靠近越南的军舰甲板也可算为“危险战区”。不过，海军纪律管理委员会最终裁决其没有得到佩戴授权，媒体断定他的勋章是仿制品。按照美军规定，佩戴未获颁授的勋章和奖章严重违反军纪。在来自军方和社会各界的巨大压力之下，1996年5月16日下午2点半，这位四星上将在家中开枪自杀。在遗书中，他承认这是一个“诚实的错误”，“绝不能因此而累及海军的荣誉”。没有人会想到，就是这两枚军品店销售的质量粗劣、不到2美元的缀饰，竟葬送了一位海军上将。这位毕生效力于海军、曾经辉煌一时的四星上将，无意间成为了美军历史上“打假”运动中级别最高、下场最惨的牺牲品。（美军打假运动中级别最高的牺牲品）因造假被“下岗”的法官1995年，美国伊利诺伊州法官迈克尔·奥布莱恩在书房里挂了15年的荣誉勋章突然被媒体质疑是伪造的。此前，他曾多次佩戴这枚勋章参加游行并发表演讲，甚至在事发一年前还领取了政府为此勋章而颁发的特殊汽车牌照。面对民众的质疑和谴责，58岁的奥布莱恩无法自圆其说，只好宣布辞职，政治生命从此画上句号。知名学者也来蹭资历曾先后获得过普利策奖等新闻大奖的某著名大学教授（其新闻学著作是美国大学新闻专业的标准教科书），最得意的事就是在课堂上大讲他在越战中的经历。然而，有人举报说这位老兄根本没有到过越南，参战经历都是假的。于是，该教授随即被大学开除。货真价实的履历自然值得骄傲，可要是无中生有，就应了那句老话，假的真不了，也长久不了。问题来了，从普通老百姓到各界精英，骗子为何善于并敢于造假呢？3原因之一：有钱、好处多！二战后，美军参战规模和数量堪称世界之最，靠战争直接或间接积累起来的财富可以说是独步全球。钱包鼓鼓又遍地树敌的美国自然不能亏待了自己的兵，不仅现役待遇好，根据服役年限，美国退役军人还可享受一笔不菲收入——退役金、退休金、退役赔偿金、伤残救济金；在退役军人事务部下属全国60多家医院、360多家医疗诊所、280多家牙科诊所、150多家医疗中心、130多家疗养院、800多家社区门诊部、40多家康复中心的治疗，重度伤残免费，轻度伤残价格优惠；（遍布全美的退役军人医疗机构）此外，还可以在残疾人住房改造、残疾辅助设备提供等方面享受优惠。对于一名已婚、至少有一名未成年子女的退役军人来说，100%伤残补助意味着每年可享受3.5万美元以上的免税福利，更不用说其本人及家人还可获得一笔数目可观的伤残救济金，并可享受医疗保险、教育福利等种种优待。为解决退役军人就业问题，大多数联邦政府机构根据规定必须为退役军人就业留有名额，通用电气、沃尔玛、特斯拉等数百家企业每年也向退役军人及家属提供数量可观的工作岗位。除了“硬件”待遇优厚，美国各界对军人的“软支持”也相当给力。为表示尊重，激发国民爱国热情，联邦政府为退役军人和战斗英雄颁发奖章勋章，主要包括荣誉勋章、紫心勋章、战俘奖章、越南服役奖章等；各级政府设有退役军人事务部、退役军人局等专门机构，尽心竭力宣传军人贡献、为退役军人提供服务。（获得海军贡献奖章的克里斯托夫·卡托上尉受邀在赛前亮相NBA比赛）联邦法定的与退役军人有关的纪念日或节日很多，如“退役军人节”“武装部队节”“阵亡将士纪念日”“战俘与失踪人员公认日”，等等。节日当天，老兵们可穿上军装佩戴奖章，在各大城市主干道上游行，接受民众的欢呼，总统、副总统及各级高官也会发表慰问讲话，呼吁全社会重视退役军人工作。（美国退役军人协会参加在纽约举行的大游行活动，庆祝退役军人节）各地还建有整洁肃穆的阵亡将士墓、纪念碑，如朝鲜战争纪念碑、越南战争纪念碑、女兵纪念碑等，供民众对战争中死亡、被俘的官兵进行寄托哀思。（美军为荣誉退役军人提供墓地和殡葬服务）此外，美国还有数万个退役军人非政府组织，其中“美国退役军人协会”“海外参战退役军人协会”等机构的注册会员已超过200万（不含志愿者），其主要职责是为伤残退役军人筹款，协助退役军人事务部帮助退役军人及军属解决就业、住房、教育、医疗、保险等实际困难。在众多利益诱惑下，骗子们天马行空般地各显其能、大捞特捞。4原因之二：空子容易钻国防部和退役军人事务部各自为政、互不联系。举个例子，国防部确定战俘的身份并在网上公布名单；退役军人事务部负责发放救济金，却并不仔细核对国防部提供的名单并核实申请者的证词。这种机制导致受益人的总数远远大于官方承认的数量，退役军人事务部无法解释为什么其发布的数据与国防部的数据存在巨大出入，给骗子留下了很大余地。不仅如此，数十年来，退役军人事务部存在诸多问题，如怠慢和不作为。面对多如雪片的投诉信和各类申请，由于缺乏人手，该部门处理速度异常缓慢，许多冒名顶替者看准时机、铤而走险，用非法手段获取不当利益；许多真正需要帮助的退役军人陷入困境。典型案例如沃尔特·里德陆军疗养院腐败窝案，高层官员频频被撤职，数以十万计的退役军人，特别是伤残退役军人，常年在部队医疗机构等待伤残认定和疗养康复，很多人要排队等侯6个月以上，甚至一些老兵没有拿到名额就已去世。退役军人事务部战俘问题顾问团成员、退役海军中校保罗·加兰廷（曾在越战中负伤被俘，并被关押在河内监狱长达7年）强调：“要么这是假的，要么管理上有什么环节出现了重大失误”“这种出入令人愤慨，应该开除一些人”。此外，按照美国法律，军功章、略章等荣誉标识只能由与政府签约的制造商制造、销售，其他任何机构或个人甚至包括获奖者本人都无权出售。然而，在利益诱惑下，自从上个世纪50年代以来，美国市面上开始大量出现仿造的军功章。当时，一枚仿造军功章能卖到500美元，而法庭对这种行为的罚款却不超过250美元。1994年，美国国会修改相关法律，将非法佩戴、制造、购买或销售荣誉勋章行为的处罚加重：最高可判一年监禁，罚款10万美元。尽管如此，阿富汗战争后，大量军功章流入民间，包括赝品，普通老百姓在军品店内能够随意买到各种军功章。互联网上也明码标价出售，如一枚银星勋章35美元，一枚海军十字勋章85美元。（伊拉克一个市场内的美军旧货物资货摊，其中有大量美军弃置的军功章）假英雄、假军人问题的日益严重，逐渐引起了美国国防部的高度重视。5谁是“冒牌货”终结者？目前，虽然没有准确数字表明有多少美国人伪造或编造其服役纪录，但是，据一些专门揭露此类骗子的网站称，“冒牌货”已达到了泛滥的程度。美国民间一些调查机构早已开始对“冒牌货”进行“人肉搜索”并曝光。1989年11月，越战老兵查尔斯·桑塔格和妻子玛丽·桑塔格牵头创办了美国知名的“战俘网”，团队主要由军队退休人员、现役军人、专家、历史学家、执法人员和志愿者组成，帮助家属查找那些在战争中失踪的战俘或阵亡者。网站中有一个“冒牌勇士计划（The Fake Warrior Project）”栏目，目标就是揭露和清理那些假军人、假英雄，使那些盗窃荣誉者感到“耻辱、侮辱和尴尬”。他们与志愿者一道广泛搜集信息，接受举报（提供嫌疑人的全名、个人情况和近5年的家庭住址），一旦怀疑有人造假，便将其真实身份和“英勇事迹”公布于众，再向联邦调查局举报并协助调查。30年来，他们出版了《冒牌勇士》《冒牌勇士2》两部著作，已查出3000多起“窃取英勇荣誉”案，找出2000多名假军人、假英雄和假战俘，将1000多名嫌疑人在网上曝光，其中部分人已被联邦调查局逮捕入狱。（“冒牌勇士计划”图标）查尔斯·桑塔格称：“由于越南战争时间长、美军投入的兵力多，距今又有近几十年的历史，因此骗子们冒充最多的就是越战英雄。”“造假正像传染病一样流行，有时候一周我们能发现10到15个‘冒牌货’。”“这类骗子非常可恶，因为他们的行为会贬低军人流血牺牲的价值，真正的英雄通过努力赢得荣誉，这些人却想不劳而获。”“再没有什么比找出那些拿不义之财、欺世盗名的人更有益于退役军人了。”对于“冒牌货”的泛滥，美国联邦调查局也抽调了专人处理这类案件。特工托马斯·康托尼就是“冒牌英雄”的克星。多年来，他已查出几十名“冒牌货”，成了公认的“打假英雄”。由于贡献突出，康托尼还被国会荣誉勋章委员会授予“杰出公民奖”。康托尼最得意的一次战斗，是在他参加一位阵亡海军陆战队队员的葬礼时，发现一位身着陆战队军装、胸前挂满勋章的老者，当军乐队奏响军歌时，他却没有像真正的陆战队员那样立正。在与康托尼聊天时，这位老者还对自己在越南的“战绩”侃侃而谈。经调查，他只是个公共汽车司机，根本就没当过兵更别提去越南打仗了。康托尼的总结很到位：“这些骗子总爱渲染一些耸人听闻的故事来塞满你的耳朵，而真正的战斗英雄则很少吹嘘自己。”美国人对军人非常尊崇，而硬币的另一面就是对假冒军人诈骗行为十分愤怒。骗子层出不穷，打假仍在继续。迈克尔•麦克马努斯自称是“功勋卓著”的将军，长期在朋友圈行骗。经调查，他曾服役3年，最高军衔仅为陆军一等兵，因欺诈行为面临5项指控，被判入狱服刑3年，并支付12万美元的罚款。保罗•蒂尔森曾在网络上晒了一组他结婚穿着军装的照片，但很快就被人举报给军方。原因是对于一个士兵来说他胸前的略章明显太多。事后查明，他长期盗用与其同名的俄勒冈州一名军士的身份和荣誉，13年来共计诈骗15万美元。最终，保罗•蒂尔森被处以6个月监禁。（盗用他人荣誉的保罗•蒂尔森）假军人、假英雄，作为一个牵扯范围极广的社会问题，绝非短时间内就能够得到彻底解决。美国的现状是：一个个骗子锒铛入狱，新一辈冒牌货前赴后继……
俄量产新型图160M轰炸机将成靶子？中国还在生产轰6K,最近，关于俄罗斯图160战略轰炸机的消息很多，其中有真有假，搞得人有些晕头转向。第一则消息是，俄罗斯的图160轰炸机在执行任务途中，遭到了F35战斗机的拦截，结果图160开加力轻松便甩掉了速度不如自己的F35。这一则“图160戏耍F35战机”的消息虽然看起来很有趣，但实则是假消息，在这里我们再次强调下。不过在这条假消息后不久，又来了一条真消息：11月28日，首架深度现代化图160M战略轰炸机已经由生产车间转交给飞行试验站进行地面和飞行测试。刚听到这个消息的时候，可能大部分朋友第一感觉就是字面意思：图160M开始地面和飞行测试了。但是，了解多一点的朋友反倒会疑惑：2018年初，图160M2不是已经首飞了嘛！这怎么又来个图160M开始测试了？其实，以前的图160M2就是现在的图160M，11月28日宣布的交给飞行试验站进行测试的就是去年首飞成功的那架图160，只不过当时是工厂测试，现在转交给军方测试而已。相较于老的图160 ，新型号在气动布局上几乎是没什么变化的，所不同的在于换装了数字化的航电系统、推力更强的发动机及配备最新的机载防御系统而已。所以图160M依然是一架常规的战略轰炸机，但是现代化作战能力则大大提升了。作为冷战时期诞生的一款“终极武器”，图160具备13000公里航程和40吨载弹量的硬指标，其威慑力是非常强的。同时由于其优雅的外形，军迷中也称其为“白天鹅”。但是比较遗憾的是，这款武器开始量产后不久苏联就解体了，之后该机自然也就停产了。截止停产为止，该机一共有35架（有的还是零件状态），其中3架为原型机，19架完整的图160为乌克兰所有。俄罗斯装备了剩余的8架，另有5架未能组装。乌克兰的这19架战机中除了有1架保留在博物馆之外，在美国的策动下拆毁了10架，另有8架以抵偿债务的名义交给了俄罗斯。因此，俄罗斯空天军拥有的图160战略轰炸机的数量为16架，但是其中的一架在2003年坠毁，因此俄军手中能用的图160只有15架，其全部装备于同一个重型轰炸机团。很多朋友觉得，现在都是隐身机时代了，图160这种体积庞大的战机早已经失去了用武之地。其实也已不一定，随着现在空射武器的发展，其往往具备数千公里的射程，图160这样的战略轰炸机可以一次携带多枚巡航导弹。以最新的KH101/102（分别为常规版和核弹版）远程巡航导弹为例，其采用了隐身设计，宣传的最大射程有5000公里之多。什么意思呢？也就是说这玩意可以在你战斗机的航程之外（请注意是航程还不是作战半径）发射弹药。而且图160拥有上万公里的航程，其可以从俄罗斯直接飞到南非和委内瑞拉，这条线的左右5000公里范围内都是处于其导弹射程之内的，而且常规导弹还可以换成核导弹，可想其威慑力之强。普京曾经这么说过：外交抗议一万次，也不如战略轰炸机的翅膀煽动一次。而事实上，自从10多年前俄罗斯图160恢复战略巡航以来，其就是这么干的。尽管很多网友可能看不上图160，但是这家伙飞临的国家可不这么看，基本都是严阵以待，连美国的F22都没少出动“伺候”着“白天鹅”的到来。其实对美国而言，不隐身的B52轰炸机也是类似的玩法，甚至我国的轰6K/N亦是如此。因为空射弹药的打击半径越来越大，常规战机在防区外投放武器，所形成的威慑与实际打击效果已经实际很可观了。这也就是为什么美国还抱着B52不放，中国继续量产轰6K/N，俄罗斯同样搞出了图160M的原因之所在，大国都不傻，不会说你不隐身就一巴掌拍死的。而就俄罗斯而言，另一种说法又来了，即一些网友觉得既然开始量产图160M了，那么俄罗斯必定会大量装备这型战机。其实，大量还真谈不上。目前为止，关于图160M的报道，俄罗斯计划的远景列装数量是50架。当然了，对战略轰炸机来说，50架也算是大量了。但是笔者想说的是：理想很丰满，现实很骨感，俄罗斯想随心所欲地造图160M，其实并不那么轻松。我们前面提过，当年生产的图160部件中，还有5套没有组装起来。去年初首飞、前不久移交飞行试验站的图160M实际上并非全新生产的，而是在苏联时期未完成的No.0804号机体上造成的，也就是说其实际上是旧瓶装新酒。俄罗斯真正希望的是图160M能造出10架来，有条件的话再拓展更多数量。但即便是造10架也是有难度的，因为当年留下来的部件并没有这么多的量，而这么大的工程，如果新造战机，所需要的资源是比较庞大的。恰恰俄罗斯近些年由于制裁及参加战争的因素，很多项目的资金还是有些捉襟见肘的，也就是说其可能有能力去做成很多事情，但是不好意思巧妇难为无米之炊。就图160M来说，利用当年的遗留部件造5架出来问题估计不是特别大，全新造的话恐怕在短期内是无法实现的。其比较现实的是先把遗留部件的这几架造出来，然后升级现有的图160。至于全新造图160M，恐怕一是看资金到不到位，二是得一定时间的打磨了。同时我们也要看到，俄罗斯在复产图160尚且问题重重，至于其计划中的隐身轰炸机恐怕在短时间内就更不可能看到了。（作者署名：军武次位面）本栏目所有文章目的在于传递更多信息，并不代表本网赞同其观点和对其真实性负责。凡本网注明版权所有的作品，版权均属于新浪网，凡署名作者的，版权则属原作者或出版人所有，未经本网或作者授权不得转载、摘编或利用其它方式使用上述作品。新浪军事：最多军迷首选的军事门户！
拿了15年菜刀的炊事兵 却突然接到连长递来的指挥刀,今年，是他在部队走过的第16个春秋也是他在炊事班的第15个年头就要退役了他内心中却始终有着一个看似遥不可及的梦想……清晨做好全连的早餐他放下大勺赶往操场伴着嘹亮的国歌望着五星红旗冉冉升起上午备好全连的午饭他脱下围裙换上常服看着国旗护卫班认真训练心中充满了无限向往下午准备好晚饭的食材他收起案板上的菜刀又来到操场跟在国旗护卫班后练习队列晚饭后难得的休息时间他再来看一眼国旗下的卫兵梦想着有一天也能骄傲地站在这里他叫黄林茂是拉萨警备区的一名炊事员他用一把菜刀、一把大勺服务了一批又一批官兵脱下厨师服的那一刻战友们都说他的使命完成了但在他的心底还有一丝小小的遗憾入伍之初时，他的梦想是成为一名国旗护卫队队员16年，军旅生涯即将走到终点他的护旗梦或许再也没有机会实现……但在临别之际连队特意安排给他一次担任国旗护卫班刀手的机会让他用最近的距离向国旗敬最后一个军礼！
台当局将邀请美军人员赴台 并打算花1500万接待,[环球网综合报道]据台媒报道，台军打算明年以“军购合约模式”，耗资1525万新台币（约合人民币352万元）邀美国国防部人员到台湾评估台军“战力”。对此等做法，有岛内网友调侃称，台当局“交另类保护费”，还有人批评台当局当“凯子”（傻子）“自己愿意没骨气”，“1500万可以养活多少家庭？”台湾《联合报》“中时电子报”等媒体12月2日报道称，台军和美军明年度会第一次合作，台军会邀请美方派遣美国国防部军职、文职现役人员与退役专家赴台，评估台军战力，内容包括所谓“滨海决胜”后的“滩岸歼敌”作战资源分配等。报道称，届时美军团队赴台15天须耗资1525万元新台币，并且这是一项“军购案”，美军赴台资金由台方出。台湾《联合报》报道称，台军出钱邀请美军赴台一事引起批评，有人说台当局和美国“当朋友”，却老是由台湾单方面出钱。岛内“立委”也称这令人无法理解。虽然台“国防部”19日晚上声称美军会承担部分警方，但仍有岛内网友评论批评台当局。有人直言“莫忘政府凯子多”。还有人讽刺称，这次台军是在邀请美军来台湾“公费极乐之旅”。更有人调侃，台当局是在交“另类保护费”“自己愿意没骨气”。还有人愤怒“美国军方人员来台观光，（台湾）纳税人买单？”“死老美！滚！”还有人说蔡当局不把民众的钱当钱，“1500万可以养活多少家庭？”对台美军事联系的问题，中国外交部曾多次强调，我们敦促美方切实恪守一个中国原则和中美三个联合公报规定，停止与台湾方面进行任何形式的官方往来和军事联系，停止售台武器。希望美方慎重处理涉台问题，以免损害中美关系和台海和平稳定。国台办也曾多次表示，台湾问题事关中国国家主权和领土完整，我们坚决反对美售台武器，坚决反对美国与台湾地区进行任何形式的军事联系，这一立场是一贯的、明确的。
特朗普会晤马克龙：你想要IS战士吗 我可以给你,[文/观察者网 徐蕾]隔空较劲后，特朗普和马克龙这对曾经的“塑料兄弟”终于在3日晚些时候见面了。当天正值北约各国领导人在伦敦庆祝该组织的70岁生日，但美法之间的紧张关系似乎已经将生日气氛冲淡了：首先，美国在2日宣布将对法国征税，以报复法国的“数字税”，法方随后放话“报复”；另外，特朗普3日一大早就炮轰马克龙的“北约脑死亡”论；相反，特朗普当天却和土耳其“表白”，要知道，法国目前与土耳其正不大对付。就是在这样的情况下，上述事件的两位男主角在3日晚间“狭路相逢”。不过还好，他们并没有打起来，尽管难掩分歧，但《纽约时报》、CNN都认为，特朗普在面对马克龙的时候，态度没有那么刚了。两人还进行了一段有趣的对话，在提到美国抓了很多极端组织“伊斯兰国”（IS）武装人员时，特朗普强调说有好多来自欧洲，问马克龙“你想要一些棒棒的IS战士吗？我可以给你。你想要多少就多少。”当晚，特朗普还让马克龙搭便车，坐上了自己的豪华总统座驾“野兽”。3日晚，在特朗普座驾旁/IC Photo在3日晚上的交锋中，特朗普与马克龙最大的分歧在于土耳其。而现场被记者问及对法国与土耳其的态度时，特朗普这么说：“嗯，我只能说，我们和土耳其还有他们的总统埃尔多安关系很好，我真的。我不能为法国总统说话，我的意思是，我们关系很好。我们把士兵撤出来，我们说，你们现在可以在自己的边境巡逻了，我不关心你和谁一起，但我们不会让士兵在这条争夺了2000年的边界上巡逻。但是，我们还是派了一些兵部署在石油周围，我们在那里获取石油，我们得到了石油。”马克龙接话说，“就土耳其而言，需要明确的是，我们与土耳其在安全、贸易、移民方面有很多合作。我尊重所有的领导人，不管他们说什么，即使是关于我自己的坏话，我也尊重——我从来没有侮辱过任何人，但现在，这是北约峰会的一个问题。”几天前，埃尔多安刚说“马克龙自己才应该去看看有没有脑死亡”。马克龙坚称，北约在关键的国防问题上需要“土耳其方面的澄清”，比如购买俄罗斯制造的防空导弹系统，以及土耳其将叙利亚境内的几个库尔德组织归类为恐怖分子。“作为联盟的一员……（土耳其）从俄国人手里买S-400？”马克龙还表示，他的理解是，如果其他国家不同意将叙利亚北部的库尔德组织纳入恐怖组织，土耳其将“阻止峰会的所有声明”。在被记者追问是否会因为土耳其购买俄罗斯武器而制裁时，特朗普有些顾左右而言他：“我们现在正在看呢，正在讨论。众所周知，土耳其想要购买我们的爱国者系统，但奥巴马政府不允许。但是土耳其一直非常想购买爱国者系统，这是我们的系统，北约使用的系统，这是一个伟大的系统，是最棒的。他们不把它卖给土耳其，所以，你知道，我不得不说这个故事有两个方面。但是我们稍后将与土耳其讨论这个问题。”“你想要一些棒棒的IS战士吗？我可以给你”在说起自己几周前的“北约脑死亡”论时，马克龙面对刚在几个小时前猛批自己的特朗普，这样说：“我知道我的话引起了一些反应，但我的确支持这一观点，我不得不说。你看看北约，首先，这是我们应该共同承担的责任，特朗普总统也提醒过，这也是真的，就是美国过度投资了。几十年来，美国是花费最多的，这个我同意啊。这就是为什么，我强烈支持欧洲加大参与北约事务的力度。”马克龙在说这番话时，一旁的特朗普面无表情：《纽约时报》视频截图相比土耳其问题，特朗普在谈到美法贸易问题时，语气更温和了些。他说两国在贸易问题上“有一场小争端”，但情况很快就会好转。在45分钟的会面中，马克龙和特朗普进行了一段有趣的对话。先是特朗普讽刺极端组织“伊斯兰国”（IS）的很多成员来自法国，他凑过去对马克龙说，“我们有大量被俘的战士，叙利亚境内的IS成员，他们都被关起来了。但很多人来自法国啊，德国啊，还有英国，他们大多来自欧洲。一些国家同意（带他们回国）。我还没有谈过这个问题，你想要一些棒棒的IS战士吗？我可以给你。你想要多少就多少。”“你想要一些棒棒的IS战士吗？”马克龙则告诉特朗普，更多的IS分子来自叙利亚和伊拉克。“说正经的”马克龙回击道，“现在确实有来自欧洲的IS分子。但这只是整个问题中的一小部分。但我很抱歉，事情还没有结束。你的头号问题不是外国武装分子，而是该地区的ISIS武装分子，鉴于目前的形势，这些武装分子越来越多了。”马克龙说完，特朗普回应说，“这就是为什么他是一个伟大的政治家。这是我听过的最糟糕的回答，但没关系。”记者们都被逗笑了，包括特朗普自己：视频截图当天晚上会面结束后，特朗普邀请马克龙乘上了自己的座驾。北约生日会的第一天，就这样在矛盾、争论，或是意味深长的玩笑中过去了。第二天的黎明，已经悄悄降临。
F22升力系数远不及歼20？其实是被中国专家低估了30%,长期以来，全世界对于F-22战斗机的认识一直在不停摇摆，最早90年代的看法，就是一个F-117攻击机的升级版本，隐身性能强悍，但是机动性差，随着2005年F-22A战斗机服役，美国空军不停在公众面前做飞行表演，优越性能直接让所有人闭嘴，隐身没有人怀疑，机动性也让所有人佩服：迄今为止，F-22战斗机是地球机动性最强的战斗机！但是最近，F-22又遭到巨大质疑，原因是某些人声称此飞机最大升力系数只有1.5，但是中国歼-20战斗机有2.0甚至更高，某些论文提到的是2.3，当之无愧的世界之最，这就引起了舆论对于F-22战斗机的巨大贬低，真相究竟如何？F-22战斗机机动性无可比拟，但是升力系数和歼-20差距那么大吗？让我们看看国内对F-22战斗机的认识过程，最早对F-22战斗机做研究是沈阳飞机设计研究所，代号601所，已故李天院士做过F-22吹风实验，经过了一段时间的实验，得出了一个1.5-1.6的数据，最终广泛传播，这个数据究竟准不准，这是存在很大争议的，风洞是一种很强悍的气动研究工具，但是风洞数据要准确，就要有一个前提：模型需要做的足够精确。后来和俄罗斯气动专家比施根思交流，俄罗斯人对F-22战斗机的风洞模型试验结果和中方大相径庭，他们的实验结果是，最大升力系数1.83！比中国方面的数据高出了整整22%，这么大的偏差，足以对飞行性能估算起到颠覆性作用，但是俄罗斯人也没有完全的把握证明这是F-22战斗机的真实数据！没有拿到原始的气动外形数据，依靠网络图片视频制造气动模型，偏差很大原因在哪里？F-22战斗机从1990年开始ATF先进战术战斗机竞标开始，到现在接近30年，网络公布的高清大图无数，包括了几乎所有角度，甚至包括车间零部件制造突破，构建一个准确的飞机外形看来是比较轻松的，但是作为高精度气动研究来说是完全不够的！原因是，F-22机身尺寸可以做的比较准确，轮廓边角可以做的很到位，但是最麻烦的在于机翼！机翼是一架飞机气动部件的灵魂，对精度要求很高，普通的照片完全不可能高精度复原原始设计空间外形，这也是美国放开大家拍照的原因之一，风洞是一种利器，吹风结果具有很高的可信度，前提就是，模型需要做的很准确，这种准确的前提是，需要高精度的原始数据，正常来说，只有自己正向设计的飞机才有可能，对于看图片逆向测绘的，误差巨大，可信度很差！歼-20是中国自主设计的飞机，知根知底风洞实验研究外国飞机行不行？还是可以的，虽然精确度不够，能看出一些特点来，比如高速低速特性，力矩特性等等，定性研究可以，但是定量则很难，但是不能作为判断飞机性能终极的依据，美方论文公布的F-22战斗机的数据，最大升力系数在1.9-2.0之间，某些渠道的数据是1.93，不论如何，还是比中国某些专家公布的1.5好了很多。这就是世界各大国都有风洞，为了军事斗争的需要，也制造了很多外国飞机模型吹风，但是也没有放弃对敌对国家飞机资料数据的收集和刺探的原因，飞机气动就是这么神奇，外形稍微差一点点，某些性能或许有重大变化，这也是设计师不断吹风不断修改的原因，这一切不是在公开展览可以看到的！（作者署名：大水）本栏目所有文章目的在于传递更多信息，并不代表本网赞同其观点和对其真实性负责。凡本网注明版权所有的作品，版权均属于新浪网，凡署名作者的，版权则属原作者或出版人所有，未经本网或作者授权不得转载、摘编或利用其它方式使用上述作品。新浪军事：最多军迷首选的军事门户！
互唱反调矛盾重重 北约峰会首日被分歧“主导”,央视新闻客户端12月4日消息，早在今年的北约峰会开幕前，英国《卫报》就提出了疑问：为了这场纪念北约成立70年的峰会能“和和气气”地举行，欧洲国家这次没少费心思安抚美方，可问题是美方会领情吗？德国和东欧国家在生法国的气，法国在生土耳其和美国的气，美国生所有人的气，而东道主英国则希望峰会快点结束。从3日，也就是峰会第一天的情形来看，不让争吵主导这次峰会，是个不可能完成的任务。3日，美国总统特朗普和法国总统马克龙在峰会期间举行双边会谈，气氛显得挺紧张。马克龙强硬表示，他仍然坚持自己提出的“北约脑死亡”观点。当地时间2019年12月3日，英国伦敦，北约峰会开幕前，美国总统特朗普和法国总统马克龙在峰会期间举行会晤。IC 图法国总统 马克龙：我知道这一说法引起了一些反响，引起了一些小震动，震动了挺多人，但是我的确是这么认为的。马克龙说，北约现在都搞不清楚自己的核心目标是什么，甚至对恐怖主义的定义都无法取得一致。法国总统 马克龙：很遗憾，我们对恐怖主义没有一个能放在桌面上的、相同标准的定义。看看土耳其，他们现在打的是与我们一起肩并肩战斗，打击极端组织的人（叙利亚库武），甚至有时候，土耳其还与极端组织勾结在一起，这是一个问题，这是一个战略问题。如果眼里只盯着哪家该掏多少钱，我们就无法对这样的事态讨论明白，这是很不严肃的。马克龙的这番表态是在回击特朗普关于北约问题的评论——特朗普当天早些时候“老调重弹”，再次谴责一些北约成员国“没能达到北约的指导方针要求、将国防开支占国内生产总值的比例提升至2%”；此外，他还形容马克龙的“北约脑死亡”论“令人讨厌”。在有关土耳其的问题上，特朗普的表态也与马克龙大唱反调，他说，土耳其是北约内“非常好的成员”，美国和土耳其之间的关系已经得到了“修复”。而处在舆论漩涡中的土耳其总统埃尔多安在3日启程飞赴伦敦出席峰会前，特意向北约喊话，强调“北约的改革不可避免”。他还再次发出警告称，如果北约盟国不承认土耳其在叙利亚展开军事行动打击的是恐怖组织的话，土耳其就将反对北约的“波罗的海计划”——据了解，该计划是北约为应对俄罗斯、在波罗的海和波兰进行的集体防御计划。对于土耳其的“叫板”，北约秘书长斯托尔滕贝格表示，他实在是不敢保证能在本次峰会上弥合土耳其与其他北约盟友之间的裂痕。（原题为《互唱反调、矛盾重重，北约峰会首日被分歧“主导”》）
美国防长：即便与塔利班无协议 也可能从阿富汗撤军,参考消息网12月4日报道 美国防长埃斯珀当地时间12月2日说，美军未来从阿富汗撤军“未必”与美国和塔利班达成的协议有关。英媒称，这表明，无论当前和平进程如何发展，美国驻军规模可能都会有所缩减。据路透社12月2日报道，在美国总统特朗普上周感恩节期间访问阿富汗后不久，埃斯珀发表了上述言论。特朗普在访问期间谈到美国可能撤军，并相信塔利班会同意停火。报道称，如果各方都遵守停火协议，暴力活动将显著减少。但美军指挥官仍将重点关注在阿富汗的“伊斯兰国”组织和“基地”组织的威胁。埃斯珀在飞往伦敦参加北约峰会时说：“我相信我们可以减少在阿富汗的驻军，同时确保阿富汗不会成为可能袭击美国的恐怖分子的避风港。”当被问及这种撤军是否必定取决于与塔利班达成某种协议，埃斯珀说：“不一定。”目前，驻阿富汗美军约有1.3万人，北约其他国家驻军也有数千人。美国官员已表示，美军人数可能会减少到8600人。图为美国防长埃斯珀
俄试射锆石高超音速武器 专家：或是仿制中国东风17,最近，有信息透露俄罗斯海军3M22“锆石”高超音速反舰导弹在“戈尔什科夫海军上将号”护卫舰进行首次试验；俄罗斯有关方面认为，“锆石”将是世界上最好的武器，能完全抵消美国航空母舰作战群的优势，前提是世界上如果没有类似产品的话。但是，值得关注的一个细节是，“锆石”的局部特征与我国的DF-17高超音速弹道导弹有很多相似之处。有军事专家认为，俄罗斯“锆石”应用的技术并没什么特别，它甚至可能是我国已服役DF-17的“复制品”。综合媒体消息，DF-17高超音速弹道导弹的研制工作于2009年进行，2014年进行了首次试验；美国情报部门在发现这一新型武器后为将它称为Wu-14，后来又修正为DF-ZF；在今年的阅兵仪式上，DF-17被正式公开，世人终于能一睹真容。可以看出，DF-17从研制到公开仅用了10年的时间，这创下了一个令人震惊的记录。从外形来看，DF-17为常规固体火箭助推器+类似于滑翔飞行器战斗部的结合体，美国HTV-2、俄罗斯“锆石”和“先锋”据称也采用了类似的滑翔气动布局。外界分析，DF-17长约14.5米、重约14吨，战斗部重约1.4吨，射程约1700公里左右，其飞行速度约为10马赫，具备极为强悍的机动变轨能力，末端突防速度还可能更高。持不同意见的军事专家认为，3M22“锆石”高超音速反舰导弹与DF-17是完全不同的两种武器，“锆石”的主要任务就是摧毁航母作战群，而DF-17以精确打击陆基目标为主。还有军事专家强调，俄罗斯对采用滑翔气动布局的高超音速飞行器也有了较长时间研究；因此，并不是谁“山寨”谁的问题，而是在这一领域中美俄都是有着共同的认识。总得来说，DF-17是真正的开启了高超音速武器时代，而且是引领潮流；就目前现有的防御体系，对DF-17基本已是摆设。现在又有了俄罗斯的“匕首”、“锆石”和“先锋”，就看美国以及北约怎样接招了。 （作者署名：寰球惊叹号）本栏目所有文章目的在于传递更多信息，并不代表本网赞同其观点和对其真实性负责。凡本网注明版权所有的作品，版权均属于新浪网，凡署名作者的，版权则属原作者或出版人所有，未经本网或作者授权不得转载、摘编或利用其它方式使用上述作品。新浪军事：最多军迷首选的军事门户！
英国女王级航母不容小觑：战机出动效率远超国产航母,国产航母002和英国航母“伊丽莎白女王”级作为新生代中研制建造时间，吨位排水量都比较接近的两艘航母，谁战力更强，在军迷圈一直以来都是比较具有争议的话题。而随着国产航母002进入服役倒计时，英国“伊丽莎白女王”级航母二号舰“威尔士亲王”号传来即将服役的消息，关于两艘航母孰优孰劣的争论亦再次被点燃，那么，就性能和技术先进性，国产002和英国“女王”究竟谁更胜一筹，谁是同级别新生代中最强的航母呢？对舰载机的搭载运作能力，无疑是判断一艘航母作战能力的最重要指标之一。因为，舰载机的搭载运作能力往往涉及到甲板设计、机库设计、结构空间合理性、相关设施是否先进自动化等等，能搭载更多，更快释放回收舰载机，显然最能代表一艘航母的性能和技术先进性。而我国首艘国产航母002由于基于苏俄“载机巡洋舰”烙印的辽宁舰，一体式滑越飞行甲板的存在对上述的许多指标显然都有较大的影响。不过，凭借着对内部空间的优化，以及舰岛外形的缩小和甲板空间的充分利用，002航母对固定翼舰载机搭载能力相较辽宁舰依然有50%的提升，达到了36架，再加上包括直-18J、直20在内的12架舰载直升机，002航母预计最多可携带50架各种型号的舰载战斗机和舰载直升机。而参考002航母拥有12至14个起飞位，以及同级别采取滑跃起飞设计的航母相较弹射航母只有80%的舰载机出动率，可以得出，002航母只需20至30分钟就可以释放12至14架舰载机，1个半小时就能释放全部36架歼15，并预计能在24小时内至少重复4编释放-回收-装载-出动流程，此等搭载和运作能力就002航母尚未脱离苏式“载机巡洋舰”设计的舰体而言，其实已经处于相当高的标准。但是，尽管002航母可称的上是苏式滑跃航母设计的巅峰代表作，然而对比同级别航母“伊丽莎白女王”级航母，002航母在舰载机搭载和运作能力，以及动力系统、可维护性和技术先进性上，差距仍然相当可观，甚至可以说是两个时代的航空母舰。首先，在舰载机搭载能力上，“伊丽莎白女王”级航母虽然在整体长度上更短，但是在甲板空间和内部容积上，“伊丽莎白女王”级航母有着十分明显的优势。在不影响舰载机正常出动的情况下，“伊丽莎白女王”级航母在甲板上拥有包括1个起飞位在内的46个停机位，是002航母的4倍。甲板下机库能存放24至26架F-35B，总战机携带量是002的两倍，而且值得注意，在携带70余架F-35B时，“伊丽莎白女王”级航母停机位摆放十分有序，机库虽然稍乱，但仍能看出其中还有较大的冗余空间可以停放更多的F-35B。并且，由于舰载机是可以满载短距滑跃起降-垂直降落回收的F-35B，以及“伊丽莎白女王”级拥有两个舰岛可以分别处理舰载机的释放和回收，保守估计“伊丽莎白女王”级航母的舰载机整体运作能力至少也是002航母1.5倍至2倍，甚至接近美国海军的“尼米茨”级航母，此外，由于“伊丽莎白女王”级航母的电力综合动力系统在自动化和拆卸维护上有着较大优势，002航母虽然造价更便宜，但后续的全寿命费用以及比人力资源成本，不见得会比“伊丽莎白女王”级航母便宜。不过相信这时，肯仍有小伙伴会提出假如“伊丽莎白女王”级航母和002航母一样携带预警反潜直升机，不见得“伊丽莎白女王”级航母综合战力，尤其是舰载机搭载和运作水平就比002航母有明显超越的质疑。这里，必须提及，F-35系列战机当今世界唯一具备战区态势感知、整合分析解惑、节点情报信息通信、弹道导弹侦测拦截的多用途“预警机”，甚至可以部分媲美E-2D预警机。这也就意味着，“伊丽莎白女王”级只需几架AW159“野猫”补充反潜能力，60余架F-35B就能帮英国海军做好一切，对比002航母的36架歼-15，无论是数量还是战机代差，差距仍然巨大。最后回归现实，英国恐怕并不具备把F-35B摆满甲板的财力，到时候为数不多的几十架舰载机，“女王”和“亲王”预计还要轮着用。因此，虽然“伊丽莎白女王”级是同级别中新时代最强航母，但在新时代五常之“耻”英国手中，相信也发挥不了什么多少太大的作用。（作者署名：浩汉防务）本栏目所有文章目的在于传递更多信息，并不代表本网赞同其观点和对其真实性负责。凡本网注明版权所有的作品，版权均属于新浪网，凡署名作者的，版权则属原作者或出版人所有，未经本网或作者授权不得转载、摘编或利用其它方式使用上述作品。新浪军事：最多军迷首选的军事门户！
伊朗高官反对日本派自卫队赴中东 称“无益于和平”,中新网12月4日电 据日媒报道，当地时间3日晚上，正在访问日本的伊朗外交部副部长阿拉格希接受了日本放送协会（NHK）的专访，在谈到日本拟派自卫队赴中东一事时，阿拉格希表示反对，并表示日本此举将“无益于地区和平”。日本政府此前表示，为了确保与日本相关船舶的安全而加强情报收集力度，日本打算不参加美国主导的“护航联盟”，而是独自向中东派遣一架预警机以及一艘护卫舰。据日媒此前的报道，日本政府目前正在就向中东地区派遣自卫队一事展开研究，预计将在12月之内做出决定。对于日本这一计划，阿拉格希表示反对，他说，“虽然目前还在等待日本的最终决定，不过我认为任何外国军队（的存在），都无益于本区域（中东）的安定、安全以及和平”。”据报道，阿拉格希此次是作为伊朗总统鲁哈尼的特使访问日本的。在3日当天，阿拉格希与日本首相安倍晋三进行了会谈，他已经把伊朗反对日本向中东派遣自卫队的立场向安倍做了说明。2019年下半年以来，美国四处游说盟国加入所谓维护海湾地区航行安全的“护航联盟”。分析人士认为，美国有意渲染“伊朗威胁”，进一步向伊朗施压。日本《读卖新闻》9月3日以政府人士为消息源报道，日本无意参加美国在海湾组建的所谓“护航联盟”，而是考虑单独派遣海上自卫队赴这一海域护航。
翼龙2电子战机亮相 数百公里内雷达电台一目了然(图),翼龙2电子战无人机，注意机腹下面天线同角度翼龙2无人机，它的机腹和机头没有天线近日国产翼龙2电子战无人机公开亮相，它表明国国产无人机具备电子战能力，可以执行更加广泛作战任务，整体性能又向前迈进了一大步。从相关图片来看，翼龙2电子战无人机在机腹下面增加了一个圆盘状天线整流罩，整流罩内伸出若干天线，这是翼龙2电子战无人机最主要外部识别牲。此前国产CH-4无人机也曾经挂载这样的吊舱进行试飞，当时透露信息CH-4挂载这样吊舱之后具备电子战能力，所以外界推测翼龙2无人机新增加的系统应该也是电子战系统。国产CH-4无人机挂载电子战吊舱进行无人机电子战展示飞行从国内外经验来看，无人机在电子战之中作用重要。无人机体积小、信号特征小，可以深入到对方纵深探测目标。由于距离近，可以获取更多的信息，或者更小干扰功率就能起到更大的作用。无人机还有一个非常关键优点，那就是暴露行踪，甚至被对方击落，也可以用故障或者迷航进行推脱。因此现代战场上无人机广泛执行电子侦察、主动干扰、通信对抗等方面任务。翼龙2电子战无人机就是针对这些用途发展而来。中国相关单位在珠海航展等国内外航展上面也展出过多种无人机电子战系统。例如2016年珠海航展公开展出的KZ-100无人机电子侦察系统，按照相关单位提供的资料，KZ-100电子侦察系统能够搜索、截获对方雷达系统信号，然后对信号进行分析，确定技术参数、性质和用途，确定信号源位置。这些信息可以通过数据链传递给后方指挥所，确定对方部署，从而推测对方动向，也可以用来积累电磁信号数据库，为我方电子战行动和电子战系统发展打下坚实的基础。还有一种系统是JN-1101-U无人机通信对抗系统，这个系统可以截获、定位对方无线电通信信号，进行分析、干扰和定位。系统可以自适应干扰目标，具备多种干扰手段。这两种系统还可以引导无人机上面光电探测系统和合成孔径雷达对目标进行精确识别，确定目标之后即可发射导弹进行攻击。国产无人机机载电子侦察和干扰系统国产无人机通信对抗系统另外在翼龙2电子战无人机两侧也能看到新增加天线。这样天线在国产JY-300无人机上面也能够看到，它是保形天线，用于探测空中目标。因此外界推测这个天线功能可能和JY-300相当或者相近，具备一定探测能力。由于中国相关单位已经攻克综合射频技术，并且在多种飞行器上面得到运用，所以外界也认为翼龙2电子战无人机应该也会配备综合射频系统，也就是说这组有源相控阵天线不但作为雷达天线，还可以执行电子战、通信等任务。JY-300采用机身保形天线根据海外资料，翼龙2已经成为中国空军主力无人机。它采用涡桨发动机，巡航高度超过1万米，机载侦察设备无线电视距远，能够探测数百公里外的目标。航程和留空时间长，翼龙2无人机最大留空时间超过20小时，一次任务下来覆盖范围相当可观。翼龙2无人机载荷大，可以搭载多种电子侦察系统，能够对雷达、通信系统等进行侦察和对抗。因此翼龙2电子战无人机研制成功，有效提高了国产无人机作战能力，也为中国空军执行电子战任务增加了一种手段。从国际市场来看，各国和地区空军对于电子战无人机要求也在提高。现在侦察打击一体化无人机在非传统任务环境之中性能优异，但是在传统作战环境之中生存能力就比较有限，近期中美无人机连续在也门、利比亚战场折戟就是例子，因此各国和地区空军希望能够拥有电子战无人机，可以发现对方防空系统，然后进行干扰和压制，以提高自己无人机战场生存能力。（作者署名：小飞猪的防务观察）本栏目所有文章目的在于传递更多信息，并不代表本网赞同其观点和对其真实性负责。凡本网注明版权所有的作品，版权均属于新浪网，凡署名作者的，版权则属原作者或出版人所有，未经本网或作者授权不得转载、摘编或利用其它方式使用上述作品。新浪军事：最多军迷首选的军事门户！
外媒：美军P3C反潜机飞临半岛 海陆并举监视朝鲜,韩联社12月4日报道，继派侦察机监视朝鲜地面导弹基地之后，美军4日又向半岛空域出动反潜巡逻机搜集潜射导弹情报防范朝鲜挑衅。据跟踪军机飞行的民间网站“飞机守望”（Aircraft Spots）4日披露，美国海军P-3C海上巡逻机在半岛6705.6米上空巡航。该机通常执行雷达探测潜艇的任务。从朝鲜进行超大型火箭炮发射的28日许开始，美军侦察机频繁造访半岛。E-8C“联合星”（J-STARS）、RC-135W“铆接”（Rivet joint）、U-2S“蛟龙夫人”（Dragon Lady）和EP-3E“白羊座”（Aries）侦察机分别于3日、2日、上月30日和28日巡航半岛。报道称，有观点指出，在朝鲜发出的年底对话期限临近之际，美军侦察机不断飞临朝鲜被视为针对挑衅可能性的一种警告。美国总统特朗普前一日还扬言对朝动武。另有分析人士称，美军侦察机都打开位置识别设备，有意突显对朝监视能力。近日美国侦察机飞临半岛情况图表
美国要帮日本建造新航母？张召忠：必将养虎为患,作者署名：局座召忠据美国防务博客（defence-blog）网站报道，日前一张 “出云”级航母的改造设想图在社交网络上引发热议。从这张设计图来看，“出云”级航母的飞行甲板被加宽，并将直通甲板左侧增长使之成为斜角甲板。而且从图上舰载机的模型来看，改造后的出云级航母搭载的并不是此前日本采购并已经引进的F-35B战斗机，而是与美国海军未来航母舰载机相同的F-35C型。F-35C比F-35B体型稍大，其武器挂载能力、航程及续航能力也得到了增强。而最让人感兴趣的是俯视图中甲板上两条明显的弹射器轨道！这与美国海军最新型的“福特”级航母上的电磁弹射器布局类似，但是两条弹射轨道的增加，又让已经增宽的出云级航母甲板看上去更加拥挤了……据悉这张设计图是从最近在日本千叶县举行的一场防务展上流出的，从这张设计图下方的署名可以看出，该图出自美国通用原子公司（General Atomics）。“通用原子”总部和美利坚知名化肥品牌“金坷垃”母公司一样，都位于美国加利福尼亚州圣地亚哥。通用原子成立之初干的都是研究核裂变和核聚变能的大买卖，挣的都是“US dollar”。公司副业专攻电磁弹射，美国福特级航就装备了通用原子公司提供的电磁弹射系统。而且除了F-35C战斗机之外，图片中也清晰显示搭载和美军一样的最新E-2D/E-2C预警机，甚至还有V-22“鱼鹰”旋翼运输机、“海鹰”直升机等，简直是标准的美系武器系统方案。E-2D预警机V-22“鱼鹰”旋翼运输机“海鹰”直升机（图源：美国海军/wikipedia）又是美系装备、又是斜角甲板，让美国承包商改造出云级航母，日本就不怕“魔改”版的出云水土不服吗？而且出云级这一平台，真的能装下这么多舰载机吗？虽然有很多很多媒体在报道时把出云号或者加贺号称为“直升机航母”或者“准航母”，但是局座已经不止一次强调，日本海上自卫队所谓的“直升机护卫舰”或者“直升机驱逐舰”都是货真价实的“轻型航母”，日本在这些航母上做的任何文字游戏都是欲盖弥彰。更何况在去年12月份的时候，日本发布的新版《防卫计划大纲》中明确提出，日本政府计划将“出云”号直升机母舰改装为航母，并为之配备从美国引进的F-35B隐形战斗机。就媒体已公开的消息可以获知，目前日本政府至少从美国采购了142架F-35A/B战斗机。（图源：日本共同社）日本已经挑明了把出云号改造成航母，现在又有美国盟友的“加持”，估计出云号“魔改”已经板上钉钉。而且纵观日本战败后航母的发展史，就不难看出日本为了这一天的到来早就做好了准备。早在20世纪90年代，日本就服役了9000吨的“大隅”级运输舰，虽然名为“运输舰”，但实际上大隅已经采用了舰岛在右、甲板在左的布局，初具航母雏形。2009年，日本海自“日向”级直升机驱逐舰服役，这一级别共有两艘舰艇：“日向”号、“伊势”号。虽然日本称之为“驱逐舰”，但是她不仅拥有4个直升机的起降点，而且还有机库与直通式甲板，这些都是航空母舰的标配。2015年，“出云”级航母首舰“出云”号正式服役。这艘满载排水量达26000吨的航母较“日向”级不仅多增加了一个直升机起降点，而且多增加了一层机库，足有三层机库。局座推测，按照当时出云级航母的布局及承载量，她最多可以搭载12架F-35B和4架直升机。“出云”号（上）与“日向”号（下）对比很明显，日本的胃口并不满足于出云级。除去“日向”、“伊势”、“出云”、“加贺”这四艘航空母舰之外，日本下一步还想发展4万吨甚至4万吨以上的航空母舰。日本首相安倍晋三在任内力求修改日本《和平宪法》、解禁集体自卫权等举措，也为自卫队装备发展扫清了障碍。由此可见，网传“泄露”的美国通用原子公司的出云级航母改造计划顶多算一个过渡品，或者为日本海自积累F-35弹射起飞及斜角甲板使用等作战经验，下一步日本海自的目标很有可能发展4万吨以上的中型航母。去年年底，局座曾在《张召忠说》节目中分析，如果日本计划将出云号改装为真正意义上的航母，并为之配备从美国引进的F-35B隐形战斗机，那么日本海上自卫队将成为继美国和英国后第三个拥有舰载F-35起降能力的国家，其海军实力也将得到大幅度跃升。网上经常调侃日本海上自卫队是“美国海军第七舰队反潜大队”，但是近年来日本已经不满足于配合美国的亚太战略对中国进行封锁，转发发展远洋力量，让人没有理由不相信日本正面临着军国主义死灰复燃的危险。里根号（CVN 76）与出云号（DDH 183）一起进行军演从半个多世纪以前几乎击沉了日本所有的航母，到现在给日本航母设计改造方案、帮助日本造航母，美国的对日政策发生了180°转变。美国着眼于眼前的“国家利益”对日本军事力量发展的一再纵容，必将养虎为患。日本网友YY的新航母本栏目所有文章目的在于传递更多信息，并不代表本网赞同其观点和对其真实性负责。凡本网注明版权所有的作品，版权均属于新浪网，凡署名作者的，版权则属原作者或出版人所有，未经本网或作者授权不得转载、摘编或利用其它方式使用上述作品。新浪军事：最多军迷首选的军事门户！
"美国""星链""系统军用潜力巨大 能碰撞拦截洲际导弹",[环球网军事报道]2019年10月22日，马斯克本人使用“星链”计划的60颗卫星为基础的天基互联网，发出了第一份“星链”社交网络信息，内容为：“哇！它成功了！”，标志着“星链”计划正式迈出了投入应用的第一步。在这之前的5月24日，SpaceX用一枚“猎鹰9”火箭将首批60颗“星链”卫星打包送入太空，此次发射标志着 “星链”计划正式拉开组网序幕。后续，SpaceX公司将在2019年内再进行2~6次“星链”计划卫星发射，并且在未来5年内每年发射1000~2000颗卫星，完成“星链”计划一期的部署。一、“星链”计划基本情况“星链”计划旨在提供廉价、快速的宽带互联网服务，是迄今为止提出的规模最大的星座项目。2015年1月，马斯克宣布了其打算发射约1.2万颗通信卫星到太空轨道的“星链”计划。该计划预计花费100亿美元，从2020年开始工作，旨在为全球消费者提供廉价、快速的宽带互联网服务。根据欧空局的最新数字，目前地球轨道上共有2000颗工作卫星，“星链”计划如果完成部署，其新入轨的卫星总数就会是目前所有国家在轨运营的卫星总数的将近6倍，成为迄今为止人类提出发展的规模最大的星座项目。“星链”计划星座拟由4409颗分布在550~1300千米左右的LEO（低地球轨道）星座和7518颗分布在340千米左右的VLEO（极低地球轨道）星座构成，组网卫星总数达到11927颗。“星链计划”的搭建基本上分三步走，第一步是用1584颗卫星完成初步覆盖，其中，前800颗卫星满足美国、加拿大和波多黎各等国的天基高速互联网的需求；第二步是用2825颗卫星完成全球组网；第三步用7518颗卫星组成更为激进的低轨星座。前两步的卫星总数量为4409颗，位于LEO轨道，这些卫星工作在较为传统的Ka波段和Ku波段，力争以量取胜。第三步的7518颗卫星位于VLEO轨道，将工作在V波段。近日，美国联邦通信委员会代表SpaceX又向国际电信联盟提交了3万颗低轨道运行的小型微型卫星计划，这意味着，加上这次提交的计划，“星链”计划最终会形成近42000颗卫星的超巨型星座。二、“星链”计划的军事应用潜力“星链”计划虽然是商业卫星星座计划，但是其军事应用潜力巨大。目前，全球范围内商业卫星星座被用于军事通信领域屡见不鲜。1、大幅增强美军宽带通信能力“星链”计划可提供低成本、全球覆盖的高速互联网服务，若开展军事化应用，得益于全球无死角的高速卫星互联网的波束覆盖，将大幅增强美军的作战通信能力。目前，全球多个巨型低轨通信星座计划于2019年进入密集空间部署阶段，美国军方作为全球最大的商业卫星通信服务用户，率先认可了商业低轨巨型星座的军事价值。2019年初，美国国防部新组建的航天发展局明确表示将从OneWeb、SpaceX公司等实施低地轨道巨型星座计划的企业采购服务。低延迟：由于采用低轨道卫星、减少路由站等关键设计，“星链”宽带能够为全球用户提供只有25毫秒的低延迟传输，比目前最尖端卫星通信250毫秒的延迟传输，整整提升了一个数量级，可作为战区外发射远程发射不管武器的末端导航控制平台，或者未来机器人部队与无人作战飞机的数据交换平台和节点。高通量：“星链”已经进行了早期的低轨技术验证试验，其中包括卫星和美国空军战斗机的天线阵列进行直接互联的试验，据称“星链”项目为美军C-12飞机提供了高达610mbps带宽的网络服务，相比目前大多数飞机联网所购买的海事卫星的5-50mbps带宽的上网服务，整整提高了一个数量级，将使得未来远程无人机（如全球鹰）的使用成本大幅下降，这类无人机的运用将有数量级的上升。2、全天候无缝监视侦察“星链”卫星同时搭载了光学观测载荷，结合重访率高的优势，对于全球主要地区，每个时间段天顶方向都有几颗卫星飞过，可实现24小时不断光学监控分析，通过大数据系统自动识别分类跟踪，图像识别系统加入光学观测，对真假目标识别率高，抗干扰能力强，对地面以及大目标移动物体的监控进入新时代。据报道，美国空军准备终止GEO SBIRS早期预警卫星项目，未来将发展高生存能力的低轨卫星群，不排除将预警模块部署在“星链”卫星上的可能性。3、天基目标探测/打击能力“星链”卫星拥有发射全向波束的能力，这样可以对航天器进行遥测，跟踪和控制，进而转变成为运载火箭/导弹的计算、模拟、预测的高精度系统，为后续的拦截工作提供信息支撑，同时具有自动变轨和规避能力，1万多颗在轨卫星也为对洲际弹道导弹弹头的直接碰撞式拦截提供了可能。美国空军将领O‘Shaughnessy高度评价了SpaceX的工作，认为SpaceX公司成功开拓了低成本大载荷发射，并且解决弹道导弹问题的最佳方法是在命中之前将其击毁，“星链”项目非常具有意义，将改变整个太空防卫格局。（北京空天技术研究所 张洪礼）
印度航母不给力怎么办 竟将中国航母PS上印国旗(图),时间进入2000年，中印两个亚洲大国以“维克兰特”号和“辽宁”舰为开端，先后开启了自行发展国产航母的步伐。然而众所周知，先行一步且拥有几十年航母操作经验的印度在国产航母的建设上并未如人们想象中那样顺利，印度首艘国产航母“维克兰特”号自2006年开工以来，已经在2011年、2013年、2015年下水三次，至今也未有服役迹象。与此同时，在喜马拉雅山脉另一面的我国，却在短短数年内先后完成了“辽宁”舰和首艘国产航母的改造和建造工作，其中，象征着我国具备航母建造能力的002更是已经无限接近服役。相信印度此时看着不争气的“维克兰特”和已经准备列装的002航母，虽然嘴上不说，但心中对中国航母进度的羡慕和嫉妒的心态却应该早已五味杂陈。这不，近日印度为了缓解国产航母进度的尴尬，就借用我国002航母的下水图，改旗易帜P上了印度国旗，如此骚操作不得不再次让人提出质疑，曾经的亚洲航母大国如今究竟怎么了？追溯至上个世纪60年代，在二战后独立的印度在1961年从其宗主国接收了其有史以来第一艘航空母舰，“维克兰特”号。随后，在第三次印巴战争期间吃到航母甜头的印度，又再次于1986年从英国购进“维拉特”号航母，随后，改建自“戈尔什科夫海军”号，满载排水量高达的的“维克拉玛蒂亚”号航母的服役，印度海军也由此迎来双航母的高光时刻。但是，深知不能永远停留在靠购进它国“二手”航母维持航母舰队的印度，在2000年亦开始了国产航母的发展，其计划在“维拉特”号航母退役之前完成二代“维克兰特”的建造，时间也是非常充裕，从2000年开始研制，2006年开工，预计2013年替换“维特拉”号，届时，拥有二代“维克兰特”号和俄制“维克拉玛蒂亚”号双航母舰队的印度，显然无形间将成为亚洲最强大的海上力量。不过，也正是这艘“国产航母”，才使自“维拉特”号服役是就保持一直着双航母舰队的印度陷入航母替换青黄不接，甚至如今无舰可用的境地。计划于2013年服役的二代“维克兰特”号至今还在舾装，预计最快也要2024年服役，而2013年列装的印度海军独苗“维克拉玛蒂亚”号亦是常年水土不服，不是在修理就是在去修理的路上，借中国的002航母P上印度国旗虽然看上去十分搞笑，也确实十分滑稽，但从起背后却能看出印度海军对国产航母进度的心酸和海军航母青黄不接的无奈。（作者署名：浩汉防务）本栏目所有文章目的在于传递更多信息，并不代表本网赞同其观点和对其真实性负责。凡本网注明版权所有的作品，版权均属于新浪网，凡署名作者的，版权则属原作者或出版人所有，未经本网或作者授权不得转载、摘编或利用其它方式使用上述作品。新浪军事：最多军迷首选的军事门户！
火箭军演习发射20枚导弹 命中数千公里外目标(图),天气阴，云层很低，风速每秒7米。在火箭军某部的训练场上，一场大规模的红蓝对抗演练刚开始就进入到关键时刻。火箭军某旅“导弹发射先锋营”的导弹已进入待发射的起竖状态。发射！导弹应声升空，不是1枚，是10枚！它们先后突破多道反导拦截防线，成功命中数千公里外的目标。紧接着，官兵们在强电磁干扰和卫星侦察的复杂环境下，火速向新的发射阵地转移。又有10枚导弹同时升空，将预定目标彻底摧毁。“我们的职责就是练打仗、谋打赢，‘导弹发射先锋营’从组建以来就始终保持着闻战则喜的状态！”教导员乐焰辉说着，字字铿锵有力。中国火箭军怎么这么牛？中国火箭军为什么这么牛？这篇文章，告诉你答案！“随时准备打仗，随地可以打仗”走进先锋营的营区，你会看到一块特殊的倒计时牌，上面的日期数字永远是零。对于火箭军官兵来说，“随时能战”从来就不是一句空话。在营房，你会惊奇地发现，每一个战士的铺位上摆放的不是“豆腐块”，而是三个整齐码放的包和一个像马甲一样的单兵携行具。背囊里是脸盆、被褥等生活用品，行军包中是反季节作战服装，而作训包中放的是防化服，再加上单兵携行具中的防毒面具，可以帮助战士们更好地适应在防化环境下作战。“先锋营每个人的水壶都是灌满的，每块电池都是充好的，背囊永远装好了放在枕头边上。”战士们每天晚上休息的时候，都会把背囊放在触手可及的地方。不管何时，只要紧急集合的号声吹响，每一个战士都可以实现快速移动。穿上单兵携行具，背上行军包，带上作训包和背囊，先锋营的战士可以在5分钟的时间内全员集合完毕，进入战备状态。“在真实的战场上，反应速度越快，就越能夺得先机。‘每天枕着敌情睡觉，准备今夜打仗’就是先锋营的常态。”这就是做前沿中的前锋，尖刀中的刀尖。戳视频↓↓感受火箭军的“紧急集合”在实战训练中，先锋营不断创新战法战术。采用无依托模式发射，就是他们找到的一种全新战法。传统的导弹发射方式，是在预设的固定发射阵地对敌方目标进行攻击，作战的机动性和灵活性比较差。在真实的战争中，预设阵地有可能不满足射程射向要求，或者较易被敌方发现而遭受打击，无法完成作战任务。跨区域的无依托机动发射，将导弹放在导弹车上，真正做到了“随地可以打仗”。“只要那里的大小容得下导弹车，地面条件满足基本标准，就能实施发射。”火箭军的这项技术目前处于世界一流地位。“阵亡”一半，导弹还可以打出去“各号注意，收到上级特情科目，4号、6号阵亡，迅速由7号、8号接替相应工作，继续操作。”随着指挥员一声令下，先锋营正在训练的一个导弹发射单元突然被随机减去两名操作号手。剩余的号手没有任何慌乱，迅速调整岗位。意外减员丝毫没有影响战斗力，战士们表现得从容不迫、井井有条。先锋营的战士们，都要经历全岗位操作训练。这项训练的目的是要让每一个发射单元的每一名号手都熟悉所有岗位的操作技能，能够做到号手一专多能、随机互换。因为，在真实战场中，随时可能出现号手意外伤亡的情况。在这样极端的情况之下，战士们所面临的技术难度和心理压力将会呈现几何倍上涨。“我们要求所有号手，去熟练掌握全岗操作技能。现在在发射单元减员一半的情况下，仍然能把导弹发射出去。”先锋营连长王飞云充满自信地说。在这里，一切用实力说话在先锋营，战备训练永远是头等大事。那是2015年，一次特殊的实弹实射训练即将进行。训练的日期，不仅是先锋营受勋10周年的纪念日，发射的导弹也是这个旅组建以来的第100枚导弹。一般来说，像这种意义重大的任务，应当让经验丰富的老号手去打，保证万无一失。然而，在先锋营，一群没有实弹发射经验的新号手，却得到了这个机会。他们凭借日积月累的训练基础，成功完成了发射任务，也迈出了走向战场的关键一步。“只看实打实的成绩，从不论资排辈”，对于一个队伍是这样，对于每一个战士，也是这样。有人说，先锋营的官兵随便拉出一个，都让人不敢小觑。新晋指挥长汪明喜，正在组织号手训练，下达指令简洁到位，指挥流程有条不紊。此前，他只是一个瞄准号手。“我觉得我能当好一名瞄准号手，那为什么不挑战一下自己，当好一名指挥长呢！”2003年，初到先锋营的谢中华由于性格内向，被连里安排为导弹供气、加温。令大家没有想到的是，这个平日不多言的“闷油瓶”，却用两年的时间，掌握了导弹发射的最难专业——地测专业。这两天，老兵何贤达一有空就和技术骨干一起，针对新装备仿真训练系统的研发做测试。“大家在一起共同研究，主要就是为了缩短发射时间，在提高发射精度下功夫。”何贤达已经与导弹打了22年交道，他不仅获得过首届全军士官人才一等奖，荣立个人一等功，还被评为“全军士官爱军精武标兵”，一连串成绩的背后，是他精益求精的追求。
北约成立70年黯然低调 成员国各打算盘未来难测,中新网12月4日电 据英国广播公司（BBC）报道，为期两天的北约峰会12月3日在英国伦敦开幕。在北大西洋公约成立70周年之际，这个重大历史时刻似乎悄然而来又悄然而去，显得十分低调。据报道，北约29国首脑本周聚集在伦敦北郊开会，但北约发言人尽力避免使用“峰会”这个词，理由是2018年刚开过正式的峰会，而此次只是领导人碰个头，交换一下意见，最后也不发布正式公告。近年来，北约组织内一些主要成员如美国、法国和土耳其，都对它提出批评，还出现内讧局面，再加上英国脱欧，北约70周年如此低调，显得耐人寻味。“怨气”最大的美国美国总统特朗普对北约“怨气”最大，批评最多。他在2016年竞选总统时就直言不讳，说北约“陈腐过时”，还说这个组织要是解散，他丝毫不会难过。特朗普还暗示，美国可能会不履行保护受到攻击的盟友的规定，甚至可能退群，离开北约。而报道称，他的一大抱怨是美国在北约出钱最多。“这不公平，不可接受”。据2018年数据显示，北约全部防务开支的70%由美国承担；2014年，北约全体成员国同意，到2024年，各国要把自己的防务开支增加到国民经济总产值（GDP）的2%，但迄今为止没几个国家接近目标。土耳其有什么不满？北约内部一大分歧是因土耳其而起。2019年10月，土耳其对叙利亚北部的库尔德人武装发动攻击。此举在北约内部造成分裂。欧盟冻结了对土耳其的武器销售。英国、法国和西班牙都有北约和欧盟双重“会籍”，也都在向土耳其军售最多的国家之列。土耳其是北约的“资深”成员，但它与俄罗斯有军事纽带，而且已经造成了紧张。资料图：土耳其总统埃尔多安。中新社记者 盛佳鹏 摄土耳其总统埃尔多安不顾美国的反对，跟莫斯科签约下单，买了一套导弹防御系统，S-400。而美国多年来一直试图向土耳其推销自己的爱国者防空系统，但埃尔多安要求技术转让，谈判就此停滞。因为有了技术，土耳其就可以研发自己的防御系统。当时的美国总统奥巴马政府拒绝接受这个条件。安卡拉因此转向莫斯科，谈判进展顺利。美国为把土耳其剔出联合研发F-35战斗机的项目，理由是S-400军购交易，可能会向莫斯科提供接触F-35敏感信息的机会。但比较尴尬的是，土耳其境内有北约基地及美国的空军基地，就在南方、靠近叙利亚边境。更麻烦的是，只有5个欧洲北约国家有美军核武基地，土耳其就是集中之一。批北约“脑死亡”的法国法国总统马克龙曾接受英国《经济学人》采访，谈到北约时用了“脑死亡”这个词，还对美国半心半意的态度表示担忧。资料图：法国总统马克龙。中新社记者 李洋 摄他提到，华盛顿决定从叙利亚撤军居然没有通知北约。至于北约一人受攻击全体来御敌这个基本原则是否还存在，他表示怀疑。他说，鉴于美国的摇摆立场，北约应该重新评估局势，欧洲必须在军事战略和能力方面争取自治。报道陈，这个采访发表后，马克龙在欧盟和北约的盟友、德国总理默克尔的关系变得尴尬。美国《纽约时报》透露说，默克尔对马克龙抱怨：你们不断砸杯子，我不断把它重新拼凑起来，还不是为了我们大家可以坐下一起喝杯茶。英国脱欧的麻烦英国也在雪上加霜。北约首脑在伦敦北郊的会议，恰好在英国提前大选前一周，而这次大选结果极难预测。还有脱欧，英国脱欧协议至今仍在半空飘浮。资料图：英国首相约翰逊。据报道，如果最终无协议脱欧，或者脱欧的条款比预期更严苛，那么由此而生的敌意、怨恨可能会被带进北约。另外，北约有22个欧盟成员，英国脱欧，其他欧盟成员会有什么想法和行动？北约怎样脱离迷茫、找到自己的未来？还暂未可知。如美国《时代周刊》所言，北约的未来似乎比以往任何时候都更加不确定。
北约峰会“乱糟糟”：法土美互怼 英忙避嫌德表乐观,中新网12月4日电 综合报道，近日，北约组织领导人峰会在英国伦敦举行。峰会期间，法国总统马克龙批土与“伊斯兰国”（IS）代理人“勾结”，而美国总统特朗普指责马克龙北约“脑死亡”论是一种侮辱。英德则走低调路线，德国总理默克尔称对北约会谈持“相对乐观”态度。[土耳其称与欧洲国家谈得好 还获美国支持？]据彭博社3日报道，土耳其一名高级官员表示，土耳其请求在政治、后勤、军事和财政方面提供支持，以便在叙利亚建立一个“安全区”安置难民。这位官员表示，土方与欧洲国家的会谈“非常好”。此外，在出席峰会前，土耳其还否认了有关它通过阻止一项针对波罗的海国家和波兰的军事计划，来“勒索”北约的说法。分析称，土耳其与部分欧洲国家在土出兵叙利亚等问题上摩擦不断，此次北约峰会期间，特朗普似乎在一系列问题上站在了土耳其一边，而把矛头指向法德。资料图：法国总统马克龙。中新社记者 李洋 摄[马克龙批土与IS代理人“勾结” 却被特朗普“插刀”？]法国总统马克龙说，土耳其、德国和英国之间的会谈涉及从叙利亚到利比亚等一系列问题，并同意在难民问题上继续合作。虽然这次会议“非常有用”，但“所有的模糊之处”并没有消除。英国《卫报》报道称，3日，马克龙多次警告称，由于土耳其的入侵，IS正在叙利亚卷土重来，因为它削弱了库尔德武装等打击IS力量。据报道，马克龙曾一度指责土耳其与IS代理人合作。报道指出，马克龙最初对北约“脑死亡”的谴责，源于他对土耳其在入侵问题上，缺乏与北约其他成员国合作感到愤怒。马克龙“脑死亡”言论此前遭欧洲多国领导人批判，近日出席峰会的特朗普更是直言，这一言论是一种侮辱，“非常无礼”。资料图：英国首相约翰逊。[低调的英德：约翰逊忙“避嫌”，默克尔表乐观]德国总理默克尔在伦敦的表现相对低调。她形容与土耳其总统埃尔多安的会晤“很好，也很明智”，但这只是个开始。默克尔说：“尽管我们之间存在种种分歧，我们当然需要通过谈判来解决这些分歧，我们需要讨论北约的未来以及我们共同的战略利益，但我相对乐观地参加这次会议。”英国峰会东道主首相约翰逊也在很大程度上保持低调。英媒称，在本周的北约峰会上，约翰逊正在尽一切可能避开美国总统特朗普。《金融时报》称，当特朗普前往伦敦时，约翰逊还“逃”到了78英里外的索尔兹伯里。2日，特朗普访英之际，英国医生和护士在伦敦领导了抗议活动。此前英国在野党工党称，有泄露文件显示，英国国家医疗服务系统（NHS）正在被“交”给美国。但约翰逊表示，并不会将其“放上谈判桌”或出售，还称工党打算以此议题，在大选中转移选民的视线。
"特朗普在伦敦喊话安倍：晋三你得多交点""保护费""",[文/观察者网 张晨静]即使远在伦敦参加北约会议，但美国总统特朗普仍不忘隔空喊话日本，要“多交点保护费”。据日媒《每日新闻》报道，当地时间12月3日，特朗普与北约秘书长斯托尔滕贝格会谈时喊话日本，要求首相安倍晋三“帮帮他”，为驻日美军支付更多的费用。特朗普说到，“我对我朋友安倍首相说了，‘晋三，你得帮帮我们，我们花了很多钱。日本是一个富裕的国家。要知道，我们实际上为你的军队买单’”。特朗普曾指责日本在安全问题上“搭便车”，他3日告诉记者，安倍将对他提出的要求采取一系列措施。特朗普强调美国为日本等盟国的防卫发挥作用，但他们“从未被要求”增加军费，不过“现在，他们将被要求”。视频截图现有约5.4万美军在日本驻扎。上月中旬，有日本政府消息人士透露，特朗普政府曾要求日本承担80亿美元左右的驻日美军军费，这一数值是此前的4倍。该要求遭日本一口拒绝，日方认为日本在同盟中负担的经费比例已是最高，增额是不现实的。根据2004年美国防部报告显示，日本2002年负担美军驻留经费的74.5%，远超其他国家。此后美方未公布数据变化。有关日本负担军费比例的协定有效期至2020年末。围绕新协定，日美最快将于2020年春天正式启动谈判。当天的会上，特朗普还向韩国、沙特、北约成员国喊话。他表示，去年韩国同意为美国每年的“保护”多支付近5亿美元，美国目前正在寻求更多的现金承诺。特朗普还敦促北约成员国增加军费负担，他称这样的军事联盟对美国不公平，因为它付出了不成比例的代价。美媒《外交政策》杂志此前曾分析称，这或许是特朗普为了2020年总统大选所采取的措施——特朗普政府似乎欲借此宣传其在外交领域取得的成果。
美拖欠超十亿会费 联合国发不起工资喷泉一度关闭,近几个月来，联合国的资金危机持续受到关注。据俄罗斯卫星通讯社3日报道，联合国秘书处发言人通报称，美国在过去几周内缴纳了约5.63亿美元，但仍然不足以偿还美国目前为止拖欠的会费。联合国经费由193个会员国分摊，分摊比例依据会员国的经济实力决定。联合国秘书长古特雷斯10月表示，由于一些会员国拖欠会费，联合国遭遇了近10年来最严重的资金危机，员工面临发不出工资的局面，同传和翻译服务减少，部分招待会取消，自动扶梯和广场喷泉也一度关闭。而在所有会员国中，美国拖欠的会费最多，共10.55亿美元，包括本年度拖欠会费6.74亿美元和往年拖欠会费3.81亿美元。联合国秘书处发言人在通报中称，美国在过去几周内缴纳了约5.63亿美元，但也仅为拖欠会费的一半。专家：不符合自己利益 美国就不交会费美国哈姆莱大学政治学教授大卫∙舒尔茨表示，美国拖欠巨额联合国会费，显示美国政府不重视国际外交的作用、走孤立主义路线。他直言美国的许多保守主义、孤立主义者一向不喜欢联合国，因为联合国的行动并不总是符合美国的利益，美国从上世纪80年代就开始拖欠联合国会费，以此表达不满。他还大胆预测，美国未来还将继续拖欠联合国会费。
美军登陆舰出海测试舰载激光炮 可摧毁小型船只(图),当地时间12月2日，美国海军的LPD-27波特兰号船坞登陆舰离开美国圣地亚哥海军基地，出海测试最新的激光武器系统，这套系统由美国诺思罗普格鲁曼公司研发，其发射的激光束功率达到150千瓦，可以对小型船只和无人机进行打击。前甲板上装备的激光发射器这套系统的使用原理美国海军LPD-27两栖登陆舰（资料图）美国海军LPD-27两栖登陆舰（资料图）美国海军LPD-27两栖登陆舰（资料图）
金正恩再次骑马上白头山 李雪主陪同(图),朝中社4日最新消息说，朝鲜最高领导人金正恩参观了白头山地区革命战迹地。报道说，期间，金正恩视察三池渊郡内的革命战迹地、史迹地、住营地、茂浦宿营地、大红丹革命战迹地，了解白头山战区革命战迹地保存管理工作和参观学习情况后，指明革命传统教育的历史重要性及将之保持到更高标准的途径。此外，金正恩同陪同人员一起骑着军马驰骋白头山大地，回眸游击队员们把自己的热血洒在白头旷野，庄严掀开朝鲜革命历史首页的浴血历史。报道还说，金正恩结束革命战迹地参观路程后，再次登上了革命圣山白头山。朝中社称，朝鲜劳动党中央政治局常委、国务委员会第一副委员长、最高人民会议常任委员会委员长崔龙海，朝鲜人民军总参谋长朴正川陆军大将，人民军各军种司令官和军长、党中央干部陪同参观。此前报道：金正恩骑白马登上白头山，俯瞰山峦据朝中社10月16日报道，朝鲜最高领导人金正恩日前骑马登上了白头山，朝鲜劳动党中央委员会领导干部们陪同。报道称，金正恩此次骑马启动白头山行军路，是在朝鲜革命史上具有重大意义的事件。朝中社的照片显示，白头山被积雪覆盖，金正恩骑着一匹白马登上白头山，俯瞰了重重叠叠的山脉。白头山，即长白山，广义的长白山是中国辽宁、吉林、黑龙江三省东部山地以及俄罗斯远东和朝鲜半岛诸多余脉的总称；狭义的长白山是指位于白山市东南部地区，东经127°40‘~128°16’，北纬41°35‘~42°25’之间的地带，是中朝两国界山。朝韩两国均把白头山认定为其民族发源地，朝鲜方面还有“白头山血统”等说法。2018年9月，韩国总统文在寅访问朝鲜，金正恩曾与他一起登顶白头山。
伟大友谊彻底终结 特朗普和马克龙怒吵起来了,这个世界，特朗普真心喜欢的人应该不多，但法国总统马克龙曾是其中的一个。去年4月，马克龙访问美国，特朗普又是私人晚宴，又是白宫国宴，又是国会演讲，全套国事访问+规格招待。要知道，这可是特朗普的第一次国宴，就这样献给了马克龙。这一次北约70周年峰会，本来是一次祝寿的喜庆日子，但这两位老兄算是彻底翻脸，伟大友谊终结，公开怒吵起来了。浓浓的火药味，从伦敦扑面而来。在12月3日两人的记者会上，特朗普当着马克龙的面说：我们在叙利亚抓了大量的武装分子，伊斯兰国武装分子，他们现在都被关起来了，但很多来自法国，很多来自德国，很多来自英国，他们大多数来自欧洲，（特朗普突然转向马克龙）你想要这些很不错的武装分子吗？我马上送给你，你会得到你想要的每一个人。又是特朗普式的车轱辘话，但意思很明确的。1，伊斯兰国武装分子，主要来自欧洲，首先就来自你们法国。2，你想要的话，我马上都送给你。你收不收？3，请注意，特朗普还用了一个“不错的”形容词（Nice ISIS Fighters），嘲笑意味十足。特朗普步步紧逼，怎么回应？马克龙用英文马上回答：让我们严肃一点，大量地面的武装分子来自叙利亚，来自伊拉克，来自这个地区，但这只是这个地区问题的一小部分……现在，你的头号问题不是外国的战士，而是彻底击败伊斯兰国，很遗憾，这个工作还没有完成……同样暗藏杀机。1，我们在谈军国大事，你居然说恐怖分子Nice，这不合适吧。2，纠正特朗普一个事实，武装分子主要是当地人，特朗普你的数学，是美国体育老师教的吧。3，最紧要任务，是彻底清除伊斯兰国，这个工作还没完，你却突然从叙利亚撤军，背叛库尔德人，这是在帮伊斯兰国！请注意，马克龙说着说着，直接说成了“你如何如何”，这是在教导特朗普怎么做啊。更有意思的，还有肢体语言。刚刚又看了一遍记者会的视频，特朗普坐在左边，双脚微张，两只手握在中间，略显得有点紧张；马克龙坐在右侧，两只腿张得很大，手势幅度更大，时不时还指向特朗普……看了一些西方人的分析，从这种气场看，特朗普似乎没做好充分准备，在更滔滔不绝的马克龙面前，拘谨得有点像小学生；相反，年轻的马克龙准备充分，大开大合，而且遵循了一个简单的道理：进攻，才是最好的防守。抓住特朗普每一个漏洞，毫不客气发起攻势。所以，50多分钟的记者会，刚开始似乎还是特朗普在发动进攻，但几个回合下来，感觉总是马克龙在批评特朗普。要知道，法国人轻易不说英文，但这一次，马克龙说的都是英文。就是想让大家好好听听！长江后浪推前浪，前浪死在沙滩上啊。无奈的特朗普，最后只能感叹了一句：这就是为什么他是伟大的政客，这是我曾经听过的最不像样的一个回答，好吧……马克龙你真能说啊！碰到这样的小马哥，特朗普也很无奈啊！（二）就这么忍气吞声算了吗？这肯定不是特朗普的风格。事实上，这是和马克龙的记者会，特朗普已收敛了一些火力；在此前和北约秘书长斯托尔滕贝格会面后，特朗普对马克龙更是火力全开。没必要任何客气了。特朗普大致是这样说的：北约为服务于一个伟大的目的而成立，当你发表那个声明（指马克龙说北约已经“脑死亡”），这是非常非常不尊重北约其他28个国家，包括美国，这太恶劣了。没有哪个国家比法国更需要北约。。。。。。美国其实是受益最少的，我们是在帮助欧洲。对法国来说，说这些话对他们很危险。我看着他（马克龙），我说他比任何人都需要保护，而我又看到他在分裂（北约），所以我还是有点惊讶的。这里面，可能需要略微解释一下：1，特朗普之所以炮轰马克龙，因为小马哥现在是个刺头，就在不久前，马克龙宣称北约已“脑死亡”，主要原因是美国不像大哥了。2，特朗普很生气，我好不容易等到北约70周年大庆，你这样拆台，太不尊重我这个大哥了。3，所以，火力全开，直接开骂，你太恶劣，太侮辱美国了。光言辞骂，怎能体现特朗普这样一个行动派？所以，特朗普还有后续，他是这样说：我认为，法国失业率很高，经济也不咋地。他们开始给别国的商品加税，所以我们现在也将向他们征收关税，包括科技产品、葡萄酒等等。法国面临着这么多难题，同时还做出这样强硬的声明。看看黄背心，还有其他各种事情，他们这一年过得很艰难……提到了黄背心，提到了失业率，特朗普，你是哪壶不开提哪壶啊。但这就是特朗普风格，意思是很明确的：马克龙啊马克龙，你们法国都给你整成这样了，还打肿脸充胖子，这样对我们说话。那对不起，就在前一天，美国拿法国开刀，宣布对法国价值24亿美元商品开征最高100%的关税，最早明年1月生效。对特朗普来说，这是新仇旧恨一起算。去年在凯旋门下，当着特朗普的面，马克龙还夹枪带棒，警告各国要警惕狭隘的民族主义。虽然他没有指名道姓，但谁都知道，特朗普公开宣称过：我就是一个民族主义者。也难怪随后特朗普就翻脸，在推特上破口大骂：当我们美国赶到解放法国的时候，你们法国人已经在巴黎开始学德语了……（三）就在去年春天，特朗普和马克龙之间，似乎还是一种伟大的友谊。当时马克龙去白宫访问，特朗普除了给马克龙掸灰，还拉着马克龙闪进了白宫。两个大男人手牵手，场面格外得温馨。有一幅漫画，更是特朗普紧紧抱住了马克龙，旁边是第一夫人梅拉尼娅的感叹：马克龙总统，请原谅我的丈夫，唐纳德（特朗普昵称）是不那么容易交到朋友的。秀恩爱的结果，大家也都是知道的，很快，就露出了塑料兄弟情本色。以前对于特朗普的批评，马克龙多少还比较低调，特朗普爱骂就骂两句吧。但这一次，一个公开的变化，马克龙也软硬不吃，直接和特朗普呛起来了。对于他的北约“脑死亡”论断，当着特朗普的面，马克龙毫不退让，这样说：北约面临的一个现实问题，就是自从冷战后，还没有一个明确的目标。让我们看一下土耳其，他们正在作战的对象，是曾与我们肩并肩打击伊斯兰国的盟友……他还质问特朗普：像土耳其，怎么可能一边是北约成员，一边还买俄罗斯的S-400？这还是拐着弯骂特朗普：1，你瞧瞧土耳其，这是不是你惯坏的？2，土耳其在和谁打仗？是曾和你们美国并肩作战的库尔德人。3，特朗普，你老大哥的权威呢？马克龙也有实际行动。虽然特朗普“握手神功”世界闻名，那是没有遇到马克龙。每次，马克龙都会“大力金刚爪”，在特朗普手背上留下重重的印痕。这一次，依然没有例外。最后，三点粗浅看法吧：第一，做特朗普的盟友和朋友，有时真挺难的。前面说过，特朗普举办的第一次国宴，就是招待马克龙。但就在过去一年，铁杆好朋友变成了塑料情兄弟，伟大友谊彻底终结了，现在基本上，每见必怼，马克龙也越来越硬气，对特朗普越来越不客气了。第二，欧美之间的矛盾，要比我们想象的大。我们总认为，欧美毕竟是盟国，价值观相同，打断胳膊连着筋，吵完还得收拾过日子。但从目前来看，欧美的矛盾，真比我们想象得要严重。特朗普的一些做法，深深刺痛了欧洲人。当然，我们冷眼旁观，也不必有多少幻想。第三，斗争还在继续，等着特朗普的怒火爆发吧。从以往的惯例看，每次在场面上得不到的，特朗普会在场面下使出各种手段得到。所以，不要怀疑，马克龙你这样让特朗普下不来台，特朗普有的是一系列手段等着你……别看你今天笑得欢，小心我马上拉清单。小马哥，你就等着吧。来源：牛弹琴（ID：bullpiano）
日本副首相麻生太郎试乘潜艇 遭在野党批评,中新网12月4日电 据日媒报道，3日，日本副首相兼财务相麻生太郎在日本内阁会议后的记者会上透露，他在5月试乘了日本海上自卫队的潜艇。对此，有日本在野党批评麻生此举“是把自卫队私有化”。据海上自卫队方面介绍，麻生在当地时间5月18日上午，登上了隶属于海自第二潜水队群的“涡潮”号潜艇，在相模湾下潜后于当天傍晚返回了日本横须贺基地。资料图：日本副首相兼财务相麻生太郎。中新社发 侯宇 摄据介绍，此次试乘是麻生本人的意向，当天正值海上自卫队的非工作日。对于麻生的此次登艇，日本共产党书记局长小池晃在社交媒体上发文称，“把赏樱会私有化了，（现在）连自卫队也要私有化吗？”，日本立宪民主党参议院干事长莲舫也在日本国会内对媒体说，“吃惊得说不出话来，这是行政的私有化，（麻生）应当对此承担责任。”资料图：日本海上自卫队涡潮级潜艇。不过，麻生本人认为此次登艇没有问题，他表示，“对于防卫预算审核工作而言，知晓现场环境很重要”，对于在野党的批评，他表示“没有想到”。此外，日本防卫相河野太郎3日在例行记者会上对此表态称，“他（麻生）是国家安全保障会议的成员，也身处审核防卫预算的工作中，我觉得（他）是因为有必要，才进行了试乘。”据悉，在过去5年的记录内，包括日本防卫相在内，日本首相、阁僚、前阁僚等均无人试乘潜艇。
越南新战舰服役加装俄制导弹 但战力仍不敌中国轻护,最近越南海军先后获得了两艘韩国赠送的二手“浦项”级轻型护卫舰，这对于原本家底不足的越南海军来说真可谓是雪中送炭。值得一提的是越南海军在这两艘去除导弹武器的轻型护卫舰上加装了2座四联装的俄制KH-35E“天王星”反舰导弹发射架，此举被有些人认为有力压我国海军056系列轻型护卫舰的意思，那么事实确实如此吗？越南海军的HQ18和HQ20原本就是韩国海军退役的“浦项”级轻型护卫舰，始建于上世纪80年代初，一共建造了24艘，最后一艘舰于1993年交付韩国海军。“浦项”级的排水量并不大，满载排水量只有1220吨，甚至还略小于国产的056系列轻型护卫舰。不过该级舰的动力还不错，采用了高配的柴燃交替动力，其中包括一台美国进口的通用电气LM-2500燃气轮机和两台德国MTU的6260马力高速柴油机，最大航速超过31节，这一点倒是超越了我国的056系列轻型护卫舰。“浦项”级建造之初主要的作战对象是其同胞兄弟北朝海军，因此在武器的配置上比较普通。其中前4艘舰被做为反舰型的用途而配备了法国产的MM-38“飞鱼”轻型反舰导弹，还有1-2座单管76毫米口径的意大利“奥托梅莱拉”型舰炮，以及2座“艾默生”的双管30毫米速射炮，防空能力基本为零。而后面的20艘后续舰则被赋予了近程反舰与及反潜的任务为主，除了增加一部分反潜设备外，剩下的就是将两座副炮换成了前后配置的40毫米双管速射炮，还有一部分加装了美国产的“鱼叉”反舰导弹。在反潜武器方面，该级所有的舰艇均配备有2座三联装的美制324毫米MK-32鱼雷发射管，可以发射MK-46轻型反潜鱼雷，其中后20艘还装备了2座MK-9型深水炸弹发射器，备弹12枚。从性能上来看，“浦项”级轻型护卫舰的战斗力算是比较渣的，尤其是在防空能力上没有配备导弹武器，如果遇到敌方的反舰导弹攻击，该级舰连最起码的拦截手段都没有，只能听天由命。不过弱鸡的越南海军可没想那么多，对他们来说，得到了俄制的KH-35E“天王星”反舰导弹就跟拉登有了原子弹似的，以为这就是王炸，就是杀手锏。其实说实话，这款轻型反舰导弹的性能还有战斗力算是比较一般的，也就是和法国的“飞鱼”MM-40反舰导弹差不多吧，与国产056系列轻护上装备的“YJ-83J”相比还是要弱一些的，更不要说那些驱逐舰上装备的“YJ-62”甚至“YJ-12A”、 “YJ-18A”之类的超音速重型反舰导弹了，那就更不够看了。总之，这两艘二手轻型护卫舰的加入，对于越南海军整体军力的提升非常有限，想借此与我国海军装备了防空、反舰和反潜武器的056系列轻护对抗还是有差距的。更何况我们海军可不仅仅只有056系列，还有更大的054A系列，至于更高档的驱逐舰就不用说了，拿那些出来和他们比就有点杀鸡用牛刀了。（作者署名：浩汉防务）本栏目所有文章目的在于传递更多信息，并不代表本网赞同其观点和对其真实性负责。凡本网注明版权所有的作品，版权均属于新浪网，凡署名作者的，版权则属原作者或出版人所有，未经本网或作者授权不得转载、摘编或利用其它方式使用上述作品。新浪军事：最多军迷首选的军事门户！
土耳其购俄S400导弹 特朗普：这都是奥巴马的错,[环球网军事报道]美国总统特朗普表示，土耳其从俄罗斯购买S-400防空导弹系统是奥巴马的错。据英国《卫报》12月3日报道，12月3日北约迎来70岁“生日”，北约各国领导人齐聚伦敦为这一组织“庆生”。在北约伦敦峰会正式开始前的的新闻发布会上特朗普与法国总统马克龙谈及了北约成员国土耳其购买俄制S-400防空系统的问题，特朗普被记者追问是否会按照美国国会要求制裁土耳其时，他表示正在考虑这个问题。随后特朗普又表态称，土耳其被迫购买S-400防空系统是因为前总统奥巴马拒绝向土耳其出售美国的“爱国者”导弹。他说：“土耳其长时间以来一直非常想要购买‘爱国者’防空系用，但奥巴马表示‘不会卖’。”《卫报》对此评论称，事实上奥巴马政府多次提出向土耳其提供武器装备，但遭到了埃尔多安的拒绝，因为美国不愿意提供“爱国者”导弹的底层技术。自7月中旬起，俄罗斯开始向土耳其提供最新型的S-400防空导弹系统，引发土美关系危机。土耳其总统表示，S-400防空导弹系统将于2020年4月全面投入使用。华盛顿曾要求土方取消采购合同并购买美国的爱国者防空导弹系统，否则会延期或彻底取消对土供应新型F-35战机，并根据《以制裁反击美国敌人法案》（CAATSA）实施制裁。但安卡拉拒绝妥协。
中国女子在美失踪近2个月 当地警方再次下河搜寻,图源：《哥伦比亚密苏里人报》海外网12月4日电 中国女性梦琪（音译）自10月8日从位于美国密苏里州哥伦比亚市的家中失踪以来，至今已将近2个月。哥伦比亚市警方近日再次对当地一条河流进行搜寻。警方并未透露目前搜索所取得的进展，但认为河流附近区域是可以找到这名中国女性的一个可能的地点。综合美联社、《哥伦比亚密苏里人报》等媒体消息，当地时间3日，哥伦比亚市警方派出的潜水员、船只以及人类遗体嗅探犬在拉明河（Lamine River ）进行了整整一天的搜寻，但并未找到梦琪。值得一提的是，潜水员在上周也曾在这条河中进行搜索。在当天结束搜索后，警方发言人拒绝透露是否取得了任何进展，也没有提及究竟是什么证据促使他们搜寻这条河流。不过，哥伦比亚市警察局长耶利米·亨特在上午曾表示，这条河流附近区域是找到梦琪的一个可能地点，执法部门相信他们目前正沿着正确的方向展开调查。搜寻工作将在4日继续展开。失踪女性梦琪的丈夫（图源：krcgtv）10月25日下午，哥伦比亚市警方发言人称正在对梦琪失踪事件展开刑事调查，同一天晚些时候突然宣布逮捕了她的美国丈夫艾力奇。警方称，他们在寻找梦琪下落的过程中，发现了艾力奇虐童的证据，随后以涉嫌虐待或忽视儿童的罪名将他逮捕。11月6日，布恩县检察官又指出艾力奇是其妻子失踪和谋杀案的主要嫌疑人，他和梦琪育有一个1岁的女儿。一名警探表示，调查人员发现的证据使他们相信梦琪已经遇害。失踪的中国女子（图源：美国密苏里州哥伦比亚市警察局）当地警方曾表示，在报告梦琪失踪前，艾力奇曾“开了很久的车”前往密苏里州中部一个陌生且偏远的地区。在警方向艾力奇的家发出搜查令时，发现这名男子试图与他的母亲和孩子一起离开哥伦比亚市。更令人起疑的是，梦琪最后一次被人目击是在10月8日晚，但艾力奇超过24小时都没有告诉任何人有关自己妻子失踪的消息，直到10月10日，在耗了一天半后，他才提交失踪人员报告。（海外网 张霓）
运载火箭故障 美国“星际客机”首发任务将推迟,中新网12月4日电 据俄罗斯卫星网报道，美国“联合发射联盟”在公司网站发布消息，因“Atlas-5”运载火箭发现故障，原定于12月17日进行的“星际客机”（Starliner）首次无人发射推迟两天进行。据报道，该公司在网站消息中说：“‘Atlas-5’运载火箭波音‘星际客机’发射任务推迟至12月19日进行”。消息中指出，在进行发射前检查时，发现吹除用送风总管出现故障。另据波音公司消息，计划在莫斯科时间12月19日14点59分点火发射。目前，俄罗斯“联盟”号宇宙飞船是唯一能够向国际空间站输送宇航员的交通工具。美国太空探索技术公司（SpaceX）正在研发“载人龙”（Crew Dragon）新型飞船；波音公司正在研发“星际客机”（Starliner）新型飞船，目前均处于测试阶段。此前，“载人龙”号飞船已经于3月，以无人驾驶模式完成了与国际空间站的首次对接，暂时计划于2020年第一季度，完成首次赴国际空间站的测试性载人飞行；“星际客机”号计划于12月17日以无人驾驶模式首次飞赴国际空间站，首次载人太空飞行日期未定。
联合国大会通过决议 要求以色列离开所占领戈兰高地,中新网12月4日电 据俄罗斯卫星网报道，联合国大会通过决议，要求以色列离开所占领的戈兰高地。投票结果显示，91个国家投票赞成决议，9个国家反对，65票弃权。据报道，联合国大会的决议文本写道，联合国大会再次要求以色列离开所占领的叙利亚戈兰高地所有地区，撤至1967年6月4日的分界线，以履行联合国安理会相关决议。根据文件，大会声称，以色列1981年12月14日关于在占领的叙利亚戈兰高地设立其法律、司法管辖权和行政管理的决定无效，并且不具有任何法律效力。联合国大会呼吁以色列恢复与叙利亚和黎巴嫩的谈判，并尊重早先进行的谈判中已达成的责任和保证。
匈牙利队员发表辱华言论 中国教练：不干了！,3日，匈牙利短道速滑队主教练张晶因为匈国家队队员公开发表辱华言论而宣布辞职。“我确实从内心是接受不了他们的这种行为，所以提出了辞职。”据悉，张晶是通过微信朋友圈宣布自己的辞职决定的。按照张晶的说法，她已经正式向匈牙利国家队递交辞呈，后续还要看匈牙利方面对于此次事件的处理方式和表态，涉事队员Burjan Csaba“已经被禁赛，并且退出了匈牙利国家队”。有消息称，Burjan Csaba 2日前往上海出战短道速滑世界杯上海站比赛，因通过边检时等待时间过长而在社交媒体上发表了不当言论。张晶个人社交账号声明，图片源于澎湃新闻张晶是我国培养出的一位优秀短道速滑选手。她曾先后代表中国短道速滑队参加1993年世锦赛和1994年挪威利勒哈默尔冬奥会。退役后，张晶出任过吉林短道队的教练。2012年，张晶在中国滑冰协会的支持下转投匈牙利，并带领匈牙利短道速滑队获得平昌冬奥会5000米接力金牌，这也是匈牙利历史上冬奥首金。而Burjan Csaba正是当时这支接力队的成员之一。涉嫌辱华运动员Burjan Csaba
"美通过""维吾尔人权政策法案"" 中方：坚决反对",美国国会众议院刚刚通过了所谓“2019年维吾尔人权政策法案”。该案蓄意诋毁中国新疆的人权状况，大肆抹黑中国去极端化和打击恐怖主义的努力，恶意攻击中国政府治疆政策，严重违反国际法和国际关系基本准则，严重干涉中国内政。中方对此表示强烈愤慨、坚决反对。涉疆问题根本不是人权、民族、宗教问题，而是反暴恐和反分裂问题。新疆曾经深受极端主义、暴恐活动之害。面对严峻形势，新疆自治区政府依法打击暴恐活动，同时重视源头治理，包括积极推进去极端化工作，不断促进经济发展、民族团结和社会和谐稳定。这些措施确保了新疆三年来未发生一起恐怖袭击事件，受到2500万新疆各族人民的普遍支持，也为全球反恐事业作出了积极贡献。国际社会对中国政府治疆政策普遍予以积极评价。2018年底以来，70余批国家和地区官员、国际组织、新闻媒体、宗教团体、专家学者等一千余人参访新疆，他们纷纷称赞新疆反恐、去极端化工作经验值得学习借鉴。今年3月，伊斯兰合作组织外长理事会通过决议，赞赏中国关怀穆斯林群众所作的努力。7月，50余国常驻日内瓦代表联名致函联合国人权理事会主席和人权高专，积极评价中国在反恐和去极端化工作中尊重和保障人权。10月，60多个国家在第74届联大三委会议期间踊跃发言，称赞中国新疆巨大的人权进步。这些都有力证明，美方拿涉疆问题做文章，完全违背事实，完全违背国际社会主流民意。我们要正告美方，新疆事务纯属中国内政，不容任何外国干涉。美方上述法案蓄意抹黑中方反恐和去极端化举措，只会进一步暴露其在反恐问题上的双重标准，只会让中国人民进一步看清其伪善面目和险恶用心。中国政府和人民捍卫国家主权、安全、发展利益的决心坚定不移。美方利用涉疆问题挑拨中国民族关系、破坏新疆繁荣稳定、遏制中国发展壮大的图谋是绝对不可能得逞的。我们奉劝美方立即纠正错误，阻止上述涉疆法案成法，停止利用涉疆问题干涉中国内政。中方将根据形势发展作出进一步反应。（原题为《外交部发言人华春莹就美国国会众议院通过 “2019年维吾尔人权政策法案”发表谈话》）
普京：俄海军装备“口径”导弹舰艇数量将翻倍,[环球网军事报道]俄罗斯卫星通讯社12月3日报道，俄罗斯总统普京表示，2023年前俄罗斯海军装备“口径”远程导弹的舰艇数量计划将增加1倍。报道称，普京在军事会议上表示：“众所周知，这些导弹可以击毁1500千米内的目标，因此完成国家武器发展计划可以使其数量增加1倍。”普京还表示，俄罗斯海军中现代武器的比例为68%。普京称，俄罗斯海军今年将获得超过480部武器和设备，其中包括2艘潜水艇，23艘水面舰艇和补给船只，3架飞机，4套岸防导弹装备以及超过400枚导弹和鱼雷武器。
美拖欠超十亿会费 联合国遇近十年来最严重资金危机,近几个月来，联合国的资金危机持续受到关注。据俄罗斯卫星通讯社3日报道，联合国秘书处发言人通报称，美国在过去几周内缴纳了约5.63亿美元，但仍然不足以偿还美国目前为止拖欠的会费。联合国经费由193个会员国分摊，分摊比例依据会员国的经济实力决定。联合国秘书长古特雷斯10月表示，由于一些会员国拖欠会费，联合国遭遇了近10年来最严重的资金危机，员工面临发不出工资的局面，同传和翻译服务减少，部分招待会取消，自动扶梯和广场喷泉也一度关闭。而在所有会员国中，美国拖欠的会费最多，共10.55亿美元，包括本年度拖欠会费6.74亿美元和往年拖欠会费3.81亿美元。联合国秘书处发言人在通报中称，美国在过去几周内缴纳了约5.63亿美元，但也仅为拖欠会费的一半。专家：不符合自己利益 美国就不交会费美国哈姆莱大学政治学教授大卫∙舒尔茨表示，美国拖欠巨额联合国会费，显示美国政府不重视国际外交的作用、走孤立主义路线。他直言美国的许多保守主义、孤立主义者一向不喜欢联合国，因为联合国的行动并不总是符合美国的利益，美国从上世纪80年代就开始拖欠联合国会费，以此表达不满。他还大胆预测，美国未来还将继续拖欠联合国会费。（原题为《美国拖欠超十亿会费 联合国遭遇资金危机》）
美国霸权滚出香港！香港市民到美驻港总领馆抗议,香港市民到美国驻港总领馆抗议（来源：文汇报）海外网12月4日电 美方将所谓“香港人权与民主法案”签署成法，引起香港市民强烈不满。12月3日，大批香港市民至美国驻港总领事馆，抗议美国通过相关“法案”，指香港属于中国领土，不容美国粗暴干预中国内政。综合《大公报》《文汇报》4日消息，香港民间团体“同心护港”多名成员从中环遮打花园出发，行至美国驻港总领事馆。他们手持“谴责美国霸权入侵香港，干预中国内政滚出香港”等标语，高举中国国旗、香港特区区旗，高喊“打倒美国霸权““滚出香港”等口号，强烈谴责美方通过有关“法案”，并为一旁的警察加油打气。“同心护港”发言人、活动召集人曹达明表示，发起本次抗议游行是为了向美国驻港总领事馆表达，香港是中国领土，不容美国打着“民主”的旗号干预中国内政。曹达明认为，所谓的“香港人权与民主法案”只是“废纸”，对中国人来说完全没有作用。他批评美国此次干预香港事务的手段“非常粗暴”。曹达明称，香港自回归以来，在“一国两制”制度优势下，基本法多年来行之有效。然而外国势力始终没有放弃任何机会干预香港事务，经常指指点点。自2015年开始，每年都有反中乱港者赴美国国会听证会抹黑香港，乞求美国制订所谓“香港人权与民主法案”。曹达明直言，此次近半年的社会事件，美国是“幕后黑手”，纵容“港独分子”大肆破坏香港。美国公然为香港暴力分子打气，搞“双重标准”，违反民主自由公义，背后策动煽暴派来捣乱香港的社会秩序，干预香港事务，恐吓港人冻结企业及自由贸易等，这完全是霸权主义的表现。他呼吁爱国爱港的港人团结起来，为香港“一国两制”发声，不容美国打着伪民主旗号来“主宰我们的土地”。当地时间11月27日，美方不顾中方的强烈反对，一意孤行，将“香港人权与民主法案”签署成法。对此，中国外交部回应，此举严重干预香港事务，严重干涉中国内政，严重违反国际法和国际关系基本准则，是赤裸裸的霸权行径，中国政府和人民坚决反对。针对美方无理行为，中国政府决定暂停审批美军舰机赴港休整的申请。同时，对“美国国家民主基金会”“美国国际事务民主协会”“美国国际共和研究所”“人权观察”“自由之家”等在香港修例风波中表现恶劣的非政府组织实施制裁。林郑月娥（来源：文汇网）昨日（3日），香港特区政府行政长官林郑月娥指出，中央采取反制措施是外交事务，特区政府将依法按中央要求配合及跟进。她重申，特区政府强烈反对美国签署有关法案，认为法案完全无必要及无理据，强调香港市民的人权及自由受基本法保障，在集会示威、宗教及采访等方面都享有高度自由，她批评外国政府及议会以自身法例干预香港事务，令人遗憾。来源：人民日报客户端“人民锐评”评论认为，美方不顾中方多次严正交涉，悍然将所谓“2019年香港人权与民主法案”签署成法。用国内法处理国际事务，是对中国内政的粗暴干涉，是对香港同胞共同利益的严重损害，是对全体中国人民的直接挑衅。祖国和14亿同胞始终是香港的最坚强后盾，任何人都阻挡不了香港融入国家发展大局的步伐。面对所谓法案，中国并不缺少见招拆招的反制工具，更不缺少维护香港繁荣稳定的决心和能力。（海外网/朱箫）
驻日美军两栖战力翻番 最强准航母满载F35B部署日本,[环球时报报道 特约记者 武彦]作为美国快速武力干预亚太事务的骨干力量，驻日本佐世保基地的美军两栖舰队正迎来近年罕见的大扩军。据美国《星条旗报》3日披露，近期驻佐世保基地的美军大型两栖登陆舰数量将从3艘猛增至5艘，其中包括可以起降F-35B隐形战斗机、战力远超轻型航母的“美国”号两栖攻击舰。同时，美国海军还签署价值222亿美元的“史上最大潜艇订单”，计划新建9艘改进型“弗吉尼亚”级攻击核潜艇，以应对“中俄水下力量的挑战”。报道称，美国“新奥尔良”号船坞登陆舰横跨太平洋，于12月1日抵达佐世保基地。这艘排水量达2.5万吨的大型两栖舰艇号称“全能选手”，可以搭载先进两栖突击车、气垫登陆艇以及“鱼鹰”倾转旋翼飞机，确保美国海军陆战队的立体登陆能力。更重要的是，排水量高达4.5万吨、可以搭载F-35B隐形战斗机的“美国”号两栖攻击舰也将于近期抵达佐世保基地，它将成为美军亚太两栖舰艇部队的旗舰。报道称，这些舰艇将与当前部署佐世保的其他登陆舰艇协同作战，“提供亚太地区最高效的两栖能力”。据介绍，随着这两艘新锐战舰的加入，美军第七舰队的两栖舰艇总数将从3艘增加到5艘。背后的改变不仅是舰艇数字的增加，其战力更发生翻天覆地的变化。报道称，此前驻日本的两栖舰艇包括“惠德贝岛”级船坞登陆舰“日耳曼城”号、“阿什兰”号和新型“圣安东尼奥”级船坞登陆舰“绿湾”号。这些舰艇更偏重运输功能，在“风险较高”的区域执行登陆使命时，必须得到己方舰队的强力掩护，老式“惠德贝岛”级登陆舰的这项弱点尤其突出。而即将抵达的“美国”号两栖攻击舰不但吨位更大，而且能依托强大的空中突击能力，进行由海到陆的纵深打击，并配以大规模直升机垂直登陆。今年10月，五角大楼公布“美国”号两栖攻击舰搭载13架F-35B战斗机在东太平洋地区活动的照片，以彰显其强大的航空作战能力。美媒宣称，这次演练证实了通过搭载海军陆战队的F-35B，可以快速将两栖攻击舰转变为轻型航母。而F-35B强大的航空作战能力，让“美国”号的实际战力远超大部分国家的轻型航母。据介绍，由于美国航母数量难以支持五角大楼全球部署的需求，美军有意通过大型两栖攻击舰携带F-35B战斗机，承担部分航母的使命。除了最新的“美国”号外，较老的8艘“黄蜂”级两栖攻击舰也将陆续接受起降F-35B战斗机的适应性改造。日本共同社称，相比此前曾部署日本的“黄蜂”号两栖攻击舰，“美国”号的甲板更宽广，机库等设施更全面。“美国”号两栖攻击舰通过优化设计，可以支持F-35B和“鱼鹰”同时运作，“鱼鹰”负责突击登陆，F-35B提供空中掩护。日本方面认为，“美国”号进驻日本，意在瞄准朝鲜的核导开发以及中国的海洋活动，加强在亚太的航空攻击能力。美国海军针对中俄的动作还不仅于此。美国《防务新闻》3日称，美国海军海上系统司令部授予通用动力电船公司“有史以来最大的潜艇合同”：新建9艘改进型“弗吉尼亚”级攻击核潜艇，价值高达222亿美元。报道称，其中8艘新型核潜艇将添设额外的导弹舱，以提升其远程导弹打击能力。美国“福布斯”网站3日称，美国海军认为，中俄水下力量的快速现代化，对美国海军提出强大挑战。“俄海军放弃新建大型水面舰艇的同时，却一直在发展更致命的先进潜艇；借助更安静的设计和远程潜射导弹的部署，中国潜艇的威胁相比1996年提升了10倍。”
两香港男生打砸港铁每人判赔14万 当天上缴否则坐牢,作者 | 朱箫▲暴徒多次破坏路轨（来源：大公报）港铁屡成暴徒攻击目标，两名15岁及17岁的学生，今年九月接连毁坏三个轻铁站的售票机、拍卡机等多项设施。二人早前认罪，裁判官昨日（3日）斥责其行为影响市民出行，判二人入住“更生中心”，并要在当日内各赔偿超14万（港币，下同）维修费，或由家人代赔，若赔款不足，法庭有权以监禁替代。综合《文汇报》《大公报》12月4日消息，两名被告分别是，17岁的VTC屯门青年学院二年级学生郭溢朗，和一名15岁的中学生。他们于今年9月7日，分别刑事毁坏轻铁蝴蝶站、屯门泳池站及兆麟站共五部售票机、七部拍卡机及十二部闭路电视镜头，包括毁坏售票机屏幕、向闭路电视镜头喷黑漆等，维修费逾28万元。两人早前承认三项刑事毁坏罪，自案发被捕后，已被羁押近三个月，昨日在屯门法院候判。辩方求情时称，郭溢朗是家中独子，用了“不正确的途径”表达“理念”，现已感到十分抱歉，同时深知自己鲁莽并向公众致歉，希望法庭处以非监禁刑罚。至于15岁被告，辩方称，他是一名“头脑简单的孩子”，只因“一时冲动”才犯案，他现已有深切教训，称“不再重犯”。署理主任裁判官张洁宜指出，由于两名被告年纪轻，本来法庭判罚时，按例须以协助他们改过自新的角度出发，尽量不判拘禁惩罚。然而，本案案情非常严重，因他们“响应网上号召”而共同犯事，带硬物、喷漆等到轻铁站搞破坏，更戴口罩蒙面试图掩饰身份，显示他们有预谋犯案。张洁宜称，他们明知破坏三个轻铁站，必会影响市民，但仍照做，可谓明知故犯。裁判官认为，短期拘押有助两名被告改过自新，接受有规律训练及进修。一般而言，判入更生中心的人须拘押入住3至9个月。▲来源：文汇报值得一提的是，两名被告早前认罪后，裁判官发现赔偿令金额可能超出法例所限，昨日复核有关赔偿令时，最终仍维持两被告各赔逾14万元。根据《裁判官条例》第98条，裁判官裁定任何人犯了“某项罪行”并判罚，可命令罪犯作不超过10万元补偿。裁判官表示，若据上述条例，无权就“单一控罪”颁令赔偿超过10万元，但本案涉及三项刑事毁坏罪，因此决定按三罪损坏情况分别颁赔偿令，各牵涉维修费34000多元至55000多元不等，总赔偿额仍为14万多元。裁判官下令，两人需在当日内将赔偿款给港铁。根据《裁判官条例》，当裁判官判处赔偿而没获得缴付时，可按照相关条文将罪犯押交监狱，判处与赔偿额相应的监禁替代。报道称，17岁被告郭溢朗的律师表示，郭的父母对于儿子所做所为“感到震惊”，愿意全数赔偿；而15岁被告的父母昨日已带备金钱，表示会通过法庭全数赔偿给港铁。香港的暴力活动已经持续超过五个月，港铁多次成为暴徒的破坏目标。香港铁路工会联合会副主席谭建钊早前表示，港铁是香港重要的交通工具之一，但近期港铁车站设施受破坏的程度严重，影响广大市民出行。他强调，公众要明白破坏港铁设施的后果，涉事者需要受到法律的制裁，也有可能负上民事责任。
"东京大学准教授侮辱中国人：遭金主撤资""无奈""道歉",作者 | 王西洛▲发表歧视中国人言论的大泽升平（日本WBS电视台）近日，一名日本男性以东京大学大学院特任准教授的名义，在推特上发表“不录用中国人”等歧视言论，引发极大争议。他在东大负责只是由企业和个人赞助的特别课程，事发之后，东大方面公开道歉，赞助其课程的全部3家企业宣布停止向东大捐款，其所担任CEO的Daisy公司的瑞士合作企业也宣布取消合作关系。▲他在“推特”上发表的歧视中国人的言论（Twitter）综合日本《朝日新闻》、BUSINESS INSIDER网站、《女性自身》杂志报道，该男子名为大泽升平，自称东京大学情报学环・学际情报学府“最年轻的准教授”，但他在东大所负责的课程，是由3家企业出资赞助的特别课程。赞助企业全部撤资 东大职位或不保大泽在东大负责的讲座，是由日本Monex集团、aucfun株式会社和大广株式会社出资赞助的，赞助金额为1.4亿日元（约合人民币900万元）。▲Monex集团的声明（朝日新闻）在大泽发表歧视中国人言论之后，其特别课程赞助商之一的日本Monex集团11月24日宣布，虽然早前东大发布声明称该男子言论与本校无关，但Monex方面还是无法接受该男子的观点，对于他的言论和导致的后果非常深感遗憾，并将中止对他所负责讲座的资助。报道还称，Monex负责人在接受采访时表示，该企业有很多中国员工，并且十分重视价值观的多元化，而该男子的发言与该企业的人权方针相悖。aucfun株式会社和大广株式会社也在11月25日分别发表声明，宣布停止向大泽负责的讲座捐款。据东大情报学环总务科称，正在与3家企业商讨如何处理已经汇给东大的2020年度赞助款。如果3家企业按照声明停止赞助，该讲座就将废止，而因该讲座而被雇佣的大泽，将失去其在东大的职位。东大连发道歉声明 成立调查委员会针对大泽的发言，11月24日，东京大学情报学环・学际情报学府以学府长越塚登的名义在其官方网站挂出了声明，对此说明称：“近日，在社交媒体上，流传着东京大学情报学环・学际情报学府一名短期雇佣教职员（特任准教授）的多条涉及特定个人、特定国家和相关国家人群等不合适言论。发表相关言论是该教员个人及其兼职组织的行为，和学府没有任何关系。”▲东大情报学环就该事件接连发布多条声明（BUSINESS INSIDER网站）但该声明未提及涉事准教授的具体姓名，也未提及后续如何处理。这也引发东大学生，尤其是留学生的不满，有自称东大学生的网友表示，大泽的发言涉嫌违反东京大学的信息伦理规定，已经将相关情况通报东大法务科。11月28日，东京大学情报学环，再次在其官方网站发布声明，向该学环学生解释事情经过，并对该事件表示遗憾，并表示已经要求大泽删除相关推特，但遭到拒绝。东京大学情报学环当天还宣布成立事件调查委员会，对大泽进行调查。11月29日，东京大学情报学环在其官方网站发布了情报学环留学生委员会的声明，对大泽的言论表示了强烈的谴责，并表示将致力于为留学生打造安全安心的校园环境，随时欢迎留学生进行心理咨询。合作企业解除合作 大泽“无奈”道歉11月27日，瑞士企业Steamr宣布取消与大泽担任CEO的Daisy公司的合作关系，该公司创始人称“大泽的种族歧视言论显示了其丑恶嘴脸，这令我十分震惊”。报道称，这对大泽的事业造成巨大冲击。
日本女星向政府请愿 抗议企业禁止女性戴眼镜,作者 | 刘强▲日本女星石川优实（法新社）今年初，32岁的日本女星石川优实发起一项运动，抵制日本职场强制女员工穿高跟鞋的不合理规定，获得广大民众支持。现在，她又盯上了另一项职场穿着规定：禁止女性戴眼镜。据法新社报道，石川优实因反对日本的办公室文化而声名远扬。在日本，无论是求职或上班，女性几乎都必须穿上高跟鞋，石川因此发起“#KuToo”运动。KuToo在日语中一语双关，一是kutsu，意思是鞋子；二是kutsuu，意思是痛苦。▲资料图：戴眼镜的职场女性（东方IC）石川优实的最新目标，是要求放宽眼镜禁令，她3日已经把超过3.1万人连署签名的请愿书递交给了厚生劳动省。她告诉媒体，“问题的根本原因是（有些公司）只对女性有规定，例如禁止戴眼镜或要求化妆”，“这种做法必须加以审查”。一名要求匿名的28岁上班族表示，她的公司禁止配戴眼镜，因为对方声称配戴眼镜会让员工的“脸部表情冷漠”。这名接待员说，她因干眼症已戴眼镜十几年，“戴隐形眼镜让我感到不舒服，并担心眼睛疾病可能恶化”。▲资料图：穿高跟鞋的职场女性（东方IC）日本就业服务机构的员工表示，有些公司会要求接待员不要戴眼镜，这是穿着要求的一部份，其他还包括禁止染发、美甲等。石川优实今年6月向日本政府提交一份请愿书，呼吁制定法律，将必须穿高跟鞋视为骚扰行为。但她表示，没有积极进展，她很惊讶10月发布的政府草案中，没有提到高跟鞋。她说，高跟鞋就像是现代裹脚。此外，还有一些人呼吁日本职场放宽其他穿着规定，例如男性几乎都要穿西装。
法美发生贸易摩擦 美国将关税“武器”挥向盟友？,中新网12月4日电 综合报道，美国白宫2日曾表示，可能对价值24亿美元的法国香槟，葡萄酒，奶酪和奢侈品进口征收高达100%的关税，以回应法国对美国科技巨头征收的“数字税”。3日晚些时候，在与法国总统马克龙举行的联合新闻发布会上，特朗普态度似乎放软，声称两国可以在贸易中“做出一些努力”。资料图：法国总统马克龙。【摩擦渐起 美国扬言对法国征收惩罚性关税】据报道，美国贸易代表莱特希泽2日称，法国数码服务税“歧视”美国互联网企业，因此提议美国政府向价值24亿美元的法国产品加征最高达100%的关税。这些法国产品包括香槟、手袋、芝士等。同日，世界贸易组织发表报告称，法国“空中巴士”(Airbus)得到欧盟国家补贴，削弱了美国波音公司的竞争力，美国正准备向法国空中巴士征收报复性关税。有媒体预测，新一轮美欧贸易战或将再次开打。莱特希泽当天下午在一份声明中说，“301调查”显示法国数码服务税“歧视”谷歌、苹果、脸书和亚马逊等美国互联网巨头，给美国企业带来“负担”，同时也不符合现行国际税收政策原则，威胁对法国约24亿美元的输美商品加征最高达100%的关税。可能面临美国提高关税的法国商品包括香槟、芝士、奶油、化妆品和手袋等，但未包括美国总统特朗普一再威胁锁定的红酒。据美国CNBC此前报道，美国是法国最大的红酒出口市场，2018年，法国向美国出口了36亿美元的红酒。资料图：美国总统特朗普。中新社记者 陈孟统 摄【法国表态：不可接受，或将报复】对此，马克龙和他的财政部长都警告说，如果美国实施加征关税措施，欧洲将陷入困境。法国经济和财政部长勒梅尔3日接受采访时表示，美国政府宣布拟对法国产品加征关税“不可接受”，如果美方实施制裁，欧盟将准备进行还击。勒梅尔称，美国政府不应对法国和其他欧洲国家采取此类行动。法国面向世界各地的企业征收数码税，是非歧视性措施，旨在“恢复税务公正”。他警告说：“我们必须避免陷入这场冲突，冲突升级不利于贸易和经济增长。”法国经济和财政部重申，法国在对互联网巨头征收“数字税”方面不会退缩。资料图：法国总统马克龙。中新社记者 李洋 摄【特朗普与马克龙会晤 批其“无礼”】报道称，由于在许多问题上有分歧，3日抵达伦敦准备参加北约峰会的特朗普做的第一件事就是抨击法国总统马克龙。马克龙上月初曾指北约处于“脑死亡”状态，暗批美国未和盟友商量从叙利亚撤军，特朗普回应称，马克龙的说法“很无礼”，既“冒犯”又“不尊重”，还嘲讽法国现在经济很差，失业率飙升。特朗普还称“没有人比法国更需要北约，而从北约获益最少的就是美国。”特朗普还宣称预见法国会退出北约，但未进一步解释。据悉，美国特朗普政府近期再发动新的贸易战线。除针对法国外，当地时间12月2日，特朗普宣布立即恢复对巴西和阿根廷输美的钢铁和铝产品加征关税，并指两国的货币一直在大幅贬值，对美国农民不利。
专家：歼20设计时高估了对手 F22部分指标注水忽悠,近日，关于美国F-22的争论又多了起来。作为史上首个第四代（新标准第五代）战斗机，F-22首次成功地将机动性、敏捷性、隐身性和航电优势结合了起来。航展上F-22喷吐着加力火舌拔地而起，令人震撼。但有专家称，F-22部分性能参数注水，部分指标被歼-20超出不少，这是怎么一回事儿呢？ （来自：烽火君）争论源自一段采访。国内著名军事专家傅前哨曾多次介绍，中国歼-20的最大升力系数是“目前所有战斗机中最高的”。这并不奇怪，歼-20集合了中国几十年气动技术之大成，融合鸭翼、边条翼等设计，对涡流耦合增升的充分利用可谓史无前例。（飞机最大升力系数是升力曲线中的极限值，通常在低空、低马赫数、大迎角情况下达到，可以反映一部分气动性能） （来自：烽火君）当时国内科研人员同样感到惊讶和困惑，F-22只不过是中等后掠角蝶形翼，用进气道外缘兼顾边条翼，加上机头涡流也不够，怎么可能把最大升力系数做到那么高？傅前哨说，后来才知道，F-22实际最大升力系数其实只有1.5。换句话讲，美国当年宣传完全是故意注水。 （来自：烽火君）傅前哨毕业于著名的西北工业大学，空气动力学专业，与歼-20总设计师杨伟是校友。他从空军机械师做起，发明航空技术专利十几项，各类著作数千篇。有资深军迷网友称，国内后来曾还原过F-22的气动模型，进行风洞测试，最大升力系数确实达不到2.0的宣传水平。 （来自：烽火君）歼-20立项设计时，正好是F-22接近投产的时候，F-22对外公布的高指标自然会影响歼-20。有网友据此调侃说歼-20是被美国F-22“忽悠”被逼出来的，说歼-20设计团队上手就是hard模式，但最终还是做出来了，让歼-20最大升力系数真正达到了2.0级别。 （来自：烽火君）但是要注意，歼-20采用如此先进而独特的鸭式气动布局，是中国从70年代就开始打下的研究基础厚积薄发的结果，绝不是被忽悠而导致“误入歧途”。事实上歼-20不仅拥有现役战机中最高的最大升力系数值，超音速飞行阻力系数也是五代机中最小的，可以说是低速机动性和超音速巡航这一对矛盾的一种最优解。 （来自：烽火君）还有就是，傅前哨也没有“踩”F-22。飞机最大升力系数是升力曲线中的极限值，通常在中低马赫数、大迎角情况下达到；但能不能实际达到并利用是另外一回事儿。不论真实的最大升力系数是多少，F-22通过气动优化手段和先进电传飞控，至少最大可用升力系数依然很高；再加上给力的发动机，最终仍获得了首屈一指的机动性。（图为航展照片拼接示意，不代表F-22真实盘旋性能） （来自：烽火君）举个例子，三代机的“狗斗王者”F-16最大升力系数约1.4，但22度迎角就会发生抖振和航向安定性不足，只能加装迎角限制器避免失控，实际最大可用升力系数只有约1.2。类似地，苏-27也有27度的人为迎角限制；幻影2000大三角翼升力系数理论极值也高达1.6，但是实际可用也仅在1.1级别。三代机中做的最好的是F/A-18，最大可控攻角达40度，但仍无法全部发挥气动潜力。 （来自：烽火君）而像歼-20这样的四代机设计时，不仅气动底子就高了一个层次，减缓甚至部分消除了高攻角情况下的抖振和失控危险；更是在飞控方面再进一步，极大释放了气动潜力。毕竟气动、飞控、结构材料等因素互相影响的情况十分复杂，背后的技术功底也不是最大升力系数这一两个理论指标就能完全反映的。 （来自：烽火君）还有一点，发动机推力确实也会明显影响很多机动性指标（不是全部），因为推重比是飞机的三大基础参数之一。坦率地说，动力的相对落后，确实拖了歼-20的后腿；但这也意味着一旦换上同级发动机，歼-20可以更好地发挥气动优势，未来潜力更大。近日曝光的照片显示，歼-20已经换上了国产新型发动机，喷出明亮的红色火焰，国产动力已担大任。 （来自：烽火君）总而言之，F-22首次集机动和隐身于一体，设计理念引领了时代潮流；但局限于1990的设计年代，部分指标过时也属正常。歼-20技术厚积薄发，再加上后发优势，引领了新的潮流也别觉得不可思议，不然怎么解释这两年那么多美欧六代机方案居然与歼-20雷同？ （来自：烽火君）至于所谓宣传策略、战略忽悠，这些真假虚实的互撩手段其实一直是常态。平日调侃玩笑一番也无所谓，切莫过于上心。只有一直努力才能看起来毫不费力，技术突破不是一朝一夕的事情，继续安心科研攻关，取得实实在在的成绩，才不会被人所左右。[文/妹子杨] （来自：烽火君）本栏目所有文章目的在于传递更多信息，并不代表本网赞同其观点和对其真实性负责。凡本网注明版权所有的作品，版权均属于新浪网，凡署名作者的，版权则属原作者或出版人所有，未经本网或作者授权不得转载、摘编或利用其它方式使用上述作品。新浪军事：最多军迷首选的军事门户！
印度光辉战机换新雷达 宣称性能超歼10轻松压制枭龙,作者署名：军情解析 东风刃“30年磨一剑”的光辉战斗机近日，据印度国防部消息，印度斯坦航空公司（HAL） 与以色列航空工业公司（IAI） 签署了两份合同。合同的内容是为光辉战斗机采购两种主要的航空电子系统，而这两种电子设备将确定改进型“光辉”战斗机的作战能力。该战机在装备了这两种电子系统约改进型将被称为光辉Mark 1A。这两种设备都是由以色列航空工业公司子公司EIta开发的，分别是ELM-2052 AESA雷达与“电子战”系统。将要装备在光辉上的以色列AESA雷达印度的战机计划可谓好事多磨。“光辉”战机的“LCA”计划，虽然早在上个世纪80年代就已提出，但是这款开发了30多年的战机直到2015年才终于交付给印度空军服役。如果用一个成语来形容印度的战机研发计划特点那就是“好高骛远”。从气动外形来看这款战机采用了无尾三角翼的设计，非常类似法国的幻影系列，这种设计原本的打算是为了实现高空高速的截击，但又不适合LCA设计中的对地支援的定位。可以说这款战机自诞生起就是非常纠结的。光辉机头以及座舱特写然而到最后这款战机也没有实现高空高速截击的性能：这款战机的极速只有1.6马赫。比其原本的模仿对象，并不追求高空高速性能的F16的2马赫还要低不少。并且光辉号称大规模采用了复合材料，能够实现重量轻强度高。但是到了现实中，不知道印度斯坦航空公司采用的到底是哪门子复合材料，光辉实际的机体过载只能达到5.5G，这意味着光辉很有可能因为一些作战中的高过载机动就在半空中断成两半。装备有源相控阵雷达的歼10C过去这款战斗机被许多印度媒体报道为印度国产的世上“最先进”的三代战斗机，但是稍微明眼的人就能看出来，连三代先进战斗机的标配，有源相控阵雷达都没有装备，光辉又何德何能称得上先进三代战斗机。与此同时，在印度一直被拿来和光辉比较的歼10系列，最新批次的生产型号全都装备了有源相控阵雷达。这也不由得使得印度媒体在报道时带有一丝的酸味。而这次光辉在将要换装以色列的AESA雷达合同公布之后，许多印度媒体顺势炒作了起来，宣称光辉在换装采用有源相控阵技术的雷达之后将实现对中国歼10系列的完全超越，击败巴基斯坦的枭龙战斗机更是不在话下。之前光辉打算换装的欧洲流星导弹不过理想很丰满，现实很骨感，光辉这是成也萧何败也萧何。因为光辉虽然号称是印度的国产战机，但是除了机身是印度制造的之外，几乎所有的子系统全是从国外采购的，而且采购的各个子系统的生产国也不一样，这导致各个子系统之间兼容就成了一个老大难问题。这次也是一样，这批改进型的光辉Mark 1A原本打算是要装备欧洲各国联合生产的流星导弹。然而在印度与以色列签署换装相控阵雷达合同之前，生产流星导弹的欧洲公司就向印度警告说，欧洲的导弹系统并不能与以色列研发的雷达系统兼容。印度自研的有源相控阵雷达生产流星公司给印度的选择是，印度要么选择欧洲的雷达，要么印度自己研发一款能够与流星导弹兼容的雷达。但是印度的国产装备自然能力也是有目共睹的，其国产有源相控阵雷达除了在一些航展中拿出几个模型之外就再也没了下文。这也是印度选择以色列雷达的原因。然而这次鱼和熊掌不可兼得，要么选先进雷达，要么选先进导弹，这次印度把先进导弹给放弃了，而印度自己与光辉战斗机相配合的导弹又迟迟未能完成。那么光辉的战斗力即使有了先进雷达的加持，没有了先进导弹也只不过是空谈罢了。本栏目所有文章目的在于传递更多信息，并不代表本网赞同其观点和对其真实性负责。凡本网注明版权所有的作品，版权均属于新浪网，凡署名作者的，版权则属原作者或出版人所有，未经本网或作者授权不得转载、摘编或利用其它方式使用上述作品。新浪军事：最多军迷首选的军事门户！
