小凉帽获第十四届加拿大中国电影节最佳儿童片奖,2019年11月29日晚，第十四届加拿大中国电影节在温哥华市中心Play House大剧院隆重举行，加拿大各族裔侨领代表，以及来自影视界、文化界的共计600名嘉宾齐聚大剧院见证盛典。《小凉帽之白鹭归来》斩获最佳儿童片奖。加拿大中国电影节是最早在海外举办的中国电影节，是中国电影走向北美的最重要平台，具有广泛的国际影响力。加拿大国会议员Alice Wong、BC省议员Teresa Wat、BC省议员Michael Lee，以及中华人民共和国驻温哥华代总领事孔玮玮均发来贺信，对加拿大中国电影节的成功举办表达诚挚的祝贺。继威尼斯电影奖、玉猴奖、金竹奖、加拿大中国电影节等一系列国内国际大奖的获得，标志着小凉帽已跻身为具有国际影响力的动漫IP。《小凉帽之白鹭归来》共26集，是小凉帽系列动画片第一季。动画由知名导演贺明泉执导，故事改编自知名作家胡梅林创作的童话小说《会飞的小凉帽》，故事讲述了生活在客家赤竹镇的小姐妹阿凉和阿妹拯救受伤白鹭，勇斗偷猎黑商，并意外获得凉帽魔法，成为森林动物守护者。浓郁的岭南人文背景、神奇的森林、温馨的家园、美丽的小镇和快乐的小动物伙伴，演绎了小凉帽快乐成长的童年时光。该片即将在央视、金鹰、嘉佳、深视、腾讯、爱奇艺、优酷等主流频道黄金时段播出。此前，小凉帽12分钟VR电影作品获得2017年威尼斯电影奖亚太单元最佳沉浸影片和最佳未来影片两项金狮奖。影片在华侨城旗下V谷乐园播出后，累计接待超百万人次，体验式观影票房及衍生收入超亿元，成为中国最卖座的VR电影之一。《会飞的小凉帽》图书和广播剧自今年6月出版播出以来，在深圳飞扬971、喜马拉雅等平台总播放量已突破2000万次，成为最热门儿童广播剧之一。小凉帽作为全球文旅四强华侨城集团旗下重磅打造的超级IP，自2016年诞生以来，迅速形成了绘本、小说、广播剧、VR电影、TV动画等多种艺术作品，受到央视新闻联播、焦点访谈等主流媒体多次深度报道，近期由广东省推荐为国家广电总局重点题材创作项目。频频夺得大奖的小凉帽IP正快速崛起，展现其国际影响力，成为讲好中国故事的代表作品。小凉帽故事创作原生地深圳甘坑客家小镇，也从名不经传的破旧老村，成为深圳十大文化街区之一，累计接待游客已突破600万人次，成为深圳文化新地标。温哥华是北美三大电影工业中心之一，人称加拿大“好莱坞”，小凉帽此次电影节展播收到各界好评，多家北美视频平台表达发行意向，为动画片进入北美市场打下良好的基础。(责编：Koyo)
张力尹献唱《答案》MV发布 娓娓道来内心情感,爱情悬疑剧《漫长的告别》自上线以来，热度不断攀升。少年为爱追凶，扑朔迷离的案情，引发了观众的追剧热情。随着该剧的播出，电视剧OST也受到不少观众的喜爱。其中张力尹为电视剧献唱的插曲《答案》，更是被网友们频频求音源。今天歌曲和MV正式上线。在张力尹深情婉转的嗓音中，去探寻真相的答案。张力尹深情献唱插曲迷雾中寻找《答案》张力尹演唱电视剧插曲《答案》，歌曲由张鹏鹏作词，吴姝霆作曲，陈沁扬担任制作人。钢琴和弦乐声渐起，张力尹情感充沛的嗓音像一首叙事诗，将内心的情感娓娓道来。副歌部分，饱满大气的弦乐交织，她高亢的声线将情绪一层层推进。这首歌曲对应剧中人物陈雪，歌曲MV也是以陈雪为视角展开，在情感两难中，等待迷雾散开，寻找答案。陈雪和连舟的感情将会何去何从，还是等待剧情慢慢揭晓。电视剧《漫长的告别》播出中再掀悬疑热《漫长的告别》是由刘阳、吴昊担任制作人，马志宇执导，由周峻纬、何晟铭、蒲巴甲、习雪领衔主演，由范雷、张经伟、王艺明、高曙光、傅亨、党浩予、冯若绮等主演的爱情悬疑剧。男主连舟（周峻纬饰）的漫长追凶路上，与刑警付翔（何晟铭饰）产生了深厚的友谊，并结识了陈雪（习雪饰）等人。随着剧情的层层推进，线索不断浮出水面，观众们也越来越期待案件的真相。《答案》由完美青春（成都）文化传播有限公司制作及营销。看《漫长的告别》，跟随张力尹独具质感的嗓音，去探寻答案。特别声明：以上文章内容仅代表作者本人观点，不代表新浪网观点或立场。如有关于作品内容、版权或其它问题请于作品发表后的30日内与新浪网联系。
《燥梦英雄》剧组亮相海南岛国际电影节红毯,12月1日，由国家电影局指导，中央广播电视总台，海南省人民政府主办的第二届海南岛国际电影节在海南三亚拉开帷幕，作为国内最重要的电影盛事之一，此次海南岛国际电影节吸引了国内外众多优秀的电影人出席。开幕当天，海南岛的红毯星光熠熠，秦昊、张译、李晨、杨幂、赵薇、黄圣依、陈小春、任达华、蒋雯丽、谢飞、黄建新等上百位中外电影人走上电影节红毯。音乐励志电影《燥梦英雄》剧组获组委会邀请参加开幕式红毯，导演兼制片人杨博、编剧温岩晶、演员林永灿盛装出席，该片由胡海泉担任监制，阮世生担任艺术顾问，宋洋、陈意涵领衔主演，及陈翔、高捷、张可盈曹然然联袂出演，主要讲述一支以梦为马，坚持不懈的年轻乐队，排除万难实现自己的音乐梦想。目前，该片青岛冬季部分已拍摄取景完成，将于2020年继续拍摄春季部分，于年底与观众见面。(责编：Koyo)
蔡徐坤谈舆论困扰 用音乐的方式回应争议,新浪娱乐讯 本周四，《限定的记忆》即将迎来最后一位主人公——蔡徐坤[微博]。自出道以来，关于蔡徐坤的标签和新闻层出不穷。节目中，蔡徐坤正面回应争议。蔡徐坤谈舆论困扰 选择用音乐来回应“委屈”NINEPERCENT出道的一年半时间里，蔡徐坤在享受着巨大光环的同时，也承受着同样的压力与烦恼。虽然蔡徐坤一直都专注于自己的音乐，“但公众的注意力好像并不在舞台上”。蔡徐坤表示疑惑：“好像我并没有做奇怪的事情，为什么会这样？”在歌曲作品“不出圈”和被误解的困扰下，蔡徐坤了解到抱怨并不能改变现状，于是选择对新闻置之不理，选择让自己“小小的失忆”来更专注音乐。蔡徐坤表示，只想做自己想做的音乐，一切的委屈，会用音乐的方式来回应。自《偶像练习生》毕业之后，蔡徐坤没有参加太多综艺节目和影视剧拍摄，而是专注于打造自己的单曲，可见蔡徐坤对音乐的热爱。蔡徐坤表示，曾听到别人说自己是个“疯子”，是很偏执的人，为了做音乐，已然放弃了生活。无疑，是音乐激活了蔡徐坤的“偏执与疯狂”。蔡徐坤排练花絮曝光 与舞者分享歌曲背后的故事节目预告中，还曝光了多段蔡徐坤的彩排幕后花絮。在歌曲《蒙着眼》排练时，蔡徐坤与舞者们分享自己的创作初衷，全英文为舞者们讲解歌曲的情绪、故事、创作背景，以帮助舞者们更好的表演；《重生》的乐队排练，蔡徐坤增加了电子元素，并表示live版会更加躁一点，“是一件蛮酷、蛮好玩的事情”。蔡徐坤为《限定的记忆》录制新歌的花絮中，透露《梦》这首歌竟然是他在刚刚录制完《偶像练习生》时期创作的，在一年多后才决定放在NINEPERCENT 的专辑里发表出来。蔡徐坤表示，《梦》这首歌比较符合团体专辑，也符合“限定的记忆”这个概念。“因为那一刻（《偶像练习生》出道），我们九个人好像都离自己的梦更近了，但好像所有人都没有想到，那一刻，（一切）才刚刚开始。”不仅是歌曲、舞蹈的排练，连现场的舞美、灯光，蔡徐坤都亲自参与讨论和设计，尽显“细节控”特质。(责编：哈哈大王)
《鹤唳华亭》剧情催泪 王劲松罗晋师徒情深,中新网12月3日电 由优酷全网独播，杨文军执导，罗晋、李一桐、黄志忠[微博]、张志坚、苗圃[微博]、金瀚[微博]、郑业成[微博]等领衔主演，王劲松[微博]、郝蕾[微博]、刘德凯[微博]等特别主演的年度匠心历史传奇剧《鹤唳华亭》昨日正式开启加更。在昨晚播出的剧情中，由罗晋饰演的男主角皇太子萧定权和黄志忠饰演的皇上，本已父子关系升温，但不料由于科举殿试中阴错阳差的事故，两人再度生出嫌隙。为了挽救太子，由王劲松饰演的卢世瑜虽已辞官准备回乡，但身为太子老师的他依然肩负师者责任，采用了“死谏”的方式进言。卢世瑜临终前用一段感人肺腑的独白，讲述了太子的成长过程及15年来师生间相互陪伴走过的时光，其中情谊令观众感动不已。虽然仅仅是加更的第一日，但《鹤唳华亭》中的众角色均迎来了天翻地覆般的命运转变。由李一桐饰演的女主角陆文昔从书香世家的才女，一转眼变成父兄皆入狱、家破人亡的孤女；对太子一直严格要求的皇上则被一连串的变故气到晕厥；由郑业成饰演的太子表哥顾逢恩渴望通过自己努力金榜题名，但殿试中他却也被连累，遭遇了永久从科举考试中除名的惩罚……众多角色人生境遇的反转为之后的剧情增添了更多看点及不确定性。(责编：珞小嬜)
张碧晨追星成功！舒畅发文晒美照庆生 好姐妹相伴,新浪娱乐讯 12月4日，舒畅在微博晒出庆生照，配文：“昨晚的我们仨，好开心。”舒畅坐在c位双手作出许愿的姿势，淡妆素雅。网友表示：“女神生日快乐！！！！茜茜公主！！！碧晨追星成功！”“ 哇哇哇，友谊长存！”“舒畅姐姐生日快乐呀！”(责编：山水)
周二珂《复乐园》专辑上线 融合多种音乐元素,“唯一真实的乐园是已经失去的乐园，唯一有吸引力的世界是尚未踏入的世界。”周二珂2019全新个人专辑《复乐园》今日完整上线，融合了Electro Pop、复古Disco、世界音乐等多种元素，展现了属于二珂的专属音乐魅力。以《复乐园》之名，周二珂用这张专辑讲述了关于追寻、勇气与爱的故事。整张专辑10首歌曲，背后皆有各自的故事，但曲曲相连交织，勾画出女孩的成长之诗。在专辑同名曲《复乐园》里，周二珂传递了她对明日的呼唤，对未来笃定的信念；在《橘子树下的阳光》里，她勇敢地向复杂的成人世界进发，善良是女孩的保护色；她会像一个吉普赛人一样，在浪漫的月光下，吟唱着《即兴流亡》的乐章；她也可以沿着《蓝莓之夜》的浪漫想象地图，抵达一切内心向往的地方；哪怕纷纷扰扰的世界里，我们一切珍爱之物都被打碎，她也会怀揣着《自我拼图说明》，沿路拾回完整的自己。周二珂始终相信，爱是战胜一切的武器。在《复乐园》里，她无畏地讨论着爱的力量，爱的苦乐参半。在《我终究是爱你的》里，她为困顿于爱情中的人们加油打气，始终挥舞着手中那份关于爱的执着。在《爱应该》里，她勾勒爱的理想模样，哪怕跋山涉水，穷尽岁月，她也希望得到关于爱的答案。她还把这一路的回忆感动凝结成《纽扣》。距离上一张个人专辑已两年有余，周二珂在《复乐园》中呈现了不同于过往的蜕变，散发出个人专属的音乐魅力。同名曲《复乐园》大胆使用混合利底亚中古调式，结合西塔琴所编制的世界音乐迷人色彩，她向我们展现了声音中的艺术感；专辑中也有多首“触电”之作，二珂的纯净音色和鬼马性格与电子乐一拍即合，包括《走失在1990》中在Electro Pop中电光火石的嗓音跃动；在《厌氧》的Trip-Hop英伦神游舞池里，二珂展现她全新的“气泡音”；在《蓝莓之夜》的80年代复古新浪潮Disco里，无论是挥洒的青春气息，还是抑扬顿挫的唱句，都代表了二珂不受时空和风格限制的鲜活生命力。周二珂用《复乐园》这张专辑展现了作为歌手的无限可能与潜力。面对黑夜的降临和一切未知，凭借坚定的信念，也能像她一样大步向前，找寻失而复得的、从未抵达的美丽新世界。期待周二珂带给我们的更多惊喜。特别声明：以上文章内容仅代表作者本人观点，不代表新浪网观点或立场。如有关于作品内容、版权或其它问题请于作品发表后的30日内与新浪网联系。
毕夏现身央视节目献唱《野子》 静心创作音乐,12月2日，摇滚女王毕夏帅气现身CCTV-3央视《开门大吉》柔情献唱《野子》，温柔沙哑的声音别有一番滋味。结束骑行之旅回来的毕夏本人更是脱去浮华的外衣，在参与综艺、演出的同时静心且精心的创作自己的歌曲。本周一晚，毕夏一身黑色马甲帅气登上央视《开门大吉》的舞台，并倾情演唱《野子》。有别于以往给人的第一印象，温柔略带沙哑的女声将歌曲故事里所表达的坚韧展现的淋漓尽致，能把耳熟能详的作品唱出自己的理解和味道，这就是毕夏的特质。毕夏版本的《野子》有着独属于她的美，声音里依旧饱含着对音乐一如既往的热爱和坚持，这一路走来用身为女子的坚韧、坚持、坚强给很多观众带来不少感动，就像歌曲诉述的内涵那样“只要够坚定，再大的逆境都不算什么”。在综艺、演出的紧张行程中，毕夏也不忘放弃自己的喜爱，喜欢的骑行活动和舞蹈都在自己的安排中。看着世界之大，褪去满身浮华，静下心来创作歌曲。六年时光，打扮依旧帅气的毕夏对音乐始终保持着“孩子气”般的热爱和炙诚，满腔热血，肆意高歌，执着地做着自己喜欢的事情！特别声明：以上文章内容仅代表作者本人观点，不代表新浪网观点或立场。如有关于作品内容、版权或其它问题请于作品发表后的30日内与新浪网联系。
毛不易匠心复刻单曲《二零三》:唱出漂泊者的回忆,新浪娱乐讯 12月3日零点，毛不易“内心私房曲”《二零三》上线。这是毛不易匠心复刻专辑《小王》的开门之作，唱出无数漂泊者的心声和回忆。这首歌首唱于2017年8月19日《明日之子》比赛期间，彼时的毛不易刚进入大众的视野，是毛不易写给自己曾经生活过、门牌号203小屋的歌曲。203留下了他的生活痕迹，也记录了他在那座小城里的故事。最后他离开了203，成为这间屋子的匆匆过客之一。毛不易向制作人介绍，在这个时代，很多年轻人像他一样，也在经历着从一个城市到另一个城市，从城市一端到另一端的漂泊。每一间小屋都承载着一段回忆，而对于那个屋子来说，人人都是过客，过客都是小王。在专辑首发凌晨，毛不易在微博上写下这样一段话：“说来惭愧，两年多光景。重唱《二零三》的巨星本人依然没有脱离租房的生活。来来往往，匆匆忙忙，仍在旅途，谨以此歌献给时光与你我。”《二零三》唤起了无数共鸣与回忆，听众纷纷表达对这首歌的喜爱：“听前奏的时候感觉脑海里有一种一帧帧慢速的回忆画面，充满了怀念与想念，也许有时候缘分遇上了对的人，但却只能成为过客的伤感。这首歌我想也是送给无数个为生活打拼的我们，及那些临时收留我们称之为家的地方。”(责编：山水)
黎小田12.15设灵翌日出殡 灵堂将以白色为主,新浪娱乐讯 据香港媒体报道 音乐人黎小田（Michael Lai）于2019年12月1日离世，享年73岁。黎小田秘书Clara在社交网公布丧礼事宜。“遵照黎小田先生遗愿将以低调私人形式设灵，谨择于2019年12月15日（星期日）下午5时在九龙红磡畅行道10号世界殡仪馆地下世界堂设灵，并于翌日12月16日（星期一）‪上午10时‬举行告别仪式，仪式后灵柩随即出殡，前往柴湾哥连臣角火葬场进行火化。为配合灵堂布置，诚送花圈友好请以白色花为主。谨此敬告 恕不另刊讣闻”。(责编：珞小嬜)
毛晓彤《我的机器人男友》温暖收官 2020年精彩持续加载,由曾丽珍执导，毛晓彤、姜潮、宁理、刘天佐等领衔主演的科幻爱情轻喜剧《我的机器人男友》将于今晚正式收官。毛晓彤饰演的蒋梦言勇敢执着，与机器人林墨白的恋爱之路克服了种种困难，最终能否收获幸福引发网友关注。同时，由毛晓彤主演的青春热血竞技剧《谁的青春不叛逆》持续热播，剧中唐诗与鹿相误会不断，虐心的恋爱日常引发讨论。蒋梦言收获完美爱情唐诗反转虐恋升级在《我的机器人男友》近期剧情中，蒋梦言终于得知了林墨白是机器人的真实身份。一向面对感情勇敢执着的她，却接受不了这样残酷的现实，决定与林墨白彻底结束。可当蒋梦言坐车遇到危险的时候，林墨白第一时间出现解救，让她感动不已，决定克服困难和林墨白重新在一起，大结局两人能否收获幸福也引发网友高度关注。在《谁的青春不叛逆》中，唐诗和鹿相的恋爱之路困难重重。魏总对唐诗展开猛烈的爱情攻势，还将鹿相赶出了公司，导致他几次产生误会，即使唐诗主动向他提出搬回出租屋的建议时，他也冷漠的拒绝了。毛晓彤将女强人外刚内柔的性格，细腻真实的演绎出来，让人感同身受的同时，也被她的演技所打动。热播剧高燃收官毛晓彤2020年持续发热热播剧《我的机器人男友》将于今晚收官，《谁的青春不叛逆》也接近尾声，毛晓彤用精彩的演绎温暖了2019年的寒冬，而新的一年她也将持续发热。在待播冒险题材剧《盗墓笔记重启之极海听雷》中，她饰演身手不凡的仓库管理员白昊天，颠覆固有印象以飒爽利落的造型亮相，引发观众期待。另外，由毛晓彤主演的现实主义题材都市情感剧《三十而已》于近日杀青，剧中她饰演勇敢无畏又温暖治愈的妻子钟晓芹，通过角色传递出人生态度。毛晓彤曾在采访中谈到她对三十岁的理解：“三十岁只是一个数字，真正重要的是对待生活的态度。”据悉，该剧将于2020年与大家见面，期待她在剧中的精彩表现。2019年温暖收官，2020年毛晓彤持续发热！特别声明：以上文章内容仅代表作者本人观点，不代表新浪网观点或立场。如有关于作品内容、版权或其它问题请于作品发表后的30日内与新浪网联系。
李家鼎高温录节目怕爆血管 与谭玉瑛烹制腊肠卷,北京时间12月4日消息，据香港媒体报道，李家鼎与谭玉瑛昨天出席《阿爷厨房》记者会，会上李家鼎更现场示范烹制“阿爷年代腊肠卷”。这辑节目李家鼎与谭玉瑛实地到南海、顺德及澳门拍外景，李家鼎谈到拍外景难忘事，他说：“有次气温高达42度，已经是下午四点半拍，以为进了面包炉，机器热到不动。”谭玉瑛笑指李家鼎已经没头发，但都热到要将个头贴近空调吹风口吹。李家鼎解释不是怕会中暑，而是怕爆血管：“当时已见到有两、三个人影，一路这么吹了十几廿分钟。”问到下次拍外景是否不要再预他？他说：“有卖身契没办法，（最辛苦这次？）次次都那么好运气那么辛苦，之后去澳门也是那么热。”谭玉瑛称平时拍外景只带润唇膏，但这次拍外景热到连妆都溶掉。节目已拍到第四辑，问到本辑的菜式是否费煞思量？谭玉瑛指很多材料都用过，但以前的煮法较复杂，这次就简单些。李家鼎指其父在世时对饮食很挑剔，从没赞过他一句：“家父最多只说一句：‘能吃的啦’，现在多谢他啦，上天安排我踏入古稀之年才拍第一辑节目。”（苗菲）(责编：珞小嬜)
不仅效果惊人还“笑”果拔群 《勇敢者游戏2：再战巅峰》引爆期待,由美国哥伦比亚影片公司出品的好莱坞动作冒险巨制《勇敢者游戏2：再战巅峰》即将于本周五12月6日全国上映，“巨石”强森率领勇敢者战队再次集结，这一次游戏世界全面失控，关卡难度直线飙升，视觉奇观重重升级，四人随时命悬一线。片中惊险刺激的关卡设计与轰炸眼球视觉特效，将带来前所未有的震撼体验！今日影片发布口碑海报与视频，收获满满赞誉，被盛赞“集效果和笑果于一身”，影片由杰克·卡斯丹执导，道恩·强森、杰克·布莱克、凯文·哈特、凯伦·吉兰将全阵容回归，将于12月6日登陆全国院线，预售火爆进行中。勇敢者战队收获满满好评 特好笑动作冒险片万众期待今日，影片发布口碑角色海报，片中七位主角六人一马齐亮相，个性鲜明趣味十足，勇敢者们呈现“一本正经来搞笑”的状态，他们的背景分别是片中的几大主要场景：巨石强森饰演的勇石博士出现于绿洲小镇，略带疑惑又透露着固执的表情暗示着他将在这里发生有趣的故事；凯文·哈特饰演的语言学家身后是一望无垠的荒漠，一脸的不知所措让人猜想他是否在面对可怕的巨型鸵鸟；杰克布·莱克饰演的地质学家在冰雪古堡中即将冻僵，逗趣的表情令人忍俊不禁；凯伦·吉兰饰演的性感打女却身着热辣装束现于峰林险境中；尼克·乔纳斯饰演的亚历克斯依旧帅气；新人物奥卡菲娜始终充满神秘气息；还有贝瑟尼化身的“美丽”黑马在冰雪之中显得格外动人，同时，全新勇敢者战队为大家带来一连串口碑好评。影片自宣布定档以来不断收获媒体盛赞，好评如潮。作为超强IP的续作带来惊喜重重：”惊喜、惊艳！看完后更期待IP的后续开发”“2019年最惊喜、最惊险、最有诚意的好莱坞动作冒险大片”；主演的表现十分完美，获得无数称赞：“强森和凯文·哈特最佳拍档值得观看，奥卡菲娜演技精湛”“巨石强森和凯文·哈特相爱相杀又意外感人，奥卡菲娜的新角色对剧情起到很大作用，小乔帅气依旧！”；整部电影为大家带来惊险刺激又爆笑连连的感官享受：“惊险与好笑结合的恰到好处，鸵鸟的部分惊喜满满”“反差萌中既有笑点又有泪点，情感浓度升级。让所有观众跟着忘我大笑”媒体的一致认可与称赞，让国内影迷对于电影上映更加期待。奥斯卡级制作团队创造惊喜 预售火爆锁定同档最强此次回归观众视野的勇敢者游戏世界，迎来危险升级与全面失控，多个极度惊险的全新关卡迅速转换令人目不暇接。除了在前作中暗藏食人河马的原始丛林，还有随时让人殒命的万丈深渊，无数狂暴山魈围攻的峰林浮桥，突然山崩石裂的极寒雪山，成群巨型鸵鸟穷追不舍的无人沙漠……同时，游戏世界所呈现出的逼真细节可谓惊人：狂暴山魈、愤怒鸵鸟、食人蟒蛇、凶恶鬣狗等猛兽逼真可怕，毛发表情清晰可见，还原度100%；鸵鸟奔腾如同身临其境，飞石走砾如同就在眼前，观众与勇敢者们一同紧绷神经随时备战，面对各种突如其来的险情，沉浸式视效体验带来让人肾上腺飙升的极限刺激。同时，片中笑点密集，无论是强森扮演坏脾气老爷爷，还是欢脱的凯文·哈特变身语速超慢的优雅老先生，高反差“笑”果都令人捧腹，是一部难得的好“效”又好笑的巨制。影片自上周开启预售到目前为止，各项指数如票房、排片比、想看等指标数值都占尽优势，碾压同档上映影片。预告片中所呈现出的震撼视效吸引了无数观众，这都归功于顶级的幕后制作团队。来自全球各地超过5000人的视效团队打造凶猛野兽的逼真细节；充满想象力的奇观场景及关卡，由参与过《海王》《钢铁侠3》等特效大片的艺术指导操刀；参与制作《阿凡达2》的奥斯卡级视效总监也参与了本片的制作，将想象中的游戏世界逼真呈现，满足了无数人进入游戏世界的梦想。影片无论从IP热度、制作水准、卡司阵容等方面来看，都可以称之为年底最强巨制。全新升级的关卡与新鲜加盟的角色，更会为大家呈现新奇有趣同时刺激震撼翻倍的感官体验，无愧于年底最值得期待的好莱坞动作冒险大片之称号。好莱坞动作冒险巨制《勇敢者游戏2：再战巅峰》由杰克·卡斯丹执导，四大主角“勇石博士”道恩·强森、“地质学家”杰克·布莱克、“语言学家”凯文·哈特、“性感打女”凯伦·吉兰将全阵容回归！为了拯救消失的同伴，勇敢者四人组再次集结，进入全面失控的未知世界，面对难度爆表的危险关卡，强森领队挑战极限搏命逃生。一场惊险刺激又充满惊喜的冒险之旅即将展开！影片将抢先北美于12月6日全国震撼上映，预售火爆进行中！特别声明：以上文章内容仅代表作者本人观点，不代表新浪网观点或立场。如有关于作品内容、版权或其它问题请于作品发表后的30日内与新浪网联系。
《冰峰暴》役所广司亡命搏斗 张静初勇攀冰壁惊心动魄,由余非执导，张静初、役所广司、林柏宏主演的电影《冰峰暴》正在全国热映中，今日片方发布了“誓死出击”正片片段，再次吸引了观众的注意力，片段以双线叙事的方法展现出了“翼小队”的惊心时刻。片段中，日本影帝役所广司在珠峰上与恐怖分子Victor展开了一场生死对决，尽管没有枪战和爆破等大场面，但近身肉搏的戏份同样令不少人神经紧绷。面对威胁时，役所广司将Victor推翻在地，步步紧逼重击制敌，尽显“喜马拉雅魔鬼”的风采，然而好景不长，役所广司在抢夺冰镐时败下阵来，Victor趁机将其扎进他的腹部，是死是活无人知晓，刺激动作场面拽紧了观众的心弦。另一边，张静初则攀上冰壁挑战极限，毫无防护装备的她只要踏错一步就会掉进万丈深渊，攀爬难度可想而知，沉重的呼吸声也印证出挑战的艰难，真实刺激的场面彰显了小袋子不屈斗士的魄力和勇气。卓越的画面背后是艰辛的拍摄过程，为了让观众体会到真正的身临其境，张静初坚持亲身上阵进行拍摄，在这过程中，她不慎被摇臂打中头，差点从高处跌落，但为了不耽误进程，她没有要求休息，而是回到片场继续工作，坚强不屈的个性与自己饰演的角色不谋而合，戏里戏外“小袋子”无疑。该片自上映后热度稳定提升，猫眼开画8.5分，并同时夺得2019年11月灾难片综合票房冠军的宝座，“真实宏伟”、“全程揪心”、“除了紧张还是紧张”等各式好评不绝于耳，目前影片正在全国热映中，马上购票，解锁更多激烈打斗场面！据悉，电影《冰峰暴》由春秋时代(平潭)影业有限公司、北京非映画影视文化有限公司、北京赛特世纪影业有限公司、株式会社VAP、天津启泰文化传播有限公司出品，春秋时代（霍尔果斯）影业有限公司、霍尔果斯非映画影视文化有限公司、霍尔果斯魔蜂互动娱乐有限公司、云南金彩视界影业股份有限公司、北京蓝钻文化传媒有限公司、广东精鹰传媒股份有限公司、华影纵横影业（北京）有限公司、浙江引利影业有限公司、影聚天际影视传媒（天津）有限公司、维盛成长（北京）投资管理有限公司联合出品。特别声明：以上文章内容仅代表作者本人观点，不代表新浪网观点或立场。如有关于作品内容、版权或其它问题请于作品发表后的30日内与新浪网联系。
少年说第四季今晚回归 陈铭梁田倾听混血萌娃烦恼,新浪娱乐讯 万众期待中，湖南卫视《少年说》第四季今晚19：30正式回归，与亿万观众分享少年们的欢笑与感动。《少年说》是湖南卫视节目制作中心孔晓一工作室打造的原创品牌，定位新一代青少年健康成长心理释放表述节目。在已播出的三季节目中，节目收视及社会影响力持续走高，正在成为学校、家庭、社会对青少年心理教育的情感纽带，开创青少年心理教育新范本。《少年说》第四季第一站来到了大连枫叶国际学校，陈铭[微博]、梁田[微博]将化身加油团，倾听这个国际化十足的学校里同学们的高台喊话。在本周的节目中，《少年说》与少年们会擦出什么样的火花？新一季的《少年说》又有哪些创新和看点？一切悬念尽在今晚揭晓。国际化学校初体验，混血萌娃“控诉”女同学掐脸惹爆笑第一周播出的节目精彩纷呈，国际化学校少年们的故事更是别开生面。这里有被女同学掐脸的超可爱混血萌娃；有像“机器猫”一样永远带着神秘“百宝袋”的班主任；有誓要“把大碴子味儿带回家乡”的东北话十级日本留学生；也有明明只想安静，却在班主任的坚持下“被迫营业”连续两年参加实心球比赛还打破校记录的女孩；还有在妈妈“霸道的爱”下，每天上着“妈妈喜欢”的兴趣班的六年级女生；更有从小调皮捣蛋却因为父亲作为一名边防战士，远离家乡坚守岗位而开始变得乖巧懂事的初一男孩……兴趣与爱好、责任与成长就在这些鲜活面孔的喊话之下一一展开。家长该不该给孩子规划报班、让孩子参加各类比赛？家长工作与陪伴如何均衡？少年和家长、同学、老师之间会有哪些新的矛盾？这些问题将以什么样的方式获得和解？……诸多热点话题纷至沓来，精彩不容错过。从“少年说”到“少年们说”，第四季升级深挖热点话题节目前三季涌现了很多讨论度高、经久不衰的热门话题，比如“亲子矛盾”“少年友谊”等。《少年说》第四季在这些话题中，继续挖掘更多的表达方式，期待引发更多的社会关注和讨论。这一季选题，将会涉及很多当下最新的热点内容，如“二孩问题”、“职业教育”、“奖励式教育”、“兴趣班选择”等等。而《少年说》在新一季中，也实现了从“少年说”到“少年们说”的蜕变。由个体表达变为群像表达，回应者可以是一个人，也可以是一个方阵，是有类似问题或者烦恼的同学，以此更好倾听少年们的心声，进而实现真正有效的正向沟通。此外，陈铭和梁田两位加油团成员以陪伴者、观察者、聆听者的身份出现也将不断为少年们打气：陈铭老师从专业的视角出发，正向引导青少年价值观；梁田作为少年们的知心大姐姐，引导情绪亲切感十足。加油团为节目增添了许多看点的同时，也将让观众产生更多的共鸣和思考。观众点赞勇气台，“少年说应该是社会的一面镜子”自2018年暑假开播以来，《少年说》倾听了上万名少年的心声，播出了八百余个故事，在社会上引起了关于青少年成长话题的强烈关注和广泛讨论。 《少年说》最大的意义在于，其在主流平台中开辟了一个少年本位的表达阵地，为渴望直接沟通的00后少年们，提供了鲜活滚烫的直接发声渠道。当这群少年通过《少年说》设置的“勇气台”进行喊话，观众清晰地感知了他们的勇气、信念、疑惑、洒脱、责任、成长，这些标签通过故事如此真实地呈现在了大众面前。而少年们积极向上、有担当、有个性，敢于有梦、勇于追梦的形象，就是国家未来建设最鲜活的力量。不少观众点赞“勇气台”的设置，认为节目中呈现的一个个故事，是每个孩子、每个家长、每个教育工作者、每个社会人的一面镜子，大家可以透过节目反观自己、理解心态、思考当下。这也是《少年说》节目最大的意义所在。12月3日起，每周一到周四晚19：30锁定湖南卫视《少年说》第四季，精彩不容错过。(责编：明侦探)
《试着死了一次》追加共演 豪华阵容上演视觉盛宴,（文/枣）广濑丝丝将首次挑战喜剧片，主演电影《试着死了一次》。而首批阵容就集结了堤真一和吉沢亮。更加令人震惊的是，日前再次宣布追加演员，一共23位，有不少配角都是能担当主演的演员！让我们来数数都有谁！Lily Franky、小泽征悦、嶋田久作，木村多江，松田翔太、加藤谅、でんでん、柄本时生、前野朋哉、清水伸、西野七濑、城田优、原日出子、真壁刀义、本间朋晃、野口聪一、佐藤健、池田依来沙、志尊淳、古田新太、大友康平、竹中直人、妻夫木聪这个阵容，是在拍春晚吗？？？影片由制作《白户家》系列等数部国民广告的广告策划、创意导演泽本嘉光担任编剧，执导《三太郎》系列等人气广告的浜崎慎治首次挑战电影导演，这对广告界奇迹组合将带来最强喜剧作品。广濑丝丝在片中饰演大学生野畑七濑，与堤真一饰演的父亲计一起生活，七濑很讨厌工作狂父亲，可是当父亲真的因假死药突然“死了”，她却和职员松冈一起调查幕后阴谋。追加演员中，中川雅也饰演计假死时的天国案内人火野，计担任社长的制药公司野畑制药秘书渡部由小泽征悦饰演，野畑对手公司社长田边由岛田久作饰演，七濑的母亲野畑百合子由木村多江饰演，松田翔太饰演研究假死药的藤井，妻夫木聪饰演为计举办葬礼的酒店负责人，佐藤健饰演高级俱乐部服务生。另外，野畑制药职员由志尊淳、柄本时生、前野朋哉、清水伸、西野七濑饰演，古田新太饰演计的前同事，大友康平饰演音乐导演布袋，竹中直人饰演主持葬礼的僧人，加藤谅饰演七濑所在组合的铁粉，七濑打工的拉面店店主由DENDEN饰演，城田优饰演野畑制药的警卫员，原日出子饰演野畑制药的卫生阿姨，真壁刀义、本间朋晃饰演野畑对手公司的职员，野口聪一饰演宇航员。影片将于2020年3月20日在日本上映。这阵容，得多少票房才能回本啊。。。(责编：罗罗)
王泷正：如何从话剧演员变成“警察专业户”？,中新网客户端北京12月2日电（袁秀月）《心理罪》里的邰伟，《白夜追凶》中的周巡，《追凶十九年》里的刘一波……出道十多年，王泷正[微博]的履历似乎用“警察和非警察”就可以概括。演这么多警察角色不怕被定型吗？王泷正对中新网记者说，其实他也担心过，但后来就想明白了，虽然类型一样，人物却不同。他更怕的是哪天激情不再，演戏成了“干活”，那做演员就相当枯燥了。从《心理罪》到《白夜追凶》2014年，国内影视行业迎来一波大洗牌，传统电视台衰落，视频网站纷纷加大对自制剧的投入，坊间将那年称之为“网络自制剧元年”。那年，导演五百[微博]“铆足了全家的劲”拍了一部网络剧《心理罪》，导演、主演都不是大牌，但播出后却成了现象级网剧。在剧中，王泷正饰演刑警队长邰伟，这也是他演的第一个警察角色。不过，当时他却差点错过这部剧。那时《心理罪》正在选角，五百导演托中间人找另外一个演员，中间人说“你别找，我给你推荐一个”，就推荐了王泷正。本来王泷正已经和另一部电视剧达成了合作意向。但本着留个好印象的念头，他还是和五百见了一面，谁知两个人相谈甚欢，足足聊了一下午。聊完当天，他随即决定出演《心理罪》。王泷正将其称为“一段有意思的经历”，他和五百导演很有缘分，之后他相继出演五百执导的《心理罪2》《古董局中局》。2017年，《白夜追凶》成为当年爆款网剧，还被美国视频网站网飞（Netflix）买下海外发行权。王泷正在该剧出演刑侦支队队长周巡，而五百是该剧的监制。怎么演好一个警察？都说艺术是现实的一面镜子，影视剧的风格也随着人们的审美变化而变化，体现在刑侦剧上，大概是从《重案六组》到《白夜追凶》的转变。而刑侦剧中的警察形象，也与以往不同。王泷正饰演的警察，不是香港警匪片中的高智商、精英范，也没有那么“高大全”，外表像个糙汉子，言行有些大大咧咧，但对待案子却一丝不苟。怎么演好一个警察？在王泷正看来，没有别的技巧，只有四个字“真实、真诚”。他认为，一个成功的角色应该是让观众觉得似曾相识，有亲切感，如同他家楼上的刑警李大哥。他还分享，拍摄刑侦剧前，他都会跟一线的警察进行交流，了解他们破案时的状态以及工作压力。“他们都非常疲惫，眼袋都非常大，因为他们经常熬夜，不睡觉，吃饭也没有正点，常年处在疲劳的状态。而且他们经常跟罪犯打交道，脾气性子都比较烈。”谈刘一波：一辈子都不想经历这种事情在最近上映的电影《追凶十九年》中，他饰演基层刑警刘一波，该片没有重点刻画悬疑的部分，而是将镜头放在为破案花费半生的基层警察身上。在片中，刘一波和搭档何晨追查真凶，一追就是十九年，搭档为此献出了生命，刘一波则失去了爱人。“人一直在琢磨一个事，其实也挺可怕的。”作为旁观者，王泷正说，他一辈子都不想经历这种事情。在他看来，饰演刘一波，其重点不是外表，而是他内心阶段性的变化，从开头意气奋发积极向上，到慢慢开始疲惫和恐惧，再到家庭破碎，陷入自我怀疑。这些都需要下功夫揣摩，没有什么捷径，就是天天生活在人物的世界中。演了这么多警察角色，王泷正也担心过会被定型，但他觉得，其实这也是一种好事，演多了认识也会更深刻，何况每个人物和故事都是不一样的。不过，他也希望突破。在他看来，“如果有一天激情不再了，演戏不就成了干活？一旦成了干活，做这行就相当枯燥”。曾活跃在话剧舞台对于十多年前的王泷正来说，演那么多警察角色，这是无法想象的。从中央戏剧学院表演系毕业后，他加入孟京辉[微博]工作室，演了许多先锋话剧，譬如《恋爱的犀牛》《爱比死更冷》《琥珀》等。常年演舞台剧，锻炼了他的很多能力，如音乐形体的表达能力、对舞台的掌控能力等。因为先锋话剧并非纯现实主义，也使得他在表演上的思维方式更加灵活多样。王泷正说，最初他开始拍影视剧时，最不怕的就是“NG”，一场戏他可以找十几种表达方式。但常年泡在话剧舞台上，日复一日地排练演出，让王泷正时常有种被“掏空了”的感觉。“我不允许自己演绎出来的角色毫无生命力，这对观众不太负责任。对我自己来说，热情消耗没了，这是一个很可怕的事。”他说。就这样，他离开了话剧舞台，决定到影视圈闯一闯。然而那时，他在影视圈一个人都不认识，他还想过到北影厂门口当群众演员，没准还能混个“特约”。之后，他拍过广告，当过陕西卫视《华夏夜表情》的主持人，演过不少反派、小角色，直到意外出演《心理罪》。“所以我一直说我是一个挺幸运的人。”王泷正说。（完）(责编：vhaha)
新浪观影团《吹哨人》北京嘉华影城免费抢票,活动时间和影城：2019年12月06日  周五  19：00签到北京嘉华国际影城活力东方店活动人数：20人（每人一张票）参与规则：1、关注@新浪观影团2、转发下方活动微博3、点击报名链接下方[+参加活动]按钮，填写报名信息。影片简介：片名：《吹哨人》导演： 薛晓路编剧： 薛晓路主演： 雷佳音、汤唯、齐溪、吴彦姝、杨立新类型： 剧情、悬疑、犯罪制片国家/地区： 中国大陆语言： 汉语普通话上映日期： 2019-12-06（中国大陆）片长： 139分钟又名： The Whistleblower剧情：一通深夜来电，打破了澳洲华人职员马珂（雷佳音 饰）的平静生活。消失多年的前女友周雯（汤唯 饰）突然出现、神秘杀手接踵而至。面对层层追杀，马珂带周雯奔赴非洲寻找真相。他逐渐意识到，自己正在负责的跨国交易背后另有阴谋，是做个“吹哨人”向社会公布真相？还是视而不见明哲保身？马珂不得面对两难选择。与此同时，马珂发现本以为和自己“同病相怜”的周雯也绝不是看上去那么“简单”。真相越埋越深，更大的危机也正在逼近……影城信息：北京朝阳区姚家园路甲1号活力东方奥特莱斯购物中心4层。乘坐地铁6号线至青年路站，换乘468路公交至姚家园路口东下车。观影点评：请所有中奖团员于12月07日 23：59前使用[用手机客户端或电脑客户端的微博电影点评功能]点击进入微博电影《吹哨人》点评页提交不少于140字的原创观后感，欢迎大家使用写长评功能发布长影评，优秀的作业我们将会在观影团微博中转发，并有机会获得更多免费观影券。点评格式：@新浪观影团 @嘉华国际影城 +真实观后感。（观后感提交越认真，未来的观影机会越大哦，严禁任何形式的抄袭，感谢大家的配合，未按时提交者或抄袭者将会列入黑名单，请珍惜你的观影机会哦。抢票提示：中奖团员均为每人一张票。获奖网友将在活动开始前一到两天收到官微私信通知，请及时留意查看，因错过回复时效而导致取消获奖资格，后果自负，如需请假请至少提前6小时以上私信@新浪观影团 官微，本活动解释权归北京嘉华国际影城活力东方店所有。关于违规：1、临时请假的中奖团员（开场前6小时内），将失去未来一个月中奖资格。2、未提前请假无故缺席将失去未来三个月中奖资格。3、因未在规定时间内提交观后感，或观后感涉嫌抄袭拼凑、未写满最低字数要求（140字）等、由工作人员判定属于无效观后感的，发现首次拉黑3个月，再次将永久拉黑。4、如发现中奖团员私自转让替换转卖，一经发现将会永久失去中奖资格，私自转让或替换团员将无法入场。关于我们：新浪观影团是新浪娱乐频道为广大电影爱好者提供提前免费观赏国内外最新影片、首映礼、主创见面会等机会的平台。了解我们欢迎点击：新浪观影团
中韩微电影展将开启 32部中韩优秀短片集中展映,新浪娱乐讯12月11日-12月13日， “第六届中韩青年梦享微电影展”将在北京颐堤港CGV影城举行。届时，32部中韩优秀短片将集中展映，观众可通过中韩青年梦享微电影展官方网站报名，申请免费观影。中韩青年梦享微电影展是由中国人民对外友好协会、CJ文化共同主办的一项跨国界文化公益项目，旨在挖掘和培养青年电影创作者，促进中韩影视文化交流。自2014年启动以来，中韩青年梦享微电影展便受到电影圈内人士的关注，5年来，累计征集微电影作品2335部，邀请王小帅、姜帝圭、伍士贤、刘杰等 17位中韩优秀电影人作为评委出席活动。第六届中韩青年梦享微电影展邀请到的终审评审委员是由近日通过电影《极限逃生》获得第40届韩国青龙电影奖新人导演奖的李相槿；凭借《8 月照相馆》获得大钟奖电影节“剧本奖”的韩国著名编剧、导演吴胜旭以及执导《双食记》、《微微一笑很倾城》等知名影片的中国导演赵天宇三人共同担纲。第六届中韩青年梦享微电影展自6月开始招募，历时3个月，共收集到作品709部，不仅刷新了历届征集作品数量的记录，在艺术创新与制作水平上也有了全面提升。本届中韩青年梦享微电影展系列活动将于12月11日至13日在北京举办，届时从700余部电影中脱颖而出的20部入围影片将与12部特邀韩国优秀获奖短片进行展映，其中还包括韩国评审委员李相瑾导演的《淙阁的假期》以及在第40届韩国青龙电影奖斩获短片奖的《MILK》等作品。除此以外，本次影展还将进行开幕式、CINEMA CLASS、ScreenX 特别展映、主题讲座、青年导演与观众对话、闭幕式及颁奖典礼等系列活动，观众可以通过线上报名的方式免费申请参与，欣赏优秀的影片的同时还可以学习电影制作的专业知识、了解电影背后的故事。(责编：肉圆)
濮存昕的2019：我是一个永远在演出的人,“我是一个永远在演出的人。”在四川凉山彝族自治州的邛海边，66岁的濮存昕[微博]说。2019年的开头，濮存昕在演贯穿他20年岁月的《茶馆》；临近年尾，他担纲主演的原创话剧《林则徐》，即将于12月中旬登陆国家大剧院。戏剧舞台的魔力于濮存昕从未减退，提及新一年的心愿，濮存昕脱口而出：“一次一次不期而遇的剧目。”11月底，在川西这片有山有水有歌舞的土地，大凉山国际戏剧节正式开幕。这是濮存昕和吉狄马加、廖昌永、阿来、李亭等人携手打造的中国西部第一个国际戏剧节，他们希望为戏剧开辟一块新的归属地。来大凉山前，在北京的鼓楼西剧场朗读会，濮存昕曾动情朗读了老舍先生的《宗月大师》。“没有他，我也许一辈子也不会入学读书。没有他，我也许永远想不起帮助别人有什么乐趣与意义”。“《宗月大师》让我们看到了世间竟有这样的人！永远在笑，没有一天不高兴的。有福也好，有苦也好，他还在笑，他永远帮助别人，咱们天下怎么会有这种人？”因为遇见一个人，深远影响到老舍日后的人文情怀的形成。濮存昕被这篇作品中的情怀打动。用好的戏剧作品影响更多人，这也是濮存昕及所有戏剧节发起人的心愿。早在今年3月，大凉山国际戏剧节的启动仪式上，濮存昕就说，萧伯纳曾豪言——“人生不是一支短短的蜡烛，而是一支由我们暂时拿着的火炬，我们一定要把它燃得十分光明灿烂，然后交给下一代的人们”。“那么，在以火把节著名于世界的彝族聚居地，我们借戏剧把薪助火，大小凉山皆为舞台。”一切为了戏剧，一切为了观众。濮存昕态度很明确，办戏剧节，就是要热爱戏剧的观众越来越多，而他们则是要和观众一起进步。1999年，由林兆华[微博]导演，北京人艺以全新演员阵容重排《茶馆》，在首都剧场公演，濮存昕饰演常四爷。今年年初，这版《茶馆》依然在开张，梁冠华[微博]、濮存昕、杨立新[微博]、龚丽君、冯远征[微博]等原班人马仍参与演出。数十年弹指一挥间，观众排队买票的队伍和热情逐年拉长、攀升。“你想想20年前谁买票了？观众在陪着我们进步，他们用买票这样一种参与方式，支持着我们这版《茶馆》，年轻的《茶馆》演了20年。所以从这个事情来讲，我觉得观众在培养我。”由此联想到大凉山国际戏剧节，濮存昕认为评判一个全新戏剧节水平的高低，最核心的标准就是观众。濮存昕经常看全世界范围内的优秀演出、戏剧节、邀请展，他深知自己的差距和进步空间在何处。“我们剧院里的一些演员，不太重视看戏剧，他们就是要去挣电视剧的钱，这些戏剧节这些邀请展他都不看，结果演出多少年了，好像进步不大。”濮存昕描述自己经常观看和学习戏剧是“尝到甜头了”。“你看对我都有影响，那么对当地的观众、艺术家、演员，一定会有影响，这是无形的”。形容起戏剧以及戏曲的美感，濮存昕眼睛里泛着很生动的光亮。在他心里，那种背后的文化内涵是自然而古典的。“是风啊，是树叶在飘动，春天第一朵花开绽放。它是对自然界细微的刻画，是那种哀莫大于离愁的伤感，而我们今天没有。所以这种传统文化、古典文学如果缺失的话，戏曲顶多是极少数人的个性、爱好。”濮存昕说，他们所作的各种努力，就是要让这么美好的文化在今天不至于濒临灭绝。濮存昕盼望戏剧观众变多，会由衷说一句“啊戏剧原来这么好看”，他也笃信戏剧本身的魅力，能够让很多人慢慢喜欢。濮存昕观察到相较于国外，中国的戏剧观众是趋于年轻的。“原来我写过字叫‘戏剧悟道，艺术修身’，戏剧更丰富于舞蹈，更丰富于音乐。什么叫戏剧？就是舞台上的有情节、有故事的表演，它必须在舞台上发生，不是拷贝艺术。”站在大凉山国际戏剧节“首届”的起点，濮存昕已然期待明年、下一年。大凉山拥有14个世居民族保存良好的原生文化，近年来兴起的“大凉山文化现象”是戏剧节举办的基础。“我们在慢慢地耕耘自己的文化生态园林，我们培养的花圃，要让它值得蜜蜂来采摘”。濮存昕很在乎当地观众和艺术家能否深度参与，但他心态也放得平和、洒脱。所有事情，“今天先把它干起来，让大家伙先开眼了”。2019年结束之际，濮存昕主演的原创话剧《林则徐》，即将上演。“我要是不演林则徐，就不知道这么多故事。”提起这次演出，他兴奋得说起了剧中林则徐的台词，“哎，用我的病残之躯行一事”。为了演好这个角色，濮存昕竭力“调动生命中那些能够跟林则徐接近的特质，那种戏剧本身出发、最实实在在的品质”。“什么事情干起来就行，打仗之前士兵都很紧张，特别是刚上战场，敌人还没露头时……真正打起来了，勇气就来了！”濮存昕用他的演出经验，总结自己如今面对每个新挑战的心境——“演出的时候你走出幕条，一面对观众，刚才的紧张应该是都能忘掉。但是一开始还要紧张，肯定是这样”。中国青年报·中国青年网记者 沈杰群 来源：中国青年报(责编：vhaha)
英皇与南广联手打造“造星梦工厂”,英皇娱乐落地南京了！昨天，造星梦工厂“英皇南广演艺学院”正式官宣开幕。英皇集团主席杨受成博士，华夏视听传媒集团董事局主席蒲树霖，英皇娱乐集团行政总裁许佩斯，英皇（北京）文化发展有限公司行政总裁、英皇南广演艺学院校董霍汶希[微博]，华夏视听传媒集团副总裁罗茹嘉，英皇娱乐三位重量级艺人李克勤[微博]、惠英红[微博]、钟欣潼[微博]出席开幕典礼。扬子晚报/紫牛新闻记者 孔小平这是英皇娱乐落地高校的第一个动作据介绍，英皇娱乐是亚洲最具实力娱乐造星集团，拥有26年造星经验，超过60多位艺人，谢霆锋[微博]、容祖儿[微博]、陈伟霆[微博]、TWINS、惠英红、任达华[微博]、古巨基[微博]、李克勤等皆是英皇娱乐旗下艺人。而中国传媒大学南广学院在全国艺术类院校中名列前茅，培养出了倪妮[微博]、白客[微博]等实力演员。此次英皇南广演艺学院是英皇娱乐落地高校的第一个动作。霍汶希表示，创办学校是自己一直以来的梦想，之前3年，她造访了多个高校，最终才定下了中国传媒大学南广学院，因为两者的理念和方向是一致的，由此她才圆了这个梦，希望能够帮助所有对表演有热情的年轻人系统化学习，为演艺圈注入新鲜血液，打造真正的“梦工厂”学院。英皇集团主席杨受成博士致辞时表示，英皇南广演艺学院将紧跟国家政策，为创新时代文化市场蓬勃发展提供持续建设和资源共享平台，开拓演艺教育创意版图，期望成为青年艺术家人才培养新基地。惠英红钟欣潼等期待学弟学妹早成同事李克勤、惠英红、钟欣潼在南广校园里走过一遭后发现，年轻演员们拥有良好的校园条件，都有感而发地集体“羡慕”。惠英红和钟欣潼接受记者采访时均表示，此前自己都没有这样的条件在学校里系统学习演艺等课程，所以会走一些“弯路”，于是叮嘱学弟学妹们要把握和珍惜学习的机会，更期待有朝一日能和学院的毕业生同学们成为同事。另外，近期钟欣潼在综艺节目《演员请就位》中全新诠释了阮玲玉，大获好评，惠英红也将参加《我就是演员之巅峰对决》，两位均表示，非常乐于参加演技类型综艺，来进一步提升自己。昨天现场，英皇南广演艺学院2019首期暑期班优秀毕业学员屈梦汝、王天源还进行了表演展示。惠英红和钟欣潼都对两位演员的肢体表演和情绪渲染，提出了更高要求的指导与期待。在和现场同学们交流演技经验时，李克勤表示，演戏和唱歌有相通之处，都需要用心体会角色。而惠英红分享了自己对于演艺事业的追求心态：无论是演员还是人生，每分每秒都要追着学问，追着学东西，“我现在还保持着每天看一小时新闻的习惯，因为世界太大，新闻里都是别人发生的事情，演员需要不断去学习和揣摩。”而钟欣潼则勉励学弟学妹们，努力找到自己擅长的东西，不断学习不断成长。首期集训营已有5名学员脱颖而出记者了解到，英皇南广演艺学院不仅集结一流艺术名校表演学院院长、名誉教授、优秀导师及国家一级演员等，更有资深演员杨英伟、香港金像奖新晋导演彭秀慧[微博]助阵、英皇娱乐金牌经纪人霍汶希担任校董，为学员筑梦护航。英皇南广演艺学院将通过演艺基本功、英皇大师课、启发创作、实战经验及专业技能等不同的教学模式，全面帮助学员们认识和掌握戏剧演出的基本技巧以及启发学员的演艺潜能。此外，英皇南广演艺学院也视学生实战经验为教学重点，并为合格学员探寻更多的工作机遇，表现优异的潜力学员将有机会获得推荐资格，直接进组参与华夏视听旗下优质影视剧作品的拍摄。据悉，此前，英皇南广首期集训营已先行完成试点教学，五位杰出学员脱颖而出，成功获得英皇南广签约权。(责编：vhaha)
宋茜领衔“四姐妹” 为女性成长代言,本报讯（记者 杨文杰）都市剧《他其实没有那么爱你》正式杀青，并发布一组主演杀青照及杀青特辑。该剧由宋茜[微博]、郑恺[微博]、卢靖姗[微博]、张佳宁、李纯[微博]领衔主演，杨祐宁[微博]特约出演，王耀庆友情出演。剧中讲述四位女性，在她们认为人生最美好和最性感的年龄，在她们认为最华美和最便利的城市上海，继续寻求自身的成长，寻求爱情和友情、自我和独立的故事。是《我的前半生》原创班底致力打造的治愈系剧集。此次发布的杀青剧照及特辑中，四姐妹热爱生活，有为之努力奋斗的事业，并在遇到了心爱的他之后开始踏上爱情征程。她们在工作中降龙伏虎，在情路上扑倒再战，最终明白了“爱人七分足矣，剩下三分，爱自己”。据该剧总制片人、爱奇艺高级总监、奇星戏剧工作室总经理李莅樱介绍，“这部剧不仅会给观众带来一场寻找真爱、发现自我之旅，还能打破以往一些影视作品中对女性友谊的认知偏见”。该剧在人设、故事、台词上做了精准的目标定位，核心受众瞄准25-40岁女性人群，“我之前很抗拒说自己在做一部治愈系剧集，因为治愈不是生硬的概念，而是融入在剧情中的触动和共鸣，随着制作的推进，我发现自己可能真的在做一部治愈系的作品。如果这部剧明年真的成为话题剧，我会勇敢地说，‘我其实做了一部治愈系的戏’。”李莅樱说。在电视剧《他其实没有那么爱你》中，宋茜饰演的孙艺荷是一名奇异果TV制片人，她精力无限，还是个女汉子。郑恺饰演的于天是一名奇异果TV的摄像师，也是孙艺荷的同事兼死党，平时经常和她插科打诨。他一直很好地控制自己的人生，坚定不移地行走在自己渴望的道路上，直到遇到真爱发现自己整个世界都变得不受控制了起来。在爱情里他变得更有责任感，也在短时间里不断成长。卢靖姗饰演的Karen是健身房合伙人，也是一名健身教练，同时是个单亲妈妈，年轻时早早结婚生子，却又因前夫的不安定而离婚，从此不想再婚。她能享受恋爱，也敢直面孤独，遇到爱情时会遵从内心，从来不问爱一个人值不值得，只是单纯去爱。张佳宁[微博]饰演的丁丁是一名练习生经纪人，也是一个家境良好的小公主，她有一副萌妹子的长相，看上去没心没肺，其实比谁都看得透。她认为每一段感情都有保质期，每一个决定风险自担，但当她遇到真爱时，也不禁迷茫了起来。李纯饰演的任染是DMA公司副总裁，她在事业上杀伐果断，是个十足的女强人，但她所有的理智都在遇到爱情时被撕裂。她渴望被爱，却又极度敏感，直到后来才明白真正的安全感不是来自别人，而是来自自己。(责编：vhaha)
老板助理陈翔谈录节目感受 演唱《客栈》主题曲,"新浪娱乐讯 12月1日，《亲爱的客栈》第三季粉丝见面会在广州举行，“老板助理”陈翔[微博]现身与粉丝近距离接触。活动现场，陈翔不仅分享了拍摄节目的感受，还演唱了《亲爱的客栈》第三季主题曲《走着》。《亲爱的客栈》开播三季以来一直备受关注，与前两季不同的是，刘涛[微博]从“老板娘”变成“老板”，第一季的“店员”陈翔晋升为“老板助理”，他们与老朋友阚清子[微博]以及新朋友林心如[微博]、马天宇[微博]、张翰[微博]、吴磊[微博]、李兰迪共同经营客栈，节目标语也从“慢下来，去生活”变成“滚烫的人生”。谈及三季节目的不同，陈翔表示，“前两季节目中，大家都是以游玩的心态参与，我们这季是真正的职场考核，我们会有十万的KPI，而且我们不仅要干活，还会去竞争终极合伙人，我们是朋友也是竞争对手，我们也真的沉浸在那个工作氛围中”。对于“老板助理”的理解，陈翔表示“这是一个起桥梁性作用的角色”，既要协助店长处理事务，也要与员工们玩儿到一起，“我们都是对事不对人，一切为了客栈考虑”。见面会期间，临近陈翔生日，粉丝为陈翔送上生日礼物以及手写的99封信。现场，女粉丝带男友上台同陈翔互动。面对陈翔，男友表白女粉丝：""我会好好爱她！""陈翔问道：""就像她们爱我，和我爱她们一样对不对？""男朋友脱口而出""我也会爱你""全场大笑，陈翔也笑言：""希望你们能够幸福，你们结婚记得请我哦，我去给你们见证，照顾好我的女人，要不然我会发微博艾特你，全网通缉！”本季节目中，陈翔除了担任“老板助理”外，还演唱了《亲爱的客栈》第三季的主题曲《走着》。现场，陈翔也演唱了这首歌曲，引得台下粉丝大合唱。当被问及接下来的工作安排时，陈翔表示“特别希望自己能做成一件事情。12月2日，我首次执导的电影《夹缝》正式开机，接下来我的新专辑也马上将和大家见面了”，并透露由于工作的原因，无法在12月13日生日当天举办生日会，“打算在30岁之后再过30岁生日”。(责编：哈哈大王)"
《他其实没有那么爱你》杀青 宋茜等四美睡衣比美,新快报讯 记者梁燕芬报道 日前，都市爱情剧《他其实没有那么爱你》正式杀青，该剧由《我的前半生》原班底打造，宋茜[微博]、郑恺[微博]、杨祐宁[微博]等主演。剧集围绕女性成长这一主题，讲述四姐妹在寻找真爱中发现真正的自我，做自己的女王的故事。据悉，电视剧《他其实没有那么爱你》由《我的前半生》原班创作班底进行制作，编剧秦雯和监制沈严[微博]让外界多了几分期待。剧集聚焦的是四位女性，她们热爱生活，有为之努力奋斗的事业，并在遇到了心爱的他之后，开始踏上爱情征程。剧中，宋茜饰演的孙艺荷是一名制片人，她精力无限，还是个女汉子，口头禅是“多吃点好东西，不容易丧”。她还是个爱情至上的浪漫主义者，但在爱情里却容易失去自我，最终也明白自己闪光的能量值得被爱。郑恺饰演的于天是一名摄像师，也是宋茜的同事兼死党，平时经常和她插科打诨，他一直很好地控制自己的人生，坚定不移地行走在自己渴望的道路上，直到遇到真爱时发现自己整个世界都变得不受控制。此外，杨祐宁饰演的陈南是一名财经自媒体撰稿人，他的微信号是中老年妇女每日必看的财经指南。然而因为冷面又毒舌一直是个钻石单身汉，直到参加了宋茜的财经节目才慢慢有了改变。此外，卢靖姗[微博]、张佳宁、李纯[微博]、王耀庆、韩童生、黄征等也在剧中出演重要角色。(责编：vhaha)
金鸡报晓《红花绿叶》中北通达庆功会在京举行,由北京中北通达影视文化艺术有限公司主办，青年电影手册协办的“金鸡报晓 《红花绿叶》庆功答谢会”，于12月2日下午四点在湖北大厦举行。《红花绿叶》在第32届中国电影金鸡奖颁奖典礼上获得了最佳中小成本故事片奖，据悉今年报名参赛的影片多达500余部，能取得这样辉煌的成绩，堪称“以小博大”的典型范例。答谢会由《红花绿叶》的总制片人高尔棣和策划程青松共同主持。高尔棣回顾了当初一眼看中刘苗苗导演提供的剧情梗概，并决定立项拍摄的前后过程。出品人陆成国手握金鸡奖杯表示将继续投资拍摄电影，争取多出精品影视剧。高朋满座 共享《红花绿叶》金鸡荣耀答谢会播放了刘苗苗和出品人陆成国在金鸡奖现场登台领奖的过程，刘苗苗再次感谢了一路以来支持《红花绿叶》的工作人员、亲朋好友。出席答谢会的还有著名导演夏钢 、胡维捷、吕洪峰，作家虹影、瑞娴，艺术家高艳津子，演员史可、陶红、伊春德、辰夫，摄影师何云、李思贤，美术师黄锦，作曲家徐鸣涧，歌手邓骏、金天泽，评论家张卫、陈旭光、叶匡政、曾念群，央视主持人林泉以及王慧轩、辛奇、汤博晖、郝志杰、张忠灿、王长清、刘艳丽、薛竞雅、陈麒裕、阿博特、付梦珍、秦方好、胡群、孙浩然、武安冉等嘉宾。刘苗苗现场谈及了获得金鸡奖的感受，她说：“能够得奖很荣幸，更重要的是以平和的心态，为今后的创作努力。”低成本、高质量的《红花绿叶》能够获得业内专业奖项的认可，为众多创作者指出了新的创作方向。刘苗苗说：“对于市场来说，大投资的电影不是每个人都可以拍的，但是中小成本的电影给予了电影市场更多的可能性，丰富了电影类型，这是中国电影的新出路。”现场，刘苗苗导演邀请影片的剧组主创上台与嘉宾交流，剧组主创代表以“付出就有回报”这句简单有力的话，概括了影片拍摄前后的艰辛与努力。高瞻远瞩 中北通达持续打造精品影视剧电影投资本是商业行为，需要考虑电影制作与回报的众多因素。《红花绿叶》出品人陆成国能够在电影剧本阶段作出如此准确的判断，投资该片，与其对电影市场的深刻认知息息相关。答谢宴上，陆成国谈起了投资《红花绿叶》的原因，陆成国说：“公司发展的第一步是要提升资质，在资本花销方面看的比较久远，短期盈利并非是我们考虑的重点。我们用《红花绿叶》以小博大，通过一部优秀的电影，引发业内对我们公司的关注，看到我们制作精品剧的决心与能力，这是更重要的。当公司的盈利达到一定的阶段，我们也会考虑更多的商业行为。”现场， 《红花绿叶》总制片人高尔棣感谢了所有支持《红花绿叶》的观众们，感谢各位媒体朋友的支持。他指出：“作为一家成立3年的公司，中北通达能够在如此短的时间里，获得业内的众多认可，取得如此的成就，与公司全体员工的努力息息相关，公司的领导对优秀作品的选择有着统一的认知，在做决策时十分果断团结。”谈及公司的发展，高尔棣补充到：“《红花绿叶》以300万的制作成本，获得了业内众多专业人士的认可。影片也在国内院线上映的基础上，打开了国际宣发的新渠道。通过《红花绿叶》等优秀影视项目的制作出品，中北通达在提升公司的资质、获得业内认可等战略发展方面，迈出了坚实的步伐。今天，中北通达特意举办此宴会，答谢大家的支持。”影片策划程青松指出：“《红花绿叶》从报名金鸡奖的五百多部电影中脱颖而出，获得了最佳中小成本故事片奖，足以可见影片质量之优秀。《红花绿叶》的投资方顶着可能会在市场上失利的风险，投资拍摄这部电影，魄力可见一斑，感谢中北通达的领导。”答谢会的最后，夏钢导演上台代表刘苗苗的同学朋友讲话。夏钢导演表达了对刘苗苗的祝贺与祝福，并表示将一如既往的支持刘苗苗导演，也十分期待刘苗苗导演今后的作品。中北通达是一家集影视剧出品制作、电影发行、演艺经纪等全产业链布局的优秀影视传媒公司。公司核心班底由艺术家、制片人等业内资深人士组成。公司在推出原创作品、强化制作质量、优化市场布局等方面有着先进的理念与强有力的执行力。公司成立三年来，与央视合作了多部精品影视剧，出品作品也获得了包括金鸡奖、平遥国际电影展等众多海内外专业奖项的认可。公司成立以来，秉承着团结、创新、务实、共赢的精神，以责任、诚信、质量、效益为宗旨，尊重市场规律、不断提升艺术水准、努力深化行为细节，在不断的探寻中打造了一部又一部精品的影视剧。答谢会结束后，出品人陆成国、总制片人高尔棣、导演刘苗苗、联合导演胡维捷接受了媒体群访，就《红花绿叶》制作、宣发等环节与现场媒体分享了自己的感受。我们相信，这样一部优秀的国产片，必将能在中国影史上，留下自己独有的光影成就。(责编：Koyo)
营销新思路？雷佳音汤唯进直播间卖《吹哨人》票,电影宣传是指用营销思维来为电影定位，通过一系列的宣传手段运作，放大电影的优势特点，将其推广到大众之中，提高知名度，为电影创收。近几年电影行业经历高速发展阶段，中国电影宣传逐渐正规化产业化。正如世上没有完全相同的叶子，同样没有两部宣传方式完全相同的电影。新的电影宣传手段层出不穷，主要分为：传统媒介、线下活动、社会化营销、整合营销等。网络直播+电影宣传  “组合拳”招式引领新风潮近几年各大直播平台异常火爆，明星、网络红人都会进行直播，吸引了大量粉丝的观看。一些网络红人的直播，有时可以同时吸引数百万人观看。在移动互联网时代，大流量毫无疑问意味着巨大的商业价值，除了大家所熟知的“电商直播带货”以外，通过直播进行电影宣传正开始成为电影宣传的新模式，逐渐发挥出新的能量。直播网红+电影明星  “二重奏”方式迸发新能量不久之前，雷佳音和汤唯走进了网络红人“多余和毛毛姐”的直播间，为他们的新电影《吹哨人》造势，并在直播中与艺人张欣尧、李昃佑进行连麦互动。无独有偶，之前大鹏和柳岩主演的电影《受益人》，就曾通过直播的形式一次性卖出116666张票，当时大鹏就曾说，这是电影行业的一个重要时刻，因为之前从来没有人在直播中卖过电影票，他们不仅开启了电影票售卖的新模式，成绩也非常不错。直播平台+花式宣传  “多元化”模式汇聚新动力相对于传统的电影宣传模式，通过直播宣传电影有着独特的优势。第一，知名网络红人的粉丝众多，明星与网络红人共同直播，可以低成本一次性地和数十万甚至几百万的观众、粉丝进行在线互动；二，直播的氛围轻松、亲切，粉丝们可以畅快表达自己的情感，明星也可以更好的了解粉丝们的需求，进一步拉近粉丝和明星的距离；三，明星和网络红人的互动当然是围绕着电影主题的，这更容易激发出粉丝对于电影的关注度和好奇心；四，直播当中明星的一举一动都会比电视节目要显得更加随性自然，无形当中为明星的亲和力加了分，圈了粉。这些都是传统的电影宣传模式不可能做到的。“酒香不怕巷子深”的时代早已过去，一部新电影要想获得观众的认可，除了要在电影本身下功夫，宣传一直是十分重要的环节。而在移动互联网时代，有时网络红人对粉丝的号召力可能比一些传统艺人更强大。明星与网络红人的互动，有望开启一个全新的网络营销造势新模式。
叶璇亮相巫山神女杯艺术电影周闭幕式，优雅黑裙尽显独特魅力,近日，由中国电影制片人协会与重庆市文化广电局，巫山县委、县政府联合举办的第四届巫山神女杯艺术电影周闭幕晚会在巫山体育馆举行，李幼斌、吴京、张译、林永健等百位电影人齐聚一堂，著名演员叶璇受邀担任颁奖嘉宾，以一袭黑色蕾丝长裙优雅现身红毯，深V长裙点缀钻石熠熠发光，干净利落的丸子头秀出白皙颈部，姣好的身材曲线赏心悦目，整套造型闪耀迷人设计感十足，一颦一笑都透着东方女性的美，切身感受中国艺术电影的魅力。巫山神女杯艺术电影周是经国家新闻出版广电总局电影局批准，国内唯一一个以艺术类电影为主题的电影周活动。据了解，本届电影周于11月22日至28日举办，为期一周的活动中，包含了“巫山神女杯”评选、艺术电影影评大赛、开幕式、电影展映等项目，将遴选出30部入围影片，最终评选出“巫山神女杯”各获奖项目，包含了最佳文艺影片、最佳制片人、最佳导演、优秀男女主角、最佳编剧等奖项。当晚叶璇作为颁奖嘉宾，在颁奖仪式上同演员吴海燕一起给林永健颁发“优秀男主角”奖项，共同见证了同行人在艺术电影事业中所取得的辉煌荣誉，继续为所喜爱的艺术电影加油助威。入行多年，叶璇塑造过很多深入人心的角色，在电视剧《云海玉弓缘》里倔强深情的妖女厉胜男、《天下第一》里风度翩翩的上官海棠、《再生缘》里灵气逼人的古代才女孟丽君、《封神榜》中楚楚动人的杨莲花，大银幕作品《情义知我心》的阿绿、《窃听风云3》中的陆永瑜等等。叶璇更是凭借电影《意外》入围第66届威尼斯国际电影节主竞赛单元，并获得第29届香港电影金像奖“最佳女配角”奖项，主演的电影《复仇》入围第62届戛纳电影节主竞赛单元。叶璇不断的游走在不同的角色当中，不论古装剧、现代剧还是抗日剧都有着云泥之别，但都表现出了极高的表演水准。据悉，由叶璇搭档于震主演的大型公安、悬疑题材电视剧《以父之名》预计明年播出，该剧主要讲述了以郝欢喜（叶璇 饰）为首的姐妹团误打误撞进入黑帮贩毒场所，成功打击违法犯罪的故事。期待叶璇在新作品中带来观众更多惊喜和突破。特别声明：以上文章内容仅代表作者本人观点，不代表新浪网观点或立场。如有关于作品内容、版权或其它问题请于作品发表后的30日内与新浪网联系。
《他其实没有那么爱你》杀青 王耀庆职场精英再度出击,王耀庆友情出演，职场精英情场失意王耀庆本次友情出演《他其实没有那么爱你》，曾在《失恋33天》、《小爸爸》、《好先生》等剧中塑造了多个经典精英角色的他，在新剧中饰演的陆浩仍是一位霸道总裁。陆浩从毛头小子开始就历经商场残酷的拼杀，最终成为原DMA公司合伙人、“浩舟资本”创始人。不愧是被网友称为“就算王耀庆演乞丐我也觉得他能翻身”的娱乐圈“精英男士专业户”。然而职场情场两难全，陆浩虽事业有成，但婚姻却名存实亡，这位霸道总裁最终能否在感情上逆袭成功，也是网友关注的一大看点。合作优质班底，王耀庆好剧连台除了宋茜、郑恺、杨祐宁、王耀庆、韩秋生这样的优质演出阵容备受观众瞩目外，《他其实没有那么爱你》的主创团队也不容小觑。该剧由《我的前半生》原班创作班底进行制作。李莅樱担任总制片人，卢美珍担任制片人，秦雯、许思窈执笔编剧。优秀的主创们让观众对《他其实没有那么爱你》备受期待，也让大家再次聚焦贴合社会现状的都市情感题材电视剧。据悉，近年活跃在荧幕上的王耀庆存货颇丰，除了《他其实没有那么爱你》还有都市轻喜剧《好好说话》、都市情感剧《下一站是幸福》和都市职场剧《怪你过分美丽》三部剧也预计会尽快与观众见面，题材丰富，好戏连台，敬请期待！特别声明：以上文章内容仅代表作者本人观点，不代表新浪网观点或立场。如有关于作品内容、版权或其它问题请于作品发表后的30日内与新浪网联系。
《惊涛迷局》定档12月20日安妮海瑟薇携手马修麦康纳投身致命游戏,由英国金牌编剧斯蒂文·奈特执导，奥斯卡影帝马修·麦康纳与奥斯卡最佳女配安妮·海瑟薇主演的悬疑科幻犯罪影片《惊涛迷局》（Serenity）今日宣布将于12月20日正式登陆全国各大院线。同时，电影也一齐曝光了定档海报与预告，强剧情与极致的悬疑质感引起了不少青睐类型片观众对影片的期待。此外，安妮·海瑟薇与马修·麦康纳继电影《星际穿越》后时隔5年的再度合作更是激起了大批粉丝及影迷们的关注。安妮·海瑟薇“金发甜心”变身“致命女人”？ 与马修·麦康纳“神秘关系”惹人猜想定档海报中，一只名为“serenity”（宁静）的纸船被尖锐锋利的鱼钩刺破，鱼钩上触目惊心的斑斑血迹令影迷们嗅到了阴谋与犯罪的气息，画面中间这艘令人瞩目的小小纸船更是成为整个故事的关键线索，甚至令人怀疑是否一切只是被人“捏造”的假象？同时，似乎也暗示着这艘“宁静号”所营造的“岁月静好”即将被戳穿与撕破。海报背景灰白一片，像是一团挥之不去的迷雾将安妮·海瑟薇与马修·麦康纳隐藏其中，带血的鱼钩刚好停在两人中间，微妙的位置像是在暗示着影片中这段神秘的“危险关系” 。而影片的定档预告则更是将这种悬疑感翻倍升级，无限放大。“我要你开船带他出海，把他丢进海里喂鲨鱼。” 预告片中，安妮·海瑟薇一头靓丽惹眼的金发，似乎在央求马修·麦康纳成为她的“犯罪帮凶”。而这一句话，也打破了看似宁静平和的海岛氛围：只显示小岛的世界地图、不断收线的鱼竿、试图“施暴”的男人、窥视一切的神秘女人……伴随着预告片背景音中越来越急促的收鱼线的声音，似乎距离危险也越来越近，只等待最后一刻的“愿者上钩”。《星际穿越》后二度携手大银幕 安妮·海瑟薇马修·麦康纳：“2019最令人难忘观影”影片讲述了马修·麦康纳饰演的“硬汉船长”与安妮·海瑟薇饰演的“蛇蝎美人”之间的一个关于真相与救赎的充满悬疑、科幻、犯罪元素的故事。此次是安妮·海瑟薇与马修·麦康纳两人继2014年电影《星际穿越》后时隔5年迎来的第二次大银幕合作，同时也是两位好莱坞实力派演员第一次携手挑战的悬疑犯罪影片。从浩瀚宇宙到神秘海岛，这对“不走寻常路”的CP，将为影迷们倾情奉献这部今冬最强悬疑犯罪电影。此外，影片在北美媒体口碑方面也有着不错的表现：《泰晤士报》称赞影片“反转具有独到之处，同时运用的表现手法也是精妙至极的！” ；《洛杉矶时报》评论道“想跟随角色们去登上这艘名为‘宁静号’的船，成为海岛上的其中一员去体验影片中疯狂而颠倒的世界。” ；《大西洋月刊》表示 “这绝对是2019年最令人难忘的观影体验！” 《芝加哥太阳时报》则表示： “它是近些年来最有野心、最有挑战性的、并最具观赏性的悬疑片之一。”电影《惊涛迷局》（Serenity）由Aviron Pictures公司出品，中国电影集团公司进口，华夏电影发行有限责任公司发行，上海电影（集团）公司上海电影译制厂译制，上海尚世影业有限公司协助推广。影片已定档于2019年12月20日在全国上映。特别声明：以上文章内容仅代表作者本人观点，不代表新浪网观点或立场。如有关于作品内容、版权或其它问题请于作品发表后的30日内与新浪网联系。
《演员请就位》争议不断 “垫底辣妹”演员薇薇自责道歉,上周五晚，国内首档导演选角真人秀《演员请就位》第八期节目开播，随着赛制进入第三阶段，十八位演员之间的“上位”之争越演越烈。同时话题热度讨论度也是持续走高，多次霸占热搜榜。一直以来凭借黑马硬实力表现不俗的青年演员薇薇，在本期节目中却因说错台词，表演遭受批评，不仅现场鞠躬多次道歉“对不起”，更在微博发文反思自己的不足，坦言此次虽然成为“垫底辣妹”晋级，但仍然非常愧疚，引起网友对演员演技的讨论热潮。演员薇薇失误说错台词 自责鞠躬道歉“对不起”《演员请就位》迎来第八期节目，进入比赛第三阶段：导演联盟对战环节。抽签之后，陈凯歌导演和李少红导演结为同一战队，组成“光明最红”联盟。率先登场表演的便是陈凯歌导演执导的作品《我想有个家》片段，进行表演的演员，由李少红导演组的薇薇和杨迪，陈凯歌导演组内的炎亚纶和牛骏峰组成。《我想有个家》以年轻情侣买房为故事起点，讲述的是发生在一家房产中介的故事，展现“家”的重要意义及人与人之间的真情实感。演员薇薇饰演的是一个，为爱情、为男友操碎了心的“大女人”女朋友角色-顾依楠，与其演对手戏的男朋友角色，则是一心只有音乐，追求梦想的“软饭男”-梁宽（炎亚纶饰）。演员薇薇和炎亚纶两人在剧情中是一对因被父母反对想要买房结婚的年轻情侣，一个想要结婚一个只要梦想，爱情与面包之间的抉择，现实与梦想之间的挣扎，深层次的含义需要在演员的神情、动作、语气中一一传达给观众。而在四位演员正式登台表演时，演员薇薇在表演环节中，却将买房金额100万说成了10万，出现了台词失误。表演结束后，薇薇立马拿起话筒频频对小组成员鞠躬道歉：”对不起，是我影响大家。“对于表演过程出现台词错误的事情，演员薇薇不仅在台上一直说对不起道歉，事后更是再次诚恳发微博：初出茅庐的我，有太多不足，虽然以”垫底辣妹”晋级，但是仍然非常愧疚，我会更加努力，继续迎战。进行自我反省和接受教训。虽然此次薇薇在节目中出现了台词失误，但整体表演水平依然可圈可点，获得网友肯定和力挺：薇薇演的都到位，霸气的气场，看的我都想要这样的女朋友。褒贬不一获得两极化评价 演员薇薇真诚接受批评其实节目中，《我想有个家》的表演，获得了导演两极化的评价，郭敬明导演评价：剧情不够合理化，演员没有个性特征，这是一场有遗憾的表演。而陈凯歌导演却给予了演员们肯定：我认为你们表现的都很棒。并在拉票环节坦言演员行业的残酷：演员是一个近乎残酷的职业，常常会听到批评的声音。导演之间专业且严厉的评价，让节目现场弥漫着紧张气氛。表演结束后，《我想有个家》最终以6票之差赢得了小组胜利，而演员薇薇，最终也以182票的个人票，获得第三轮比赛中第十二名的名次，成功晋级下一轮比赛，得到导演与观众的认可。虽然演员薇薇因为一次小的台词失误，被大家批评，但正如《演员请就位》节目所想要传递的初衷一般：一起探求，表演的真谛。让专业就位。让角色就位。无论是一份肯定还是一份批评，留给演员薇薇及其他演员们的都是更多成长的空间。此阶段，仅仅只有两年戏龄的青年演员薇薇，需要的正是能够不断鞭策她进步的批评，当出现失误时，及时反思，认清错误，才是一个演员该有的品格，是成为好演员的素养。在《演员请就位》节目中，因为曾进入过待定席位，演员薇薇也表示迫切地想要证明自己的实力，从刚开始的待定不被看到，再到如今一次次的突破被认可，每一次的惊喜中，已经不难看到薇薇的变化，在向更专业的演员前进的路上，薇薇正在做着脚踏实地的努力。如今，薇薇成功进入十二强，接下来她又会带来怎样精彩的表演，让我们拭目以待。特别声明：以上文章内容仅代表作者本人观点，不代表新浪网观点或立场。如有关于作品内容、版权或其它问题请于作品发表后的30日内与新浪网联系。
"推动""粉丝经济""行稳致远 粉丝该如何贡献正向价值",理性对待粉丝热情、引导粉丝合理消费，同时将明星效应转化为提升商业品牌知名度和美誉度的契机，才能更好体现“粉丝经济”背后的流量价值。作为文化娱乐产业和数字经济的重要组成部分，“粉丝经济”同样要遵守市场经济对于诚信、法治的要求。“粉丝经济”的出现，也是一道治理课题“双11”才过不久，“双12”又将到来，很多电商平台和品牌把重点放在吸引粉丝“流量”上。从明星发布预售链接，到推出明星定制礼盒、联名款产品，再到购物赠送签名海报、线下见面机会等，“粉丝经济”比往年更为抢眼，引发人们关注和思考。以购买明星的专辑、代言的产品，为明星提升流量等为特征的“粉丝经济”，正在成为近年来经济生活中的新亮点。以今年“双11”前的电商营销为例，某化妆品牌请明星代言1小时，销售额就突破4000万元；某日常用品请明星代言预售3万件产品，3分钟即告售罄；某明星代言的一款电动牙刷，3天预售额近2000万元……明星“带货”能力的背后，是粉丝们的强大消费能力。粉丝们从情感出发进行消费，通过商品购买、社群聚集、交流互动等环节，满足了自身的需求。互联网和社交媒体的升级迭代、文化娱乐产业的蓬勃发展，成为“粉丝经济”兴起的深厚土壤。对商家来说，粉丝们带来的“流量”，往往与“销量”直接挂钩。在利益的驱使下，行业内滋生了“流量至上”甚至“流量造假”等现象，亟待规范和引导。而粉丝群体中存在的“刷单”“刷票房”“刷好评”等不良行为，也为自身带来负面评价。理性对待粉丝热情、引导粉丝合理消费，同时将明星效应转化为提升商业品牌知名度和美誉度的契机，才能更好体现“粉丝经济”背后的流量价值。作为文化娱乐产业和数字经济的重要组成部分，“粉丝经济”同样要遵守市场经济对于诚信、法治的要求。有数据显示，36%的粉丝表示愿意为偶像每个月花100—500元，相关领域市场规模高达900亿元。面对这一庞大的市场规模，如果任由“流量至上”等非理性因素野蛮生长，不仅将破坏这一正在成长中的新生事物，也将侵蚀社会诚信体系。正因如此，近期国家相关部门要求电商第三方平台须切实履行监管职责，并将对涉嫌违反广告法、消费者权益保护法等违法行为进行查处。依法依规、诚实守信形成健康的商业模式，将更好推动“粉丝经济”行稳致远。“粉丝经济”的出现，也是一道治理课题。随着相关产业规模的不断扩大，“粉丝经济”涉及的领域和内容愈发多元，新对象、新领域、新场景不断涌现。比如，如何杜绝恶意注册账号“刷单”，怎样避免未成年人非理性消费，如何认定在线“打赏”的法律效力，等等。回答这些新考题，需要相关各方携手努力。管理部门要加强事前监管的能力和水平，提高全过程监管意识；优质流量明星应当更加自律、更有担当、更具表率；平台方面要进一步增强责任感，杜绝管理漏洞，等等。各方协力完善相关法规制度，善用大数据、人工智能、云计算、区块链等技术手段，才能为“粉丝经济”营造良好的外部环境。当前，随着粉丝素养不断提升，技术支撑日渐完善，“粉丝经济”正在步入发展快轨，有望保持高速增长的活力。呵护好、规范好这一新生事物，让“粉丝经济”带动消费升级、行业变革和市场发育，就能更好满足人们对美好生活的向往与期待，为经济发展注入充足动力。（记者：何希）(责编：漠er凡)
宋方金“最爱”作品播出 《热爱》集齐72位明星,本报讯（记者 杨文杰）由宋方金编剧的《新围城》更名《热爱》，于12月1日晚接档《河山》登陆北京卫视黄金档。该剧号称集齐72位明星，包括了领衔主演的杨玏[微博]、啜妮、刘敏涛[微博]、张晨光[微博]、牛莉、梁冠华[微博]、吕中以及特别出演的柯蓝[微博]、黄圣依[微博]、刘蓓、范伟[微博]、张歆艺[微博]、范明等。谈及创作初衷，出品人周亚平表示，《热爱》关注的是人们的内心。“一开始的创意讲的是‘新围城’，它代表着人们在精神上跳进跳出的状态。虽然如今人们的物质生活极大地丰富了，但精神层面也出现了焦虑、纠结、烦恼”。所以，《热爱》从个体婚姻家庭的构建讲起，围绕多个家庭，讲述着日常中的苦乐点滴和生活智慧。“我们的目的就是用这样一个喜剧的效应，让大家来化解、融合精神层面的问题，就是这样的诉求”。该剧编剧宋方金则在发布会现场直言，《热爱》是自己创作过的最好的作品。“我一共写过五部戏，其中四部都是在北京卫视播出的。但要说这部戏和之前的戏有什么区别，我只想说，这个剧本是截至目前写得最好的”。原本并不打算接拍电视剧的导演王小列笑言，“拍电视剧太辛苦了，但宋老师的这个剧本真的特别顺，一直有莫名的情绪感动我。这个情绪可能就是一种幸福感。我觉得这部戏最大的不同就在于剧中的人物都在为一些小事而烦恼着，通过他们表达的是人性的美好，这也是我们这个戏最感动人的地方”。《热爱》的故事围绕多个家庭展开，既有老一辈的人情世故、旷达人生，也有新一代年轻人的生活细碎、起承转合，而杨玏饰演的尚晋，正是剧中多个家庭关系网中的关键连接点。剧中，哲学专业毕业的山东青年尚晋为了爱情留在了北京，成了女友所住小区的一名调解员，“这就注定了他要在这一方小世界里与不同的人接触，去化解不同人跟不同人之间的矛盾。”在杨玏看来，“灵光”是尚晋最大的特点，也得益于此，他最终收获了属于自己的幸福。《热爱》是一部群像大戏，剧中前前后后出现有72位演员，每一位皆是演艺界实打实的演技派，而能和这样的阵容“组队”，杨玏感叹“能和这么多优秀的演员、表演艺术家在一起，真的是一件特别幸福的事。作为一个从小在北京长大的孩子，我热爱这座城市，热爱这个城市里的一切。这个戏就是反映这个城市的故事，反映大家生活中的鸡毛蒜皮、柴米油盐，所以我也热爱我们个戏”。(责编：珞小嬜)
这么傻的剧怎么就火了?《灵剑山》编剧谈改编理念,羊城晚报记者 龚卫锋独家专访最近，根据网络作者国王陛下创作的男频网文改编的仙侠剧《从前有座灵剑山》，在爱奇艺悄然上线，没想到播着播着就火了。《从前有座灵剑山》由爱奇艺、腾讯影业、恒星引力传媒、ABB良品制造出品，于中中执导。剧情讲述九州大陆面临危机时，天分极高的王陆（许凯[微博]饰）进入灵剑派，拜在五长老王舞（张榕容[微博]饰）门下学艺。王舞外貌美艳但性情不羁，常常惹是生非，师徒二人在爆笑互怼中经历重重险境，最终成为九州强者……乍一看，该剧故事线很常规，不少观众纯为“下饭”才打开看看，没想到一入坑就再也爬不出来。《从前有座灵剑山》被网友戏称为“沙雕剧”，剧中搞笑梗用到停不下来；但严肃讲故事时，却能一本正经地引人流泪。有人说，上一次能把解构手法用得恰到好处的古装剧，要追溯到13年前的《武林外传》。近日，羊城晚报记者独家专访该剧总编剧范侃，请他梳理该剧的创作逻辑和改编模式，以寻找其火爆的原因。A团队：四个中国传媒大学的同学最近几年，男频文改编的剧集鲜少出现爆款，就连《斗破苍穹》《武动乾坤》这类大IP也纷纷“扑街”。《从前有座灵剑山》是仙侠题材男频文的代表作之一，承担这次改编工作的是ABB剧本工坊。编剧团队有四人，包括总编剧“小村村”范侃以及编剧李菲菲、许芃芃、方羌羌。四人均毕业于中国传媒大学，从2012年成立编剧团队，磨合了7年，如今终于迎来属于他们的“爆款”之作。羊城晚报：原著作者国王陛下有没有参与编剧工作？或者给了什么建议？范侃：在改编剧本的过程中，我们会阶段性地跟他开会。他非常尊重我们的改编，我们也没有改到“丧心病狂”，所以他对剧本还是认可的。羊城晚报：改编的难点在哪里？范侃：难度最大的是如何把原著的气质、精髓保留下来。我们考虑到“破次元壁”的问题，除了原著粉，希望让普通观众也能看明白。但剧本写完后，我们心里没底，非常担心那些喜剧梗演起来会尴尬，于是就找了个笨办法：与导演一起，找专业的喜剧老师先演一遍，他们一边演，我们一边调整剧本。现在有观众也在问，为什么原著里一些有趣的梗不见了？因为我们是真的试演过，发现很别扭，就删掉了。羊城晚报：你们是不是引入了游戏的结构、走向来进行编剧？范侃：有观众也发现，这部剧的前两集有点难进入，但过了两集就会“真香”。因为这部剧是采用RPG游戏（角色扮演游戏）的结构，没打过游戏的观众可能完全不知道在说什么，比如第二集桃源村的戏份就像刷了一个副本。整个故事分为五大块：入学考试、山上修炼、下山历练、老板娘结婚、五大派升仙大会比武。羊城晚报：这是大部分男频文在改编中会用到的路数吧？范侃：是的。其实从当年金庸作品的改编开始，就是按照这样一个路数来做的，属于“传奇板块”的结构方式。男频文的特点就是男主角会经历上山修炼、下山历练的过程，而从头到尾会贯穿男主角的内心感受。我们删掉、合并了原著里很多女性角色，让男主角下山历练时增加了固定的小伙伴——这是我们最大的改动。羊城晚报：其实让观众最惊喜的是，《从前有座灵剑山》融入了明显的喜剧基调，对吧？范侃：传统的少年冒险剧，例如《斗破苍穹》《武动乾坤》，少年冒险戏份占80%，喜剧戏份占20%。《从前有座灵剑山》中喜剧和冒险的比例是对半分。羊城晚报：你们几位编剧都是学的戏剧影视文学专业？范侃：不全是，但专业都相关。我们四个都是中国传媒大学的同学，很默契，而且实力相当，可以取长补短。我本科学的是制片，硕士学的是艺术理论，博士学的是广播电视艺术学，博士后做的是传播学研究，现在还在中国传媒大学教书。许芃芃是我师姐，她是电影学硕士；方羌羌是我师弟，他本科学戏剧影视文学，研究生学文化产业；李菲菲和我同届，本科学电视编导，硕士是戏剧影视文学专业。B剧本：慎重避开男频文改编的雷区如今，男频文改编已经成了很多编剧的雷区：改动小了，剧集容易灌水；改动太大，原著党会抵制。《从前有座灵剑山》对原著进行了大量改编，虽然同样有原著党认为改编过多，但普遍反响是认为这部剧的改编把握了原著的精髓。光这一点，就是胜利。羊城晚报：现在很多IP改编剧会被观众吐槽不尊重原著，你怎么看？范侃：一定要尊重原著。但小说和电视剧有不同的叙事方式，小说有很多主角的心理描写，而改编成电视剧则需要戏剧情境，进而需要人物关系去塑造。所谓“孤木不成林”，必须在主角身边添加人物。我认为，尊重原著体现在两点：第一是尊重原著的类型气质，比如一个男频少年冒险故事，不能改成女频言情恋爱故事；第二，在改编时，哪怕我们会增加故事线，但人物性格，特别是主角性格，一定要依据原著，因为这是原著最精彩的部分。羊城晚报：原著党和非原著党的意见，会影响你们的创作吗？范侃：我们在创作之前会做几件事情：第一，认认真真把小说看好几遍，做笔记；第二，跟原著作者沟通；第三，在网上看各种舆情评论，包括百度贴吧、豆瓣评论、动画片弹幕、漫画相关评论。我们会把评论整理分类成“严肃型评论”和“发泄型评论”，留意网友对哪些地方不爽，从而进行规避。羊城晚报：男频文改编在业界是不是非常棘手的领域？范侃：是的。我个人很喜欢金庸，在我小时候，我身边的男生、女生都很爱看这种男性向的作品，但前两年有种观点叫“得女性者得天下”。其实在我的认知里，我身边的男生很少看偶像剧，但我身边的女生会去看男人戏，比如《士兵突击》和金庸剧。所以我一直觉得，男频文的改编应该有成功的可能性，不成功一定是方法不对。我们这次改编就很慎重，想避开男频文改编的雷区。羊城晚报：哪些地方容易出现雷区？范侃：因为男频文体量大，动辄上百万字，需要压缩灌水的部分，但压缩过程中很容易操作失误；其次，男频文的爱情部分该怎么处理？可能有些作品在改编时增添了太多爱情线，粉丝就不买账了；此外，有的作品特效含量特别高，制作成本特别大，反而影响了创作水准……至于《从前有座灵剑山》，我们用很多喜剧元素替代打斗和特效，这也是为了回避雷区。羊城晚报：男主角和男二号的戏份之争也是这两年观众热议的焦点。有人发现“海云帆”这个男二号角色相比原著加了不少戏，你们是怎么考虑的？范侃：我们毫无疑问要保男主角的戏，男二号的存在更多是为了给男主角当话搭子。如果放到女频文中，“小海”的功能就是娘娘身边的丫鬟。但剧中那条悬疑线跟他有关，确实让观众以为我们给他加了戏。写得不够好的地方，我们认，但我们的初衷不是奔着给男二号加戏去的。羊城晚报：演员的表演有没有实现你们对角色的设定？范侃：许凯就是我心目中的王陆，他身上有小聪明、小可爱的少年感，还像一个高中生，也演出了那种懵懵懂懂的爱。张榕容是一位特别好的演员，她在演戏时是没有包袱的，既能驾驭《妖猫传》里的杨贵妃，也能驾驭王舞的无节操。C解构：“沙雕剧”符合碎片化生活方式相比以往的仙侠剧，《从前有座灵剑山》最大的突破是它对“仙侠”的解构。剧中调侃了奥斯卡奖小金人，调侃了TVB的“煮面梗”以及“做人最紧要开心”的金句，甚至让许凯cue自己的代表作《延禧攻略》。许凯饰演的王陆得知师父王舞的秘密后说道：“这简直就是魏璎珞一秒变成我姐富察皇后啊。”值得关注的是，《从前有座灵剑山》虽然表面上不正经，但它其实是一部“内涵喜剧”，充满借古讽今的意味。剧中讽刺了娱乐圈的舞台假唱、明星人设和卖惨营销等现象，还讽刺了键盘侠以及道德绑架，等等。羊城晚报：剧中加入了很多现代社会的热点元素，这部剧的价值诉求是什么？范侃：一部优秀的喜剧，一定是在让人笑的同时，也能让人哭。国王陛下本身就是一个非常关注时事和网络话题的人，他的作品表层是喜剧，但深层理念让人动容。《从前有座灵剑山》小说的最后，所有人都死了。男女主角在死之前有这样的对话：“没有人会记得我们，他们会记得从前有座灵剑山。”五大门派中不管曾经是好人还是坏人，他们在最后面对人类灭亡的紧要关头，选择了像群星陨落一样的死亡。羊城晚报：你们的改编有为这部剧注入深度吗？范侃：虽然这是一部“下饭剧”，我们在改编时也没想过铁肩担道义，但我们还是不自觉地希望它能有一些触动人性。原著也是一样的路数。羊城晚报：这部剧解构仙侠题材的味道很重，你们是怎么想的？范侃：我们和国王陛下一拍即合，如鱼得水。这个时代，大家愿意看一些轻松的东西，但轻松和卖蠢是两回事。角色嘴上会胡说八道，而胡说八道里包含很多智慧。羊城晚报：我们能从中看出什么趋势吗？范侃：这是男频文改编的方向，应该说，传统仙侠剧在慢慢转型。现在这个市场足够大，它容得下多元类型，有偏正剧的，也有偏喜剧的。就像我小时候，既有《射雕英雄传》这样很正的武侠，同时也有《少年英雄方世玉》《机灵小不懂》这样的喜剧类武侠。这个时代也一样，只不过发生了一点变化：偏正剧的，会加入权谋、家国理想；偏喜剧的，会用到二次元破梗、解构类的搞笑。羊城晚报：对于“沙雕剧”，现在争议很大。范侃：随着短视频、媒介融合的推进，社会节奏加快，观众对作品的需求也从完整叙事，变成只需要一个搞笑的点。视频的长短，代表着你的生活方式。比如，你在上厕所的时候看的那三分钟，或者说你在地铁上的那十分钟，都是短视频的存在时间。“沙雕剧”符合生活被碎片化后的时间填充，这也是抖音、快手等这些搞笑视频火爆的原因。但作为电视剧来说，它一定不能全面“沙雕”。只讲段子，观众会看不下去，要靠人物、剧情去连缀。羊城晚报：《从前有座灵剑山》会有下一部吗？范侃：这部剧大致讲到全书故事的2/5。我们期待有下一部，但能不能做，还要看各方面的因素。我们一开始怕这部剧过于二次元，没想到当代观众接受的尺度比我们想象的要大得多。如果有下一部，我们会更用心地去做。(责编：珞小嬜)
《误杀》将于12月13日登陆全国IMAX®影院,上海-2019年12月2日- IMAX中国控股有限公司（港交所：1970）今日宣布由导演柯汶利执导的贺岁犯罪“反杀”爽片《误杀》将经由IMAX®专利的数字原底翻版(DMR®)技术转制为IMAX®版本，于12月13日登陆IMAX全国约660家影院。电影《误杀》由陈思诚监制，导演柯汶利执导，肖央、谭卓、陈冲、姜皓文等实力派演员领衔主演，秦沛特邀出演。影片最精彩刺激的部分莫过于“反杀”事件带来的高智商对决，堪称本年度最过瘾的犯罪爽片。电影讲述了在偏远小镇开设网络公司的李维杰（肖央 饰）和妻子阿玉(谭卓 饰)膝下育有两个女儿，过着幸福的生活。他们平静的生活被女儿的意外犯罪所打破，李维杰的大女儿被督察长的儿子强暴，因反抗误杀对方。为了从法律的黑暗面和暴力调查中拯救家人，李维杰和强权拉韫(陈冲 饰)展开博弈，与警方展开殊死一搏的较量。在IMAX超清超亮的大银幕与激光校准的音响系统带来的超强沉浸感下，观众将更真实地体验李维杰与警方惊心动魄的脑力博弈。IMAX®版《误杀》经由IMAX DMR®（数字原底翻版技术）转制，为观众呈现具有符合IMAX®观影体验标准的影音品质。水晶般清澈的影像、配合量身定制的IMAX®影院 设计，以及强大的数字音效系统，也为电影观众营造出一个沉浸式的观影环境，让观众们感受到更真实的观影体验。特别声明：以上文章内容仅代表作者本人观点，不代表新浪网观点或立场。如有关于作品内容、版权或其它问题请于作品发表后的30日内与新浪网联系。
第十四届华语青年电影周闭幕：成绩斐然未来可期,由中国文学艺术界联合会指导、中国电影家协会和武汉市人民政府联合主办，中国文联电影艺术中心、中共武汉市委宣传部、武汉文化发展集团有限公司共同承办的第14届华语青年电影周于11月29日在武汉正式落下帷幕，闭幕式现场众多荣誉逐一揭晓，各项合作签约意义非凡。中国电影家协会分党组成员、中国文联电影艺术中心主任饶曙光，武汉市人民政府副市长陈邂馨，武汉市委宣传部副部长吴天勇，武汉音乐学院党委书记陈兴荣，武汉市人民政府副秘书长李涛，武汉文化发展集团有限公司党委书记、董事长易晓，湖北长江电影集团党委书记、董事长陈敦亮等领导出席了闭幕式。华语青年电影周自2006年创办以来，始终如一，不忘初心，致力于对优秀青年电影创作力量进行挖掘、孵化、选拔和培养，让更多有才华的青年影人在华语青年电影周的平台上不断进阶。本届活动站在新中国成立七十周年的历史节点，坚守扶持优秀青年影人的理念和初心，以“见自我，见世界”为主题，将当下青年影人的优秀作品作为贺礼、致敬祖国华诞。成绩斐然：以“新”为引，意义非凡“新青年、新作品、新创意、新市场”是今年华语青年电影周的全新定位。活动举办期间，共集中展映国内外佳片45场，举办映后交流27场，开展深度论坛3场，还新增了“猎鹰计划”项目创投会及青年编剧特训营“启明星计划”等重要板块。电影周荟集老中青三代优秀电影人，联结产业全要素，积极发掘和鼓励优秀华语电影新人新作，为繁荣华语电影创作、推动电影产业发展贡献力量。在过去的五天中，影迷们赶场看展映、听论坛，享受视听盛宴；电影人则在各类活动中，展开深入探讨、思维碰撞。无论是观众们，还是创作者们，在本次活动中均收获颇丰，这对于帮助华语青年电影产业形成“创作—生产—市场”的良性闭环有着重大意义。悬念揭晓：花落谁家，高潮迭起年度新锐荣誉推介单元和“猎鹰计划”项目创投单元各项荣誉的揭晓，是第十四届华语青年电影周闭幕式的重磅环节。通过专业考量和层层筛选，本届年度新锐荣誉推介单元有9项荣誉揭晓——年度新锐剧情长片：《春江水暖》；年度新锐导演：邢健[微博]；年度新锐编剧：梁鸣；年度新锐男演员：李岷城[微博]；年度新锐女演员：凯丽比努尔·热合米图力；年度新锐技术（摄影）：俞宁辉、邓旭；年度新锐技术（美术）：张家祯；年度新锐技术（剪辑）：曾子文；年度新锐技术（声音）：王旭粮；选委会特别推介剧情长片：《狂徒》；年度新锐剧情短片：《大厨》《寻牛》《红枣薏米花生》；选委会特别推介剧情短片：《蛾》。除年度新锐荣誉推介单元外，本届电影周重磅亮点单元——“猎鹰计划”项目创投也收获颇丰。自7月4日到9月30日，经过征集、初审、复审，在征集而来的247个包含完整剧本的电影项目中，10个年度入围项目脱颖而出，每个项目获得10万元样片拍摄资金，帮助青年影人完成“从0到1”的跨越。经过“猎鹰计划”项目创投终审路演后，最终的三项荣誉也在闭幕式上揭开了神秘面纱：《雨打芭蕉》获得ARRI全球扶持计划·华语青年未来计划的支持；《去看大海》获得天择影业发展计划的支持；《看风车的人》获得银海影业青年电影扶持计划·银海动力计划的支持；重磅签约：成立联盟，孕育硕果华语青年电影周作为一个拥有14载积淀的电影盛会，是齐聚产业发展要素、促进行业发展的孵化器和大引擎。其对青年影人的支持除了体现在创作方面，更落实在市场层面。本届活动期间，武汉电影产业联盟正式成立。此举将整合影视产业的各方优势力量，推动电影文化产业资源整合、创新与发展，推进产业跨区域、跨行业全面发展，深度融合电影产业链重点企业，推动武汉电影产业高质量发展，并借助华语青年电影周的余温，大力扶持青年影人，搭建产品与市场对接的平台，打造武汉电影产业平台和创新高地。郭晓东导演的电影处女作，也在闭幕式上与武汉文化发展集团有限公司正式签约。郭晓东[微博]是深受观众喜爱且专业优秀的青年演员，武汉文化发展集团有限公司作为武汉建设文化强市的重要平台，在电影文化的机制创新、资本运作、资源整合等方面有极强实力。此次二者顺利签约，正是以华语青年电影周为联结而收获的果实，值得期待。此外，武汉文化发展集团有限公司分别与武汉设计工程学院成龙影视传媒学院、武汉音乐学院校签订“校企战略合作协议”。大城雄心：着眼青年，迈向未来值得一提的是，闭幕式举办地——红T时尚创意街区，11月还举办了2019年武汉时装周的闭幕式。作为湖北省文化产业示范园区，红T浓缩了“国家现代服务综合改革示范典型”、中部时尚之都武汉市江汉区的潮流姿态，武汉时装周、武汉时尚艺术季、湖北双创周、武汉台湾周、红T杯青年设计师邀请赛等时尚文化活动均在这里举办。从爱帝集团旧厂房到文化时尚设计行业青年人才的摇篮，红T与华语青年电影周挖掘和扶持青年人才的初心不谋而合，更折射出武汉在发展时尚文化产业上的雄心壮志。在促进电影产业高质量发展上，武汉将“真情实意、真金白银、真枪实干”，打造电影重镇，培养青年力量，迈向光影未来。青年影人的今天，就是中国电影的未来，对华语青年影人的鼎力支持，是华语青年电影周肩负的责任与使命。第十四届华语青年电影周顺利落幕，光影之梦还在继续，我们满怀希冀，渴望看到更多的青年影人从华语青年电影周扬帆，从武汉起航，驶入更广阔的天地。(责编：小万)
电视剧《热爱》举行发布会 杨玏啜妮讲新围城生活,新浪娱乐讯 11月29日，电视剧《热爱》出品人兼创剧人周亚平、编剧宋方金、导演王小列，主演杨玏[微博]、啜妮[微博]、刘敏涛[微博]、张晨光[微博]、牛莉[微博]、梁冠华[微博]、王博文、淮文等人亮相北京卫视全国首播新闻发布会，与现场的媒体和粉丝，一同讲述关于生活与爱的故事。《热爱》讲述了山东青年尚晋毕业后（杨玏 饰），为了能与女友——北京大妞李貌（啜妮 饰）团聚而选择留在北京，并在李貌所住的幸福里九号小区做了一名光荣的人民调解员。在两人从恋爱小天地逐渐步入婚姻殿堂的过程中，一出出或嬉笑怒骂、或温馨感人的百态生活喜剧欢乐上演，与幸福里九号的亲朋好友、路人过客，共同勾画出一幅色调轻盈、温暖明亮的当代都市生活图景。尚晋上进又灵光，李貌是团宠更是幸福果儿在杨玏看来，“灵光”是尚晋最大的特点，也得益于此，他最终收获了属于自己的幸福。“他是一个才思比较敏捷的人，会瞬间想很多办法，有点巧舌如簧，能凭借一张嘴把不同人的关系和矛盾修复好，很阳光也很可爱，更关键的是人如其名，很上进。”剧中饰演尚晋女友李貌的啜妮说她眼中李貌的是一个实打实的“团宠”。“谁都喜欢她，爸爸妈妈宠，奶奶哥哥宠，男朋友宠，很幸福，是个标准的幸福果儿。”但是，长在蜜糖罐中的李貌，也并非毫无个性。“比如碰到自己的准婆婆管红花（刘敏涛 饰）的时候，她会用自己的智慧，兵来将挡，水来土掩。”化解“围城”内外苦涩，诠释都市百态生活谈及创作初衷，，影片总策划兼联合出品人周亚平在发布会上说道 “一开始的创意讲的是‘新围城’，它代表着人们在精神上跳进跳出的状态。虽然如今人们的物质生活极大地丰富了，但精神层面也出现了焦虑、纠结、烦恼。我们的目的就是用这样一个喜剧的效应，让大家来化解、融合精神层面的问题，就是这样的诉求。”有了这样的拍摄诉求，如何保证每个角色的饱满度，如何处理情节的丰富性和语言的幽默性，成了《热爱》在创作阶段最关注的问题。而该剧编剧宋方金则在发布会现场说道，《热爱》是自己创作过的最好的作品。“我一共写过五部戏，其中四部都是在北京卫视播出的，但要说这部戏和之前的戏有什么区别，我只想说，这个剧本是截止目前写的最好的。”王博文[微博]演唱《热爱》主题曲，称角色原型是史航剧中，饰演男主人公尚晋（杨玏饰）父母的梁冠华、刘敏涛刚一登场就开启了“欢乐模式“。剧中管红花“张口闭口只说三点”，戏外刘敏涛也现场爆笑再现角色的家庭政委特质，以一口标准的山东腔还原剧中的搞笑台词“我只说三点”，同时也解释道，“她只说三点，一二三每条每项都列得清清楚楚，一看就是个刚正不阿的领导干部，是个官迷、很想扶正，但非常戏剧性的就在于她一辈子都是副的，不算是那种很厉害的女性形象，反而很调皮、很有趣。”曾在《都挺好》《西虹市首富》等众多经典作品中出演“霸道总裁”的张晨光，此次在《热爱》中出演了一位“卖猪蹄的李掌柜”，生活气息极为浓厚。张晨光现场坦言道很高兴可以把“霸道总裁”的这个标签给拔掉。“他虽然看似个性孤傲，好像什么人、事都不入他的眼，但其实他的内心十分热情。并不是说表现在平常生活里面，他有他自己的一个原则，这个跟我之前所演的一些戏真的是大不相同。”戏里戏外被粉丝簇拥的王博文，此次在《热爱》中随女方阵营上台，他这样介绍自己的角色，“李才就是一个典型的复合型人才，特别有才，又可以写书，又可以当电视嘉宾，又可以开讲座。他的原型就是鹦鹉史航老师，我觉得我演得应该是年轻时候的史航老师。”身为多栖艺人，王博文也现场清唱了《热爱》的同名主题曲。(责编：珞小嬜)
徐正溪空降圣诞点灯 优雅格调玩转印花复古风,徐正溪 圣诞点灯大使徐正溪 圣诞点灯大使徐正溪 冬日浪漫徐正溪 冬日浪漫徐正溪 印花衬衫徐正溪 印花衬衫徐正溪 复古风徐正溪 复古风近日，徐正溪惊喜空降上海，以圣诞点灯大使的身份现身活动现场。经典吸睛印花衬衫，巧妙搭配工装马甲及黑色毛呢西装，化身优雅不凡的中世纪绅士，在梦幻圣诞背景中感受复古与现代潮流的时尚碰撞；柔和光影与清冷腔调融为一体，文艺气质油然而生，更彰显眼神中的暖意，举手投足间完美驾驭精致摩登的冬日浪漫。现场气氛热烈，一场专属邂逅，提前拉开圣诞的序幕。徐正溪 优雅不凡徐正溪 优雅不凡徐正溪 文艺气质徐正溪 文艺气质从《夏家三千金》到《独孤天下》《凤弈》，再到《十年三月三十日》，徐正溪用心演绎出各种不同的复杂人物形象，同时在时尚领域尝试百变风格，实现自我的不断突破与重塑。据悉，由他主演的《九州·天空城2》、《痕迹》也将陆续与观众见面，仙气十足的古装造型与全新领域的尝试令人期待。特别声明：以上文章内容仅代表作者本人观点，不代表新浪网观点或立场。如有关于作品内容、版权或其它问题请于作品发表后的30日内与新浪网联系。
牛骏峰生日会现场深情献唱 为粉丝送上冬日暖心逆应援,12月1日，牛骏峰“New’s talk”生日会在北京暖心举办。生日会现场，牛骏峰带来了精心准备的歌曲，并为到场粉丝准备了装有红枣枸杞的养生式逆应援，粉丝直呼“贴心”。在感动和惊喜中，牛骏峰和粉丝共同度过一段珍贵而美好的时光。《你是我的眼》温情开场 粉丝互动默契爆表为了感谢陪伴多年的粉丝，牛骏峰开场便以一首《你是我的眼》温情表白，现场气氛瞬间被点燃。不同于演唱时的深情款款，和粉丝互动时他秒变“游戏小能手”，在“不说话只说画”环节中，牛骏峰与粉丝默契十足，接连答对三题，更是借画解释了自己名字的含义“只有骏马才能爬上山峰”。而在“倒放猜歌曲”环节，牛骏峰惨遭“滑铁卢”，大呼“我太难了”，却在粉丝猜出歌名后秒变身中华小曲库，接连演唱《蒙娜丽莎的眼泪》、《浪费》，让粉丝一饱耳福。最后更是拿出老本行，为粉丝献上两段经典京剧老生唱段，现场叫好声不断。牛骏峰分享拍戏经历 与粉丝互送祝福感动落泪游戏间隙，牛骏峰指着现场布置中他过往角色的剧照，开始为粉丝兴致勃勃的讲述他演戏17年以来令他记忆犹新的拍戏经历。从12岁第一次当男主角的《我们都是好朋友》试镜时在一屋子的小演员中脱颖而出，一直讲到近年来拍摄电影《说走就走之毕业旅行》时，在冬日的内蒙古穿着短袖甚至光膀子，冻到瑟瑟发抖依旧坚持拍摄。牛骏峰直言“虽然演员是个孤独的职业，但有了你们的支持，我一定可以坚持我所坚持的。”生日会现场不仅有现场粉丝送上祝福“心疼你为更好的诠释角色而遭遇的挫折，但所有的苦难都有尽头，等待你的是行云流水般的此生”，未到场的“牛肉面”们也录制视频祝牛骏峰生日快乐。感动之余，牛骏峰同样为粉丝送上感谢信“我会带来更多让你们喜欢的作品，我和角色陪着你们，一起慢慢变老”，让不少粉丝感动落泪。据悉，腾讯视频每周五晚20点的《演员请就位》正在持续热播中，上周牛骏峰在片段《我想有个家》中饰演具有“当代豪侠”气质的房屋中介小老板牛小锐，并最终以全场票数第二名的好成绩成功晋级半决赛，期待他在接下来的比赛中给观众带来更多不一样的惊喜。此外，由他主演的《隐秘而伟大》、《亲爱的麻洋街》、《二十不惑》等作品也将陆续播出，多面角色即将上演。特别声明：以上文章内容仅代表作者本人观点，不代表新浪网观点或立场。如有关于作品内容、版权或其它问题请于作品发表后的30日内与新浪网联系。
满舒克新单曲《FEEL GOOD》MV首发,不同于《FAILLIN》下降情绪里的「自我对话」，这次摩登天空旗下M_DSK厂牌音乐人满舒克为我们带来了全新专辑《Gentle Mǎn》的第三支单曲以及MV《FEEL GOOD》正式上线，更像是「自我放松」。Chill是整个作品的状态。对于《FEEL GOOD》理解，就像满舒克在厦门专辑首唱会满式幽默的解释道：“自我感觉良好”不用在意不好的声音，这种幽默仿佛给这支歌加上一层滤镜，伴随着他的音乐让你“服用”这剂情绪，放轻松些做真实的自己，做你想做听听这首歌。《FEEL GOOD》立意干净利落，反复的韵律不停给你的耳朵带来刺激，伴随着明快的律动和朗朗上口的flow，“I feel good，Feel good，I’m OK”，充斥你的周围。Vision by：MVM design label _#在我的每个作品抽离#从梦中醒来，习惯了生活在别处的世界，身体也不断慢慢升空。MV里满舒克骑着摩托行驶在隧道之中，驶进通往潜意识的巨大迷宫，进入到了另一个世界，那种感觉像海中的浪一直在翻滚。那里是没有束缚但充满善意的世界，外面到发生什么，他不会去管“习惯了风口浪尖内心，却风平又浪静”。巨大的落日、幼稚的游戏、远方的聚会。在这里与年轻人们聚集在一起不用言语但却彼此理解。我们的潜意识在无限远端和他们紧密相连。在被无限解构与抽离的世界中，他们是我也是你。从属于自己的房间中醒来，和一群志同道合朋友们一起兜风。站在属于自己的那片海边眺望无尽头的海岸，期待彼岸的那道绿光，那种随心所欲状态让他呢喃一句：“Hell yeah，I feel good。”无限向往的自我幻想结束。你想要的天空是什么颜色、你想要进入的世界是什么生活。画面此时再度回到房间里，面对这蓝色的巨大幕布，上面海一样的色彩条纹正好应对了MV中出现的还的画面，此时一切烟消云散，所有的幻想再度回到满舒克自身。仿佛刚刚发生的都好似在沉沉海底做的一场混沌的梦。“Ya feel good，就算麻烦充斥周围”生活中条条框框太多，麻烦总是充斥在你的身边不停bulabula，生活会慢慢的磨平我们的棱角。真正的潇洒不是逃避，而是一种能力，能够以自己的理解去和生活达成某种妥协。我们可以选择格格不入，我们会在其他方面付出更多、更加辛苦。但有的时候这是值得的，毕竟我们守护了身上某种宝贵的特质。在这首歌里满舒克这首歌更像是一次自我发声，进入到了下一个阶段，他在创作上更加轻松顺利，甚至可以“在Party之余顺便搞一张专辑，然后再PARTY AFTER PARTY，”满舒克将创作激情和写意状态相融合。对话导演：席雨希席雨希（Dotty Luo），1994年生于广东，是年轻一代的广告导演、制片人、先后于奥美（北京）担任剪辑、6 studio（陈漫工作室）担任导演。擅长多类型广告、时尚短片等创作。多次为《时尚芭莎》、《芭莎珠宝》等时尚杂志拍摄是封面video，独特的审美以及影片制作能力获得行业内的众多肯定与赏识。“第一次听到这首歌，它的beats和歌词其实是描述满舒克的音乐态度。配合前奏，我脑子一下就浮现出满舒克在午夜时分一个人醒来，打开电脑进入他的音乐世界。这首歌的的beats有一种强烈的深邃感和速度感。我们整个片子全部外景都选取了午夜到黎明这个时间点拍摄，配合歌曲把这个氛围营造出来，包括我们选取了水的元素来象征“麻烦”，燃烧的背景表面满舒克的音乐态度，在团队骑行的处理上会用一些抽帧的方式表现速度感，歌本身内容上也特别饱满真诚，我在MV创作上就显得空间非常大，整体效果上还非常满意的。MV中有摩托车骑行的部分，本来我们这一段是打算安排特技演员居多，因为这种前有摄像机，后有特技演员。在高速的环境下，是有一定的危险程度的。满舒克坚持所有摩托车镜头自己一直拍到镜头OK为止，作为一个歌手来说，他的敬业特别声明：以上文章内容仅代表作者本人观点，不代表新浪网观点或立场。如有关于作品内容、版权或其它问题请于作品发表后的30日内与新浪网联系。
《嗨唱转起来》广州见面会 仝卓清唱四大名著歌曲,新浪娱乐讯 11月30日，《嗨唱转起来》在广州举行粉丝见面会，仝卓、袁广泉、郭虹旭化身“嗨推官”出席，为观众带来了精彩的“嗨唱”，其中，被誉为“制霸四大名著”的仝卓一一清唱了四大名著中的经典歌曲。此前，仝卓在节目中已解锁三部名著的主题曲，何时能演唱《红楼梦》的主题曲让观众倍感期待。见面会上，仝卓一出场便带来《红楼梦》的主题曲《枉凝眉》以及西班牙语歌曲《一步之遥》，引得全场阵阵掌声。此外，仝卓还现场一一清唱了四大名著中的经典歌曲，让现场观众一饱耳福。在《嗨唱转起来》中，仝卓曾作为嗨唱歌手参加节目，还与谢娜[微博]搭档演绎《渡情》令观众印象深刻，现场，仝卓回忆起当时的场景直呼“害怕”，“生怕自己被转了出去从而结束演唱生涯”。此外，仝卓透露接下来将会去参加《声入人心》第二季全国巡演长沙站。在《声入人心》第二季中因为温柔暖心的学长作风被网友亲切称为“泉学长”的满分博士袁广泉，一上台便带来《喀秋莎》《彩云追月》两首歌曲连唱，在采访环节，袁广泉透露接下来会跟随廖昌永老师继续学习，“可能会再继续读一个博士吧”。紧接着，“嗨推官”郭虹旭带来了歌曲《真心不假》和《灯塔》的表演。采访中，郭虹旭分享了接下来将去参加巡演的曲目，“今天唱的巡演也会唱，还有《一个装满星星的口袋》以及与董攀合作的另外一首歌曲”。见面会最后，三位“嗨推官”仝卓、袁广泉和郭虹旭现场学起了广东话自我介绍，逗趣十足。《嗨唱转起来》自开播以来收视不俗，斩获周五档收视7连冠。与以往音乐综艺不同，《嗨唱转起来》将见证从乐坛常青树到平台达人再到普通素人的舞台。据悉，节目将于每周五晚20:10播出。(责编：哈哈大王)
《他其实没有那么爱你》杀青 追爱之旅闺蜜相伴温暖治愈,近日，由北京爱奇艺科技有限公司，新丽电视文化投资有限公司联合出品的都市情感大剧《他其实没有那么爱你》正式杀青，并发布了一组主演杀青照及杀青特辑。该剧由李莅樱担任总制片人，卢美珍担任制片人，秦雯、许思窈执笔编剧，沈严监制，王光利导演，宋茜、郑恺、卢靖姗、张佳宁、李纯领衔主演，杨祐宁特约出演，王耀庆友情出演，韩童生、黄征特别出演，王栎鑫、是安、张昊唯主演。主要讲述的是四位女性，在她们认为人生最美好和最性感的年龄，在她们认为最华美和最便利的城市上海，继续寻求自身的成长，寻求爱情和友情、自我和独立的故事。四姐妹相依相伴尽显闺蜜情 《我的前半生》原创班底致力打造治愈系剧集在此次发布的杀青剧照中，孙艺荷（宋茜 饰）、Karen（卢靖姗 饰）、丁丁（张佳宁 饰）和任染（李纯 饰）四姐妹身穿丝绸睡衣，或表情搞怪相拥躺在床上，或面露灿烂笑容相互依偎，仿佛在开一场“私房”主题的闺蜜party，洋溢着温暖和亲密。而四人的杀青照也手捧鲜花笑容明亮，大合影尽显剧组温馨氛围。同日发布的杀青特辑，则展示了四姐妹的人生体悟，她们热爱生活，有为之努力奋斗的事业，并在遇到了心爱的他之后开始踏上爱情征程。她们在工作中降龙伏虎，在情路上扑倒再战，最终明白了“爱人七分足矣，剩下三分，爱自己”。此外，特辑中还有演员及工作人员其乐融融的画面，可以看出拍摄工作进行得非常顺利愉快，也提升了观剧期待值。据悉，电视剧《他其实没有那么爱你》由《我的前半生》原班创作班底进行制作，编剧秦雯和监制沈严可谓是剧作保证，剧集围绕女性成长这一主题，讲述四姐妹在寻找真爱中发现真正的自我，做自己的女王的故事。她们在世俗里磨练，在矛盾中成长，在割裂后重生，在一次又一次奋不顾身的勇敢之后，生活下去，昂首阔步。据该剧总制片人、爱奇艺高级总监、奇星戏剧工作室总经理李莅樱介绍，“这部剧不仅会给观众带来一场寻找真爱、发现自我之旅，还能打破以往一些影视作品中对女性友谊的认知偏见，带给大众积极、正向的引导。”该剧在人设、故事、台词上都非常考究，创作之初，就做了精准的目标定位，核心受众瞄准25-40岁女性人群，但同时也会兼顾各年龄层用户。“我之前很抗拒说自己在做一部治愈系剧集，因为治愈不是生硬的概念，而是融入在剧情中的触动和共鸣，随着制作的推进我发现自己可能真的在做一部治愈系的作品。如果这部剧明年真的成为话题剧，我会勇敢的说，‘我其实做了一部治愈系的戏’。”俊男靓女都市寻良人 职场情场双进击在电视剧《他其实没有那么爱你》中，宋茜饰演的孙艺荷是一名奇异果TV制片人，她精力无限，还是个女汉子，口头禅是“多吃点好东西，不容易丧”。她还是个爱情至上的浪漫主义者，但在爱情里却容易失去自我，最终也明白自己闪光的能量值得被爱。郑恺饰演的于天是一名奇异果TV的摄像师，也是孙艺荷的同事兼死党，平时经常和她插科打诨，他一直很好地控制自己的人生，坚定不移地行走在自己渴望的道路上，直到遇到真爱发现自己整个世界都变得不受控制了起来，在爱情里他变得更有责任感，也在短时间里不断的成长。卢靖姗饰演的Karen是健身房合伙人，也是一名健身教练，也是个单亲妈妈，年轻时早早结婚生子，却又因前夫的不安定而离婚，从此不想再婚，她能享受恋爱，也敢直面孤独，遇到爱情时会遵从内心，从来不问爱一个人值不值得，只是单纯去爱。张佳宁饰演的丁丁是一名练习生经纪人，也是一个家境良好的小公主，她有一副萌妹子的长相，看上去没心没肺，其实比谁都看得透。她认为每一段感情都有保质期，每一个决定风险自担，但当她遇到真爱时，也不禁迷茫了起来。李纯饰演的任染是DMA公司副总裁，她在事业上杀伐果断，是个十足的女强人，但她所有的理智都在遇到爱情时被撕裂，她渴望被爱，却又极度敏感，直到后来才明白真正的安全感不是来自别人，而是来自自己。杨祐宁饰演的陈南是一名财经自媒体撰稿人，他的微信号是中老年妇女每日必看的财经指南。然而因为冷面又毒舌一直是个钻石单身汉，直到参加了孙艺荷公司的财经节目，作为常驻嘉宾，才慢慢有了改变……王耀庆饰演的陆浩是一名成功商人，他事业有成，但婚姻却名存实亡，所以在遇到年轻女孩的崇拜和爱慕时，也不禁被深深吸引。韩童生饰演的丁傲阳是丁丁的父亲，他爱女如命，将丁丁宠成小公主。同时也一直操心女儿的终身大事，甚至用金钱诱惑丁丁带她四处相亲。黄征饰演的王马可是一名歌手，到哪儿都有热情的粉丝团，他也曾遇到真爱，但却因两人对未来的期望不同而分开，他一生无牵无挂，唯独对前任心怀愧疚。王栎鑫饰演的杨思锐是一家录音棚的老板，也是个傲娇小王子，因为帅气的长相和良好的经济实力，他身边经常围绕着很多漂亮姑娘。但当他遇到真爱时，却第一次有了手足无措之感……是安饰演的李又庭是DMA公司融资部主管，他是个有为青年，在遇到爱情时也会展开热情而不失细腻的追求，是个彻头彻尾的浪漫主义者，相信情比金坚，真爱无敌。张昊唯饰演的Sam是一名无人机研发工程师，他从小就是无数女生的梦中情人，长相好又懂浪漫，能满足少女对王子和爱情的一切幻想。但真正谈起恋爱，他又从未把哪个女人放在自己的未来计划里。背景不同又性格各异的人们齐聚在有很多可能发生的上海，在《他其实没有那么爱你》的故事里演绎嬉笑怒骂的人间百态，希望给与人发现自我的勇气和追逐爱情的力量。日前，都市爱情剧《他其实没有那么爱你》正式杀青，接下来将投入到紧张的后期制作中。特别声明：以上文章内容仅代表作者本人观点，不代表新浪网观点或立场。如有关于作品内容、版权或其它问题请于作品发表后的30日内与新浪网联系。
陈小春出席海南岛电影节 致敬讲述光影与梦,北京时间12月1日晚，陈小春身着黑色绅士礼服出席海南岛国际电影节，并受邀担任中国光影70年之九十年代——祖国统一篇讲述人。曾凭借《晚九朝五》获第14届香港电影金像奖最佳男配角的陈小春作为香港影人代表之一，在开幕式上真挚讲述关于自己所见证的电影光辉历程。18年主演电影《黄金兄弟》也获多项提名，期待对待电影一直认真、认拼的陈小春产出新作品，伴其影迷共筑影梦。特别声明：以上文章内容仅代表作者本人观点，不代表新浪网观点或立场。如有关于作品内容、版权或其它问题请于作品发表后的30日内与新浪网联系。
致敬中国电影！陈乔恩讲述人身份亮相海南岛国际电影节,昨日，陈乔恩受邀出席第二届海南岛国际电影节，一袭曳地薄纱礼服在热情三亚绽放优雅仙气。在“电影人致敬70周年“环节以讲述人身份登台，回望中国电影七十年代的光辉历程：“1977年，知识复兴，五百万人复高考。1978年，文化复兴，一百五十九人入北院。有28岁的张艺谋，挂海鸥相机而来；有16岁的刘苗苗，携牛犊之势而来；有26岁的田壮壮，出电影家世而来。”特别声明：以上文章内容仅代表作者本人观点，不代表新浪网观点或立场。如有关于作品内容、版权或其它问题请于作品发表后的30日内与新浪网联系。
袁咏仪分享买包策略惊呆众人,"近日，喜剧脱口秀节目《吐槽大会》第四季，带着全新阵容凯旋归来。首期则迎来了宝藏女神袁咏仪的惊喜加盟。节目中，袁咏仪的花式吐槽引得现场爆笑不断。同时，以“买包狂魔”著称的袁咏仪，还大方的跟观众分享了哄骗老公为自己买包的机智策略，大家听闻后纷纷感叹女神策略实在高明。袁咏仪犀利吐槽引热议《吐槽大会》第四季首播，随着女神袁咏仪的惊喜加盟以及犀利的吐槽方式，引起网友的不断热议，在节目播出后不久，便以高热度话题讨论占据热搜榜首。《吐槽大会》中，袁咏仪用稳、准、狠的一段精彩脱口秀，征服现场观众，使得在场几位脱口秀嘉宾都拍手叫好。性格直爽开朗的袁咏仪更是大胆表露自己追星时的真实状态，不忘疯狂表白爱豆李敏镐，还称其每次见到偶像谭咏麟都会激动到发抖，形象的肢体语言和表达方式戳中无数迷妹心，网友表示这就是见到爱豆时的本人，如此真实袒露自己内心得袁咏仪难怪深受广大网友们的喜爱。袁咏仪买包策略 惊呆众人众所周知袁咏仪的最大爱好就是购物买喜欢的包包，她幽默调侃自己参加节目是被骗来的，节目组说录影棚旁边有她的最爱。还大方与观众分享自己的买包策略，并称自己非常欣赏口红一哥李佳琦送礼物给粉丝的方式，因为自己也是这样，每次让老公给自己买包包的同时都会买一条便宜内裤作为回礼送给老公，被老公一直误以为买包包是送内裤的。袁咏仪还称自己现在购物已经理智多了，看到喜欢的东西会冷静下来回去想一个晚上，第二天接着再买……这样敢于自黑的女神也是非常可爱了,最后女神还温馨提示所有爱购物的女性朋友们，买买买没有错，但过要量力而为，要在自己的能力范围之内花钱，随之一句俗语：“有多大屁股穿多大裤衩”随口而出引得全场爆笑！此次，《吐槽大会》让网友更深切的了解到了袁咏仪的另一新技能，同时让我们一起期待女神更多精彩节目吧!特别声明：以上文章内容仅代表作者本人观点，不代表新浪网观点或立场。如有关于作品内容、版权或其它问题请于作品发表后的30日内与新浪网联系。"
裸眼3D动画大片《尼斯大冒险》定档1228   凯特温斯莱特温暖献声,裸眼3D视效动画片《尼斯大冒险》今天正式定档12月28日。本片由好莱坞知名巨星凯特·温斯莱特和威廉·达福担任配音，将成为迎接2020年的跨年亲子动画首选。片方于今日发布定档海报及定档预告，可以从中一览由豪华制作团队打造的高品质视觉效果，令人拭目以待。海报预告齐发定档跨年豪华制作阵容打造惊艳视听享受早在定档信息公布之前，《尼斯大冒险》就已吸引了观众们的广泛关注。据了解，该片集结了“殿堂级”团队，配音阵容包括两位好莱坞知名巨星——凯特·温斯莱特和威廉·达福。凯特·温斯莱特是一举获得奥斯卡、金球奖及艾美奖三大国际顶级奖项的影后，更凭借影史经典《泰坦尼克号3D》而为国内观众熟知。而曾经提名奥斯卡影帝的威廉·达福曾任《东方快车谋杀案》和《异星战场》等多部好莱坞大片的主演，也曾为《海底总动员》和其续集《海底总动员2：多莉去哪儿》中脸上有疤的坏坏神仙鱼吉哥献声。据悉，凯特和威廉将在《尼斯大冒险》中饰演一对海鸥夫妻，两位戏骨之间将会擦出怎样的火花呢？十分令人期待。更值得一提的是，《尼斯大冒险》采用“实景拍摄+三维特效“的方式制作，虽然是2D电影，却有着极强的立体感，达到了不需要戴眼镜的“裸眼3D”效果。本片的两位导演安德里亚·布洛克、克里斯蒂安·哈斯，曾在《惊天危机》、《独立日2：卷土重来》等好莱坞大片里担任视效导演。影片预告中，我们不仅能看到动画人物极其精妙的细节处理，还能看到独具法国尼斯特色的标志性风景和建筑，让孩子们在享受励志冒险的故事之余，还能一圆翱翔天空的梦想，以鸟儿的视角饱览尼斯的美景，体验新奇又刺激的视觉享受。严父“贴标签”导致孩子离家出走“寻找自我”议题引起观众共鸣《尼斯大冒险》故事讲述了一直都把自己当做海鸥的小雨燕马努，在严父的要求下努力学习各种海鸥的飞翔技能，却因为总是不得要领而饱受挫折。马努心灰意冷，离家出走，却在旅途中遇到了自己的同类，并重新认识自己作为雨燕的真实身份。在雨燕和海鸥家族共同面临的一场巨大灾难面前，小雨燕马努挺身而出，成为了大家的英雄……脱胎于丑小鸭的故事，《尼斯大冒险》展示了一个孩子从自我否定到自我认同的过程。本片虽然讲述了一个鸟类的故事，却反映了部分家长喜欢为孩子“贴标签“的行为：片中的海鸥爸爸期望翅膀尖又短的孩子像海鸥一样飞行，让孩子无所适从。最后，孩子在旅途中才真正找到了自我价值。据悉，影后凯特·温斯莱特因为被这个故事深深打动，而决定为本片倾情献声。她表示：“这是一场绝妙的家庭冒险旅程，我会和我的儿子一同享受这部电影“。本片可以说是一部“孩子希望爸妈能来看”的电影，通过小雨燕的视角，或许能让爸爸妈妈理解孩子的感受，真正了解孩子的内心。电影《尼斯大冒险》由德国卢克斯电影公司出品，中国电影集团公司进口，华夏电影发行有限责任公司发行。电影将于12月28日在全国温暖上映，亲子一同欢乐跨年，决不能错过。特别声明：以上文章内容仅代表作者本人观点，不代表新浪网观点或立场。如有关于作品内容、版权或其它问题请于作品发表后的30日内与新浪网联系。
《潮流合伙人》将开播 杨颖Angelababy曝吴亦凡潘玮柏是吃播选手,近日，爱奇艺原创潮流经营体验节目vivo《潮流合伙人》在上海举办“限定尝鲜日”主题活动。爱奇艺高级副总裁陈宏嘉，爱奇艺副总裁、《潮流合伙人》总制片人车澈，合伙人之一杨颖Angelababy亮相活动现场分享合伙趣事。受邀媒体除了在上海的FOURTRY复刻店中近距离感受节目的潮氛围外，更是成为全国首批观众提前尝了鲜。杨颖Angelababy开启爆料模式 吴亦凡潘玮柏升级吃播兄弟？作为国内首部潮流题材的综艺节目，未播先热的《潮流合伙人》可谓是吊足了观众的胃口。限定尝鲜日当天，合伙人杨颖Angelababy在现场与节目总制片人车澈开启爆料模式，给了节目更多的打开方式。杨颖Angelababy透露，除了和赵今麦组成“日常吐槽小组”，蹲在地上边啃饭团边感叹节目录制艰辛之外，吴亦凡潘玮柏这对 “锅巴兄弟”终于升级为“吃播兄弟”，为这档潮流综艺成功添加“绝对下饭”的功能：“每次我都吃不下了但是看到我对面的两个吃播选手我还吃的特别香”。关于录制感受，杨颖Angelababy则表示自己和大家一起“痛并快乐着”：“从头到尾要靠自己进货，就连生活费都给的很少。第一天就准备到凌晨三点，第二天还要开店，咬牙坚持下来了，当然，最后我们顺利地完成很多任务，很开心的。”除了分享节目的台前幕后之外，“尝鲜版”正片内容也随本次活动首次与媒体见面。吴亦凡接机潘玮柏驾驶拥挤的FOURTRY小白车、吴亦凡塑料日语教学、潘玮柏创业鸡汤等多个桥段彻底引爆现场笑点，“搞笑”、“烟火气”也成为提及最多的评语。不少媒体也表示“超出预期，几位潮流合伙人非常的真实，带动整个气氛都很好。笑点频出，很接地气。”受邀前来的潮流媒体则表示：“潮流品牌及知识点穿插其中，认真讨论了潮流如何走进大众，让观众体验更强，能在欢笑之余又给予人思考。”FOURTRY复刻店上海首秀车澈谈创制：潮流也应有“烟火气”除节目“猛料”的集中曝光，上海线下“限定尝鲜日”活动本身也颇有亮点。作为东京“FOURTRY”店铺在国内的首个“潮流复刻店”，FOURTRY热门单品在活动现场曝光，自称“塑模顶流”的Bro、镇店之宝大手围巾、潘玮柏同款手机壳等也一并亮相，更满足了大家对节目的期待。谈及充满意外惊喜的节目和潮趣十足的活动时，爱奇艺高级副总裁陈宏嘉，爱奇艺副总裁、《潮流合伙人》总制片人车澈则坦言，希望大家能通过节目感受到“敢于尝试、不跟风”的态度，潮流不应是遥不可及的“奢侈品”，而是具备“烟火气”的“潮生活”方式：“我们希望主理人、合伙人在切实体验经营潮流店铺、共同生活的过程中，展现他们对待潮流真实的自我态度，同时传递当下年轻人的潮流态度和‘潮生活’方式，去推广中国原创设计和潮流文化。”陈宏嘉更表示，随着节目上线诸多全新玩法也将逐步解锁，彻底拉近观众与潮流的距离，一起玩起来。真正做到“让‘年轻’标签与节目更好结合，借以感动更多的年轻人，甚至去覆盖更多年轻人所感兴趣的潮流版图”。悬念至此，《潮流合伙人》还将给大家带来怎样的全新娱乐体验呢？主理人吴亦凡和合伙人们一起经营的潮流集合店“FOURTRY”情况如何？据悉，vivo《潮流合伙人》即将在爱奇艺平台黄金时段独家播出，敬请期待。特别声明：以上文章内容仅代表作者本人观点，不代表新浪网观点或立场。如有关于作品内容、版权或其它问题请于作品发表后的30日内与新浪网联系。
郭富城马来西亚活动人气高 希望带家人来度假,新浪娱乐讯 北京时间12月3日消息，据香港媒体报道，郭富城[微博]日前应品牌邀请，首次到达槟城，出席手表专卖店的开幕式。由于这是郭富城第一次到槟城工作，所以到达当天，趁机品尝地道的槟城美食，吃了一顿美味的“娘惹菜”，有酱油煎大虾、咖喱鱼、芋头鸭等也相当美味。而当地市民近千人都拥到商场，想一睹其风采，现场需要20名保安开路。第二天郭富城一身西装，以一贯优雅代言人形象，前赴出席品牌专卖店盛会。一到达现场，见已经挤满近千位围观的观众，差不多要20名保安人员开路，郭富城才能抵达中庭的主舞台。沿途不少市民争相合照及大呼：“郭富城靓仔”，郭富城也友善地挥手，而商场6层楼围栏前都聚满人群，对郭富城不断欢呼，非常热情。郭富城在台上表示：“马来西亚我常去的主要是吉隆坡和怡保。槟城是第一次，觉得这个城市很漂亮，很有小城风光，而且观众朋友很热情，食物很美味。而且我对于马来西亚有一份很特别的感情，因为我在怡保拍摄《父子》所以特别有回忆。我希望有机会再来拍戏及做演唱会。”现场围观市民立即报以欢呼声，希望郭富城尽快来开演唱会。而司仪表示早前的《无双》，在槟城也大受欢迎，现在是期待他的《麦路人》。郭富城表示：“我希望继续拍摄好的电影作品，分享给支持者。”郭富城再三表示希望大家继续支持他的电影和音乐。望带家人前来度假之后转往品牌专卖店前作剪彩式，同样是短短的路程也是举步维艰，必须由专业保安员悉力开路后，郭富城才能顺利行到店前和品牌高层一起进行剪彩。郭富城进入店内参观，当请郭富城在柜枱前摆POSE时，郭富城特地“店长”上身，向现场朋友介绍柜内最新款的手表。席上有人问郭富城会否送手表给女儿？郭富城很肯定地表示：“一定会！等她们长大一点点，选适合她们的款式，还有要传承优雅生活态度给她们。”他还希望有机会带囡囡及家人来度假。完成活动后，郭富城立即早机回港，为郭妈妈庆祝生日，希望妈妈身体健康。（苗菲）(责编：哈哈大王)
高以翔粉丝涌入殡仪馆吊唁 带百束鲜花守最后一晚,新浪娱乐讯 据台湾媒体报道，男星高以翔11月27日凌晨因参加大陆综艺节目猝逝，享年35岁。记者连续在当地现场守候，掌握最新的讯息，根据独家画面，目前高以翔遗体存放的杭州殡仪馆，涌入大量各地粉丝，他们带著上百束鲜花吊唁高以翔，由于已经确定遗体将在明日回到台湾，不少粉丝也在现场彻夜守候，泪送高以翔最后一晚。高以翔大体进行防腐处理与存放的杭州殡仪馆，今日下午傍晚开始，陆陆续续有许多高以翔的粉丝到殡仪馆来送他最后一程，甚至有些人因在外地赶不过来，还请现场的粉丝帮忙代订花束，上百束以上的花束，还在持续增加中，更有许多粉丝将彻夜留守泪送高以翔最后一程。明（2）日将由中国东方航空班机从上海浦东机场运送返台，预计下午飞抵桃园机场。据了解，高以翔的二哥也是艺人的高宇桥，将一路护送弟弟的遗体回家，预计返台后遗体停放一殡，灵堂则会设在一殡附近的金宝轩礼仪公司。(责编：烩饭)
高以翔灵堂设置在金宝轩 公司称希望多给家人空间,新浪娱乐讯 据台湾媒体报道，高以翔[微博]遗体预计2日返台，杰星也发出声明，预计2日傍晚后由机场移灵至台北市立第一殡仪馆，灵堂设置在金宝轩，希望大家能给亲人空间。高以翔27日因在宁波录制真人秀意外过世，缺席好友毛加恩婚礼让众人心疼，而他的遗体确定会在2日返台，对此经纪公司杰星传播也在今日发表声明，“亲爱的以翔于12/2（星期一）即将回家；预计于傍晚后由机场移灵至台北市立第一殡仪馆办理入馆事宜，灵堂设置在金宝轩。非常感谢各位的辛苦奔波，请多多保留给以翔家人适度的空间，由衷感激！”至于是否会有开放给粉丝追悼时间，高以翔经纪人王钧回复《ETtoday》记者，“杰星在讨论中。”（ETtoday/文）(责编：烩饭)
张君秋京剧艺术研究会发声 要求张云雷与搭档道歉,原标题：张君秋京剧艺术研究会发声明，要求张云雷搭档二人道歉新京报讯（记者 刘臻）11月30日，张君秋京剧艺术研究会发布《致“德云社”张云雷[微博]》，在文末所发布声明中指出：支持中国京剧程派艺术研究会的正当要求。希望张云雷搭档二人公开向梅葆玖、李世济、张火丁三位老师及其家人道歉，并承诺不再出现类似情况。希望“德云社”以此为鉴，知耻后勇，努力提高演员的个人素养，创作出更多的好作品，未来越走越稳。声明全文如下：近日，惊闻“德云社”张云雷搭档二人在舞台表演中“调侃”李世济老师和张火丁老师。又经了解，得知张云雷和搭档在其以往演出过程中，还调侃过梅葆玖老师，有“被潜规则”语。张君秋京剧艺术研究会全体对此深感愤慨和遗憾。张君秋京剧艺术研究会由张家子女、徒弟和“张派”爱好者组成，以“弘扬京剧艺术、传承发展张派艺术”为宗旨，而张君秋自13岁拜师学艺，16岁成为“四小名旦”，先后得王瑶卿、梅兰芳、程砚秋、尚小云、荀慧生、阎岚秋、朱桂芳等先生指导，他的成就离不开梨园前辈的苦心栽培和提携。程大师义女李世济老师和其夫唐在炘老师在梨园界声名响亮，张家二子张学海与他们多年合作，深知两位“德艺双馨”。张火丁老师也是当下“程派”知名传人。梅葆玖、李世济和张火丁老师，他们都是为京剧事业做出重大贡献的人士，他们不应被任何人如此“调侃”，特别是对两位女性老师，这已经远非“调侃”，说“羞辱”亦不为过。创业难，守业更难。在相声界不景气的情况下，郭德纲[微博]、于谦[微博]等老师创建的“德云社”从无到有，从小到大，一路走到今天成为相声界一块金字招牌，殊为不易。在旧社会，相声演员和京剧演员社会地位低下，但是新中国成立后，他们被称为文艺工作者，誉为“灵魂工程师”。国家和人民给予的认可和荣誉，我辈当时刻感恩珍惜，万不可不自爱，自堕了身价。张云雷拥有众多粉丝，已经算是“公众人物”，一言一行均影响重大。梅葆玖和李世济两位老师均已过世，“调侃”离世的亡者合适吗？三位老师与你很熟悉吗？他们和其家人愿意被你“调侃”吗？普通人“己所不欲，勿施于人”，相声演员即使“己所欲，也当勿施于圈外人”。文艺工作者要懂得尊重与敬畏，传达正能量；相声演员逗哏万不可失却道德尺度，拿肉麻当有趣，不能自落三俗之流，败坏了基业。张君秋京剧艺术研究会郑重声明：支持中国京剧程派艺术研究会的正当要求。希望张云雷搭档二人公开向梅葆玖、李世济、张火丁三位老师及其家人道歉，并承诺不再出现类似情况。希望“德云社”以此为鉴，知耻后勇，努力提高演员的个人素养，创作出更多的好作品，未来越走越稳。张君秋京剧艺术研究会2019年11月30日在此之前，11月26日，中国京剧程派艺术研究会，就“张云雷用低俗语言亵渎程派艺术家”一事发表声明，声明中称，“张云雷曾多次在演出中学唱京剧程派经典唱段，不论是为了表现相声的‘说学逗唱’功夫，还是为了传播程派艺术，本会均表示理解。但是，以为如此便可以把程派艺术家作为噱头调侃，我们不得不奉劝张云雷：请和程派艺术保持安全距离。”此外，声明中要求张云雷就此事向程派艺术家道歉，“我们不欢迎张云雷在今后的演出中学唱京剧程派唱段，因为他的道德水准与程派艺术经典倡导的君子风仪、家国情怀并不在一个层面上。我们强烈要求张云雷通过媒体公开向他亵渎的程派艺术家道歉，并保证不再发生类似事件。”新京报记者 刘臻编辑 吴龙珍 校对 李铭(责编：烩饭)
