胜负彩19168期欧洲四大博彩公司最新赔率(14:00),
中国足球彩票胜负彩19168期澳盘最新赔率(14:00),
中国足彩网14场分析：红魔不稳 大巴黎顺利打出,01 莱切斯特VS沃特福德莱切斯特上轮主场击败埃弗顿，近期持续取胜。沃特福德客场负于南安普敦，联赛两连败。过往交锋莱切斯特占据上风，近四次主场面对沃特福德全部取胜，不过本场有条件建议防平。推荐：3102 狼队VS西汉姆狼队主场言和谢菲联，近期鲜有败绩。西汉姆客场爆冷击败切尔西，这是近期少见的胜利。过往交锋狼队处于下风，不过近两次面对西汉姆全部取胜，本场看好狼队延续连胜记录。推荐：303 曼联VS热刺曼联上轮主场被阿斯顿维拉逼平，联赛两连平。热刺主场击败伯恩茅斯，联赛两连胜。过往交锋曼联占优，近两次面对伯恩茅斯全部取胜，不过目前两队情况有所不同，建议防平。推荐：3104 切尔西VS阿斯顿维拉切尔西上轮主场负于西汉姆，联赛两连败。阿斯顿维拉客场逼平曼联，近两轮不败。过往交锋切尔西占据上风，近四次面对阿斯顿维拉全部取胜，不过蓝军目前有些起伏，本场建议防平。推荐：3105 南安普敦VS诺维奇南安普敦上轮主场击败沃特福德，这是近期少见的胜利。诺维奇主场言和阿森纳，近两轮不败。过往交锋南安普敦占优，近三次主场面对诺维奇全部取胜，本场看好圣徒再度击败金丝雀。推荐：306 利物浦VS埃弗顿利物浦上轮主场小胜布赖顿，但是主力门将阿里松被红牌罚下。埃弗顿客场负于莱切斯特，联赛两连败。过往交锋利物浦占优，近十次面对埃弗顿没有败绩，本场看好红军主场击败死敌太妃糖。推荐：307 谢菲联VS纽卡斯尔谢菲联上轮客场言和狼队，联赛三连平。纽卡斯尔主场逼平曼城，搅局能力很强。过往交锋谢菲联处于下风，不过近几个赛季两队鲜有碰面，上次交手还是2015年的热身赛，所以本场建议走两头。推荐：3008 阿森纳VS布赖顿阿森纳上轮客场逼平诺维奇，依然难以取胜。布赖顿客场负于利物浦，联赛三连败。过往交锋阿森纳占优，但是近三次面对布赖顿没有胜绩，本场枪手应会迎来久违的胜利。推荐：309 圣埃蒂安VS尼斯圣埃蒂安上轮客场负于雷恩，这是近期少见的失利。尼斯主场击败昂热，主客场成绩差异很大。过往交锋圣埃蒂安稍处下风，不过近三次主场面对尼斯全部取胜，本场绿军主场应是不败格局。推荐：3110 第戎VS蒙彼利埃第戎上轮客场负于里尔，近期联赛客场三连败。蒙彼利埃主场大胜亚眠，近期鲜有败绩。过往交锋第戎稍占上风，近七次面对蒙彼利埃没有败绩，不过近期蒙彼利埃状态不错，本场有望争胜。推荐：3011 梅斯VS雷恩梅斯上轮客场言和尼姆，联赛四连平。雷恩近期状态不佳，客场更是持续输球。过往交锋梅斯处于下风，不过近四次主场面对雷恩全部战平，本场看好雷恩全身而退。推荐：1012 图卢兹VS摩纳哥图卢兹上轮客场负于南特，联赛五连败。摩纳哥客场负于波尔多，联赛客场两连败。过往交锋图卢兹稍处下风，近五次面对摩纳哥没有胜绩，本场看好客队全身而退。推荐：1013 亚眠VS兰斯亚眠上轮客场负于蒙彼利埃，联赛三连败。兰斯主场言和波尔多，联赛三连平。过往交锋亚眠稍处下风，不过近五次面对兰斯没有败绩，本场单选建议选择平局。推荐：114 巴黎圣日尔曼VS南特巴黎圣日尔曼上轮主场击败里尔，和摩纳哥的比赛因故取消。南特主场击败图卢兹，近两轮不败。过往交锋巴黎圣日尔曼占优，近五次主场面对南特全部取胜，本场大巴黎有望延续连胜记录。推荐：3
中国足彩网竞彩04日2串1推荐：尼斯不败+雷恩胜,001 圣埃蒂安 Vs 尼斯  让负法甲，圣埃蒂安对阵尼斯，圣埃蒂安目前球队联赛战绩为6胜4平5负，排名第9位，而尼斯目前球队联赛战绩为6胜2平7负，排名第11位，圣埃蒂安球队上赛季出色的表现，球队最终以第四的身份进入了欧联杯小组赛，不过球队在欧联杯小组赛表现的不是很理想，5场比赛球队只取得4平1负的战绩，球队已经提前一轮淘汰出局，现在球队的主要目标就是联赛，目前联赛球队最近状态保持不错，不过球队在上场比赛球队客场输球，在先领先的情况下，被对手逆转取胜，球队结束了之前的联赛7轮不败，本赛季典型的低开高走，不过本赛季球队的进攻似乎遇到问题，目前打进16球，排在联赛下游，而尼斯球队本赛季的表现要比上赛季差了许多，球队新赛季走了几名主力，加上也没有实质性引援，本赛季球队的前景不是很好，球队在上场比赛赢下安格斯球队结束了两轮不胜，提升球队士气，不过球队目前的客场至今已经遭遇了六连败，客场表现低迷，相信球队会对客场的低迷，做出有效的改进，两队交手上，尼斯略占优势，不过目前指数开出数据似乎对主队赢球支持力度不够，本场比赛不妨看好客队保持不败！竞彩推荐：让负003 梅斯  Vs 雷恩  平负梅斯目前排名法国甲级联赛第17，雷恩位列法国甲级联赛第10.两支球队最近的6次交手，梅斯取得了1胜3平2负的战绩，赢得让球的概率为50%，取得大比分的概率为17%。梅斯最近的10场比赛取得了1胜5平4负的战绩，赢得让球的概率为33%，取得大比分的概率为30%；雷恩最近的10场比赛取得了3胜0平7负的战绩，赢得让球的概率为30%，取得大比分的概率为70%。通过两支球队近期的比赛来看，雷恩的状态稍好于主队梅斯。综合各方面因素，从两支球队目前的实力以及状态来看，本场比赛两支球队再度交手，雷恩队被看好保持不败。建议双选，单选首推平局。竞彩推荐：平 负
中国足彩网竞彩04日焦点赛事：太妃糖不惧红军,周三011英超 利物浦vs埃弗顿比赛时间：19-12-05 04:15欧洲均赔：1.37 4.78 7.88澳门盘口：0.90 一球/球半 0.96基本面分析利物浦本赛季表现十分强势，联赛至今取得13胜1平的不败战绩，创作了队史最好开局记录，目前高居榜首，进32球失12球，攻守两端表现俱佳，实力属于上游水平，主场取得6胜1平，主战能力强悍，上轮主场2比1战胜布莱顿，各项赛事已经十多场不败，状态十分出色；埃弗顿目前4胜2平8负排名第17位，进14球失22球，攻守两端表现差强人意，实力属于中下游水平，客场取得1胜1平5负，客战能力差劲，上轮客场1比2负于莱切斯特，近期遭遇两连败，近期状态较为低迷。盘赔分析本场是默西赛德郡德比战，欧洲方面开出1.37 4.78 7.88左右的平局赔率，对比近年两队交锋时的欧赔，本场可以说是中规中矩，相对看好红军取胜，澳彩主让一球/球半中水，两队实力和声望有一定差距，但两队交锋已经超越了实力范畴，历来是火药味颇浓，埃弗顿不会轻易缴械，竞彩主让一球情况下，双选平负（-1）稳妥。竞彩让球推荐：利物浦（-1） 10
中国足彩网竞彩04日法甲推荐：蒙彼利埃反客为主,周三002法甲 第戎vs蒙彼利埃比赛时间：19-12-05 02:00欧洲均赔：3.01 3.01 2.40澳门盘口：0.77 受让平手/半球 1.03基本面分析第戎目前4胜3平8负排名倒数第三位，进9球失16球，进攻乏力，防守能力一般，实力属于下游水平，主场取得3胜2平2负有一定战斗力，上轮客场0比1负于里尔，近期呈现主场强客场弱的走势；蒙彼利埃目前6胜5平4负排名第4位，进18球失12球，攻守两端均有不错的发挥，实力属于中上游水平，客场取得4平3负，客战能力差劲，积分大部分来自主场，主客场发挥反差较大，上轮主场4比2大胜亚眠，近五场比赛不败，近期状态发挥不错。盘赔分析欧洲平均赔率3.01 3.01 2.40，欧赔相对看好客队不败，澳彩客让平半高水，两队实力有一定差距，蒙彼利埃声望稍胜一筹，本赛季均呈现主场强客场弱的走势，蒙彼利埃客场至今不胜，作客让出平半的让步也没有低开，上盘高水有阻上的意图，综合分析，本场首选负，回补平。竞彩推荐：第戎 10
中国足彩网竞彩04日法甲推荐：圣埃蒂安难胜,周三001法甲 圣埃蒂安vs尼斯比赛时间：19-12-05 02:00欧洲均赔：2.29 3.20 3.05澳门盘口：0.98 平手/半球 0.82基本面分析圣埃蒂安目前6胜4平5负排名第9位，进16球失19球，进攻能力不强，防守能力尚可，实力属于中上游水平，主场取得2胜4平1负不败率较高，上轮客场1比2负于雷恩，结束了多场不败的走势，士气难免受挫；尼斯目前6胜2平7负排名第12位，进20球失22球，进攻能力不错，防守漏洞较大，实力属于中游水平，客场取得2胜5负，客战能力较差，上轮主场3比1大胜昂热，近期呈现主场强客场弱的走势，发挥不够稳定。盘赔分析欧洲平均赔率2.29 3.20 3.05，胜赔偏高，欧赔反倒是看好客队不败多些，澳彩主让平半中高水，两队实力和声望相差不大，圣埃蒂安主场表现不错，从基本面分析看，主让平半虽然合理，但上盘水位偏高，对主队取胜信心不强，本场不妨看好客队不败，竞彩主场一球情况下，推荐负（-1）。竞彩让球推荐：圣埃蒂安（-1） 0
中国足彩网竞彩04日法甲推荐：巴黎圣曼大胜,竞彩足球周三010法甲推荐：巴黎圣日耳曼vs南特法甲联赛第16轮较量，由大巴黎主场迎战南特。大巴黎上轮法甲本来作客摩纳哥，但因暴雨和洪水预警的情况而延期，球队在周末得到较多的时间休息，球员近期因持续欧冠和联赛双线作战而消耗的体能得到较为充分的补充，球队目前是法甲领头羊，拥有有彪炳的主场成绩支持，本赛季各项赛事全部9个主场赛事豪取8场胜仗，而且这8战全部零封对手，当中包括了西甲豪门皇马、法甲竞争对手马赛等强劲对手，呈现了强大的主场气势。南特上轮法甲联赛对阵图卢兹，球队坐镇主场以进攻开局，半场前形成优势并率先进球，下半场保持足够的节奏控制，最终以2-1击败对手，球队保持3轮联赛有进球，并终结了之前5轮联赛不胜的困境，阵中士气得到较大的心提升，为此役作客挑战领头羊注入积极的元素，较为不利的是，南特客场成绩较差，最近连续3个客场未尝一胜并仅有1球进账，面对梅斯、布雷斯特等实力较弱的对手也难以形成场面优势，异地作战能力较为疲弱。游戏玩法为大巴黎作出-2低水让步，往绩上大巴黎占据绝对优势，目前数据虽然不太深，但针对刚战完欧冠的他们而言还算合理，以球队的板凳深度，本场至少能净胜对手2球。推荐：巴黎圣日尔曼比分参考推荐：3-0、4-1
中国足彩网竞彩04日法甲推荐：尼斯客战抢分,竞彩足球周三001法甲推荐：圣埃蒂安vs尼斯圣埃蒂安本赛季受困于欧罗巴杯和联赛双线作战，战绩都不理想，欧罗巴杯中更是提前出局。回到联赛上轮他们客场挑战雷恩，全场比赛都处于挨打状态，最终以1比2失利。圣埃蒂安的主场虽然不败率很高，但是平局也不少，只取得2胜4平1负的战绩。进攻端更是有了明显的退化，比上赛季少了差不过0.5个。尼斯在法联杯中被法乙副班长勒芒淘汰后，主帅维埃拉的大发雷霆对于球队有一定的激励作用。在随后的4轮联赛取得2胜1平1负，目前落后欧战区也只是3分而已，战意不成问题。尼斯本赛季场均能打进1.33球，算是达到了中上的水平，然而他们倒数第4的防守却脱了全队的后腿。机构给出的游戏指数为平手搭配主队低位，但个人认为圣埃蒂安最近即使坐镇主场也是破门乏术，而尼斯客战压力较少，也许能抢到分数。推荐：尼斯
中国足彩网竞彩04日法甲推荐：雷恩不败格局,竞彩足球周三003法甲推荐：梅斯vs雷恩梅斯陷入4连平的怪圈，但好歹最近也是1胜4平1负，保持着拿分的势头。球队升入法甲后并没有太强势的引援，实力跟不上也是意料之中的事。中锋迪亚洛一人打进9球，而其余球员却只贡献4球，进攻端的问题不少。雷恩目前已经在欧罗巴杯中提前出局，专注联赛的他们还是展现出不俗的实力，最近4场赢足3场。本场如果能全取3分，他们将有机会杀入欧战区，球队的战意还是值得相信的。不过他们已经在联赛杯赛的客场遭遇3连败，为本场比赛蒙上阴影。机构给出的游戏指数为-0，但是雷恩一直处于低位。个人认为雷恩无论是近况还是纸面实力都强于对方，本场比赛完全有机会坐和望赢。推荐：雷恩
中国足彩网竞彩04日法甲推荐：第戎主场取分,竞彩足球周三002法甲推荐：第戎vs蒙彼利埃第戎作为法甲的保级专业户，上轮比赛他们客场0比1负于里尔，但最近6轮比赛2胜1平3负，状态算是有了点起色，球队的士气应该未收到太大打击。主场一直是第戎的抢分重地，本赛季4个胜场有3个是在主场获得的。其中的代表作无疑是2比1击败大巴黎的比赛，也曾0比0逼平劲旅马赛，只不过他们的攻击力实在有限，是联赛唯一一支进球数还未到双位数的球队。蒙彼利埃已经慢慢进入状态，最近5轮他们保持不败，拿到9个积分。继主场3球大胜图卢兹之后，前轮客场闷平圣埃蒂安，上轮主场再次4比2大胜亚眠，锋线火力十足，攻击点众多。蒙彼利埃以往一直不温不火，攻击端疲软是主要原因。本赛季他们在进一步加强防守的同时，进攻球员的表现也不错。前锋迪罗特打进5球，而其余打进2到3球的还有4名球员。机构给出的游戏指数为主队+0.25高水，个人认为第戎主场存在一定的爆冷机会，本场比赛不妨支持第戎拿到分数。推荐：第戎
中国足彩网竞彩04日英超推荐：切尔西赢球反弹,竞彩足球周三009英超推荐：切尔西vs阿斯顿维拉切尔西作为一支新帅兰帕德所带领的青年军，就目前而言整体表现还算是符合预期的，目前不仅继续排在联赛榜前四的位置，而且距离排名第2的莱切斯特城仅6分差距，完全有能力争取一个更好的名次。兰帕德所打造的这支蓝狮军团优缺点十分明显，其强大之处在于进攻效率颇高，球队至今已经共打进了28粒进球，场均进球数达到2球，但不足之处是防线表现不佳，场均失球达到1.4球，回顾最近两场比赛的几个失球，不是对方两翼传中破门就是对方两翼内切抽射破门，显然球队后防线两闸的问题还是比较严重的，往往很容易就会被对方扯出空当，接下来兰帕德想要赢球反弹，就必须重点考虑一下如何重组防线这个难题。阿斯顿维拉方面，作为一支保级球队，近期他们的状态已经算是十分不错了，虽然过去曾一度遭遇三连败，但鉴于其中两个对手是曼城和利物浦，输球并不丢人，而另一个对手则是难缠的狼队，也没有太多的遗憾，因此这三场败仗都是情理之中的事情，而最近两轮联赛他们先后战胜了实力并不算强的纽卡斯尔以及逼平了落魄的曼联，成功迎来反弹，这显示出球队虽然对付强队缺乏足够的硬仗能力，但对付一些不在状态的球队还是有几把刷子的，目前他们暂时排在英超联赛积分榜的第15位，算是球迷预期之中的成绩吧。就目前而言，切尔西虽然不是处于巅峰状态，但在目前的英超赛场依然是攻击力数一数二的球队，而且历史上他们但凡碰上维拉大多都是大胜收场，单单是零封对手的次数就达到了一半，就可以说是把对手压得死死的，因此对于这场比赛，筆哥认为兰帕德的球队是很有希望终结三场不胜的，结合游戏指数已经早早为切尔西开出了1.5球的深让步，符合历史让步数据，同时水位处于中水区间较为合理，证明对其赢球信心还是很足的，再加上欧洲指数胜赔一直保持在超低赔区间，因此这场比赛悬念不会很大，倾向于切尔西赢球反弹。赛事推荐：切尔西进球数：2、3
中国足彩网竞彩04日英超推荐：热刺客场取三分,竞彩足球周三008英超推荐：曼联vs热刺本场是穆尼里奥执教热刺后首次面对旧主曼联，让本场比赛看点十足。双方虽然排名相差4名，但积分只差2分，可以说表现在同一档次上。曼联本赛季4胜6平4负，主场3胜3平1负，主场明显强于客场。热刺则是5胜5平4负，客场1胜3平3负，同样是主强客弱的格局。两队近10次交手，曼联6胜4负，没有平局，在主场则是4胜1负占据优势。本场比赛游戏机构开出平手，主队曼联没有体现任何优势，在双方都急于抢分又防守不济的情况下，两队战意均十足，双方五五开的情况下，参照热刺主帅穆里尼奥过往对阵老东家的胜率为56.3%，个人比较看好热刺全取三分。推荐：托特纳姆热刺
中国足彩网竞彩04日英超推荐：埃弗顿或将爆冷,竞彩足球周三011英超推荐：利物浦vs埃弗顿英超联赛第15轮较量，由利物浦坐拥主场迎战埃弗顿。利物浦本赛季可谓所向披靡，多线作战仅在欧冠杯输给了那不勒斯，其中联赛以93%的胜率领跑积分榜，目前球队领先身后的莱切斯特城8分，领先曼城11分，若按这个势头下去红军夺冠指日可待，而且近期赛程对利物浦也非常利好，他们接下来的联赛对手埃弗顿、伯恩茅斯、沃特福德、西汉姆联等实力都一般，这是红军继续拉大差距的好时机，本场坐拥主场战意毋庸置疑。埃弗顿本赛季退步很大，球队至今仅斩获4场胜仗却输足8场，排名积分榜倒数第4位仅高出降班区2分，如果说球队上轮作客不敌蓝狐乃情有可原，那么在较早前主场0-2不敌升班马诺维奇，足见太妃糖近况之差，以往埃弗顿给人的印象是主场龙客场虫，但如今太妃糖主客场皆颓，其中客场自今年4月份以来录得1胜3平6负，唯一的胜仗是赢了如今身处降班区的圣徒，客战状态十分糟糕，而且近10对挑战红军未尝胜绩，心理处于绝对下风，按两队的实力差距，利物浦至少得作出-1.5低水的让步，甚至-1.75高水，但实际上游戏玩法初始-1.5搭配高水，很快就掉至-1.25低水，这个力度不足以支撑主队强劲的势头，本场不妨大胆冷敲埃弗顿。推荐：埃弗顿比分参考推荐：2-2、2-1
中国足彩网竞彩04日英超推荐：狼队看正路主胜,周三007英超 狼队vs西汉姆联比赛时间：19-12-05 03:30欧洲均赔：1.73 3.64 4.57澳门盘口：1.02 半球/一球 0.84基本面分析狼队目前4胜8平2负排名第6位，进19球失17球，攻守两端较为均衡，实力属于中上游水平，主场取得2胜4平1负，主战能力一般，胜率不高，上轮主场1比1与谢菲联战平，近五场比赛保持不败，近期状态较为平稳但争胜能力不足，多少受到双线作战影响；西汉姆联目前4胜4平6负排名第13位，进17球失23球，进攻能力不错，但防守漏洞较大，实力属于中下游水平，客场取得2胜3平2负，客战能力尚可，上轮客场1比0击败同城对手切尔西，结束了多场不胜的走势，士气受到鼓舞，但近期状态确实是表现平庸。盘赔分析欧洲平均赔率1.73 3.64 4.57，胜赔处于合理区间，欧指看好主队不败，澳彩主让半一高水，狼队实力和声望与西汉姆相差不大，近期状态虽然不错但胜率并不是很高，且受到双线作战影响，今仗让出半一的让步，对狼队支持力度较足，本场不妨跟庄走，正路看好主胜。竞彩推荐：狼队 3
中国足彩网竞彩04日巴甲推荐：巴竞技坐和望赢,竞彩足球周三012巴甲推荐：巴拉纳竞技vs桑托斯巴拉纳竞技上轮比赛客场面对塞阿拉，球队在场面上也没能创造太多机会，最终和对方1比1战平。他们最近11轮比赛取得了惊人的7胜4平的战绩，球队战绩一路飙升，本场获胜将有机会取得自由杯资格，球队战绩毋庸置疑。虽然巴拉纳竞技的主场战绩不算太突出，但场均0.78个失球却是联赛主场最少的。桑托斯自从被弗拉门戈反超后显得一蹶不振，目前的排名基本已定，而且已经稳拿自由杯资格，战意显得严重不足。不过球队的客场战绩不可小视，18轮比赛取得8胜4平6负的战绩，高居联赛第3位。机构为巴拉纳竞技给出0.25的让步，或许只是双方排名所致。个人认为在实力半斤八两的情况下，战意明显更高的主队完全有机会坐和望赢。竞彩推荐：主胜
竞彩要点数据:第戎成法甲目前唯一进球不上双球队,周三001 法甲 圣埃蒂安vs尼斯圣埃蒂安本赛季受困于欧罗巴杯和联赛双线作战，战绩都不理想，欧罗巴杯中更是提前出局。回到联赛上轮他们客场挑战雷恩，全场比赛都处于挨打状态，最终以1比2失利。球队的主场虽然不败率很高，但是平局也不少，只取得2胜4平1负的战绩。进攻端更是有了明显的退化，比上赛季少了差不过0.5个。他们已经连续两个客场和对方互交白卷，士气比较低迷。尼斯本赛季的表现也是退步严重，但在法联杯中被法乙副班长勒芒淘汰后，主帅维埃拉的大发雷霆对于球队有一定的激励作用。在随后的4轮联赛取得2胜1平1负，目前落后欧战区也只是3分而已，战意不成问题。球队本赛季场均能打进1.33球，算是达到了中上的水平，然而他们倒数第4的防守却脱了全队的后腿。阵中已经有12名球员打开进球账户，其中打进4球的有两人，可见球队打法更倾向于整体。周三002 法甲 第戎vs蒙彼利埃第戎作为法甲的保级专业户，目前又身陷降级区了。上轮比赛他们客场0比1负于里尔，但最近6轮比赛2胜1平3负，状态算是有了点起色，球队的士气应该未收到太大打击。主场一直是球队的抢分重地，本赛季4个胜场有3个是在主场获得的。其中的代表作无疑是2比1击败大巴黎的比赛，也曾0比0逼平劲旅马赛，只不过他们的攻击力实在有限，是联赛唯一一支进球数还未到双位数的球队。蒙彼利埃已经慢慢进入状态，最近5轮他们保持不败，拿到9个积分。继主场3球大胜图卢兹之后，前轮客场闷平圣埃蒂安，上轮主场再次4比2大胜亚眠，锋线火力十足，攻击点众多。球队以往一直不温不火，攻击端疲软是主要原因。本赛季他们在进一步加强防守的同时，进攻球员的表现也不错。前锋迪罗特打进5球，而其余打进2到3球的还有4名球员。周三003 法甲 梅斯vs雷恩上轮比赛梅斯客场1比1战平尼姆，这也是升班马连续第4场各项赛事拿到平局，目前是联赛里平局最多的球队之一。梅斯目前已经和降级区同分，本场可谓背水一战，战意毋庸置疑。去年在法乙拿到最佳射手的前锋迪亚洛来到法甲依然能够大杀四方，目前已经打进了9球。然而其他队友加起来也不过贡献4球，一旦迪亚洛遭到盯防，梅斯的进攻能力将大打折扣。雷恩上轮主场2比1战胜实力不俗的圣埃蒂安，最近4轮赢足3场，状态有了明显的起色。不过他们已经遭遇各项赛事的客场3连败，为本次出征蒙上了阴影。球队上赛季幸运地赢得法国杯，拿到征战欧罗巴杯的资格，然而这对于阵容深度一般的他们来说反而不是好事。由于双线作战，球队各项赛事的战绩都不理想，目前球队在欧罗巴杯中已经提前出局，无疑有利于他们专注联赛。周三010 法甲 巴黎圣曼vs南特大巴黎目前阵容伤病逐步减少，进攻端呈人员过剩的问题，包括迪马利亚、伊卡尔迪、卡瓦尼、内马尔以及姆巴佩等五名球员竞争三个前锋的首发位置，主帅图赫尔如何安抚并共存各大球星成为关键问题。球队目前排名积分榜第一位，虽然少赛一轮，但依然领先第二名有5分优势，同时以30个进球和8个失球成为联赛进攻力、防守力双项最强者，展示了法甲班霸的强大实力，球队卫冕冠军之路相当平坦。南特经过15轮联赛角逐后排在法甲联赛榜的第6位，积分上距离欧冠资格也仅有1分之差，球队具备较强冲击前三位置的动力，虽然整体实力不如对手，但依然拥有强烈的战意。球队在法甲联赛的技战术打法上倾向攻守均衡的体系，球队本赛季场均进球数虽然不足1个，但以14个失球成为法甲联赛防守力第四强的队伍，拥有较强的抗衡力。周三007 英超 狼队vs西汉姆联狼队状态稳定，在联赛已经取得9轮不败，同期战绩仅次于联赛前四名，球队士气与信心保持稳定。。在欧战同样进展顺利，与布拉格一起携手出线。狼队以出色的防守纪律而闻名，最近9轮他们只丢了7个球，仅次于莱切斯特城。上季的主力后卫瑞恩·本内特本赛季受伤病困扰，至今只踢了7场比赛，本场也大几率无法上阵。小将吉布斯-怀特（3场）因伤缺阵，防守中场罗曼·萨伊斯（10场）停赛期满复出。西汉姆联此前状态萎靡，此前遭遇联赛7轮不胜，期间丢了16个球，同期联赛倒数第二。主帅佩莱格里尼的执教一度受到质疑。上轮铁锤帮迎来反弹，客场力克切尔西，迎来近两个月来的首胜，球队士气得到了鼓舞。攻击中场兰奇尼与门将法比安斯基仍需耐心养伤；而中场威尔谢尔与温斯顿·里德已经恢复训练，不过他们的身体状态还不足以进入比赛名单。二号门将罗伯托表现糟糕，三门大卫马丁将继续把守大门。周三008 英超 曼联vs热刺三名后防球员福苏门萨、罗霍、拜利因伤缺席。中场麦克托米奈、博格巴、马蒂奇、右后卫迪奥戈·达洛特本场比赛因伤出战成疑。CEO伍德沃德已经明确表态，不管发生什么，他都会坚持支持索尔斯克亚以青训球员为基础的重建计划。谈到球队的伤情问题，主帅索尔斯克亚说：“对阵热刺前，我们只有两天的时间了。我们看看吧，希望能看到博格巴和麦克托米奈中的一个出场，他们都在努力进行康复。”目前曼联是自1988-89赛季以来最差的14轮积分。主力门将洛里和另一名门将沃尔姆、主力后卫戴维斯、轮换中场拉梅拉均因伤无法出战。穆帅计划与一些仍被他视为朋友的曼联员工见面，他希望避免制造敌对的情绪，与老朋友们叙叙旧。穆帅执教热刺后，收到50条曼联员工的祝福。金球奖揭晓，最终亚洲一哥孙兴慜在名单中位列第22名，并且当选亚洲最佳海外球员称号，近7场英超客场，其中6场每场失球数均达到2球或以上，穆里尼奥过往对阵老东家总计32场比赛，战绩为18胜6平8负，胜率为56.3%。周三009 英超 切尔西vs维拉兰帕德的球队在上轮联赛虽然被铁锤帮爆冷击败，但全队在那场比赛却一共进行了44次过人尝试，完成了恐怖的29次成功过人，创下了他们本赛季的单场新高，这些数据在联盟当中也是高居前列，美足不足的球队在最后一脚的破门效率还有待提高。球队阵中的头号射手亚伯拉罕在上周中与瓦伦西亚比赛中髋骨受伤，错过了上轮切尔西与西汉姆联的联赛，结果那场比赛蓝军全程只开花不结果，最终导致不幸落败，由此可见亚伯拉罕在兰帕德进攻体系下的重要性，好消息是亚伯拉罕恢复迅速，有望在对阵维拉的比赛中复出。维拉此前一度遭遇遭遇三连败，不过对手实力可都不算弱，期间面对曼城、利物浦以及狼队，因而球队的输球也是情理之中，最近两轮比赛他们先后在喜鹊和枪手身上偷走4分，状态明显好转，目前看来并不是一支好对付的球队。球队本赛季有9人破门，其中进球超过1球的有多达7人，球队目前可谓全民皆兵，攻击点颇多，当然维拉在进攻上最主要靠的还是目前已经打进4球的韦斯利以及打进3球的格拉利什和约翰麦金恩，这三人将会是蓝军重点看防的对象。周三011 英超 利物浦vs埃弗顿利物浦在上轮对战布莱顿的比赛中，球队的主力门将阿利松被红牌罚下，本场比赛将会缺席，而他的替补者阿德里安个人能力也相当出色，另外马蒂普和法比尼奥也无缘出战。在刚刚结束的金球奖颁奖典礼中，利物浦有多达7名球员进入前30，其中范戴克更是排在第2位，可以说利物浦近两个赛季在克洛普的带领下已经成为欧洲最为炙手可热的球队。埃弗顿上轮被莱切斯特城绝杀惨遭两连败，主帅席尔瓦也是处在媒体的风口浪尖，而且在赛程方面，球队在接下来的5场比赛将面对的对手都是联赛劲敌，如果不能够拿出出色的表现，那么席尔瓦在球队的执教前景堪忧。前埃弗顿球员鲁尼在采访中表示，埃弗顿会取得平局，最近埃弗顿很艰难，他们会在德比战齐心协力的，对利物浦市来说这是一场非常盛大的比赛，如果埃弗顿赢了，这将阻止利物浦夺冠。周三005 英锦赛 彼得堡联vs伊普斯彼得堡联目前在英甲联赛中暂时排在第3位，是本赛季的冲冠热门球队之一，对于这支球队而言，球队的目标放的是比较长远的，而过往几个赛季的起起伏伏也让他们的磨合达到了一定的水准，本赛季最近10个主场取得了7场零封的傲人战绩，防守端近乎滴水不漏。近几年，彼得堡联培养出了很多新星，其中杰德-琼斯就是其中的一个，这位现年仅18岁的小将本赛季从彼得堡联梯队升入一线队，目前他在各项赛事已经为彼得堡联各项赛事出场4次并打进2球，近期已经受到多支英超球队的关注，潜力可期。伊普斯维奇是英冠降班马，目前他们高居积分榜次席，少赛两场的情况下仅落后领头羊威科姆5分，也是目前升级热门球队之一，因此球队本赛季的主要任务还是放在重回英冠的升级目标上，对于杯赛并不会太过上心。球队是一支典型的客场强于主场的球队，目前他们在客场打出了7胜1平1负的佳绩，期间场均攻入1.7球并且场均失球只有0.55球，客场战斗力在英甲赛场可以说是独一份的，要知道英甲前4名中的威科姆、考文垂和彼得堡联这三支球队的客场加起来一共才赢了6场。
法甲提醒：圣埃蒂安中场尤素福本场比赛遭遇停赛,圣埃蒂安vs尼斯比赛时间：2019-12-05 02:00球队近况：圣埃蒂安• 中场尤素福遭遇停赛，席尔瓦和卡马拉竞争中场的首发位置，两人在周末的联赛都没有首发而得到较为充分的休息。受伤/缺阵：卡巴耶（中场）、萨利巴（后卫）、卡斯里（前锋）、帕奎特（前锋）、查尔斯阿比（前锋）、德布奇（后卫）尼斯• 后卫柏德列伯纳结束停赛可回归首发名单，但丁本赛季第三次被红牌处罚而停赛。• 莫里斯恢复了健康在周末替补出战，此役将继续得到上阵机会。• 受伤/缺阵：赫勒（后卫）、佩尔玛德（后卫）猎球者分析：圣埃蒂安• 圣埃蒂安上一场联赛作客雷恩，球队受制于对手的主场气势落于下风，半场前还能形成一定反击保持不败，下半场体能下降后持续被动防守，最终以1:2落败收场。• 客场全失三分后，圣埃蒂安之前累积10战不败的走势被终结，球队的士气和信心均受到较大打击，此役回归主场势必展开进攻谋求胜利重振军心。• 圣埃蒂安本赛季持续双线作战，不过球队攻守均衡的体系得以延续，目前在法甲排名第9位，但距离第三名也仅有2分之差，球队依然保持冲击欧冠资格的希望和动力。• 相比之下，圣埃蒂安的主场成绩尚算稳定，最近连续7个主场保持不败，虽然仅有2场胜仗，但也呈现了较强的主场气势和难以被打败的属性。• 另外，圣埃蒂安近年连续3次主场迎战尼斯斩获全胜并持续零封对手，球员可借此得到一定的信心加持而占据较好的心理优势。尼斯• 尼斯上一场联赛对阵安格斯，球队借主场之利以进攻开局，半场前虽然一度失守，但迅速激起反击形成场面优势扳平，下半场信心提升后有战术变化支持而连续破门，最终以3:1击败对手。• 逆转全取三分后，尼斯延续了三轮主场联赛不败并持续有进球的良好走势，球队的士气和信心均得到较大的提升。• 本轮之前，尼斯排名法甲第12位，虽然场均进球数接近1.5球，但以22个失球成为联赛防守力第三弱的队伍，攻强守弱的属性较为明显而缺乏稳定状态。• 另外，尼斯的客场成绩较差，过去7轮联赛客战没有平局并输掉5战，而且本赛季已经连续11个客场有失球，过于开放的战术体系呈现攻守失衡的现况，形势上恐属于下风一方。猎球者数据：圣埃蒂安• 圣埃蒂安最近10场赛事的大球率为40%，赢盘率为40%。• 圣埃蒂安近8个主场赛事仅有1场开出大球。• 圣埃蒂安连续3次对阵尼斯赢得盘口。尼斯• 尼斯最近10场赛事的大球率为50%，赢盘率为30%。• 尼斯连续6个客场赛事无法赢盘。• 尼斯过去6次作客圣埃蒂安有4场开出大球。（编辑：猎球者-辉）
同事合买中双色球1088万：之前200元都很少中！,11月21日，双色球第2019134期开奖，也是大派奖第六期。当期双色球红球号码为01、04、06、22、29、30，蓝球号码为03。当期双色球头奖7注，其中5注为一等奖特别奖，单注奖金为1438万余元（含派奖600万元），另外2注为一等奖普惠奖，单注奖金为1088万余元（含派奖250万元），其中1注普惠奖出自沈阳市574号投注站。跟号一年多喜获一等奖近日，这注普惠奖的中奖者白先生（化名）来到沈阳市福彩中心，领取了这份幸运大奖。白先生出示的中奖彩票是在沈阳市574号投注站购买的，票面为5注单式投注彩票，共计花费10元钱，其中1注与开奖号码完全相同，中得一注一等奖普惠奖。让人感到意外的是，这注一等奖不是白先生自己中得的，而是他和他的同事一起中得的。白先生介绍说：“我是领奖代表，大家都挺信任我的，就派我来领奖了。我和单位的几个同事平时都喜欢买双色球，可是都没中过什么大奖，后来我们看新闻报道说经常有人合买中大奖，于是我们几个关系比较要好的同事就决定一起买彩票，我们自己选好号码后，就一直跟着买，有单式和复式，每期投入也不多，大家都能接受，彩票买完就放我这里，大家对我也很信任，没想到跟了一年多真让我们遇上大奖了，确实很幸运。”中奖感受最重要开奖的当晚，白先生和他的同事就知道他们中奖了，白先生回忆说：“当时我们有个小的微信群，在群里知道了中奖的消息，真的很激动，我们都买了很长时间的彩票，别说一千万的大奖了，就连200都很少中过，这次真正让我们体验了一下中奖的感觉。”在办理兑奖的过程中，白先生不时掏出手机，记录下每个兑奖过程，他笑着说：“我给没来的几个人现场直播呢，本来大家想一起来的，可是毕竟还有工作要做，我就代表大家来了，但是这个过程我一定要记录下来，这么难得中一次双色球的一等奖，我希望大家都能一起感受一下兑奖的过程。办理完兑奖手续，我回去给大家把奖金分一下，晚上大家一起吃顿饭庆祝一下。说实话，我们七八个人一分奖金，也没有多少钱，但是我觉得最重要的是大家体验到这个中奖的过程了。我们以后还会继续在一起购买彩票，也祝愿更多的人能够通过双色球收获幸运。”（辽宁福彩）
法甲提醒：第戎场均失至少1球 打入9球联赛中最差,"第戎vs蒙彼利埃比赛时间：2019-12-05 02:00球队近况：第戎• 塔瓦雷斯和阿马尔菲塔诺在周末都得到休息，此役将回到正选阵容。受伤／缺阵：恩贡达（左后卫）、阿古特（后卫）、马列（中场）蒙彼利埃• 两名后卫康格雷和门德斯均累积足够的黄牌而遭遇停赛，勒塔莱和希尔顿组成中卫防线首发。• 进攻中场莫莱特在周末仅替补出战，此役将回到首发阵容。受伤/缺阵：费里（中场）、科扎（后卫）猎球者分析：第戎• 第戎上一场联赛作客里尔，球队受制于对手的主场气势和积极进攻落于下风，半场前持续受压而失守，下半场虽有战术调整，但依然无法形成反攻力度并效率低下，最终以0:1落败收场。• 客场全失三分后，第戎延续了客场连败并持续被零封的颓势，球队的士气和信心均陷入低潮期。• 本轮之前，第戎排名法甲第18位而处于降级附加区，赛季场均失球数达到1球，同时以9个进球成为联赛进攻力最弱的队伍，技战术打法过于保守而缺乏足够的进攻威胁力，整体实力相对较弱。• 唯一利好的是，第戎较为重视主场成绩，最近连续5个主场赛事保持不败并斩获三连胜，其中还包括了爆冷击败了卫冕冠军大巴黎和零封了传统强者马赛，展示了较强的主场气势。• 另外，第戎近年来连续7次对阵蒙彼利埃保持不败并持续获得进球，球员可借此占据坐和望赢的心理优势。蒙彼利埃• 蒙彼利埃上一场联赛对阵亚眠，球队借主场之利打出积极进攻，半场前率先破门但被对手中场休息前扳平，不过球员已经建立了信心，在下半场加强压制力度后形成更高效率攻门，最终以4:2击败对手。• 主场大比分击败对手而全取三分后，蒙彼利埃延续了6场赛事不败的良好走势，球队的士气和信心恢复到较高水平，为此役客战注入积极的元素。• 本轮之前，蒙彼利埃在法甲排名第4位，虽然进球数不算出彩，但以12个失球成为联赛防守力第三强的队伍，拥有较为均衡的体系是其抢分的重要依仗。• 相比之下，蒙彼利埃的客场成绩较差，过去7轮联赛客战未尝一胜，仅有4个进球的客场第二弱进攻力表明球队在客场更倾向稳守反击战术，此役挑战第戎在形势上未必占据上风。猎球者数据：第戎• 第戎最近10场赛事的大球率为20%，赢盘率为80%。• 第戎连续5个主场赛事没有输盘。• 第戎最近4次对阵蒙彼利埃有3场开出大球。蒙彼利埃• 蒙彼利埃最近10场赛事的大球率为50%,赢盘率为50%。• 蒙彼利埃近8个客场赛事有7场开出小球。• 蒙彼利埃连续5次对阵第戎全部输盘。（编辑：猎球者-辉）"
4S店销售小复式揽双色球733万 兴奋激动整夜未眠,11月28日，双色球第2019137期开奖，这是双色球12亿元大派奖活动启动后第九期派奖。当晚，头奖“井喷”27注，19注为一等奖特别奖。重庆幸运跻身其中，不仅摘得头奖奖金！还与13省市一起狂分了头奖特别奖3000万元！11月28日晚，双色球2019137期开奖，头奖“井喷”27注，单注奖金560万元，截止目前为止，为派奖期间开奖注数之最。其中19注为一等奖特别奖，单注奖金为722万多元（含派奖162万多元），这19注一等奖特别奖花落14地，重庆幸运跻身其中，拿下1注头奖，共14个省市获头奖；另外8注为一等奖普惠奖，单注奖金为622万多元（含派奖62万元）。这是派奖活动期间重庆彩民首次迎来头奖。据了解，活动期间，双色球一次又一次“硬核”出奖，引发彩市热潮。在此之前，11月24日双色球2019135期开奖，单注奖金首次中出2000万元，更是打破了十几年来双色球单注奖金最高额。大奖得主杨先生（化姓）非常年轻，今年25岁，在一家4S店从事汽车销售。11月29日上午，他来到市福彩中心兑奖。得知自己中奖是在11月28日晚上23:00，正在浏览朋友圈的杨先生，看见彩票店老板发布的喜讯后，摸出彩票进行核对，随即呆呆地坐在沙发上十多分钟才缓过来。“晚上怎么也睡不着，头疼欲裂，以为自己感冒了。”凌晨三点，杨先生还起来吃了几片感冒药。最后，仍是一夜未眠。办理兑奖手续时，满眼血丝的他说道，“赶紧办完，我好回去睡觉，已经二十多个小时没睡。”能够中出此次大奖，杨先生表示自己太幸运。派奖活动开始后，杨先生每期都中出六等奖。他介绍，自己平时购彩喜欢机选10注号码，双色球12亿大派奖开启后，为更接近大奖，每期再购买了一张“7+2”复式彩票，“这种投注方式性价比高，活动期间，如果中出一个蓝球，就能获得70元奖金，特别划算。”他乐呵呵地说道，“没想到中出了头奖。”加上其他小奖，杨先生共获奖733万多元。（重庆彩票网）
法甲提醒：梅斯赛季仅打入13球 攻击力联赛第三弱,梅斯vs雷恩比赛时间：2019-12-05 02:00球队近况：梅斯• 老将科哈德在周末联赛打满全场，此役将退居后备席待命，左后卫德莱恩将得到首发上阵机会。受伤/缺阵：恩多兰（防守中场）、卡比特（后卫）雷恩• 中场格雷尼耶尔错过了周末的联赛，此役有望得到出战机会，防守中场约翰逊因伤缺阵，中场马丁也因伤上阵成疑。猎球者分析：梅斯• 梅斯上一场联赛作客尼姆，球队半场前一度打出高效反击而领先，但下半场的战术调整不当而被对手持续压制，最终以1:1战平收场。• 虽然客场仅获得1分，但梅斯也算延续了4轮联赛不败的走势，成功抢分已经令升班马得到一定的信心加持，球队的士气保持在稳定值。• 梅斯目前在法甲排名第17位而逼近降级区，球队具备较强的抢分欲望，但赛季以13个进球成为联赛进攻力第三弱的数据恐难以形成足够的赢球说服力。• 梅斯在主场有尚算稳定的表现，连续5个正式比赛的主场保持不败并持续获得进球，呈现了较强的主场气势和有效的得分手段。• 虽然梅斯近年来连续10对阵雷恩仅有1胜，但持续4次主场出战都能逼平对手，球员也能借此占据较好的心理优势。雷恩• 雷恩上一场联赛对阵圣埃蒂安，球队坐拥主场之利占据场面优势并创造了更多射门机会，即使半场一度落后也能迅速形成反击，最终以2:1击败对手。• 主场逆转全取三分后，雷恩走出之前欧罗巴出局并两连败的困境，球队在实力相当的对手身上收获了信心，球员的士气恢复到稳定状态。• 本轮之前，雷恩排名法甲第10位，虽然少赛一轮，但场均进球数接近1.5球而展示了稳定的进攻输出，球队具备足够的抢分说服力。• 较为不利的是，雷恩的客场成绩差劣，最近连续8个客战未尝一胜并遭遇六连败，持续欧战和联赛的双线作战让球员有较大的体能消耗而呈现较为疲弱的异地作战状态。猎球者数据：梅斯• 梅斯最近10场赛事的不败率为70%，其中开盘的9场有5场赢得盘口。• 梅斯过去9场赛事仅有2场开出大球。• 梅斯最近4次主场迎战雷恩都没有输盘。雷恩• 雷恩最近10场赛事的大球率为70%，赢盘率为30%。• 雷恩连续5个客场赛事没有赢盘。• 雷恩最近9次对阵梅斯仅有1场开出大球。（编辑：猎球者-辉）
法甲提醒：图卢兹右后卫莫雷拉和阿米安均遭遇停赛,图卢兹vs摩纳哥比赛时间：2019-12-05 02:00球队近况：图卢兹• 莫雷拉和阿米安都遭遇停赛，图卢兹目前缺少右后卫的首发人选；中场年轻小将科内也进入停赛名单。西迪贝（防守中场）、昌子源（后卫）、迪卡特（后卫）摩纳哥• 中场阿德里安席尔瓦结束停赛可回归首发名单，前锋斯利马尼遭遇停赛，摩纳哥的进攻力依然被削弱。受伤/缺阵：格贝尔斯（前锋）、乔夫蒂克（进攻中场）、奥涅库鲁（进攻中场）上阵成疑：佩莱格里（前锋）猎球者分析：图卢兹• 图卢兹过去7次对阵摩纳哥有6场开出大球。• 图卢兹上一场联赛对阵南特，球队虽有积极进攻的态度，但阵型前压而暴露较多防守空档，上下半场均被突破防线，最终以1:2落败收场。• 客场全失三分后，图卢兹遭遇四连败并持续每场有2个或以上失球，呈现低迷的竞技状态，球员的信心和信心也陷入低潮期。• 图卢兹目前在法甲积分排名垫底，虽然场均进球数超过1球，但以29个失球成为联赛防守力最弱的队伍，攻守失衡问题较为严重而缺乏足够的抢分说服力。• 包括季前赛在内，图卢兹本赛季连续11个主场赛事没有平局，虽然斩获6场胜仗，但半数在友谊赛上获得，未能体现较强的主场气势，反而有过于积极进攻而忽略防守的弊病，形势上对阵摩纳哥无疑属于下风一方。• 唯一利好的是，图卢兹近年来连续4次主场迎战摩纳哥保持不败，而且持续每场至少有1个进球，球员可借此得到一定的信心加持。摩纳哥• 摩纳哥上一场联赛作客波尔多，球队以积极进攻开局，上半场率先破门领先，但之后受制于对手的主场气势落于下风，半场前被扳平后信心下滑，下半场无法形成有效反攻，最终以1:2落败收场。• 客场全失三分后，摩纳哥之前累积两连胜的走势被终结，球队的士气和信心均受到打击，不过本来在周末对阵大巴黎的联赛因暴雨而延期，球队幸运到较多的时间来调整心态。• 本轮之前，摩纳哥排名法甲第14位，距离降级区仅有3分优势而具备较强的抢分动力，赛季以21个进球成为联赛进攻力第三强者的数据将成为其谋取胜利的依仗。• 相比之下，摩纳哥的客场成绩较差，本赛季7个联赛客战仅有1胜，虽然技战术打法较为进取，但攻强守弱的属性较为明显而容易被对手实施针对策略压制，这是球队面临急需解决的弊病。猎球者数据：图卢兹• 图卢兹最近10场赛事的大球率为80%，赢盘率为40%。• 图卢兹连续5轮法甲输掉盘口。摩纳哥• 摩纳哥最近10场赛事的胜率为70%，其中开盘的9场有5场赢得盘口。• 摩纳哥过去5个客场赛事仅有1场赢得盘口。• 摩纳哥最近4次作客图卢兹仅有1场赢得盘口。（编辑：猎球者-辉）
尴尬!沃特福德连炒主帅创纪录 第五个下课的是谁?,上周末英超赛场，沃特福德客场1-2不敌南安普敦，本赛季沃特福德仅取得1胜5平8负，在积分榜上排名倒数第一。这场失利之后，沃特福德官方宣布主教练弗洛雷斯下课，他也因此成为英超赛场第四个下课的主教练。在英超赛季初，沃特福德前4轮取得1平3负，球队就解雇了之前的主教练格拉西亚，成为英超第一位下课的主教练。刚刚过去85天，他们又解雇了本赛季第二任主教练。弗洛雷斯一共执教沃特福德10场比赛，球队取得1胜3平6负，表现糟糕。沃特福德在联赛中排名垫底，距离保级区还差6分，是积分榜唯一没有上双的球队，形势岌岌可危。弗洛雷斯下课后，球队由U23代表队主教练海登-穆林斯暂时代理主帅职位。沃特福德因此也创下了一下尴尬记录，英超最快解雇两任主教练的球队。弗洛雷斯也是本赛季第四个下课的英超教练，除了格拉西亚之外，穆里尼奥取代波切蒂若成为热刺主教练，永贝里则代替埃梅里接管阿森纳的帅鞭。如今英超主教练称得上高危职业，埃弗顿在夏季转会窗投入不少，球队如今距离降级区仅2分之差。另外红魔曼联创31年来最差开局，目前仅积19分排在积分榜第10。埃弗顿主帅马尔科-席尔瓦，红魔主教练索尔斯克亚，或者其它人，谁会成为第五个下课的英超主帅呢？（女王）
男子守号多年终揽双色球1615万：感觉神清气爽！,11月26日晚，中国福利彩票双色球2019136期开奖，全国喜中头奖7注，其中5注为一等奖特别奖，单注奖金为1564万多元（含派奖782万多元），我省长沙宁乡市43016042投注站收获其中一注一等奖特别奖。机选复式齐上阵，千万大奖领回家长沙的陈先生近日来到了省中心，兑取属于自己的大奖。我们发现很大一部分大奖得主都有一些相似的地方:购彩多年，期期不落，机选。这次陈先生这三个标签是一个都不少，还多了一个标签就是守号，陈先生每期都是采用机选加守号的方式购买双色球，并且都是选用复式投注，7+2或者8+3，投入不大，但却加大了自己的中奖概率。此次中奖的正是机选的一注7+2的复式票，单注奖金782万余元，由于正好赶上双色球12亿元大派奖，陈先生还收获了一等奖特别奖派奖782万余元，所以一等奖瞬间增值到1564万余元，由于是复式票，还中得1注二等奖，6注三等奖，6注四等奖，奖金共计1615万元。陈先生当晚就通过网络查号知道自己中奖了，他形容知道自己中奖时的心情是舒畅，由于购彩多年，幻想过中奖无数次，当梦想终于成真的时候，感觉神清气爽。至于奖金，陈先生也已经有了自己的打算，而另外那注守了多年的号码还是会继续守下去。福彩双色球12亿元大派奖正在进行中，12亿元派奖资金分别用于一等奖特别奖、一等奖普惠奖和六等奖翻番奖，派奖期间，单注最高可得奖金2000万，具体活动详情可咨询全省各投注站。（湖南福彩）
资深彩民中福彩200万竟不急兑：我以为只中1万多,"11月12日晚，双色球第2019130期开奖，开奖号码是红球01、07、09、11、24、32，蓝球16，当期开奖佛山市共中出9注二等奖，幸运的是，这9注二等奖全被一彩民独揽，总奖金高达2002393元！经检索，这张“两百万”彩票是一张3倍投注的“6+3”复式票，彩票购买金额为18元，由三水区福彩第44130449号投注站中出，出票时间为12日17点57分37秒。这位幸运儿在开奖过去好多天了，才慢慢悠悠地现身佛山市福利彩票发行中心兑奖处兑奖，神奇的是，大奖得主直到领奖那一刻，才“醒悟”自己中的是两百万大奖。以为自己中的只是1万多，没想到竟然是200万！中得此次大奖的廖先生（化名）是一位拥有十几年彩龄的老彩民，他对双色球情有独钟。这些年来，廖先生只买双色球，但投注的号码全凭感觉自选的，从没研究号码走势图也从不追号，而且他兑奖也很佛性，不特意关注开奖，只是去站点的时候会把之前的彩票带上过机检验。这一次中得两百万大奖，廖先生差点“吓到”了，他激动地说道：“我在来到中心兑奖的前一刻，我还不知道自己中的是200万！昨天我把彩票带到投注站过机，销售员告知我要到市福彩中心兑奖，当时我还以为自己是中的1万多，因为我曾经有中过两次1万多元的奖，就想着这一次应该也是一样，所以转身就回家睡觉去了，当晚我就这么垫着我的‘两百万’睡了啊，真替自己捏了一把汗”。购买福利彩票主要是为了做慈善一直以来，廖先生购买彩票不仅仅是为了娱乐，主要是因为有关注福彩、了解福彩，他觉得“扶老、助残、救孤、济困”的发行宗旨十分有意义，就想通过这个平台来做慈善，所以这么多年来，他一直坚持购买双色球，从未落下。而且廖先生还表示：“我对政府机构很有信心，特别是近几年,各行各业都规范了很多，我们都看在眼里，感受在心里，所以也从不怀疑中大奖的真实性问题，这肯定是真的”。奖金准备给女儿做嫁妆当问到奖金的用途时，廖先生表示自己家庭美满，生活原本就挺富足的，已经没有什么特别需求了。他笑着说：“我就一个宝贝女儿，把一部分奖金留给女儿作为嫁妆，其他的再慢慢做打算吧”。（广东福彩）"
彩民20元击中双色球1724万 站主拉横幅庆祝,又中奖了！眼看双色球12亿大派奖活动时间过半，重庆彩民强势爆发，连中两期一等奖。11月28日，我市渝中区25岁男彩民以一张价值28元的“7+2”复式彩票追中一等奖722万元（内含派奖金额162万元）。紧接着，12月1日，又一位来自渝中区的彩民收获幸运，拿下双色球2019138期一等奖2注，收获总奖金1724万元（内含派奖金额500万元）。市福彩中心数据显示，中奖彩票仅花了20元，刚满足此次双色球12亿大派奖活动参与门槛，共购买5注单式号码，每注倍投。中奖站点为渝中区解放东路40040156号站点，投注时间为12月1日12:48。重庆连中2期双色球一等奖 大奖均落在渝中区11月8日，双色球12亿派奖活动火热开启，大奖小奖翻番。每期3000万元一等奖特别奖，对当期单票金额超过20元（含）的一等奖中奖彩票，按当期一等奖单注基本奖金1：1比例进行派送（若当期一等奖特别奖奖金不足以按1：1比例支付，则由符合派奖要求的一等奖按照中奖注数均分）。11月28日，重庆彩民首次迎来一等奖，当晚一等奖“井喷”27注，我市渝中区彩民以一张价值28元的“7+2”复式彩票幸运跻身其中，收获双色球一等奖722万元。中奖后第二日，大奖得主杨先生（化姓）火速赶往重庆福彩完成了兑奖。据了解，杨先生今年25岁，在一家4S店从事汽车销售工作。722万元大奖刚被兑走，12月1日，1724万元大奖又“空降”而来，中奖彩民同样来自渝中区。据了解，当晚，双色球进行第2019138期开奖，开奖号码红球号为02、06、12、30、31、32 ，蓝球号为11。中奖彩民花费20元，购买了5注单式号码（每注倍投），其中1注，击中一等奖。中奖站点站主周通伟猜测，中奖号码很可能是机选，“自从双色球12亿大派奖后，很多彩民都喜欢机选5注号码倍投投注，20元购彩金额刚好满足活动条件。倍投的方式不管中了大奖还是小奖，都很可观。”至于中奖彩民是谁，周通伟表示毫无印象，“活动期间，涌现出一批新彩民，也都是这种投注方式。”大奖站点开了20多年 站主激动得一夜未眠周通伟得知中奖是在12月1日晚上九点多，当时他正准备关店，接到渝中区重庆福彩区域经理的电话，让赶紧在投注机上确认一下中奖数据是否准确，他才知道自己店里竟然中了大奖。周通伟今年五十多岁，卖彩票已有二十多年，店里曾经中出过双色球二等奖十几万元，如今能够中出双色球一等奖1724万元，他激动得整晚没有睡着。第二天一大早就制作好了横幅，并请来腰鼓队助势，还买了大堆瓜子、花生、饮料等摆在店里，与彩民“同喜”，“大家随便吃，想来的都来吃哈，欢迎所有彩民前来品尝。”周通伟乐呵呵地说道。（重庆彩票网）
五星冷刀04日竞彩推荐：曼联热刺握手言和,昨日复盘：曼城4-1大胜，刀哥推荐上盘+大双赢！比分略有偏差，多进了一个球，颇感遗憾，今天还继续加赛英超，晚上比赛很多，相当于一个小周末，新浪网分析一场英超重头戏曼联vs热刺，公众号发布一场英超冷门，回报超高，还没关注公众号的兄弟抓紧时间，临场还有更多其他场次推荐，扫码关注下面五星冷刀公众号。周三008 英超 曼联VS热刺比赛时间：2019-12-05 03:30曼联上周末联赛主场2-2被维拉逼平，排名已经下滑到第9位，18分的积分也达到了俱乐部31年来的最低点。曼联连续两轮联赛丢球两个以上，防守存在一定问题。本周末曼联还将迎来曼彻斯特德比，重要性不言而喻，本场对阵劲敌热刺，多少会有些分心。穆里尼奥上任之后热刺豪取三连胜，欧冠小组出线，联赛也升至第五，距离前四6分。接下来，无论是为了证明曼联当初放弃自己是错误的，还是为了带领热刺打进欧冠区，穆里尼奥都希望在老特拉福德带走3分。热刺在三连胜期间，每场打进3球以上，丢2球，球队进攻不成问题，防守隐患却很大。双方联赛最近10次交手，曼联5胜1平4负，分胜负极多，其中在主场近10次碰面，曼联7胜3负，占据明显优势，曼联此前一度主场四连胜，只在上赛季主场0-3输给热刺，不过曼联接着在客场1-0复仇对手。双方近四个赛季交手每个赛季都是各胜一场，互换三分的意味。0.82 平手 1.060.88 平手 1.02初盘平均值 2.55 3.41 2.65即时平均值 2.58 3.41 2.711.02 2.5/3 0.840.95 2.5/3 0.93澳门初盘0.91平手，标准盘2.43 3.47 2.47，主客胜非常接近，曼联没有基本的主场优势，曼联成绩一塌糊涂，而热刺最近3连胜，没优势也基本正常，后面大幅降低主胜，目前恐怕不是最终点位置，依然具备继续降水的很大可能，曼联终究是主队，走势过猛不是好事。盘最大的关键点在第一次调整，是从主胜2.43直接跳转到客胜2.43，对位主客胜和贴水互调，最低点拉到热刺客让0.88平手，主客让来回反复调整，无论选择哪一方贴水急剧下降，一头栽下去，都未必是真的，初盘是盘的参照物，是作为基本实力和近期情况的标杆，一般都是客观现实的体现，后面大幅偏离，就容易陷入盘路主导的方向中，并非真实倾向。目前2.40主胜距离曼联产生升盘压力，只有一步之遥，2.30主胜就是临界点，甚至2.35就已经开始把主队注码部分转移到附加盘-0.25，以目前的降水幅度，很容易继续降水，虽然平局看似偏高，因为两队丢球都偏多而已，大球盘降水虽然缓慢，但幅度已经足够，看好大球+走盘，比分也就是2-2。竞彩推荐：平局指数推荐：曼联+0.00大小推荐：大球2.75温馨提示：因距离比赛开始尚早，关注临场变化，请扫码关注五星冷刀公众号并联系刀哥进行交流！
炸裂！专家Jesse豪取13连红 球圣3日爆赚超10倍,周二比赛日战罢，球通平台方面，Jesse三单全红，足球推荐达到13连红，高居连红榜之首！此外，专家Winner球圣3日净盈利超10倍位列盈利榜第一！而足彩方面，伯温精算擒下一等大奖，狂揽8.2万！[查看全部权威球通专家]连红榜上，专家Jesse13连红排名第一，进哥9连红位列第二、广州边锋谢俊辉和球迷马可凡达到7连红！专家Jesse已经突破了自己的连红纪录！昨日三单全红，将10连红的好成绩改写为13连红，近3日净赚697%位列盈利榜第二！[Jesse豪取13连红！]近3日盈利榜上来了一位强人，Winner球圣凭借近10中9还屡中高赔的好成绩，成功摘得3日盈利榜桂冠，净赚超10倍！13连红专家jesse则屈居第二，仙人指路近7中6，3日盈利675%位列第三！Winner球圣昨日北单2串1稳稳命中，近期10中9稳定盈利，近3日爆赚1043%，净赚超10倍！[Winner球圣3日净赚超10倍！]足彩方面，多位专家擒下胜负彩和任九大奖，其中专家伯温精算[查看专栏]惊艳全场，他一单14场胜负彩推荐稳稳拿下一等奖，狂揽8.2万元奖金，收获不菲！新浪球通平台移动端更方便，彩民朋友扫描下方的二维码下载“小炮APP”，球通专家零距离，精选方案随时看！
男子50元机选中双色球2等44万：好运来了挡不住！,11月28日晚，双色球第2019137期开奖，开出红球07、10、13、19、23、31，蓝球06。当期开出二等奖230注，单注奖金8.8万多元，常州喜出5注二等奖，由幸运市民蒋先生独揽，共计收获奖金44万多元。据了解，该大奖出自新北区安家镇永安东路32045835福彩投注站。当期蒋先生花50元机选了五组单式号码，并分别进行了5倍投注。没想到其中一组号码红球全中，摘得5注二等奖，另一组号码中得5注六等奖。根据双色球12亿元大派奖活动规则，还中得5注六等奖翻番奖，共计收获奖金44万多元。蒋先生表示自己非常幸运，好运来了挡都挡不住！目前，双色球12亿元大派奖活动正在全国范围内火热开展，大奖小奖可翻番，单注可中2000万！常州福彩也配套开展“双福同耀”抽奖活动，给大家备上了丰厚奖品。爱心与惊喜同在，让每一个梦想更有可能。（江苏福彩）
佬牛解盘：利物浦主场防平 热刺客场不败,19168期胜负彩竞猜英超和法甲周中加赛，赛程两天，胜负彩.任九停售12/04 22:00，计奖12/06 10:00。进入圣诞月的欧洲各级联赛都紧锣密鼓来一波年前冲刺，都想在积分榜有个好名次安心过个年，但对于有欧战的球队而言则是连续一周双赛疲于奔命。本期胜负彩基本面上强弱对阵较多，欧指有五至七场支持亚指半/一以上让步，部分热门场次选胆还得谨慎斟酌。01 莱切斯特城VS沃特福德 3莱切城[2]近获六连胜，14轮10胜2平2负排名第二，主场6胜1平不败为主场龙之一；沃特福德[20]又近遭两连败，1胜5平8负排名第20垫底，客场1胜2平4负亦不善客战。往绩莱切城17胜7平10负，其中主场12胜3平2负占优。欧指99家平均1.36 5.01 8.61↑折合亚指主让一球/球.半0.90中.水盘面热门度不高，为交手历史最大让步，通常净胜两球以上基本无虞。足彩单选3。02 狼队VS西汉姆联 3 复选3/1狼队[6]本季一直国内外赛事连轴转，新近欧罗巴小组赛在K组提前晋级，利于提升士气。联赛近九轮4胜5平不败，14轮4胜8平2负排名第六，则是平局大师之一，主场2胜4平1负战绩平庸；西汉姆[13]上轮伦敦德比客场受球.半爆冷门1-0胜切尔西，止住七轮2平5负不胜，4胜4平6负排名第13，客场2胜3平2负战绩稍逊。往绩狼队4胜1平5负，其中主场2胜1平2负平分秋色。欧指99家平均1.76 3.70 4.65↑折合亚指主让半.球0.76超低.水牌面趋热，临场堪有升pan余地。威廉.希尔1.75 3.70 4.75↓与立.博1.75 3.60 4.60↑平赔略低顾忌主队未必稳胜。足彩单选3，复选3/1。03 曼彻斯特联VS托特纳姆热刺 1/0这场比赛场外绯闻沸腾，玩彩不要受影响。两队本季一直国内外赛事连轴转，联赛也颇受影响。曼联[9]近六场赛事2胜2平2负得分效率不高，欧罗巴小组赛总算提前获得晋级，而联赛近九轮2胜4平3负战绩不佳，14轮4胜6平4负排名第九，主场3胜3平1负亦是胜率不足；热刺[5]欧冠杯提前获得晋级，联赛近获两连胜，但是两个3-2侥幸客主场胜弱旅则凸显防守问题很大。5胜5平4负排名第五，客场1胜3平3负战绩糟糕。往绩曼联38胜11平9负，其中主场24胜4平3负占优。欧指99家平均2.66 3.42 2.60↑折合亚指客让平手0.80低.水牌面趋热。威廉.希尔2.70↑ 3.40 2.60↓与立.博2.65↑ 3.40 2.55胜平两项处于低值需防丢分。足彩复选1/0。04 切尔西VS阿斯顿维拉 3切尔西[4]本季一直国内外赛事连轴转，欧冠杯晋级形势尚好，联赛近遭客主场两连败，8胜2平4负排名第四，主场3胜2平2负战绩稍逊，最近球.半/两球让步被爆冷门0-1负于西汉姆；升班马维拉[15]4胜3平7负排名第15，客场1胜1平5负战绩不佳，最近受一球/球.半爆冷门2-2战平曼联。往绩切尔西25胜12平12负，其中主场15胜5平4负占优。欧指99家平均1.29 5.78 9.64↓折合亚指主让球.半0.88低.水牌面利好。威廉.希尔1.27↓ 5.80 11.00↑与立.博1.28↓ 5.50 10.00↑平赔离散客队得分不易。足彩单选3。05 南安普敦VS诺维奇 3 复选3/1两队14轮排名后三位身陷降级圈内，本场是为提前保级战。南安普敦[18]上轮2-1主胜保级对手副班长沃特福德，止住八轮2平6负不胜，14轮3胜3平8负排名第18，主场1胜1平5负为主场虫之一；升班马诺维奇[19]近两轮客胜主平不败，3胜2平9负排名第19倒数第二，客场1胜1平5负为客场虫之一，最近受一球/球.半爆冷门2-0胜埃弗顿。往绩南安普敦10胜8平7负，其中主场7胜4平2负占优。欧指99家平均1.76 3.96 4.32↑折合亚指主让半.球0.76超低.水牌面趋热，临场堪有升pan余地。威廉.希尔1.75 3.90↓ 4.50↑与立博1.75↑ 3.80 4.33平赔略低不乏诱客之嫌。足彩单选3，复选3/1。06 利物浦VS埃弗顿 3/1利物浦[1]本季一直国内外赛事连轴转，欧冠杯卫冕冠军小组赛五轮还没确定晋级。联赛14轮13胜1平不败高居榜首，主场七战全胜是为主场龙之一；埃弗顿[17]近遭主客场两连败，4胜2平8负排名第17迫近降级圈，客场1胜1平5负亦不善客战。往历默西塞德德比一直是利物浦的坎，利物浦24胜24平8负，其中主场14胜13平2负占优，胜率严重不足。欧指99家平均1.38 4.90 8.11↑折合亚指主让一球/球.半0.95高.水牌面不利。威廉.希尔1.35↓ 5.00 9.00↑与立.博1.40 4.75 8.00↑客胜赔趋升难出。足彩复选3/1。07 谢菲尔德联VS纽卡斯尔联 3 复选3/1谢菲联[7]近七轮2胜5平不败，升班马14轮4胜7平3负排名第七，主场3胜1平3负战绩中，近三轮2胜1平不败，其中都有受半.球1-0胜阿森纳和3-3平曼联；纽卡斯尔[14]上轮主场受两球爆冷门2-2战平曼城，4胜4平6负排名第14，客场2胜5负战绩不佳，最近受平/半0-2负于升班马维拉。往绩2015年交手谢菲联2胜1平4负，其中主场1胜1平2负处于下风。欧指99家平均1.85 3.41 4.54↑折合亚指主让半.球0.85低.水牌面利好。威廉.希尔1.83 3.50↑ 4.60↓与立.博1.83 3.30↑ 4.60 客胜赔偏高不予推崇。足彩单选3，复选3/1。08 阿森纳VS布赖顿 3阿森纳[8]本季一直国内外赛事连轴转，欧罗巴小组赛则已提前晋级。新近临时教练永贝里带队2-2客平升班马诺维奇，近八场赛事6平2负不胜，联赛14轮4胜7平3负排名第八，主场3胜4平尚保不败；布莱顿[16]近遇列强遭三连败，4胜3平7负排名第16降级圈边沿，客场1胜1平5负亦不善客战。往绩阿森纳3胜2平1负，其中主场1胜1平占优。欧指99家平均1.60 4.20 5.28↑折合亚指主让半/一0.90中水牌面热门度不高。威廉.希尔1.62↑ 4.00↓ 5.50↓与立.博1.60 4.20 5.00↓平赔略低利于疏散主胜筹码。足彩单选3。09 圣埃蒂安VS尼斯 3/0圣埃蒂安[9]本季一直国内外赛事连轴转，欧罗巴小组赛在I组已经提前出局。联赛上轮1-2客负雷恩，止住七轮5胜2平不败，15轮6胜4平5负排名第九，主场2胜4平1负战绩平庸；尼斯[12]6胜2平7负排名第12，客场2胜5负战绩不佳。往绩圣埃蒂安15胜10平20负，其中主场11胜5平9负占优。欧指99家平均2.33↑ 3.27 3.10折合亚指主让平/半1.00高.水牌面不利。威廉.希尔2.35↑ 3.30 3.00↓与立.博2.35 3.10↓ 3.10平赔离散需防客胜心理冷门。足彩复选3/0。10 第戎VS蒙彼利埃 3/1第戎[17]近九轮4胜2平3负亦属积极进取，15轮4胜3平8负排名第17降级圈边沿，主场3胜2平2负战绩中，近获三连胜，其中都有受两球爆冷门2-1力克巴黎圣日耳曼；蒙彼利埃[4]近五轮2胜3平不败，6胜5平4负排名第四，客场4平3负不胜，不善客战是其软肋。往绩第戎4胜9平6负，其中主场3胜5平1负占优。欧指99家平均3.06 3.06 2.46↑折合亚指客让平/半1.10高.水牌面不利。威廉.希尔3.00↓ 3.10 2.45↑与立.博3.00↓ 3.00 2.45胜平两项处于低值易出下pan。足彩复选3/1。11 梅斯VS雷恩 3/1升班马梅斯[17]近遇五连平，15轮3胜6平6负排名第17降级圈边沿，主场2胜3平2负战绩稍逊，近五轮1胜4平不败；雷恩[11]本季不堪多线作战，欧罗巴在E组提前出局，联赛6胜3平5负排名第11，客场2胜2平3负战绩中，近五轮不胜。往绩梅斯8胜14平8负，其中主场4胜10平1负占优。欧指99家平均3.00↓ 3.04 2.51折合亚指客让平手0.75超低.水牌面趋热。威廉.希尔3.00 3.10 2.50↑与立.博3.00↓ 3.00 2.55↑胜平两项处于低值宜走下pan。足彩复选3/1。12 图卢兹VS摩纳哥 1/0图卢兹[20]近遭五连败，15轮3胜3平9负排名榜尾，主场3胜4负走势恍惚，近两轮连败于里昂和马赛；摩纳哥[14]5胜3平6负排名第14，客场1胜2平4负亦不善客战，曾平/半让步1-0胜南特。往绩图卢兹7胜14平17负，其中主场4胜11平4负平分秋色。欧指99家平均3.83 3.76↑ 1.88折合亚指客让半.球0.88低.水牌面利好。威廉.希尔3.80↑ 3.75 1.88↓与立.博3.90↑ 3.70 1.87 主胜赔趋升难出。足彩复选1/0。13 亚眠VS兰斯 3/0两队都是法甲升降机式的中下游球队。亚眠[16]近遭三连败15轮4胜4平7负排名第16迫近降级圈，主场3胜1平3负颇有起伏，最近平/半让步0-4负于斯特拉斯堡；兰斯[10]近五轮4平1负不胜，5胜6平4负排名第十，客场3胜1平3负亦是走势恍惚。往绩亚眠7胜9平6负，其中主场4胜4平3负略占优。欧指99家平均2.79 2.93 2.78↓折合亚指客让平手0.88低.水牌面趋热。威廉.希尔2.80↑ 3.00 2.75与立.博2.80 2.90 2.70↓虽为二二二组合但战平指数略显离散指向两头球。足彩复选3/0。14 巴黎圣日尔曼VS南特 3巴黎圣日耳曼[1]本季一直国内外赛事连轴转，周中欧冠杯小组赛2-2客平皇马，在A组提前锁定头名晋级。联赛卫冕冠军14轮11胜3平暂居榜首，主场6胜1负，曾球.半/两球让步被爆冷门0-2负兰斯；南特[6]近七轮2胜1平4负得分效率不高，7胜2平6负排名第六，客场2胜1平4负亦不善客战。往绩巴黎圣日耳曼29胜10平8负，其中主场17胜3平3负占优。欧指99家平均1.15 7.53 17.64折合亚指主让三球都可开，通常净胜两球以上基本无虞。足彩单选3。
19167期足彩冷门排序：里昂冷负全国猜中比15.49%,北京时间12月04日，胜负彩第19167期冷门排序出炉。法甲赛场，里昂主场爆冷负于里尔，全国猜中比仅15.49%；布雷斯特5-0大胜斯特拉，全国猜中比28.68%。19167期足彩冷门排序19167期任九冷门排序
蓝色妖姬排列三第19324期预测：质区和值热度较高,19323期排列三开奖结果为830，组六形态，大小比为1:2，奇偶比为1:2，质合比为1:2，和值为11，跨度为8。排列三19324期蓝色妖姬专家荐号：跨度预测：最近三期大跨度连出，具体开出6、7、8，跨度振幅连续为1，下期开奖建议忽略大区跨。和值看点：318-323期和值开出13、7、22、17、18、11，整体呈现大震荡走势，从质合特征来看，质区和值热度较高，但30期开奖中却以合区和值多出，324期我们建议追捧合区和值。邻码现象：邻码走势在最近3期陆续回暖，在321期开出9，在322期开出2，在323期开出3、8，结合多期的号码走势分析，19324期邻码仍有机率。大小比：小码在上期增温，具体开出大小小形态，上期遗漏高达20期，接下来的一期防守区间前移，遗漏1期的大大小可重点关注。（来源：彩宝贝网）[扫码下载app，中过数字彩1千万以上的专家都在这儿！]
财迷迷排列三第19324期预测：合区均值处于弱势,19323期排列三开出830，和值为11，跨度为8，大小形态为大小小，奇偶形态为偶奇偶，质合形态为合质合。19324期排列三预测推荐：百位：322期、323期百位连落合码，具体开出9、8，上期遗漏分别为28期、26期，下期不再看好冷号，建议防守质区温热码。十位：318期-323期奖号具体是1、3、8、9、7、3，从大中小特征来看，大、中码活跃，前30期开奖小码的力度也较弱，下期可继续忽略，杀码012。个位推荐：最近2期个位奖号开出2、0，呈现继续下滑的走势，从奇偶特征来看，偶码两期连落，324期不再建议关注偶码。奇偶分析：323期开出直选偶奇偶，上期遗漏高达26期，偶码增至2枚，打破了之前五期奇码多出的局面，下一期开奖我们仍应追捧偶码多出。均值预测：前三期开奖均值小幅调整，依次开出6、6、4，合区均值连续上奖，再观察30期数据，发现合区均值整体处于弱势，下期不必盯防。（来源：彩宝贝网）[扫码下载app，中过数字彩1千万以上的专家都在这儿！]
潇潇飞雨福彩3D第19324期预测：质区和可以忽略,福彩3d2019323期开奖号码170，和值再开8位点，重码开出0，跨度值为7，2019324期3d试机号前预测分析：奇偶比：上一期开奖区间大幅前移，以遗漏八期的直选奇奇偶形态回补，该形态在30期内上奖4期，结合前几次的号码走势分析，下期仍要关注奇码多出的直选形态。跨度预测：1路跨度在最近2期回暖，依次开出4点、7点，跨度振幅为3，近段时间小振幅热出，下期振幅继续看小，重防0路跨回归。百个差推荐：从大小特征来看，最近八期大区间差值仅仅上奖1期（321期5），其余7期差值全部走小，最高点位为4，最低点位为0，2点差值没有露面，接下来的324期差值有望继续走小。十个位和：323期7点和值突袭，从质合特征来看，质区和隔四期反扑，结合多期的和值轨迹来看，下期质区和可以忽略。（来源：彩宝贝网）[扫码下载app，中过数字彩1千万以上的专家都在这儿！]
玩彩高手福彩3D第19324期预测：个位重点关注偶数,福彩3D第2019323期开奖号为：170，和值为8点，大小形态为小大小，奇偶形态为奇奇偶，跨度值为7。2019324期3d专家预测准确：[和值尾分析]：上期开奖和尾续开8点，从大小特征来看，前30期开奖大区和尾呈现热态，最高连落达到8期，下一期开奖我们仍有必要防守大和尾。[百位分析]：上期百位开奖号为奇号1，分析走势及频率，本期福彩3d百位重点关注奇数开出。[十位分析]：上期十位开奖号为奇号7，分析走势及频率，本期福彩3d十位重点关注偶数开出。[个位分析]：上期个位开奖号为偶号0，分析走势及频率，本期福彩3d个位重点关注偶数开出。[综合分析]：19323期开出110路、奇奇偶、质质合、小大小直选形态，邻码开出1，2019324期应把重心放在中大区间，推荐关注数值5、9。（大中小定义：0-2为小，3-6为中，7-9为大）（来源：彩宝贝网）[扫码下载app，中过数字彩1千万以上的专家都在这儿！]
蓝色妖姬福彩3D第19324期预测：小码有转冷迹象,福彩3D第2019323期开奖号码为：1 7 0，组六形态，大小比为1:2，奇偶比为2:1，和值为8，跨度为7。3D2019324期专家预测号码：和值走向：近六期开奖和值算不上稳定，依次开出7点、9点、21点、16点、8点、8点，最大振幅高达12点，从012路特征来看，三者均衡分布，接下来的324期我们看好和值回归0路区间。连号：323期开出连号01，打破了之前四期连续缺席的局势，下期连号仍可盯防。百位号码：323期百位码小幅攀升，以遗漏16期的1补位，小码持续补位，结合30期数据的大中小特征判断，下一期中码应重点参考。（大中小：0-2为小，3-6为中，7-9为大）十位号码：上期开奖十位码小幅回升，以遗漏14期的7补位，从大小特征来看，大码隔期反扑，下期开奖不看好大码再落。个位分析：321期、322期、323期个位码连续走小，数值开出3、4、0，前30期大小比值18:12，324期小码有转冷迹象。（来源：彩宝贝网）[扫码下载app，中过数字彩1千万以上的专家都在这儿！]
财迷迷七星彩第19140期预测：小码有望优势出号,上期七星彩开奖结果为2156606，出号特征如下：和值为26，跨度为6，质合比为3:4，012比为4:1:2，奇偶比为2:5，大小比为4:3。2019140期七星彩预测推荐：质合比分析：上期质合比开出3:4，合数表现占优，本期重点看好质数多出，关注质合比值4:3的开出。012路分析：上期七位号码012路形态为2120000路组合，本期关注2路增强出号，0、1路辅助出号，重点看好比值2:0:5。奇偶比分析：上期奇偶比开出2:5，偶数强势出号，奇数表现低落，本期奇偶比参考3:4。大小比分析：上期大小比开出4:3，大码领先出号，本期小码有望优势出号，主看比值3:4。四码复式推荐：0137-0689-1248-0479-0138-1245-1289（来源：彩宝贝网）[扫码下载app，中过数字彩1千万以上的专家都在这儿！]
瑶冰魄七星彩第19140期预测：主防第七位号码048,"19139期七星彩开奖号码为2156606，从其开奖号码得出，奇偶比为2:5，和值为26，质合比3:4，012路比4:1:2，最大码为""6""，最小码为""0""。19140期七星彩推荐分析如下：第一位号码推荐分析：上期开出质数2，振幅为7，大振幅形态，综合近期七星彩开奖号码及走势情况，本期建议主防第一位号码259。第二位号码推荐分析：上期开出质数1，振幅为0，小振幅形态，综合近期七星彩开奖号码及走势情况，本期建议主防第二位号码123。第三位号码推荐分析：上期开出质数5，振幅为0，小振幅形态，综合近期七星彩开奖号码及走势情况，本期建议主防第三位号码123。第四位号码推荐分析：上期开出合数6，振幅为1，小振幅形态，综合近期七星彩开奖号码及走势情况，本期建议主防第四位号码189。第五位号码推荐分析：上期开出合数6，振幅为3，小振幅形态，综合近期七星彩开奖号码及走势情况，本期建议主防第五位号码247。第六位号码推荐分析：上期开出合数0，振幅为7，大振幅形态，综合近期七星彩开奖号码及走势情况，本期建议主防第六位号码245。第七位号码推荐分析：上期开出合数6，振幅为1，小振幅形态，综合近期七星彩开奖号码及走势情况，本期建议主防第七位号码048。第19140期定位复式：259-123-123-189-247-245-048（来源：彩宝贝网）[扫码下载app，中过数字彩1千万以上的专家都在这儿！]"
碧云天双色球第19140期预测：一码蓝球看08,"红球定胆3码：07,08,315个红球：07,08,30,31,33红球杀码预测：16杀掉三个红球：04,06,16杀号杀6码红球：04,06,10,16,19,21一码投蓝：08蓝球三胆必下一：07,08,16定五个兰码：07,08,11,14,16杀兰码推荐：09蓝球绝杀号关注：01,05,09专家预测六个蓝球杀号：01,03,05,09,10,12选龙头2个号：03,11红球末位奖号分析：23,318个红号+2个蓝号：01,07,08,22,28,30,31,33 + 07,0812个红号+两个蓝号：01,05,07,08,09,22,26,27,28,30,31,33 + 07,08（来源：彩宝贝网）[扫码下载app，中过数字彩1千万以上的专家都在这儿！]"
乐心小天双色球第19140期预测：凤尾范围29-32,"2019139期双色球开奖结果08 14 20 23 30 33+11，和值回升至128点，连号遗漏未出，合、偶码继续活跃，双色球历史上的今天是分析下一期开奖号的利器，本期我们再利用它来分析一下历史的140期出球规律：本期我们把龙头划分大小区域（大09及09以上，小01-08），在140期历史14期开奖中，大区龙头仅开出一期（2017140期21），其余13期龙头控制在01-07小数值区间震荡，1路码占优出号，2019年140期开出偏态龙头的机率并不大，继续看好小区数值。凤尾号码在14期中依次开出17-23-26-31-33-29-29-33-22-33-31-32-30-28，3字头奖号共计上奖7期，最大连落为4个历史同期，2019140期凤尾范围29-32。在140期的历史开奖中，和值走势为54-80-91-127-93-99-120-153-74-91-144-83-155-111，和值震荡幅度较大，2019140期和值范围应在90-120区间。偶号连续形态码在历史14期中表现并不积极，仅在2005140期、2008140期、2018140期各亮相一组，在2011140期开出2组，2019140期笔者主张排除偶号连续形态码。蓝球奖号从历史14期的大小特征来看，小数值仅开出5期，目前处于弱势；从奇偶特征观察，近六个历史同期偶码连出，2019年度的140期蓝球力荐大、偶数。红球蓝球8+2预测：01 04 10 17 19 26 27 30 + 10,126+1：04 10 17 26 27 30 + 10（来源：彩宝贝网）[扫码下载app，中过数字彩1千万以上的专家都在这儿！]"
青云大乐透第19139期预测：热区比值可继续跟进,在前一期的开奖中（2019138期），前区大乐透开出04 06 07 20 29，后区开出02 04，连号落于0字头区间（06 07），前区以小、偶码多出，后区开出全小、全偶组合。和值预测：137期、138期和值波动较小，具体开出59、66，振幅点位为7，首尾号和值依次开出29、33，接下来的139期开奖和值振幅将明显放宽，主看和值上升走势，首尾号和值将停留在3字头区段。012路预测：最近3期开奖没有区间发生断档现象，012路比值稳定在热态区间，具体开出1:1:3、2:1:2、1:2:2，从出球总量来看，2路码最为积极，下期开奖热区比值可继续跟进。复隔中预测：138期开出复隔中比值0:2:3，重码集体缺席，该比值在30期内上奖2期，结合上一次的号码轨迹分析，19139期提防隔码遗漏不出，重码少量回补。19139期精准预测5+2：01 06 08 30 32 + 03 09（来源：彩宝贝网）[扫码下载app，中过数字彩1千万以上的专家都在这儿！]
名人府大乐透第19139期预测：本期不看好连号回补,在上一期大乐透开奖中（2019138期），前区奖号为04 06 07 20 29 ，后区奖号为02 04，前区总和数值开出66点，同尾号没有开出，无重码开出。下面借助彩宝贝大乐透历史号码比较器，了解历史139期的开奖情况。历史139期开奖和值落点依次为53-104-80-51-78-80-64-67-130-84-95，百点以上和值活跃度偏低，最新19139期看好和值的小幅调整，和值范围应在80位点附近。在2008139期至2018139期开奖中，重码个数共计8枚，分布在6个历史同期（2010139期、2011139期、2012139期、2014139期各开出1枚；200139期、2015139期各开出2枚），另外5期重码个数全部为0，再结合近期的重码个数统计情况，推测下期重码个数为1。再来观察连号数据，历史11期中连号表现不算突出，共有6期没有开出连号，剩余5期连号组数全部为1，具体分布在2011139期、2012139期、2013139期、2015139期、2016139期，目前遗漏2个历史同期，本年度的139期连号回补机率不大。最后观察后区数据，历史11期中有8期开出一小一大组合，另外有2期开出全大组合，还有一期开出全小组合，2019139期建议选择一小一大。精选一注：04 11 13 23 26 + 02 11（来源：彩宝贝网）[扫码下载app，中过数字彩1千万以上的专家都在这儿！]
里昂爆3.9倍主负 167期足彩任九开16726注812元,"北京时间12月04日，胜负彩第19167期开奖结果揭晓。本期任九头奖开16726注812元，投注总额为21,239,038元。彩果方面：曼城客场4-1大胜伯恩利，水晶宫1球小胜伯恩茅斯；法甲赛场，昂热0-2马赛，波尔多6-0横扫尼姆、布雷斯特5-0大胜斯特拉斯堡、里昂主场0-1负于里尔，爆出3.9倍冷负；法乙赛场，朗斯、特鲁瓦、洛里昂、阿雅克肖、甘冈均打出正路，欧塞尔、格勒诺布尔、沙托鲁则在主场战平各自对手。本期14场赛事，主胜5场，平局3场，客胜6场。温馨提示：本期兑奖截止日为2020年02月03日，逾期作弃奖处理冷门排序"
曼城客场完胜伯恩利 167期足彩头奖104注8.2万,"北京时间12月04日，胜负彩第19167期开奖结果揭晓。本期一等奖开出104注，单注奖金8.2万余元；二等奖开3103注1188元；任九头奖开16726注812元。本期胜负彩销量为19,200,532元，任九投注总额21,239,038元。彩果方面：曼城客场4-1大胜伯恩利，水晶宫1球小胜伯恩茅斯；法甲赛场，昂热0-2马赛，波尔多6-0横扫尼姆、布雷斯特5-0大胜斯特拉斯堡、里昂主场0-1负于里尔，爆出3.9倍冷负；法乙赛场，朗斯、特鲁瓦、洛里昂、阿雅克肖、甘冈均打出正路，欧塞尔、格勒诺布尔、沙托鲁则在主场战平各自对手。本期14场赛事，主胜5场，平局3场，客胜6场。温馨提示：本期兑奖截止日为2020年02月03日，逾期作弃奖处理冷门排序"
[新浪彩票]祥子大乐透第19139期：锁定前区5码,上期奖号信息：体彩大乐透第2019138期开出奖号：04 06 07 20 29 + 02 04。前区号码奇偶比为2：3，大小比为2：3，和值为66，跨度为25。后区号码和值为6，跨度为2，奇偶比为0：2，大小比为0：2。体彩大乐透第139期历史上已开出了11次，其奖号分别为：前区号码分析：1.连码：有5期开出了连码，连码出现概率为45.45%，连码出现比例较低，今年同期注意连码组合回补，关注连码06 07。2.同尾：有9期包含同尾号码，同尾号码出现概率为81.82%，同尾号码走势相对活跃，今年同期防同尾号码突然转冷，排除同尾号码。3.奇偶分析：奇偶比为26：29，奇数号码开出比例相对较少，本期注意奇数号码回补，预计出现3个奇数号码。4.大小分析：大小比为23：32，其中小号出现频率非常高，本期预计小号继续走热，关注4个小号出现。5.出号统计：08 17 23 24 26 27 33没有出现；号码05 06 16出现次数最多，为4次。大乐透第2019139期前区号码参考：01 04 06 07 08 09 11 13 16 18 19 20 30 34 35前区五码参考：06 07 08 11 35后区号码分析：1.大小分析：大小比为12：10，大小号码基本持平，本期适当关注小号转热，注意全小组合出现。2.奇偶分析：奇偶比为13：9，其中奇数号码表现相对较热，本期看好奇数号码再次出现，关注一奇一偶组合开出。3.出号统计：02号码没有出现，09号码开出次数最多，为4次。本期后区号码参考：01 06 08 10 11后区两码参考：01 06[扫码下载app，中过数字彩1千万以上的专家都在这儿！]
[新浪彩票]万人王大乐透第19139期：后区全小开出,大乐透第2019138期开奖号码：04、06、07、20、29+02、04，前区和值66，大小比2:3，奇偶比2:3，五区比3:0:1:0:1。后区为小号+小号、偶数+偶数、2路+1路。1、和值：和值上期开出66，较前一期上升了7点，近5期和值分别开出49-79-94-59-66，小和值表现频繁，本期看好上扬，在70-80区间开出。2、大小比：上期奖号大小比为2:3，小号占比较优，最近5次大小比2:3开出之后其下期分别出现小号3个、3个、3个、3个、3个。本期重点看好小号走热，注意大小比2:3出现。3、奇偶比：上期前区奇偶比为2:3，偶数号码出现占优，最近5周星期三前区奖号奇偶比分别为3:2、2:3、3:2、2:3、2:3，本期注意偶数红球热出，奇偶比预计开出2:3。4、五区比：上期奖号五区比为3:0:1:0:1，第二、四区断区，区号码表现活跃，从奖号总体分布来看：一区【01-07】：上期开出号码：04、06、07，本期注意该区落号，关注号码02、03、07，精选胆码02。二区【08-14】：上期该区断区，本期注意该区落号，关注号码13、14，精选胆码14。三区【15-21】：上期开出号码：20，本期注意该区落号，关注号码15、16、17、19、20，精选胆码17。四区【22-28】：上期该区断区，本期注意该区落号，关注号码22、23、28，精选胆码22、23。五区【29-35】：上期开出号码：29，本期防止该区断区。万人王第2019139期前区综合推荐前区15码复式：02 03 07 13 14 15 16 17 19 20 22 23 28 30 32前区10码复式：02 03 13 14 15 16 17 22 23 28前区7码小单：02 03 13 14 17 22 235.后区：上期开出奖号02、04，小号+小号、偶数+偶数、2路+1路组合，近5期后区大小比为7:3，奇偶比为6:4，012路比为3:4:3。本期后区看好全小组合出现，参考两码03、05。万人王第2019139期后区综合推荐后区5码参考：01 02 03 05 12后区3码参考：01 03 05万人王第2019139期单挑5+2推荐：02 14 17 22 23 + 03 05[扫码下载app，中过数字彩1千万以上的专家都在这儿！]
[新浪彩票]万妙仙大乐透第19139期：后区看04 11,体彩大乐透第2019138期开出号码：04 06 07 20 29+02、04，前区奇偶比为2:3，大小比为2:3，012路比为1:2:2。后区奇偶比为3:-1，大小比为0:2。万妙仙大乐透第2019139期前区热号分析：(统计最近三年数据）当04出现之后，最近460期其下期表现最热的5码为：34、01、08、09、12；当06出现之后，最近460期其下期表现最热的5码为：06、18、31、01、05；当07出现之后，最近460期其下期表现最热的5码为：01、03、14、34、04；当20出现之后，最近460期其下期表现最热的5码为：30、10、13、14、32；当29出现之后，最近460期其下期表现最热的5码为：03、19、28、04、07；以上共包含19个热号：01 03 04 05 06 07 08 09 10 12 13 14 18 19 28 30 31 32 34，本期注意热号01、07、10、12、19、30、31；万妙仙大乐透第2019139期前区冷号分析：当04出现之后，最近460期其下期表现最冷的5码为：25、03、10、13、18；当06出现之后，最近460期其下期表现最冷的5码为：13、34、09、15、32；当07出现之后，最近460期其下期表现最冷的5码为：29、07、15、32、10；当20出现之后，最近460期其下期表现最冷的5码为：35、08、01、09、27；当29出现之后，最近460期其下期表现最冷的5码为：11、35、09、32、34；以上共包含16个冷号：01 03 07 08 09 10 11 13 15 18 25 27 29 32 34 35，本期注意冷号01、07、27；万妙仙大乐透第2019139期前区号码推荐：15码复式参考：01 02 07 10 12 17 19 21 22 23 24 26 27 30 31前区必杀8码：05 08 11 13 15 25 29 35万妙仙大乐透第2019139期后区冷热号码统计：当02出现之后，最近460期其下期表现最热的3码为：04、02、07；表现最冷的3码为：05、10、01。当04出现之后，最近460期其下期表现最热的3码为：07、12、11；表现最冷的3码为：02、03、09。本期后区注意四码01、03、04、11，单挑两码04、11。万妙仙大乐透第2019139期综合推荐：15+5大复式参考：01 02 07 10 12 17 19 21 22 23 24 26 27 30 31 + 01 02 03 04 118+2小复式参考：01 02 07 10 12 22 26 30 + 04 115+2单注参考：01 02 07 12 22 + 04 11[扫码下载app，中过数字彩1千万以上的专家都在这儿！]
[新浪彩票]夏姐大乐透第19139期：后区偶数占优,上期开奖：大乐透第2019138期奖号为：04 06 07 20 29 + 02 04，前区奇偶比2：3，012路比1：2：2，大小比2：3和值66，五区比3：0：1：0：1。大乐透第2019139期奖号分析：奇偶分析：上期号码奇偶比为2：3，偶数较热，近十期号码奇偶比为26：24奇偶号码基本平衡。从号码奇偶分布看，本期看好奇数走热，奇偶比关注4：1。大小分析：上期奖号大小比为2：3，小号占优，近十期大小号码分布相对平衡，本期预计大号热出，参考大小比3：2。和值：上期和值为66，与前期相比上升7个点位，本期注意和值上升，看好在90周围开出。五区分析：上期奖号五区比为3：0：1：0：1，第一区号码大热，第二、四区号码全部轮空。从前区奖号分布图分析，本期预计第四区号码大热，防第五区号码全部轮空，参考五区比1：1：1：2：0。后区分析：上期后区开出：02+04，为小小组合和偶偶组合，本期预计小号大热，注意全小，在奇偶方面，本期看好偶数占优，注意全偶，参考两码06、02。夏姐体彩大乐透第2019139期推荐前区复式：01 03 05 08 10 13 16 17 21 22 23 29 32 33 35后区五码：02 06 07 08 10单注号码参考：03 13 21 22 23 + 02 06[扫码下载app，中过数字彩1千万以上的专家都在这儿！]
[新浪彩票]四叔大乐透第19139期：前区胆码03 05,体彩大乐透第2019138期开奖号码为：04 06 07 20 29+ 02 04，前区五区比为3:0:1:0:1，和值为66。大乐透第2019139期前区五区分析第一区（01-07）：该区上期开出3个奖号，表现活跃，目前连续9期出号，本期预计继续走热，预计再次出现2-3个奖号关注号码01 03 05。第二区（08-14）：该区号码间隔1期再次轮空之后，近期看好该区继续走冷，本期预计该区连续断区。第三区（15-21）：该区上期出现1个奖号，表现较温，本期看好该区隔期转冷，再次断区。第四区（22-28）：该区号码间隔3期再次断区之后，本期可以放弃断区现象，看好该区大热，参考号码25 28。第五区（29-35）：该区上期开出1个奖号，走温，本期看好该区转冷，预计间隔1期再次轮空。后区分析后区第一位上期开出号码02，为偶数号码，该位奇数号码近期表现活跃，上期轮空之后，本期适当关注奇数号码再次出现，参考号码05。后区第二位上期开出奖号04，为小号，该位大号开出频率相对较高，上期走冷之后，本期适当关注大号再次转热，参考号码11。四叔体彩大乐透第19139期推荐：前区胆码：03 05前区复式参考：01 03 05 08 10 16 18 19 25 27 28 30 31 32 33后区五码参考：01 05 08 10 11单注号码参考：01 03 05 25 28 + 05 11[扫码下载app，中过数字彩1千万以上的专家都在这儿！]
