女子一个月内申请退款624笔且拒不退货 淘宝维权胜诉,远离消费陷阱，提升消费体验，黑猫投诉平台全天候服务，您的每一条投诉，都在改变这个世界。【投诉，就上黑猫】新京报讯（记者 王巍）女子在一个月内网购下单633笔，后申请退款624笔，但每一单都拒不退货，淘宝平台将女子周某诉至法院索赔1元。今日（12月4日），新京报从杭州互联网法院获悉，法院一审认定周某的恶意退款行为系滥用淘宝会员权利，损害平台正常运营秩序，判决周某赔偿淘宝平台经济损失1元及合理支出（律师费）1万元。法院判决书认定，事发时还不到20岁的湖南女子周某，用自己的身份信息注册了淘宝账号，并分别下单。其中，在2018年6月7日至6月16日期间下单289笔，当月申请退款281笔，退款成功277笔，实际退款金额3854.54元；在2018年7月1日至7月5日期间下单344笔，当月申请退款343笔，退款成功335笔，实际退款金额18842.53元。这一个多月里，周某共计下单633笔，申请仅退款624笔，退款成功612单，金额3.2万余元。2018年12月19日，淘宝网将周某起诉至杭州互联网法院，诉求法院判令被告赔偿淘宝网经济损失1元、合理支出（律师费）1万元。淘宝网认为，周某的恶意退款行为属于滥用会员权利，严重违反服务协议，给淘宝网造成了经济和商誉上的严重负面影响，应当赔偿损失。杭州互联网法院经审理后认为，被告周某发起的仅退款申请明显不符合常人的购物习惯，且退款理由重复单一，其行为系滥用淘宝网平台会员权利，损害了诚信合法经营的淘宝网卖家声誉，干扰了淘宝网的正常运营秩序，并让淘宝网为处置被告的不实投诉多支出了人流物力资源，给淘宝网造成了实际损失，还直接破坏了淘宝网及全社会所共同提倡，并致力建设、维护的诚信、公平、健康的购物生态环境。另外，被告周某基于平等自愿原则注册淘宝会员，其签订的服务协议真实有效，当事人行使权利、履行义务应当诚实、守信，尊重社会公德，不得扰乱社会经济秩序，损害社会公共利益。被告周某的过错行为侵害了淘宝网的民事权益，应当承担侵权责任。据此，法院判决被告周某赔偿淘宝网经济损失1元及合理支出（律师费）1万元。据了解，此案是淘宝网起诉恶意退款系列案件中，法院作出的首例判决。
被控设赌博网站诈骗47万余元 团伙5人在京受审,新京报讯（记者 王巍 王贵彬）团伙通过网络社交平台结识诱骗被害人进行网络赌博，再利用赌博网站操纵结果骗取财物。今日（12月4日），新京报记者从北京石景山法院了解到，涉案5人被控诈骗12名被害人，共计人民币47万余元受审。检方指控，2018年6月至10月，被告人艾某泉、柯某民、艾某思、范某伟伙同艾某川（另案处理）、叶某威（另案处理）骗取被害人刘某明等人的信任后，多次利用被告人郑某设立的赌博网站，以进行网络赌博为名骗取上述被害人财物。其中，被告人艾某思在职期间诈骗被害人钱款共计人民币46万余元。被告人范某伟作为“拉手”骗取被害人于某龙、刘某明、李某杰、张某鹏等四名被害人钱款共计12万余元。刘某明等12名被害人被诈骗财物共计人民币47万余元。今日上午九点半，此案在北京石景山法院开庭审理。被告人艾某泉表示，其家在福建，类似的赌博网站此前在福建较多，当地警方打击也比较严，因此他选择联系柯某民，商量在湖南制作竞猜赌博网站。此后，柯某民投资几万元，艾某泉在湖南租了一套房子并购买了电脑以及一套供客户可以充值的银行卡，创建了一个名为“拉手”的网页和微信，通过竞猜的方式进行赌博，赌资由客户转账到指定银行卡，赚到的钱交由柯某民进行分配，团伙成员之间都是通过网络联系，有的不曾见过面。“收到的钱我们在深圳、湖南取现，然后发给大家。”艾某泉供述说，赌博网站的规则和赔率都是他参考其在福建时了解的情况而定。该案没有当庭宣判。
AI公司成人礼：自由撞上996，技术理想撞上落地战争,欢迎关注“创事记”微信订阅号：sinachuangshiji战争的理由则无一例外指向一处——生存。再不狼性就活不下去了。文/余洋洋   编辑/张丽娟来源：CV智识（ID:CVAI2019）罗晨刚被招进一家AI独角兽，就被告知将有可能在今年内被裁掉，一个更加刺痛他的事实是：他不过是个今年刚踏入职场的应届校招生。辞退应届生——这样的事情正切切实实地发生在罗晨眼前。前不久，一位传统安防公司的高管加入了这家AI独角兽，负责统筹整个业务线。新官上任三把火：一批业绩低下的员工被辞退，其中就包括几名今年和罗晨一同被招进来的应届生。刚入职就被优化，这不是他想要的结果，“一个应届生，干了几个月就被辞了，出去之后很难再找到好出路。”为了留下来，他几乎拼了命地在工作。凌晨两点，罗晨在公司某个会议室的角落里修改一份PRD，他已经忘记自己此前修改了几次，也不知道之后还要改多少个版本，就像他已经忘记，这是他入职以来第几次加班到深夜，对于未来这样的情况会不会好转，他更无从得知。“呜——呜呜呜呜——”PRD还没有写完，突然有装修声从楼上传来，电钻穿透墙体引起的巨大响动让罗晨觉得自己耳朵都要被震聋了，桌椅随之晃动，此刻他感到崩溃，他有想过换个地方。“楼上这家公司八成以为白天装修会打扰别人工作，但晚上就不会了，但它不知道楼下的公司是我们吗？”但别无选择。凌晨两点的办公室楼下什么都没有，咖啡馆和便利店早已打烊，即使楼上不停歇的电钻轰响令他烦躁不安，而他的研发团队也依然在会议室外的工位上加班，他们还等着和罗晨沟通改进产品的具体事宜。与习惯性强调狼性竞争、996加班的老牌互联网大厂不同，在友好外部环境的浸润之下，这批由曾经的科学家和程序员们创立的公司形成了一种令当代年轻人向往的工作文化——温和、自由、尊重个体、结果导向。相对舒适的工作环境，再加上优渥的薪资，引得相关人才被成批成批地囤积在头部AI公司，以至于外部竞争对手们挖角不断，华为、腾讯这样的互联网大厂都紧盯着攒在AI独角兽手里的人。顶着风口在2015年前后成长起来的AI新贵们，也在过去的三四年间走过了一段快速扩张、融资不断、估值暴涨高光时刻。但到了今年，气氛整个变了。复刻了当年互联网公司快速发展路径的AI新贵们，在今年迎来了属于他们的危机时刻，承诺太多而实现太少，技术太美而场景难找，拿钱太多却赚钱太少。为了自证，一场激烈的落地之战打响。卷入这场落地之争的人，命运随之开始摇晃，底层员工、中层管理者、乃至创始人都不能幸免。战争的理由则无一例外指向一处——生存。再不狼性就活不下去了。焦虑的、迷茫的“公司给了我们多一点的钱，我们却把命都给了公司。”AI新贵们依然奉行着它们认可并喜爱的自由主义，但从今年开始，相对互联网公司，加班、熬夜、996，开始变得有过之而无不及，招聘规模缩小、校招生被裁员、“大牛”被请走……残酷的职场达尔文主义正在这群曾风光无两的公司间肆意蔓延。稳定的水域被搅动了，水中鱼儿们的命运随之飘摇。如果说一个员工对一家公司的忠诚程度，可以从他桌面的整洁程度看出来：如果他桌面整洁、空无一物，那他可能离离职不远了；相反，如果他桌面杂乱，生活物品一应俱全，那他已经把公司当做家了。罗晨就是后者，书、抱枕、毛毯、零食，快叫爸爸、新需求不改旧BUG不接——以及写满和开发团队抬杠的俏皮话的可乐和汽水罐。“差一张床，就可以直接住在这里了，”罗晨调侃。在这家快速发展的AI独角兽，工作不分白天黑夜，周末周中，一切随着客户的需求而走，领导对罗晨的要求是24小时随时待命，“有一天晚上12点领导发过来一条消息，我没有及时回，第二天就被批评了一顿。”夜晚10点是互联网公司下班的高峰时刻，但对于罗晨来说，能赶在10点左右下班已经是最好的情况，他至少还能拥有哪怕一点属于自己的时间。项目赶时间、任务重的时候，他常常加班到后半夜；24小时在线的紧绷状态让罗晨学会了与焦虑共存。但比起害怕被裁员的焦虑，更令人揪心的是迷茫——做了也没用，以至于不知道应该做什么。徐严初到现在工作所在的这家互联网大厂时，本拿的是某条赚钱能力强劲的业务线的offer。入职之后，岗位变了。他从业务线被分配到了研究部门。“业务部门嫌弃我们做的东西不赚钱，只能呆在研究院里烧钱了。” 徐严所在的研究院一直在做各种各样可能的AI落地的尝试，遗憾的是，他们至今未能成功探索出一条除了安防之外的可持续商业化路径。工作到第二年，徐严已经不加班了，他形容自己看透了，“加那么多班，实际上还真是没有意义，回过头来看加班做的那些东西都没有用，干完就扔在一边了。”在商业世界，技术要能带来实实在在的落地价值才有意义。找不到这份工作的意义、找不到存在感、找不到自己的价值，比起有成就感的焦虑，没有成就感的失落让像徐严一样被豢养在大公司里的年轻人感到更加不安。10点过后，一些人已经离开工位，一些人则留了下来，在温室般的格子间里开启一场自我狂欢。蓝色冲锋衣、黑色休闲裤、搭配一双亮眼的橙色运动鞋，一位码农从电梯里出来，径直走向前方的食物架，但从他的眼神里你看不到对食物的渴望，短短不到十米的路程里，他眼神空洞地盯着架子后方落地窗外的某个地方，可能是他自己的倒影，可能是天外，房间内的任何一处人或物在他眼里仿佛不存在。顺手拿走一些东西后，他没有选择下电梯，转头消失在一座大型圆柱后方，那里有一群和他一样在自我的世界里狂欢的孤独患者，有人坐在靠窗的餐厅位，低头玩手机的间隙，时不时地抬起头打量窗外；餐厅前的公司健身房内，有人持续重复着深蹲和举重的动作；球桌前，两三个人随意地挥动着球杆，时间过了二十分钟，也没进几个球。他们彼此之间仿佛横亘着一种心照不宣的冷漠与隔阂，明明身处同一个空间内却从未彼此交错，有时徐严会成为他们当中的一员，干完活继续留在公司，看书、思考，或者只是看着40层高楼外一望无际的北京城发呆。找不到方向感的年轻人转而滑入另一种状态，激烈的竞争不允许他们停下脚步，而对抗这种不安的最佳方式，仍然是加班干活多做事。通常来说，旷视的员工会在8点到10点之间陆续离开融科资讯中心，相对其他奉行狼性文化、996福报的互联网公司来说，这家年轻AI独角兽的工作氛围显得更加温和而自由，但不奉行加班，却并不意味着真能工作得轻松自在。虽然公司并不996，但林亮仍是加班积极份子，他现在是旷视科技的一名算法研究员。“每隔几个月就会有一次加班加得挺晚的状况，上周加班加了很久，为了发paper，两到三天的时间持续工作到后半夜，”林亮的主要工作是做研究、发论文，没有固定的工作量，这让他的工作看起来很闲。对林亮而言，选择加班，更多的时候是靠自驱力，“每天8点走也行，但涉及到晋升，你就要多做一些事情，晚上很晚回去还得再做一些事情。”林亮想努力向上走，而不是成为被优化的人，为此，他只能多花一点时间。“只能多花一点时间了，怎么涨点，怎么突破，怎么平衡学术和业务之间的关系。”这些问题到底怎么去解决，没有人能给出答案，林亮唯一能做的，就是多花时间，他不确定这能不能被称之为加班，或许是。但为了向上攀爬，他只能这么做。落地，落地，落地“在不确定中寻找确定性，只能对，不能错。”林亮的担心不无道理。经过了前几年的资本和技术积累，AI公司在今年全面开启一场落地之战。在这场与别人、也是与自己的战斗中，只有拼了命做出成绩的人才有肉吃，反之则只能被优化。公司发展早期，旷视科技创始人印奇曾向媒体表示，“在吃喝玩乐上，我们给员工的福利支持是很丰富的。我信奉轻管理模式，实行弹性工作制，只要在工作日保证工作八小时就行，不管几点上班、几点下班，也不需要打卡。”但随着竞争加剧，这样过于温和的公司文化开始失灵，旷视着急了。一位接近旷视的知情人士向CV智识透露，今年初，旷视杭州业务部门被“一锅端”了，一百多人的团队原地解散。该人士告诉CV智识，“该团队主要做硬件组装，不赚钱，去年营收甚至不及1000万。”旷视最开始选择切入的安防行业，称得上是一个硬件主导的行业，软件应用不落到具体的硬件设备上，软件的价值就难以体现。这也造成了纯卖软件不赚钱的窘境，“同样是卖给客户，硬件能赚得钱大概占到70%，软件可能只占30%。”一位行业内人士告诉CV智识。为此，旷视曾将大量精力与资源花费在做硬件上，一家以技术发家、以软件见长的公司去做硬件，这当然面临着风险。一位行业内人士向CV智识分析，类似于“旷视该不该做硬件”这样的选择题会在落地的过程中接二连三地出现，“有很多条路摆在你面前，你都要去试一试，对于旷视来说，做硬件不一定是完全正确的选择，但只有在尝试了之后才能被验证。”选择、尝试、验证，不止旷视，这是当下所有AI创业者们面临的问题。徐严所在的团队换了好几任领导，一些在学术界颇有名声的技术大拿，被请来了，还没来得及做出什么成绩就又走了，来来回回就这么折腾了一年。拿着锤子去找钉子，这里砸一锤子，那里砸一锤子，砸来砸去，力气花光了，钉子还没找到一颗，说的就是徐严所在团队一直以来所处的状况。最近，徐严所在的团队又在做一个To C新项目，这次他们甚至没有把营收、赚钱这类的目标提上日程，过往各种五花八门的尝试经历告诉他们：既然AI落地赚钱难，那就换条路子，做C端产品，至少先把名声打出去。“以前老觉得领导跟中学老师一样无所不能，工作久了之后才知道，他也不知道这个东西到底能不能做成，这个方向对不对，他也在试探，也有不确定性。”“这是个正常的事情，并不存在一个什么都能干，没有他不行的大牛，大牛只不过是在过去做成过某一件事情，但并不意味着他将来还能成。”徐严已经接受了这样的现实，从整体上看，AI这门技术确实能做很多事情，但作为分母，个体的价值很难得到体现。很多时候运气比努力更重要，林中分出十条路，你就是一条都没走对，别人一走就走对了。创新的过程就是如此蛮荒而理性。在传统行业，技术往往是存量的、稳定不变的，只有在这样的情境之中，才能存在一位专家，在一块领地里，他无所不能，没他不行。但在AI这个快速扩张的领域，玩法变了，在下一个未知的问题面前，包括大牛在内的所有人都是平等的，既往的经验与成功并不能保证你在面对下一个全新的问题时同样管用。这种巨大的不确定性，以及随之相伴的巨大可能性，有多令人兴奋，多令人心驰神往，就有多令人感到不安和恐惧。王宽在商汤科技从事算法突破相关的工作，对于这一点，他感受颇深“路走对了，之后业务发展就会顺利得多，可一旦路走错了，处境就会变得非常危险。”这家自成立以来就备受外界瞩目的全球估值最高AI独角兽，在今年把落地和营收看得过分重要，以至于内部不时出现反对声音，“过分看重落地，会不会太浮躁了？会不会伤害公司的长远发展？”CV智识了解到，目前商汤最大的两条业务线分别为智慧城市事业群和移动智能事业群，智慧城市事业群主攻安防业务，移动智能事业群主要囊括了自动驾驶、个人设备。除此之外，商汤还在金融、教育、医疗、VR等几乎所有的领域探索着落地的可能性。问题是，除了安防，还没有任何一条业务能持续稳定地产生营收。距离真正意义上实现自动驾驶遥遥无期，就做起了车内人脸检测系统这些短期内能产生营收的业务。一位前商汤自动驾驶部门员工告诉CV智识，自动驾驶部门为了赚钱而赚钱的功利感让他觉得有些不太舒服，“甲方提什么要求，我们就做什么事，甲方让干什么就干什么。”CV智识了解到，在最近的一次人事任命中，商汤把今年为数不多晋升VP的位置给了智慧城市业务负责人闫俊杰，商汤CEO徐立评价其为“‘坚持原创，让AI引领人类进步’的领头羊。”而据了解，闫俊杰所负责的智慧城市业务正是商汤目前收入的主要来源。高升、离职，或是被优化，人来人往间，落地显得愈发迫在眉睫。据搜狐科技、天眼查共同发布的《2019中国AI创新报告》显示，今年全国人工智能企业总数达到近82万家，约84%的企业成立时间小于或等于5年。2013年至2016年间人工智能企业发展迅猛，但2016年以来AI企业增速有所放缓，不过依旧保持在40%以上。行业飞速发展的同时，大批公司正在死亡。截至目前，全国共有9.2万家人工智能企业注销、吊销。这些企业中，不乏一些已有一定实力的企业，其中1.3万家企业的注册资本超过1000万元，206家已有公开融资事件。故事很好，赚钱很难；技术简单，落地很难。这是当下所有AI公司面临的共同困境，即使连商汤、旷视这样的行业头部独角兽也不例外。而在非创业公司那一边，即使是财大气粗的互联网大厂，也对AI赚钱的能力感到战战兢兢。前路“只要是在大趋势下的选择，一定会出现一家伟大的企业。”韩国首尔，今年ICCV(计算机视觉领域顶级会议)人满为患。“5年前ICCV的投稿量还不过一两千，这几年热度越来越高，今年直接就上万了。”林宸形容这样迅速的增长太过可怕。学术界向来是工业界的风向标。在会上，像林亮一样的研究员们乐此不疲地忙着宣传自家公司、PK技术实力、招揽人才。越来越多的年轻人们则源源不断地涌入这个领域，学术界对于CV的关注度仍然高。从学术圈到商业公司，这个在不确定中前进的行业依然热闹空前。在不确定之中找到确定性，并且还能做成一些事情，从某种程度上来说，这个过程依旧令人兴奋。罗晨最近被紧急分配了一个地产客户的大项目，“特别急，也没有人去做，就让我跟上，两天就要出PRD，而且是从0~1。”项目是压低价格拿下来的。“承诺给客户的时间早，赚到的钱还少，只卖吆喝就不赚钱，纯属是为了个名声。”但即使是这样的项目也不得不做，在越发激烈的竞争环境中，能争取到一个机会，就是一个机会。短短一周的时间内，组织团队，写方案，改方案，直到发版，这样高强度的运转让罗晨感到疲倦，但他不否认与之相伴的成长性，“反正不管怎么样都要经历一下，而且年轻的时候经历不也更好吗？确实在这边能学到更多的东西，能够成长，这点必须要承认，虽然加班，但是你要去努力的话，还是很有收获的。”好消息是，新技术和新公司搅动了安防行业的局面，风向变了。多位AI公司创始人与管理层告诉CV智识，“接下来刚好是下一个蓝海，最多在未来两年的时间，基本上就会有一家做软件的安防巨头冒出来。”海康和大华这样的传统安防巨头占据着绝大部分的硬件市场，后续则会有一家后端软件做得好的公司站稳脚跟。在罗晨看来，至少在安防领域，已经有了那种春秋战国时期打仗的感觉，“其实安防已经比较成熟了，我们按照这个路子去做就可以了。”政策倾斜、客户认可，软件的价值会得到更大的体现。面对一片蓝海，AI独角兽们摩拳擦掌、蓄势待发。在华为、东方网信呆了四五年后，王忠林在去年加入了处于快速成长时期的AI独角兽云从科技，负责掌舵安防事业线。相比于领导，他更喜欢被称作“团长”，“我一直认为我是一线作战单位的，我是团长。”但成为“团长”的日子并不轻松。今年8月份，王忠林带领团队负责一场大型活动的安保维护，团队24小时守在现场，设备一旦出了点什么问题，就必须立刻跟上去维护，多数时候，王忠林都是熬到最晚的那一个，“你要去监督整个团队的进度或者是质量。”选择从传统公司加入AI独角兽，他同样看到了新技术给行业带来的机会，“回归技术本身，其实我们是很有竞争力的，另外一块的话，就是根据用户的一些新的业务需求，我们会去做一些差异化的产品，把视频解析、视频分析跟大数据两者结合起来。”通过技术的这种创新去重新定义安防，让客户的业务运转更加高效，在这方面的创新和尝试，王忠林的团队一直在做，“而且没打算停下。”云从科技联合创始人向CV智识回忆起创业初期参与的一次业务落地的场景：西安世博会官方想知道每天有多少人入园，找到他们做技术支持。他们正想一展身手，就答应了。“到了现场，我们惊呆了，给摄像头预留的位置太高，人脸拍不到，只能拍到脑门；拍摄到的面部信息回传主要靠网线传输，但没有网线，情急之下他们选择了无线网络。一个凭借技术可以实现的操作，在他们这里，变成了人工操作。”一地鸡毛。那段时间，姚志强团队每天的工作就是在园子里来回转悠，过一个小时看哪个路由器卡死就重启。“以为是一个很好的商业落地，但事后证明只是一个拍脑袋的结果。团队很快确定了公司的转型方向，由提供技术支持，转为提供完整的解决方案。”技术很好，但应用到现实场景中，还有一堆问题要解决，而解决这些问题则比技术本身困难多了。“之后商业落地的第一站是银行，随着互联网金融的发展，柜台资源无法满足激增的用户，人脸识别成为解决这一问题的好办法。我们做足了准备，写了十几页的方案，但银行的人告诉他们，平日里看的方案都是300页起的。”失败和成功的教训都指向一个，要接地气，技术必须为其他行业提供服务，并且能够真的解决问题。姚志强相信，未来一定会出现一家BAT量级的AI公司，“只要是在大趋势下的选择，一定会出现一个伟大的企业。”如今AI的能量只被发挥了极小一部分，安防之外，独角兽们使出了全身的力气在各式各样的业务上尝试：旷视仍在啃着硬件；云从拿下了金融……有的人生活在晚上十点，因为他留在昨天；有的人生活在凌晨两点，他必将迎接未来。在伸手不见五指的夜里，有人掉队了，有人停下了，但仍有人想要全力抓住未来。夜如白昼当夕阳的最后一丝余晖消失在地平线的灰色褶皱里，夜幕降临，城市就应该进入另一种状态。可只要是在白昼一样晃眼的灯光四处亮起的地方，夜晚和白天就不会有任何区别，劳作、奔波、思考，这一切都不会因为夜晚而停滞。有需求的地方，就有工作，不分时间、不分场合，直到工作和休息二者的边界彻底模糊。处在这个时代风口浪尖的公司尤其如此——就像他们正全力以赴打造的智能机器一样，无休无眠，永恒转动。一个行业，不断有人带着憧憬走进来；有人满怀斗志做下去；有人跌跌撞撞，却还是没能绕出来，最终带着他们的欲望、挣扎、无奈、坦然，与这个行业继续纠缠下去。
中国电信回应六六投诉:已沟通解决 感谢继续使用业务,远离消费陷阱，提升消费体验，黑猫投诉平台全天候服务，您的每一条投诉，都在改变这个世界。【投诉，就上黑猫】新浪科技讯 12月4日下午消息，针对作家六六投诉一事，中国电信方面回应称，已沟通解决，对由此带来的不便表示歉意。作家六六近日在微博上向投诉@中国电信，称存在霸王条款。根据她的描述，自己在购买中国电信的家庭宽带时，被强迫拿一部免费送十几个G流量的手机，但每个月不用完流量反而要扣款。在宽带年费一次缴纳完的情况下，经常因赠送手机流量没用完被停家庭宽带，甚至续费后也不即时开通。中国电信方面回应称，六六微博反映的问题已经沟通解决，对带来的不便表示歉意。中国电信还称，感谢机主继续使用中国电信业务，欢迎继续对服务提意见与建议。(张俊)以下为中国电信回应全文：对六六女士微博所反映的问题，我们已与机主取得联系，进行沟通并解决了问题。由此带来的不便，我们表示歉意。感谢机主继续使用我们的业务，欢迎继续对我们的服务提意见与建议。
喻华峰的子弹要穿过生鲜大战，顺丰帮他上了膛,谁能解决生鲜的问题，谁就解决了未来零售的变化方向，而未来生鲜的发展将成为整个零售模式变化的驱动力。文｜《中国企业家》记者 徐硕编辑｜徐昙头图摄影｜高婧婧站在生鲜零售的十字路口，喻华峰无论怎样选择，都将面临一场无法阻止的血雨腥风。尽管在喻华峰的带领下，本来生活已经经过了7年的长跑，跑赢了一批又一批的老牌生鲜企业，可新生势力也层出不穷，再加上阿里、腾讯等互联网巨头对生鲜领域的加持，生鲜的“风口”依然不小，只不过这个地方风浪过大，稍有不慎，就会被迎面而来的浪花“拍死”在沙滩上。除了小心谨慎，喻华峰也在想办法避开风浪，最终他选择接下了顺丰递来的“橄榄枝”。2019年10月，本来生活网母公司本来集团完成了2亿美元的D1轮融资，由明德控股领投，老股东鼎晖资本、高榕资本等继续跟投。而明德控股背后最大持股方为顺丰创始人王卫，占股99.9%，明德又持有上市公司顺丰控股61.2%的股权，顺丰对本来生活的加持，颇有些箭在弦上不得不发的意味。但喻华峰也清醒地意识到，这只不过是提早为接下来的战争补充弹药，要想一举拿下城池，摆在本来集团面前的坑一点都不比此前少。再加上生鲜行业向来是一块难啃的硬骨头，本来生活又如何扬长避短，继续搅动这本就不太平的一潭池水？生鲜必须有店做基础虽然本来生活网成立于2012年，可彼时生鲜领域的玩家几乎均未曾涉足互联网，网上下单购买生鲜者寥寥。不过本来生活还是凭借“褚橙”这一单品名声大噪，在没有做任何广告的情况下，1000多吨“褚橙”销售一空。随后喻华峰用相同的策略，先后打造了“柳桃”“潘苹果”等水果单品，品牌知名度也随即上升。按理说，跑在行业前端的本来生活本该加速冲刺，率先抵达制高点，可在2015年生鲜电商大战之后，本来生活一度淡出了大众的视线，随之而起的是每日优鲜、美团买菜、拼多多等新入局者。“当时还是想得太简单了，品牌力虽然在提升，但规模十分有限，很难使用户复购。”在喻华峰看来，生鲜行业最先解决的就是流量问题，谁先获取用户谁就能抢占先机，而“烧钱补贴”是当时抢占市场最快最有效的途径之一，以至于本来生活也曾一度陷入“烧钱”的怪圈中。高补贴、高融资、高亏损是生鲜电商企业们一直无法绕过的坑。不仅仅是本来生活，爱鲜蜂、一米鲜等当时高举高打的企业不是裁员倒闭，就是面临被收购的结局，生鲜行业死伤一片。好在，喻华峰及时踩下刹车，停止烧钱，才让本来生活有了足够的时间喘歇。2016年，本来生活宣布获得C轮、C+轮融资，共计1.1亿美元，远超那时上市公司当当8000多万人民币的净利润，喻华峰压力不小，但也做了两个关乎本来集团未来的决定：一个是绝对不再烧钱，另一个则是一定要开线下店。“除了满足单品问题，还要满足时效问题，满足消费的及时性需求。”在喻华峰看来，既然流量成本过高，那就自己开店来解决流量问题，而店本身就是流量入口，是离用户最近的一步。在本来生活早期投资方之一、鼎晖投资管理合伙人黄炎看来，生鲜必须有店做基础，才能进一步解决时效问题，未来线下店也将是家庭消费的重要场景。“如今的趋势是要距离你的用户越来越近，不管是前置仓还是线下店，所有的变化都是基于用户需求的变化。”喻华峰表示，拼多多是典型的B2C模式，满足的是用户对于单品的需求，但不能满足其一日三餐和及时性的需求，而前置仓和到店模式则满足了用户及时性的需求。2017年，本来集团开始布局线下社区店“本来鲜”，并从天津、成都等新一线城市进行探索。在他看来，不同城市要满足不同用户的需求，就要先去测试各种模式在各个城市的普适度。“这是一个选择性的问题，不是对错问题。是对未来的判断以及如何快速发展的一个模式选择。”喻华峰举例说，在天津开店之初，本来集团曾尝试过400平、200平乃至100平等多种店型，但在后来测试中，喻华峰发现不管在什么区域，辐射到周围用户的最佳范围是200平左右的店，且在一定时间内能够实现盈利，本来生活才开始加速布局。如今本来鲜在成都、武汉、天津等六个城市开设近700家门店，90%的成熟门店现已实现盈利。“损耗虽然高，但分开来看，每个环节都能独立进行把控的话，可以降低损耗率。”喻华峰想得很清楚，即便是开线下店，也要一个城市一个城市去试错，他绝对不会把一个城市的成功经验复制到另一个城市。而这种在重点城市快速、高密度的布局，在其他城市进行小规模的摸索，也是本来生活的一贯路数，哪怕是后来进入上海，喻华峰也要求团队不要做得太快，等到能够盈利之后再开下一家。话虽如此，但生鲜的高损耗率仍旧是其不能忽视的一点，一方面从产地到加工环节，再到最终流入市场，中间各个流通环节都会产生相应损耗；另一方面，则是零售终端门店所产生的损耗，假如不能对此进行有效把控，生鲜企业很难继续走下去。“最终要解决的就是流量、时效、履约成本的问题，只要解决了这三个问题，基本上模式就是成立的，最后总有一天能够盈利。”喻华峰解释道，当把每个环节切开来看，有很多环节都是可控的。但不管是“仓+店”还是“B2C”模式，每种模式都有其利弊，最终还是看谁能跑出来。可说到底，即便是满足了上述三个方面的需求，生鲜行业的竞争，最重要的还是供应链环节的竞争。逃不开的供应链由于生鲜食品的特殊性，不仅对仓储管理的要求极高，其冷链物流配送成本也是居高不下。而生鲜食品的冷链物流是指从产地采收后，在产品加工、贮藏、运输等环节始终处于适宜的低温控制下，最大程度保证产品品质和质量安全、减少损耗、防止污染的特殊供应链系统。但一个现实的问题是，现阶段中国综合冷链流通率仅在20%左右，且损耗率超过20%、冷链利润率仅8%，而同一时期，日本、美国生鲜品冷藏流通率可分别高达98%以及80%~90%。物流成本的居高不下，一旦生鲜企业客单价较低，扣除流通环节的损耗及物流成本后，基本无利润可言。“不管是仓储还是冷链物流，虽然都会加大流通损耗，但这么多品类的蔬菜、水果、肉，谁都没有办法帮你管控，最后只能自己做。”喻华峰解释，早在2012年，本来生活就开始自建中央仓库，对于不同食品进行分温储存，配送环节则与第三方物流共建冷链配送体系。据相关数据显示，生鲜消费作为日常消费最高频的品类，2017年生鲜市场交易额达到1.79万亿元，同比增长6.6%，预计到2020年中国的生鲜市场规模将达到2.31万亿元，年复合增速达到14.16%。而除了线上线下渠道融合、前置仓、社区团购等新兴的购买渠道外，供应链的建设也是生鲜行业的重中之重。话说回来，本来生活D1轮的领投方明德控股，其背后最大持股方为顺丰创始人王卫，占股99.9%，而明德又持有上市公司顺丰控股61.2%的股权，也就是说，明德控股投资本来集团的背后，既是顺丰生态系统对生鲜零售赛道的加持，也是本来生活对于供应链体系的改造。“更多的是借用到顺丰的场地资源，产地配送物流的资源等等，通过它的规模和管理体系，帮我们解决供应链的问题。”喻华峰解释说，类似这种从产地不经过仓库直接发货到用户手上的产品，顺丰可能是国内做的最强的。2018年8月，顺丰控股与夏晖正式宣布在中国成立合资公司新夏晖，目前新夏晖已在全国各主要城市建立了13家物流中心，服务网络覆盖全国绝大部分大中型城市，并在中国内地、香港和澳门已有相应的供应链及物流业务。而在顺丰O2O的版图上，冷链运输一直都是极其重要的战略业务。2019年上半年，顺丰冷运及医药业务整体实现不含税营业收入23.52亿元，同比增长53.93%。“对生鲜行业而言，核心就是供应链，显然顺丰在这方面有绝对的话语权。”一位物流从业者表示，不管是从源头直采，还是整个上游供应链的优化，顺丰比生鲜企业自建的供应链体系要更加完善、更能节约成本降低损耗。值得一提的是，顺丰也从没有放弃过自己的零售版图。尽管顺丰在物流领域的地位不可撼动，但商业在王卫眼里是另一片蓝海。王卫在内部把顺丰优选等零售项目视为“不能失败的项目”，并多次强调，顺丰不会单纯只做快递，而是要在快递业务的基础上开拓新的利润来源，延伸新业务。但从上线顺丰优选或是跟进无人货架，或是上线跨境电商业务丰趣海淘，尽管每一项都没能实现王卫对于零售布局的期许，可顺丰仍旧屡败屡战，希望在物流之外，找到新的路径。2019年9月底，顺丰在佛山开出了第一家顺丰优选新型店，主打社区和生鲜，而短短半个月后，明德控股便投资了本来集团。顺丰也不是不明白，对物流企业而言，C端才决定了其能否具有长期的竞争力，不管配送有多完美，想要发挥总体优势，势必要在用户端做出改变或者调整，显然靠顺丰自身来完成稍显漫长。而通过物流积累的用户数据，又很难像淘宝、拼多多等电商平台一样直面消费者，也很难将物流数据与商业数据进行融合。“但顺丰在华南有400多家店，可华南市场却是本来生活的短板，借助顺丰门店，本来生活可以在此基础上进行升级改造。”喻华峰说，“术业有专攻，现在是他支持我们做，这样对它而言可能成功率更高一些，我们也能更快更好地发展，对双方都比较有利。”喻华峰也表示，未来在to C的配送，以及产地资源、发货资源等方面都会有非常深的整合协同。生鲜走入终局随着顺丰的加入，本就不平静的生鲜行业再次热闹起来。不仅仅是阿里的盒马鲜生、京东的7FRESH、腾讯投资的每日优鲜，以及传统超市大润发、永辉等等，都紧盯生鲜赛道，没有人想过中途放弃。尽管各家基本不同，在生鲜领域的布局也各展所长，但生鲜作为农产品，长期以来仍以品类、产地区分为主，缺少品牌效应，同质化现象严重。而据相关数据显示，在全国4000多家生鲜电商企业中，只有1%左右实现了盈利，5%左右能够持平，剩下的94%均处于亏损状态。2019年11月，生鲜电商品牌“呆萝卜”成为众矢之的，不到一年亏损近10亿，供应商、员工纷纷上门讨薪；易果生鲜“安鲜达”也被爆出全面解散，员工大量离职，可即便如此，还是有不少玩家前仆后继。“有需求就一定有供给，有供给就一定会赚钱，就看谁能找到更好的赚钱方式和性价比更高的模式。”在喻华峰看来，对于生鲜这个5万亿市场而言，只要找对方式，就会产生规模效应，他甚至觉得为了换来以后的市场规模，哪怕是阶段性的战略性亏损也无伤大雅。事实上，随着消费者购物行为的代际变迁和大环境变化，不少生鲜企业也在多维度的探索如何贴近消费者。如社区团购、前置仓或者是社区店等等，本质上是生鲜从业者开始从供应链端，或是渠道端，提升生鲜产业链的运转方式及效率。尽管生鲜的毛利只有20%左右，但5万亿的市场规模，对任何一个生鲜从业者而言，都是一片巨大的蓝海市场，“哪怕是目前最大的生鲜卖场所占份额也不足百分之一，也还没有企业达到300亿左右的规模，规模都还很小，远谈不上竞争。”喻华峰说。而在大部分人看来，如今的生鲜行业已经走到了一个整合的阶段，但喻华峰觉得这个时间窗口还将有1年半左右，才能出现1~2种最适合生鲜的模式。“谁能解决生鲜的问题，谁就解决了未来零售的变化方向，而未来生鲜的发展将成为整个零售模式变化的驱动力。”
骁龙865为何没有集成基带？高通中国孟樸给出解释,新浪科技 郑峻发自美国硅谷在今天开幕的高通骁龙技术峰会上，最引人瞩目的产品莫过于骁龙865和765两款移动平台。其中，旗舰骁龙865移动平台配合骁龙X55基带及射频系统，能够支持全球所有5G频段；而骁龙765/765G移动平台集成了5G基带芯片，支持NSA和SA组网方式，支持毫米波和Sub6，在AI运算性能和Elite游戏性能方面有明显提升。在发布会结束之后，高通中国区董事长孟樸接受了中国区媒体的群访，就骁龙平台、5G商用等问题回答了记者提问。孟樸在欢迎词中表示，去年有很多业内人士对今年5G能否商用存在疑问，但现实证明，2019年5G商用已经成为了现实。在全球移动通信三十年历史上，这是中国第一次同步部署最新移动通信技术。他提到，“拓展”是明年的5G关键词。这包括了几个维度：组网方式的拓展，今年中国运营商还是以NSA组网为主，但从明年开始会转向SA独立组网方式；应用领域的拓展，从商用程度比较好的智能手机，扩展到笔记本、AR/VR等应用领域；市场规模的拓展，预计2020年市场对5G智能终端需求会在两亿部，超出以前3G和4G的同期规模，这也促使高通从高端的8系列、中端的7系列和低端的6系列都全面支持5G；合作方面的拓展，高通只做技术和芯片，保证合作伙伴的成功，和全球运营商和终端合作伙伴共同推动5G进展，推动中国终端厂商走向全球市场。在回答今年国内热炒的真假5G标准话题时，孟樸认为，只要是符合3GPP标准的都是5G，都是产业链投票出来的，高通都会去支持。高通是一家全球化公司，不会针对某一个市场或者某一个运营商采取机会主义的技术投资，只要是运营商需要的、得到3GPP认可的5G标准，不管大小，高通都会去做。“举例来说，你可以去问中国三大运营商，过去三年跟所有系统厂商做互联互通测试的，除了高通还有哪一家？这不只是中国，高通在其他国家都是这样。美国第三大运营商T-Mobile要在600MHz频段做5G，也只有高通愿意帮他实现。”为什么骁龙865没有集成基带芯片？孟樸表示，今年采用855芯片的旗舰机都是用的外挂式调制解调器，这样去掉X50基带芯片之后还可以用于4G旗舰机，所以也延续到了865芯片的处理。但他强调，采用骁龙865加X55的旗舰手机，比任何其他厂商的旗舰机，高通处理方案无论是性能还是功耗，都绝不会处于下风。采用骁龙765/765 G的中端手机，同样在性能和功耗上不会弱于任何竞争对手。谈到高通如何帮助中国厂商全球化的作用时，孟樸表示，如果说对移动技术的了解深度，和全球200多个运营商的合作关系，高通排在第二，就没有人敢说第一。无论是3G、4G还是5G，都是高通在扶持中国手机厂商进行全球化扩展，帮助他们与国外运营商牵线搭桥，同时还在入网测试方面提供帮助。此外，今天在高通骁龙峰会上发言的四家手机厂商，包括两家中国厂商（小米和Oppo）和两家国外厂商（摩托罗拉和HMD）；他们的登台亮相是很多国家主流运营商选择的。一加成为美国T-Mobile的5G终端选择，背后同样也有高通的推动。孟樸继续表示，移动通信三十多年时间，很多巨头公司都倒了；高通之前还是一家小公司，如果当年也是什么业务都做，就不可能有现在的规模；高通是一家系统公司，3G到5G的端对端系统都是高通搭建的。早期高通做CDMA的时候，也是什么都做，但那只为了证明技术是可行的；当CDMA开始商用之后，高通就决定退出，系统业务卖给了爱立信，终端业务卖给了京瓷。高通不和自己客户竞争，只做推动产业的基础研发。谈到5G的商用场景，孟樸认为，今年5G的商用场景只有智能手机，2020年则以智能手机为主，到了2021年才会看到一些真正落地的工业应用。为此，高通也在中国积极推动毫米波5G，这是工业应用所必须的。5G商用只是一个起点，垂直的产业链需要时间。孟樸最后表示，智能手机是人类历史最大的单一平台，不太有可能其他平台能够取代；但这并不代表其他平台没有机会发展，AR/VR就是其中一个新兴领域。
中国电信回应六六投诉：进行沟通并解决了问题,远离消费陷阱，提升消费体验，黑猫投诉平台全天候服务，您的每一条投诉，都在改变这个世界。【投诉，就上黑猫】相关新闻：六六投诉电信：买宽带免费送手机流量 不用完反扣款【中国电信回应六六投诉：进行沟通解决了问题】近日，作家六六称，花1500多签一年家庭网络协议，中国电信非要硬塞一手机号，必须拿，不拿不行，拿完还要求必须上网，一个月不用十几个G不行，“哪个月用到没用到，我也不知道，到点就掐我家网。”中国电信对此回应，对六六反映的问题，中国电信已与机主取得联系，进行沟通并解决了问题。（记者 吴涛）
爱奇艺龚宇:亚洲文化将成好莱坞后下个全球普及文化,新浪科技讯 12月4日下午消息，第20届亚洲电视论坛在新加坡开幕，爱奇艺创始人兼CEO龚宇出席并发表演讲，分享了爱奇艺的服务模式与展策略，以及对亚洲和全球娱乐市场的展望。龚宇认为，下一个能普及全球的文化将是东方的亚洲文化。“爱奇艺希望通过互联网和技术创新获得覆盖全球的机会，与合作伙伴一起推进亚洲文化获得更广泛的传播，让亚洲文化市场更大、更健壮，得到更健康的发展。”爱奇艺今年正式进入东南亚市场，布局国际服务。爱奇艺国际应用iQIYI App采用三种模式展开国际服务运营，即驻地自有团队运营、与本土合作方联合运营和应用系统赋能的SaaS模式，在东南亚地区已和马来西亚媒体平台Astro展开深度合作，推出匹配当地的个性化运营方案。龚宇指出，希望未来能通过多种方式与各地合作方展开合作，例如在SaaS模式中，爱奇艺为合作伙伴提供技术性服务，合作方提供本土品牌，共同推出新媒体服务。在龚宇看来，科技创新为网络视频行业快速发展和做大以视频为主导的娱乐行业提供了巨大驱动力。随着5G和AI技术的进一步发展，头部专业内容制作、用户内容创作和下一代视频体验上，将实现进一步革新。目前，AI已在爱奇艺专业内容及用户内容创作、用户体验提升、商业变现等多环节发挥巨大作用，降低平台成本，提高工作效率。此外，用户也将迎来更多互动式和沉浸式体验，4K / 8K，VR / AR等视频体验将得到提升。“过去20年网络视频行业只是把有120多年历史的电影和90多年历史的电视内容平移到互联网上，没有实现颠覆性创新，我相信这只是一个暂时的阶段。”（何畅）
史玉柱能做到东山再起，罗永浩这次能吗？,作者：荀诗林不出意外，罗永浩再次迟到，而且还是他复出后的第一场黑科技发布会——老人与海。似乎，罗永浩还是没改变。早在上个月下旬，罗永浩就在微博发布多条“求助”信息，希望“万能的微博”能够帮助他获得母婴、瑜伽垫、冰箱、旅行杯、卫浴等品牌的管理层联系方式，甚至还有与情趣用品相关的品牌，网友们就纷纷开始热议，罗永浩究竟又在搞什么“锤子”。其实，在11月初的时候，据丹阳市人民法院限制消费令，9月立案执行申请人江苏辰阳电子有限公司申请执行买卖合同纠纷一案，因北京锤子数码科技有限公司未按指定的期间履行生效法律文书确定的给付义务，北京锤子数码科技有限公司及罗永浩被限制消费，不得选择飞机二等以上舱位。根据天眼查数据显示，关于罗永浩本人的周边风险提示达654条，预警风险有95条。这也就意味着罗永浩上了所谓“老赖”的名单。也许是急于“洗白”，罗永浩发文章《一个“老赖”CEO的自白》解释了自己被“限高”的原因，并在其文章中表示，在过去的10个月时间里，罗永浩和团队已经还掉了3亿元左右的公司债务，他个人也以各种方式筹款帮公司还了其中的数千万元。他还表示：“即便公司因不可抗力被彻底关掉，我个人也会以‘卖艺’之类的方式把债务全部还完。马克·吐温和史玉柱能做到的，我也能做到。”今年初，罗永浩已经将原本的锤子手机业务卖给了字节跳动。随后不久，罗永浩又转身一变，成了小野电子烟的创始人。正欲引领一个新的潮流时，电子烟禁售令一出，罗永浩再次扑街，可谓流年不顺。所以，“老人与海”黑科技发布会可以算作是罗永浩的首次“卖艺”。为了这次发布会，罗永浩可谓做足了前期的宣传工作。11月21日，罗永浩就在自己的个人公众号发文宣布，“老人与海”黑科技发布会将于 12 月 3 日 19﹕30 在北京工业大学奥林匹克体育馆举行。罗永浩还表示：“此次发布会门票不对外出售，我们决定以赠票的形式发放给长年支持我们的老朋友。”门票不出售，但是昨晚发布会却有包括一直播在内的多家直播平台同时进行实时播报。原定于晚上7点30分就开始的发布会，罗永浩一如既往拖到了7点50分左右才登场。对于座无虚席的发布会场地，罗永浩首先连声道谢，然后似乎是颇感无奈：“有什么牛X？创业到现在，进了限制消费名单，虽然我刚刚又下来了。”似乎是一句无意，罗永浩却传达出自己已经不是“老赖”的身份了。罗永浩还半开玩笑地解释，自己是一位差点坐慢车硬座来北京开发布会的企业家。当初为着急还债权方的钱，也做了很low的叫聊天宝的东西，赶紧还了钱才是最不low的事。罗永浩这次发布会上的状态，感觉似乎并不是充满激情。在接下来长达近一个小时的时间里，罗永浩似乎都是在讲述着一些云里雾里的内容，略显沉闷。一直播的直播间里，不断有观众表示，并不知道罗永浩要卖什么，大呼这“不是我认识的老罗”了。直到晚上8点30分过后，罗永浩才将自己这次发布会的“包袱”抖了出来。他表示，这项技术不是卖给个人消费者的，而是卖给企业的。罗永浩表示，自己目前已经是Sharklet Technologies（“鲨纹科技”）全球合伙人，并正式发布了To B的Sharklet技术。据罗永浩介绍，他在这家公司里还扮演着一个重要角色——首席忽悠官。从To C转向To B，罗永浩赚了用户端的钱，又打起了企业端的主意？根据罗永浩会后的披露，自己此前预计2020年会有5~10家企业与Sharklet Technologies合作，目前来看很可能比这个要更多。那么，这到底是个什么技术呢？准确来说，“鲨纹”技术并不是一种新材料，而是一种新的表面处理技术。根据罗永浩本人的介绍，这是一种将合成革、塑料、硅胶表面做成仿鲨鱼皮结构的技术，该鲨纹抗菌技术的抗菌率达到94%。罗永浩解释道，这其实并不是一项新技术了，该技术源自美国公司Sharklet，其创始人为安东尼·布伦南博士。鲨纹技术的灵感来自于鲨鱼可以常年在大海中不受细菌和微生物的影响这一现象，并且由于安东尼年近70岁，这次发布会中的“老人”指的就是安东尼博士。成立10年后，Sharklet被Peaceful Union收购。Peaceful Union是中国杭州的一家医疗器械资产公司。收购之后，Sharklet“在江南找了一家老板没有带着小姨子跑了的皮革厂”（罗永浩语），生产了人造革。在这之后不久，Sharklet又遇到没有了锤子和小野的罗永浩，双方一拍即合。在发布会开始的3天前，罗永浩曾经放出了一张海报。海报上面写着：“洗屁股的马桶盖发明近30年后才流行开来，所以……”罗永浩当然不会忘记自己的忠实粉丝。罗永浩表示，这虽然是针对B端的材料，适用的场景主要包括需要抑菌的医疗环境等。但是，也有C端用户可以使用的产品，比如“地平线8号抗菌儿童背包”“地平线8号铝镁商务旅行箱”，原价分别为499元、1999元，发布会当晚在京东、天猫平台上预订，2020年1月1日发货，可分别享受折扣价399元和1699元。罗永浩在发布会上表示，“鲨纹”技术有一个至关重要的优势是，它所采取的抗菌手段是纯物理的方式，不改变原有材料的本质和特性。那么，一个问题来了，物理技术真的能够抗菌吗？12月4日，知名医学知识分享公众号丁香园发文《用了抑菌材料做的背包，就不会感染疾病吗？》表示，对于这个问题，首先要分清杀菌和抑菌定义的区别，其次，微生物并不一定需要接触才能传播。丁香园的文章还表示，虽然此类材料已经应用于医疗领域，但不同于医疗领域中大部分材料都是一次性使用，生活化场景中的物品往往是反复使用的。丁香园还强调，这种材料表面是膜片的话，就一定避免不了破损的问题。“就算用了抑菌材料做的书包，如果真的遇到病原体感染，该病还是会病的。真的生病了，也记得赶紧去医院看病遵医嘱治疗，可别听人瞎说……”那么问题来了，你相信“首席忽悠官”罗永浩的这次“忽悠”吗？
华为李洪元事件最不好的结果就是“到此为止”,欢迎关注“创事记”微信订阅号：sinachuangshiji文/慕峰来源：太阳照常升起（ID:The_sun_also_rise）一、这是一个全民参与讨论的事件官媒、自媒体、企业家、企业员工、法律工作者、学者等各个群体都参与了，已经不是一个简单的企业内部或者个案事件。二、之所以引起广泛讨论，有几方面原因和影响1、华为的特殊性：因美国制裁，前期民众对华为的关心程度非常高，过去一年以来，如果不是因为这种爱国情绪的投射，部分消费者可能不会选择华为的产品，也不会在其他公共讨论中以华为为例去维护本国声誉。尽管华为管理层要求尽量不要利用爱国情绪，但事实上，这种情绪是普遍存在的。每个国家都有所谓“国民企业”，这类企业客观享受了国家价值观带来的利益，也就要承受国家价值观带来的压力。华为不能正面澄清和回应事件，提出合理理由，或者承认相应问题或失误、错误，那么曾经为华为发过声的相当部分民众，就会有一种被愚弄的感觉。因为一直以来反对华为的声音都是存在的，这部分声音现在会嘲笑曾经支持华为的民众，而被嘲笑的民众会发现没有足够理由来反驳。这种公共舆论情绪的对一家企业的影响力有多大，不知道工程师出身的华为管理层是否能够做出正确判断。2、普通民众的不安心理：从李洪元事件来看，尽管最终深圳检方没有提起公诉，但羁押时间达到251天，这是失去人身自由的251天，如果仅以国家赔偿10万元作为结局，大部分民众内心无法接受。在这个事件中，普通民众是有代入感的。员工向企业要求福利，离职员工向企业要求补偿，这在普通民众心中是非常正常的事，在一二线城市，甚至是大多数企业员工这一生都会面临的事。但根据李洪元事件至今披露出来的信息，从法律事实上看，李洪元并没有做出任何出格的举动，就被羁押251天，如果不是因为当时有心录音并且保存好了录音记录，甚至可能要出现判罪。这超出了大多数人能够承受的心理范围。大家会认为，像李洪元这样没有说错话都要被关251天，那万一自己多提一些要求，是不是也会被关？是不是以后与公司HR谈的每一句话，都需要录音？因为无法判断，HR的哪句话是不是在下套？这个事件带来的，就是这种人人自危的效果。普通民众还会考虑，华为作为今天中国声誉最高的企业都是这样做，自己所在企业难道不会去学习标杆吗？3、公信力受损：深圳作为一线城市，法治水平是比较高的。深圳检方的不起诉决定，依法有据。但这种不起诉的结果，一方面可能是李洪元的录音记录起了作用，另方面是以李洪元丧失251天人身自由作为代价的。更大的代价，是国家公信力的受损。以上，是事件带来的心理影响。三、事实仍然不清晰昨天，公众号“前HR随笔”发表了《李案十问，把你的困惑都告诉你》，尝试提供另一种解释。这个解释的核心观点是，李洪元以告发主管业务造假为威胁，迫使主管将团建和激励经费作为离职补偿汇至李洪元账户，而华为公司审计部门发现经费支出有问题，调查后报案。这篇文章结尾表示，“以上为网上信息整理和推断，有侵权的，请知会删改”，也就是，该文并非知情人士所写，也没有得到华为的背书。是否存在该文所述的可能？的确存在这种可能性，在未得到足够证据的情况下，作为一个仅从互联网阅读事件来龙去脉的读者而言，上述情形是不能排除的。但疑点在于：按《李案十问》的逻辑，向公安机关举报似乎应当直接以“敲诈勒索”更合适，为何要先以“泄露商业机密”为案由？如果目的是将赔偿款索要回来，在整个索要过程中，正常情况下，应当是留有往来证据，但这些证据至今没有公开，但对于判断整个事件的性质是会有产生重要影响的。总之，由这样一个“外人”来做出看似“官方”的回应，是不合适的。四、如何化解民事问题刑事化的担忧华为昨天的声明，媒体的评价是没有温度。但从华为的角度看，如果企业是按照法律程序提起举报，最终的判断主体是公检法等公权力机关，这个后果不应当由企业来背负。走到这一步，就引发了关于大企业通过公权力来打压员工（甚至还可能是消费者）来维护自身利益的讨论。这是一个更为重大的问题。从公权力侧看，目前的制度是否需要完善？一段时期以来，对民营企业家合法权益维护的声音非常高，中央层面给予了肯定，这是进步的。但就企业与员工、企业与消费者之间，因民事纠纷而出现的刑事化解决问题，是否得到了足够的关注？在此类事件中，强势企业对地方公权力是存在一定影响的，那么从中央层面，如何约束地方依法行使权力，避免因具体民事纠纷的刑事化倾向导致引发广泛的社会舆论和不安情绪，是需要认真思考和应对的。其中，尤其要考虑涉及民事纠纷的刑事羁押问题，更进一步，在中国传统而言，刑事程序对个体的影响是非常大的，无论罪与非罪，只要进入刑事程序，往往都会对个体一生产生重大影响，这是与西方文化存在很大不同的。所以，能否从尊重本土文化出发，将部分因民事问题引起的简单经济刑事案件，在不具有公共危害的情况下，降格到类似行政处罚等能够对相关民事主体产生足够约束的处理方式，在法治上有足够的创新，是值得学界和司法实务界认真思考的。从企业侧看，国家治理能力和治理体系仍在完善过程中，法治仍须健全，这是一个全社会都要尊重的现实。企业固然可以提出以现行法律为底线，但这样的企业应当是处于底线的企业，而不应当是广受尊敬的企业。这不是讲企业应当违背经营目标去背负过度的社会责任和道德责任，而是讲，在目前可能存在将民事问题刑事化这种维护企业利益的途径，进而给员工甚至消费者造成足够压力的现实情况下，企业在怎样的情形下才去选择这种解决方案，应当做出足够的判断。一个企业的优良声誉不可能是仅仅建立在“合法”这个底线基础上。五、继续反思《劳动合同法》李洪元事件中一个说小不小的细节，是关于2N赔偿。李洪元要求的2N赔偿，依据是《劳动合同法》的第82和第87条。第82条是关于企业违法与员工不订立“无固定期限劳动合同”的，自应当订立之日起向员工每月支付二倍工资；第87条是关于企业违法解除或者终止劳动合同的，需要按裁员经济补偿标准的二倍向员工补偿。“无固定期限劳动合同”一直是许多企业的心病。立法的初衷是好的，希望在一家企业连续工作时间较长（十年以上）的员工能有一个相对稳定的归属，在订立“无固定期限劳动合同”后，企业就丧失了以不续约的方式来解除与员工劳动关系的手段，只能通过裁员等有补偿的方式进行。但这个制度事实上造成了一定时期谋长远发展企业的负担，随着企业经营年限的变长，企业中的庸懒员工会逐渐变多，既得利益诉求也会越来越多，这在全球而言都是普遍现象。针对这种情况，曾经施行“终身雇佣制”的日本企业，是通过将员工在同一控制实体下的不同企业之间调配（同一财团下的企业数量非常多，调配空间非常广）来延缓了问题，但这样的制度最终也导致了二十年后日企内部大面积失去活力的情况。对于中国这个后发国家而言，企业对员工腾挪的空间是非常有限的，不同行业的不同企业，所面临的市场竞争环境也千差万别，一刀切的施行“无固定期限劳动合同”，其实并不能保证员工真的就“终身雇佣”。劳资关系，是企业与员工去共同创建的，德国的劳资协调有赖于长达二百年的工业基础以及大量中小企业全球化的蓬勃发展，如何平衡企业发展与员工利益，是需要对《劳动合同法》的相关制度进一步反思的。六、互联网讨论不应庸俗化关于华为，互联网上一直存在争议的声音。喜欢一款产品所以支持一家企业，或者喜欢竞争者的产品进而反对一家企业，这是消费者正常的心理。但就李洪元事件而言，许多声音是落到了反对华为的一方借李洪元事件嘲笑前期支持华为的一方，甚至将自媒体一些认识和观点当作客观事实甚至法律证据来引申评论。这些讨论除了带来流量外，没有任何意义。华为是今天中国为数不多真正实现全球化的企业，其过往的经验和教训，都是一大笔财富。但对处于激烈竞争环境的企业而言，要获得长久的支持，需要去关心方方面面的感受，需要产品持续保持竞争力。对李洪元事件，对华为最有益的策略，是在调查清楚之后做出公开回应，而不应使此事件成为“罗生门”。华为不是因为保护才长大的，期待它能够继续成长。以上。
时隔6年将再亮相 OPPO陈明永：不会再有纯粹手机公司,新浪科技讯 12月4日午间消息，OPPO创始人、CEO陈明永今日发布微博，宣布将出席12月10日举行的OPPO未来科技大会并发表演讲。这也是他时隔6年再度在OPPO举办的公开活动亮相。据悉，陈明永上次公开现身已是6年前的产品发布会，此后，陈明永一直保持低调。在官方释出的海报中，陈明永的引语为“万物互融时代，将不会再有纯粹意义上的手机公司。”或代表OPPO将在大会上释放手机领域以外的新动作。除陈明永外，OPPO副总裁/研究院院长刘畅、OPPO首席5G科学家唐海、微软（中国）首席技术官韦青等嘉宾也将在大会进行分享。今日，OPPO副总裁吴强在接受采访时，也对外阐述了未来5G终端发展的三个判断：1. 明年3000元以上都是5G手机；2. 到2020年Q2，暑期之前就会出现2000-3000元的5G手机，到年底甚至会有1500-2000元的5G手机；3. 2020年中国的5G手机大概会在1.5亿部左右。此外吴强透露，OPPO 在做好手机的同时正在开拓更多入口级智能终端设备，包括TWS耳机、智能手表等，会从2020年Q1陆续上线。(张俊)
冲刺月销万辆目标 何小鹏：车市寒冬要练好“内功”,原标题：小鹏冲刺月销万辆目标 何小鹏：车市寒冬要练好“内功”来源：每日经济新闻每经记者 赵成    每经编辑 段思瑶国内车市正在“寒冬”中徘徊，新能源汽车市场出现的“四连降”更让形势变得严峻。尽管如此，小鹏汽车董事长兼CEO何小鹏仍认为，智能智造可以让车企迎接下一个“春天”的到来。继首款量产车型G3后，小鹏汽车第二款量产车型——小鹏P7正式启动预售，新车定位于互联网基因的智能轿跑，预售价格区间为27万-37万元。“小鹏汽车非常有信心在将来成为智能汽车的推动者和引领者。”何小鹏表示。值得一提的是，小鹏P7自今年上海车展首次亮相至今，订单已超过1.5万个。在何小鹏看来，用更少的人、更少的品牌费用和更好的成本控制做到更多的销量，考验的是一种组合能力。“如果仅是把单方面做得很好，我觉得还不够，产品、差异化、成本控制、规模、品牌、经营效率等方面都做好才算厉害。”何小鹏认为，在“冬天”的时候练好内功，才是最重要的。“寒冬”中也孕育机遇随着特斯拉和许多豪华品牌电动汽车入局，国内电动车市场的竞争将更加激烈，小鹏汽车也将面临更加严峻的挑战。在何小鹏看来，这是一个艰难的时间周期，但也孕育着机遇。“如果仅仅主打中低端或者低端市场，很容易将规模做起来，但小鹏汽车的产品和品牌很难有实现全球化的可能性。”何小鹏表示。实际上，相较于小鹏G3补贴前售价，P7与其两款高配车型之间相差近12万元。不难看出，P7已肩负起推动小鹏汽车“品牌向上”的重任。据了解，小鹏P7共推出5个主要版本车型，其中四驱高性能车型NEDC综合续航里程550km以上；后驱超长续航车型，NEDC综合续航里程650km以上。相比于小鹏G3，小鹏P7在高度自动辅助驾驶、语音交互、车联网、整车OTA等方面也向前跨进了一步。作为第二代智能汽车，小鹏P7基于SEPA平台架构，可实现架构内控制器100%联网，以及全面的整车OTA升级能力。据悉，新车可通过感知用户身份及状态，实现车辆个性化设置、人脸识别启动车辆、驾驶员疲劳/分神预警等多项功能；同时，用户可以通过手机蓝牙虚拟钥匙实现解锁、上锁、遥控开启后背箱、开闭充电口盖板、自动泊车、车辆召唤等功能。“因为本身硬件更好，小鹏P7可以跟手机交互、跟家庭交互、跟远程物体交互，现在我们还在开发更多的互联功能。”何小鹏说。月交付1万辆可实现盈亏平衡何小鹏说，他造车的目的并不仅仅是造出车然后卖出去，而是希望造出来的车能够改变人们的生活。“我们需要学习汽车的所有技术，这是我们的基础，随后是规模上量，只有这样才能把我们更多的想法和基因更好地展现出来，这需要一个过程，小鹏汽车的愿景是通过智能和制造把我们的出行生活做得不一样。”何小鹏表示。然而，美好的愿景需要规模支撑。在何小鹏看来，月交付1万辆，企业才能达到盈亏平衡点。“小鹏汽车现在已经有营收了，但是企业要盈利还需要一段时间。”何小鹏认为，交付到1万辆是一个新台阶，从1万辆到10万辆是下一个更新、更难的台阶。小鹏汽车正在1万辆到10万辆之间的路上，这也是其中挑战最大的一段路，跨过去下一步才能做出不一样的产品，提供不一样的服务。小鹏汽车官方数据显示，截至今年10月，小鹏汽车累计交付新车约1.19万辆，位居国内新造车企业单一车型交付量之冠，其中自动驾驶版车型占比为89%。如今，小鹏P7的加入将有效推动小鹏汽车尽早达成月销万辆的目标。即便如此，小鹏汽车若要达到盈亏平衡点，仍有很长的路要走。11月中旬，小鹏汽车已顺利完成C轮融资，融资金额为4亿美元（约合28亿元人民币）。有了资金之后，如何把钱“花”好决定企业能走多远。“汽车是一个很细化和复杂的产业，并非简单地减少费用就可以做好，要把资金投入到未来两年发展过程中更关键的地方。”何小鹏认为，关系到消费者利益的产品、营销和服务需要重点投入，这样才可以在长周期里取得好口碑。
OPPO新机工信部证件照公布：水滴屏+后置四摄,新酷产品第一时间免费试玩，还有众多优质达人分享独到生活经验，快来新浪众测，体验各领域最前沿、最有趣、最好玩的产品吧~！下载客户端还能获得专享福利哦！今日上午发现OPPO的一款型号为“PCPM00”的手机入网工信部，目前这款手机的证件照也已经公布，采用水滴屏+后置四摄的设计。OPPO“PCPM00”手机尺寸为160.2×73.3×7.9mm，重量为172g，具有蓝色和白色两种配色。屏幕方面，采用6.4英寸AMOLED水滴屏幕，分辨率为2400×1080。硬件方面，处理器主频为2.1GHz，电池容量为3935mAh，采用8GB内存和128GB存储空间，运行安卓9 Pie操作系统。摄像方面采用位于手机左上角的后置四摄，为4800万+800万+200万+200万像素组合；前置摄像头为1600万像素。关于手机的型号，91mobiles猜测可能是OPPO Reno 3系列的其中一款，具体信息还有待官方正式公布。
三星A91外形曝光：直屏版Note10？后置矩形四摄,新酷产品第一时间免费试玩，还有众多优质达人分享独到生活经验，快来新浪众测，体验各领域最前沿、最有趣、最好玩的产品吧~！下载客户端还能获得专享福利哦！看起来屏下摄像头商用的难度仍旧不小，包括荣耀V30、Redmi K30甚至三星Galaxy S11在内，都纷纷上马打孔屏。在三星确认12月12日举办Galaxy A系列新品发布会后，知名爆料人onleaks分享了Galaxy A91（部分市场叫做S10 Lite）的全身渲染图。A91几乎可以说是传言中S11的“孪生兄弟”或者说是Note10的直屏版，中央打孔屏设计，非曲面，背部左上角是矩形摄像头模组，内藏四颗摄像头，其中一颗方形设计，疑似支持多倍变焦的潜望结构。电源键和音量键均位于机身右侧，底部只有USB-C和扬声器，没有3.5mm耳机孔。机身三围162.4 x 75.6 x 8.1mm。爆料称，A91型号SM-A908/905，屏幕6.7英寸，1080P分辨率，内建骁龙855芯片，8GB RAM，128GB ROM，4500mAh电池（45W快充），定价52990卢比（约合5224元）。
中国联通5G行业组办公室主任：将以混改为契机布局5G,来源：上海证券报·中国证券网作者：李雁争上证报中国证券网讯（记者 李雁争）在今日举办的5G中国创新百人会上，中国联通5G行业组办公室主任刘世江表示，5G赋能产业转型高质量发展，中国联通以混改为契机，积极布局5G行业发展。刘世江介绍说，中国联通成立了5G创新基金，首期规模达到100亿，聚焦重点垂直领域，借助混改赋能产业升级，助力5G生态发展。中国联通希望与行业携手共进、合作共赢，做5G产业转型升级的赋能者。
"“AWSL”成B站2019年度弹幕 ""妙啊""入选十大弹幕热词","新浪科技讯 12月4日午间消息，哔哩哔哩（以下简称“B站”）发布2019年年度弹幕——“AWSL”，这也是B站第三年进行年度弹幕盘点。此外，“泪目”、“名场面”、“妙啊”、“逮虾户”、“欢迎回家”等弹幕也入选今年十大弹幕热词。B站透露，随着用户及内容的持续增长，在过去一年中，B站用户总共发送超 14 亿次弹幕，其中发送年度弹幕“AWSL” 3,296,443 次。“AWSL”源于“啊，我死了”的拼音首字母缩写，对于“AWSL”的流行，中国社会科学院文学研究所博士后高寒凝认为其背后根源在于“AWSL”既具有展现青年文化的使用特点，也符合一定的媒介属性，流行绝非偶然。“AWSL 作为一个年轻人使用的高频词汇，背后是某种固定的表意需求在年轻群体中流变后的结果”高寒凝表示，“而流行语的拼音首字母缩写，也向来是弹幕视频网站中的高频词汇，它与弹幕文化即时性强、即兴发布、停留时间短暂的特性最为匹配。”此外，在今年十多亿次弹幕中，除了“AWSL”，“泪目”、“名场面”、“妙啊”、“逮虾户”、“我可以”、“欢迎回家”、“注入灵魂”、“正片开始”、“标准结局”等弹幕也入选了十大弹幕热词。(李楠)"
部分19款13寸MacBook Pro无故关机 苹果给出解决方法,新酷产品第一时间免费试玩，还有众多优质达人分享独到生活经验，快来新浪众测，体验各领域最前沿、最有趣、最好玩的产品吧~！下载客户端还能获得专享福利哦！苹果今天发布了一份新的支持文档，其中概述了针对入门级2019款13英寸MacBook Pro出现意外关机问题的故障排除步骤，上述MacBook Pro于今年7月推出，带有两个Thunderbolt 3端口。苹果给出的解决办法是，确保MacBook Pro的电池电量低于90%，将其连接至充电器，退出所有打开的应用程序，使其休眠并充电至少八个小时。充电至少八个小时后，用户应确保设备正在运行最新版本的macOS，问题应该就会解决。如果按照上述步骤操作后仍然存在无故关机问题，则用户应联系苹果寻求帮助。你的设备遇到这个问题了吗？
慎海雄：5G普及使4K以上超高清视频有条件进移动市场,新京报讯（记者 许诺 陈维城）12月4日上午，中央广播电视总台台长、中宣部副部长慎海雄在2019 CGTN全球媒体峰会暨CCTV+全球视频媒体论坛上表示，5G是下一轮科技技术变革的重要条件，5G普及使4K以上超高清视频产品有条件登陆移动市场。慎海雄在讲话中表示，总台已经提出了5G+4K/8K+AI的发展战略，将通过建设5G媒体应用实验室，将4K/8K内容资源与5G速度网络紧密结合，利用AI技术重构电视媒体的生产传播，重建新媒体的产品边界，打造5G+4K8K+AI媒体融合发展新空间。慎海雄透露，总台有决心在北京冬奥会前夕开通8K高清实验频道。去年，总台的4K超高清频道已经开播，并成为中国首个上星的超高清电视频道。今年以来，总台与三大运营商、华为公司合作建设了媒体应用实验室，1月在深圳成功完成了中国首次4K超高清电视5G网络的传输测试，6月底在上海举办的世界移动大会上开展了5G+8K的远程传输测试，10月1号总台4K超高清国际直播信号进入全国70家影院。慎海雄还指出，AI技术将更广阔地应用在新闻的采集、生产、分发、接收、反馈等全流程。VR和AR的技术将给用户带来更丰富、更真实的资讯体验。“媒体的发展，科技驱动越来越重要，在世界媒体发展史上，可能从来没有一个历史时期像今天这样，科技给媒体带来如此深刻的变革。”慎海雄在讲话中表示。
遭刘强东索赔300万的赵盛烨:与刘纠纷案12月20日开庭,新浪科技讯 12月4日午间消息，目前，刘强东状告大V索赔三百万的诉讼有了新进展。微博大V赵盛烨通过个人官方微博表示，刘强东与其名誉权纠纷一案将于2019年12月20日上午9:30  ，在北京互联网法院开庭，全程网络审理。开庭之前，赵盛烨称，“（关于明州事件言论）只是尽了道德批判的义务，没有偏离事实，也没有摸黑意愿。”之前，刘强东在《民事起诉状》中称，其在国内外享有极高的社会知名度。但刘强东发现，赵盛烨通过其社交媒体账户发布数十条言论，持续对其进行侮辱与诽谤，且其本人已就相关事实进行澄清的情形下，仍然捏造事实称其“强奸”“性侵”，并使用“下三滥”“强奸犯”等具有强烈侮辱性的言论持续谩骂。6月15日，微博名为讯网云计算董事长的大V赵盛烨，公布了刘强东起诉的《民事起诉状》，并称“既然你杠上了我，那么我奉陪到到底！”以下为微博大V赵盛烨关于诉讼说明内容：对于我与刘强东一案，大家都比较关心，开庭之前我简单表述以下观点：1、刘强东个人与京东公司是两个不同的主体，刘总的诸多个体行为不代表其股东行为，股东却可能因此受到不必要的损失，这我不承担责任，请其责任自负；2、刘强东在我的行业是前辈，明州事件之前我也一直在微博表扬和支持他，但事出以后，影响中国企业家形象、影响中国IT行业形象的正是他本人，我只是尽了道德批判的义务，没有偏离事实，也没有摸黑意愿；3、近来很多网友提供了各方面的证据和意见，我会仔细斟酌并妥善举报，网友爆料的相关事件，与本案无关，我只尽一些举报义务，今后也不会用那些东西与刘强东先生讨价还价；4、在男权女权问题上，我只是觉得男人和女人是平等的，很多水军在评论区谩骂，事实上没什么必要，你觉得刘强东出轨对于男人“没什么”？那如果那女孩儿是你的女儿呢？如果她是你未来的妻子呢？你还会这样说吗？这对章泽天也不公平啊！5、我是一个创业者，没他想象的那么财大气粗，发微博是个人爱好，也没有收他竞争对手的钱！所以，清者自清，不怕他泼我脏水！相信中国法律绝不会像美国那么黑暗，最后一定会给我们一个公平的结果！
国行版Switch将于12月10日正式发售 售价2099元,新浪科技讯 12月4日午间消息，腾讯携手任天堂宣布，腾讯引进Nintendo Switch将于12月10日正式发售。国行版Nintendo Switch为续航增强版且预装《新 超级马力欧兄弟U 豪华版》体验版，官方建议零售价2099元，腾讯同时表示Nintendo Switch Lite的引进工作正在筹备中。游戏阵容方面，发布会上表示，未来数周内会陆续把Nintendo Switch上的精品马力欧相关游戏带给中国用户。率先到来的是《新 超级马力欧兄弟U 豪华版》，官方建议零售价299元，12月10日在Nintendo e商店正式发售，游戏兑换卡将会随后发售，实体游戏卡带将会在明年春节前后发售。《马力欧卡丁车8 豪华版》和《超级马力欧 奥德赛》会在未来数周内陆续推出，官方建议零售价均为299元。除主机和游戏之外，本次发布会亦公布了amiibo™婚礼造型系列游戏互动模型，多种配色Joy-Con™、Joy-Con充电握把、Joy-Con方向盘、Joy-Con腕带，Nintendo Switch专业手柄、Nintendo Switch电源适配器、Nintendo Switch基座套装、Nintendo Switch充电支架、Nintendo Switch便携包等多款官方配件。售后服务方面，腾讯和任天堂承诺将为用户带来便捷的售后体验。在任天堂的技术支持下，国行版Nintendo Switch主机可获得由腾讯提供的一年官方保修服务，任天堂丰富的官方周边产品也将享受对应的三包服务。网络服务方面，通过腾讯设立的本地化网络服务，用户可以享受更便捷和顺畅的游戏体验。在任天堂的支持下，腾讯还优化了Nintendo Switch内置的“Nintendo e商店”，让用户可以通过微信支付来购买喜欢的游戏。腾讯集团高级副总裁马晓轶表示，秉承着腾讯游戏全新的品牌理念，“去发现，无限可能”，腾讯将会通过Nintendo Switch 让更多的中国消费者感受到“随心切换，一起趣玩”的快乐和无限可能，让游戏成为亲人朋友之间沟通的重要桥梁，帮助年轻人培养起健康的游戏观和游戏审美。任天堂株式会社代表取缔役、专门领域开发主导宫本茂表示，在任天堂的游戏和主机开发中十分重视给用户提供全新且有趣的体验，同时更加重视让家人可以欢聚一堂，一起玩乐，致力于为消费者提供无论是谁都简单易懂、可以使心情变得愉快舒畅的游戏。任天堂株式会社取缔役、专务执行役员高桥伸也还表示，《Mario Tennis Aces》《Super Mario Party》《Kirby Star Allies》《Yoshi’s Crafted World 》《Pokémon Let’s Go！Pikachu/ Pokémon Let’s Go！Eevee》和《The Legend of Zelda：Breath of The Wild》也都在积极筹备中。
国行Switch低调发布：续航增强版2099元,新酷产品第一时间免费试玩，还有众多优质达人分享独到生活经验，快来新浪众测，体验各领域最前沿、最有趣、最好玩的产品吧~！下载客户端还能获得专享福利哦！今天上午，腾讯悄然召开发布会，正式公布了国行Switch，续航增强版售价 2099元，12月10日开卖。根据极客之选的介绍，任天堂新世代游戏机将于12月4日开启预售，12月10日开卖，续航增强版售价 2099元。游戏方面，任天堂 Switch 国行版的马力欧系列游戏将很快登陆，《超级马力欧兄弟U 豪华版》售价299元，12月10日开卖。《马力欧卡丁车8 豪华版》售价299元，《超级马力欧奥德赛》售价299元，两款游戏将于未来几周内开售。除此之外，《艾希》、《中国式家长》等国产游戏也将上架。
2018年我国区块链专利超1200项 数量全球最多,来源：我国区块链专利超1200项数量全球最多国家知识产权局专利审查协作天津中心电学部电子工程室主任王琳介绍，在区块链领域的专利里，主要分为支撑技术和技术应用两大方向。“2011年，全球范围内才开始出现与区块链相关的专利申请，直到2015年才开始进入迅猛发展期。”截至2018年，我国拥有超过1200项区块链专利，在数量上处于世界第一。
最高法:互联网司法尚处探索阶段 推动制定电子诉讼法,原标题：最高法：互联网司法尚处探索阶段，将推动制定电子诉讼法互联网司法制度总体框架已初步搭建完成，最高法将推动立法机关制定专门的“电子诉讼法”。12月4日，《中国法院的互联网司法》白皮书（以下简称《白皮书》）对外发布。最高法院副院长李少平介绍，这是中国法院发布的首部互联网司法白皮书，也是世界范围内首部介绍互联网时代司法创新发展的白皮书。澎湃新闻注意到，2017年8月18日，我国设立全球首家互联网法院——杭州互联网法院；2018年9月，又先后增设北京、广州互联网法院。2018年9月，最高人民法院制定印发《关于互联网法院审理案件的若干问题的规定》，有效明确了身份认证、在线立案、电子证据、在线庭审、电子送达、电子卷宗等在线诉讼规则，为完善在线诉讼程序和规则作出了有益探索。“目前，互联网司法制度的总体框架已初步搭建完成。”李少平表示，三家互联网法院和各地法院陆续制定出台诉讼规程、诉讼指南、审判手册等文件，细化在线审理规程、明确在线诉讼规范，有力推动在线诉讼规则体系逐步完善，实现互联网司法实践成果有效转化为程序规则和长效制度。目前，互联网法院大多数案件当事人足不出户即可完成诉讼，实现诉讼流程从“线下”到“线上”转变。“即使在已经实现全流程网上审理的三家互联网法院，根据案件情况和当事人需求，仍然可以提供灵活便捷、可转换的线上线下混合诉讼机制。”最高法院司改办主任胡仕浩透露，截至目前，三家互联网法院约有9%的案件是通过线上线下混合模式审理结案的。胡仕浩表示，互联网司法建设尚处于探索阶段，目前传统法院和传统诉讼模式仍是解决纠纷的主要渠道，对于不会使用、也不想使用互联网打官司的老百姓，完全可以按照传统模式，进行全流程线下诉讼，“条件成熟时，我们将推动立法机关制定专门的‘电子诉讼法’，实现诉讼制度的创新与飞跃”。值得一提的是，各地法院还广泛运用大数据、云计算、人工智能、区块链、物联网等前沿科技，全面推进信息技术在司法中的深度应用。在区块链领域，“人民法院司法区块链统一平台”，完成超过1.94亿条数据上链存证固证，利用区块链技术分布式存储、防篡改的特点，有效保障证据的真实性，极大减轻法官认定证据的难度。在大数据领域，“人民法院大数据管理和服务平台”可实时汇集全国3507个法院的审判执行、人事政务、研究信息等数据，2019年10月31日，已汇集全国法院1.925亿案件数据，目前已成为全世界最大的审判信息资源库。在人工智能领域，各地法院积极开发了各类智能化审判辅助系统，不同程度实现案件繁简甄别分流、案件智能画像、庭审自动巡查、法条及类案精准推送、自动生成文书、文书瑕疵自动纠错、裁判风险偏离度预警等功能，成为法官办案和群众诉讼的有力辅助。
黎万强与雷军的20年,欢迎关注“创事记”微信订阅号：sinachuangshiji文/大军来源：冯仑风马牛（ID:fengluntalk）11 月 29 日，小米集团进行了新一轮人事任命。小米联合创始人黎万强因个人原因离职，之后将出任小米集团高级顾问。在全员内部信中，雷军写下：感谢阿黎创业以来的长期付出和巨大贡献。阿黎带领 MIUI 、小米网（小米销售与服务体系）、小米品牌市场体系等多项业务持续开荒，在商业模式验证执行、企业文化及品牌建设等多个领域，都作出了不可磨灭的贡献。众所周知，黎万强与雷军有着近 20 年共同奋斗的经历和友情。在金山时，黎万强就是雷军的“得力助手”，后来又成为了小米的“灵魂人物”。这一次黎万强的突然出走，可谓备受业界关注。在朋友圈，雷军还祝福道：祝阿黎从此彻底放飞自我，快意人生！12000 年，金山与联想刚完成“对赌协议”，雷军算是坐稳了金山软件 CEO 的位置。在金山的主页上，雷军写下：金山展示了风光无限的舞台，造就了求伯君这样的巨星，成就了 WPS 这样畅销的产品。加盟金山，就是加入激动人心、充满奇迹和幻想的软件行业，就是和一群朝气蓬勃的年轻人一起创业。在雷军的感染下， 2000 年，大学刚毕业的黎万强就加入了金山，担任软件界面的设计师。很快，他的能力得到了雷军的认可，然后组建了金山用户体验设计团队，这是软件产业最早做用户交互研究的团队。此后，在金山工作十年间，黎万强陆续担任了金山软件设计中心设计总监、互联网内容总监、金山词霸总经理等职务。雷军回忆说：黎万强带领团队陆续做了金山词霸、金山毒霸、 WPS 等产品的软件交互设计，受到了用户的广泛好评。在《参与感》一书中，黎万强也谈及到自己与雷军的金山岁月，他这样写道：我作为一名设计师于 2000 年加入金山公司，那时在产品、市场和团队管理方面，金山 CEO 雷总（雷军）带着我们创造了很多彪悍的打法。雷总一直是我的良师益友，从他身上我获益最多的是“死磕”和“不断刷系统”。每次发布会 PPT 都要改个上百遍，改到不能再改，临上场半小时还在改，连屏幕的一个像素的位置和颜色都死磕到底。“不断刷系统”就是保持不断学习的心态。记得 2004 年我从珠海刚到北京，晚上 10 点在办公室忙完后，雷总带着我逐个拜访了很多互联网的草根站长，学习搜索引擎优化和网站联盟运营，如何用最低成本来获取流量；我们曾经有半年着迷于域名的注册，经常半夜电话说抢拍了哪个好域名，那时雷总就拿下了不少类似“ duowan.com （多玩）”、“ duokan.com （多看）”这样的好域名。2007  年 12 月，在金山软件上市两个月后，没有实现“英雄梦想”的雷军，决定辞去金山 CEO 等日常管理职务。退隐后，他成为了一个快乐的天使投资人。雷军的退隐，留给金山更多的是感伤，当时许多员工出走。据金山一位老员工描述：我的内心很痛苦，雷总走了，金山当年的梦想遥遥无期，一起奋斗过的兄弟都四散逃窜，自己又无能为力，不知道该怎么活下去了。2009 年年底，在金山奋斗十年的黎万强也离职了。那时候恰逢雷军 40 岁生日，雷军请黎万强开怀畅饮到深夜。酒桌上，黎万强告诉雷军：我想去玩商业摄影。众所周知，黎万强是中国第一代的 UI 设计师，此外，他对摄影、绘画等艺术近乎痴迷。黎万强曾说：我喜欢艺术，当我翻阅手头的艺术家作品画册的时候，我看到了一个个远超艺术本身的故事和情感。在 1991 年左右，我就买了第一台相机，理光 XR8 的胶片机。曾有位记者朋友问我，对于未来有什么期许寄望。我的答案是，希望能一直保持热爱。我的热爱来自自我实现，它关乎欲望，如成就感、荣誉感；又关乎内省，如对卓越艺术的虔诚信仰，对更优美精准呈现的单纯向往。黎万强话毕后，雷军又开始在酒桌上畅谈他的人生理想。18 岁那年，雷军就想创办一家世界一流的企业，想做一件伟大的事情，结果一直没有实现。现在 40 岁了，雷军发现不能再等了，不管成败，他决定试最后一次。于是，雷军告诉黎万强：我计划再创业，要不要一起干。据雷军描述：黎万强不假思索就答应了。当时，我愣住了，问他，“你知道我要干什么吗？”黎万强立刻回答，“你要做手机。”不过，事后黎万强开玩笑说：不是被雷军说服了，而是我的体力已经透支了。从中午 1 点多，一直聊到凌晨 2 点多。为了打造小米的巅峰团队，雷军也是拼了。22010 年 4 月 6 日，雷军、黎万强、林斌等人正式创办了小米。公司开工的当天，黎万强的父亲早上五点就起来熬小米粥。黎万强回想：当我们创业初始团队 14 人举起粥碗相庆，那瞬间我真的感觉是“小米加步枪”干革命。从此，小米每次搬家也保留了喝小米粥的传统。小米刚成立的时候，雷军的想法就是不管这个公司未来能做多大，一定要把小米办成一个像小餐馆一样，能让用户参与进来的公司。老板跟每个来吃饭的客人，都是朋友。雷军坚信，这种朋友的方式，才是可以长期持续发展的方式。在《参与感》中，黎万强写下：做企业就像做人一样，朋友才会真心去为你传播、维护你的口碑，朋友是信任度最强的用户关系。小米的用户关系指导思想就是——和用户做朋友！让员工成为产品的用户，让员工的朋友也变成用户，要求所有的员工“全员客服”，鼓励与用户做朋友。为了让用户有更深入的体验，小米一开始就让用户参与到产品研发、市场运营等过程中来，和用户如朋友般一起玩、讨论产品，通过论坛、米聊、 QQ 、微信、微博等社交媒体或者线下活动收集需求，进行产品传播。我们逐步发现“参与式消费”的时代已经到来，并满足了用户这个全新的消费心态。互联网思维核心是口碑为王，口碑的本质是用户思维，就是让用户有参与感。大家说小米的营销好，其实是口碑好，本质上小米的营销是口碑营销。小米刚创办半年时，金山遇到了非常大的挑战，求伯君开始频繁动员雷军回去接任董事长。困难之下，黎万强毫不犹豫地支持了雷军回归接任金山董事长。据黎万强描述：有一次我去找雷军，他掏出手机给我看求伯君的短信，短信说雷军如果不回来，金山可能不行了。雷军问我，回不回？在一篇文章中，黎万强还谈到，“雷总曾讲过创业成功的三个关键因素：选个大市场，组建最优秀的团队和拿到花不完的钱。那么做小米和做金山有什么不一样？小米和金山在创业时都选了很好的业务方向，组建了非常优秀的团队，两者不一样的是：一、小米在创业早期就拿到了足够多的钱。二、创办小米，雷总要求我们只专注于一点：口碑。”2011 年 8 月 16 日，小米手机发布会暨 MIUI 周年粉丝庆典在 798 举行，由于场地太小，许多人席地而坐。这场发布会，逐渐演变成了雷军和小米手机的一场脱口秀。在大屏幕上播放的一则短片中，包括乐淘网毕胜、多玩网李学凌、凡客陈年等一帮互联网明星纷纷摔掉手里的苹果手机，高呼，“我们要小米！”。在现场，有人管雷军喊雷叔叔，还有人喊雷大爷，更有人调侃地叫起“雷布斯”。这与乔布斯在莫斯康尼会议中心的表演相当神似。但发布会狂热的背后，小米手机 1 刚出来时，还是遭受了许多人的质疑，担心小米手机质量不好。随后在出席小型媒体沟通会的时候，一旦有记者提出质疑，雷军不管后面会议安排是什么都会停下来，耐心和大家讲小米的元器件来自世界一流供应商，讲他们用了苹果用过的组装工厂等等，讲到激动的时候还忍不住现场演示摔手机，想形象地告诉大家小米手机抗摔质量过关，一摔还不是摔一次，而是两次三次。除了雷军拥有巨大的压力外，黎万强也承受着相当大的压力。2011 年 10 月，小米手机刚开始发售，产能刚爬坡，一天只能生产 500 台，最多 1000 台手机。然而，第一次预约购买手机的用户就超过 30 万人，这让黎万强倍感压力。黎万强说，“从生产到物流，从客服到售后，每一个环节小米都是初学者。那个时候小米才一百多人，从上到下每天都很紧张。”为了能够尽快提升产能，黎万强每天都工作到很晚。有一天，黎万强工作到凌晨两点，回家路上感觉心里堵得慌，就把车停在路边，然后下车发呆。黎万强回忆：因为这原本是我们承诺供货的日子，但由于泰国突发洪水，手机电池供货延误导致承诺没兑现，小米论坛里铺天盖地都是用户的骂声。这时我突然收到一条微博私信，是我们最早期的用户 Leo 发来的，说做了个东西给我们，希望小米挺住。这是一段发在小米论坛的视频，全国各地的用户在视频里喊出了四个字，“小米加油！”那一瞬间我热泪盈眶。这就是粉丝的力量。这种感动，时刻激励着我们永怀初心，时刻提醒我们就是一只幸运的“猪”！黎万强明白，做出有爱的产品，用户就会回报以爱。用户的爱会持续激励团队。2010 年—— 2014 年，黎万强从零开始，一手打造了MIUI和小米网等业务，对小米的成功可谓功不可没。以至于雷军在微博上表达了对黎万强的感谢：阿黎已成功拓荒两次。2014 年 8 月，黎万强出版了畅销书《参与感：小米口碑营销内部手册》，该书由雷军亲笔作序，获得当当网 2014 年管理类图书畅销榜第一位。在书中，黎万强毫无保留地论述了小米崛起的背后——口碑——以及口碑背后的秘诀。当时，“中国营销哪家强？小米雷军黎万强”成为营销圈的流行语。作为“小米营销”的缔造者之一的黎万强，则是众人齐刷刷膜拜的对象。黎万强感叹：从做一部我们自己喜欢的手机起步，没想到这么快小米全球用户已超过 6000 万，小米的员工也将近 6000 人，这四年真的是梦想之旅，神奇之旅。在《参与感》后记中，黎万强还写道：14 年的工作生涯里，有幸一线经历了互联网和移动互联网的两次商业大潮。我从事过设计、产品经理、内容编辑、市场和销售等各个职业，做过职业经理人，现在是一名创业者。繁华万象其实都是世界的背景！你需要做的就是埋头前行！我觉得每一个产品，每一次创业就是一次人生，一次人生的缩影。尼采关于人生的哲学有三个问题：我是谁？我从哪里来？我将到哪里去？“我是谁？是产品的选择。我们要问清楚自己的产品所创造的价值是什么。我从哪里来？是团队的选择。产品来自团队，这不是个人英雄的时代，我们要尽全力组建一个好团队。我将到哪里去？是用户的选择。这个产品为谁设计？这个产品首先要为自己设计。在做产品和创业的过程中，我们是在解决这几个问题。”“我们以什么态度来面对我们的人生？面对我们的创业？美国著名歌手罗凯利（ R.Kelly ）， 1996 年专为“篮球飞人”迈克尔·乔丹写了一首歌《我相信我能飞》，这首歌关于梦想、希望和坚持！我把这首歌送给所有在创业路上的小伙伴们！每一段旅程的终点，都是一个新的开始！”32014 年，小米力压众多竞争对手，成为中国最大智能手机厂商。当时黎万强的事业同样如日中天。罗永浩曾评价：塑造小米手机品牌长达五年的过程中，黎万强更多地体现出了一种兢兢业业、内驱力强劲，在面对良机与高压时，不断学习，从不退缩和逃避的职业形象。然而 2014 年底，黎万强突然宣布闭关，他在微博上写到：未来我将到硅谷闭关一段时间，准备新的产品，小米网的工作由林斌负责。我们所经历的伟大与美好，不仅在于创造，更重要是与谁同行！感谢我的老大雷军，感谢所有小米的小伙伴们，所有亲朋好友！期望小米网再创佳绩，加油！在接受媒体采访时，黎万强回想：做休假的决定很难，自己纠结了 3 个月，这个心理过程很痛苦，一面地狱一面天堂。我一直就不算正式离开过小米，休假前，我跟雷总有过商量，雷总给我 1 年的时间考虑。关于黎万强闭关前的现状，曾有财经媒体这样记录：从 2013 年开始，细心的小米员工会发现在黎万强身上发生了某些变化，一方面，他公开讲话不再羞涩腼腆而是收放自如。但也有人注意到，前一秒还在众人前亢奋不已的黎万强，一个人回到办公室后会坐在椅子上发呆，像泄了气的皮球一样。和这家四年成长到 450 亿美元估值公司中的很多人一样，黎万强也面临深深的焦虑。这种焦虑一部分或许与他“二号代言人”的身份有关，另外一些则不足为外人道。关于闭关的具体原因，黎万强在一篇自序中写道：连空气和水都担心的年代，注定是一个更焦虑的年代。我是双重焦虑，在这个焦虑的年代，走到了人生中年危机的前夜，我突然停下来，是为了内心的平静。2000 年大学毕业，金山 10 年、小米 5 年的两段职业生涯，基本是前后脚，没怎么歇过，自己一直绷得很紧。放松下来，我才慢慢想明白，这次休假， 15 年职业生涯的审美疲劳是导火索，而根源是内心的焦虑。感觉人生快走到了一半，生离死别，爱恨情仇，经历了一些，但又没彻底把自己击倒。突然一天有强烈的宿命感，会开始思考死亡，甚至害怕死亡哪一天到来时，还有遗憾！还有很多想做的事情还没做！“自然而然，你会质疑自己现在做的事情，是不是你最想做的？生活是不是就这样了？还可以有什么变化吗？甚至像多年前一样，反复思考人生的意义。这就是中年危机吧！自己跟自己较劲！这次休假，是我与自己中年危机的一次深谈，无法躲避，四十不惑之前注定会困惑，就像黎明前的黑暗一样。”闭关后，黎万强曾说要去硅谷为小米下一个产品做准备，当时人们都以为他休息期间要憋个大招。结果他大部分时间待在云南。黎万强回忆：刚开始休假的时候，还在想很多事情，有很多不确定，内心不自觉地就想不一样，有那么一点老男人“回光返照”式的叛逆。2015 年 1 月，完成了休假工作交接，我开车自驾，从北京一路向南，最后在云南停下来。我特别喜欢云南的大理和西双版纳，阳光空气都特别好。另外我喜欢喝普洱茶，在那里可以找到很好的古树茶。休假期间，我大部分时间就呆在云南，日常就是四件事情：跑步、看书、拍照、发呆。跑步让我多了一个终身受益的习惯，看书给了我很多启发，最终消解了我的焦虑。这次休假后，也算是和自己的中年危机达成了一次和解。关于面对焦虑，如何才能获得内心的平静？黎万强也分享了四个体会：一、多读经典；二、有个兴趣；三、换个角度；四、活在当下。2015 年 8 月 9 日，黎万强在北京今日美术馆举行了个人摄影展览《花与树的星空》。现场，黎万强反戴着一顶鸭舌帽，穿着蓝绿色的 T 恤和一双黄色运动鞋，充满了艺术气息。比起商人、设计师等身份，他更像个文艺青年。当时，雷军也前往参观展览，他用了一个词形容黎万强：较真。雷军还补充道：说的再直接点，阿黎是双鱼座，有点超级强迫症，一个细节能改几十遍。为了拍一组照片，在柳絮杨絮飘飞如雪时，黎万强背着 10 多斤的器材，每天近 8 小时在京密路拍摄，累到有虚脱感，全身都是白白的柳絮杨絮，那时他没带口罩，也没怎么喝水，结果后来咳嗽了近一周。展览现场，黎万强还表达道：我喜欢摄影 20 多年，自己又集中拍了大半年，人生输入了很多想法，需要把它输出出来，形成循环，更好往下走，所以我做了自己的策展人。以前想做摄影展时，我曾想过到一些极限的地方拍，那样容易出一眼看过去就很震撼的片子，比如西藏的雪山，南北两极的极光等。大山、大海和星空这些都是“大美”景象，但生活里更多是平常的“小美”。拍身边随处可见的“小美”，把“小美”的花与树拍成“大美”的星空，从平常中发现不平常，从生活小美中感受人生大美，这就是我的创作主题……在发言的结尾，黎万强突然提高了音量：我很热爱摄影和艺术，但还没想着把摄影变成未来的事业。说到未来，只要热爱，一切都在意料之中吧。最近有很多传言，但这里我要告诉你们一个消息，年底——我要回到小米。感谢我的老大、我的老师。话音刚落，黎万强哽咽地朝雷军走去，眼里饱含泪花。顿时，全场掌声响起。42015 年 12 月 31 日，黎万强在微博中写下《为了那些热泪盈眶》。“如果我们向往星空，其实每一条路的终点都是宇宙。潮起潮落，花开花谢，只是在路上收到的礼物。而那些热泪盈眶，才是我们心的方向。”五天后，黎万强正式宣布回归小米。在微博上，他写道，“闭关结束，我重新归队了。我未来主要负责两个事情：小米市场和小米影业。影业是全新的子公司，目前在组建团队筹备阶段。雷军最近反复讲回归初心，永远别忘了为什么出发，在我心中，重新出发，还是为了那些热泪盈眶！ 2016 ，祝福所有在创业路上的小伙伴们，永远年轻，永远热泪盈眶！”随后，雷军在微博配上“爱你”的表情说：阿黎满血复活。黎万强的回归，可谓小米所盼，众望所归。在他离去的这一年，小米开始遭遇成立以来的最大危机，出现业绩大幅下滑、供应链危机、营销疲软、企业高速成长带来的管理挑战等众多问题。负面缠身的小米在遭受友商凶猛进攻的同时，也一度遭到各种质疑，唱衰小米的声音持续不断。面对市场和舆论上的不利消息，雷军也深受打击。2015 年 11 月底，在红米 note3 的新品发布会上，雷军近乎哽咽地发表演讲《我所有的向往》，台下的小米高管们几乎都泪流满面。在演讲中，雷军说，“在北京，小米的楼，还远不够高。上周四晚上，我在小米楼下看到的那几个年轻人，如果真的是从千里之外远道而来，置身真正的林立高楼间，在雨雪的夜晚，仰望国贸三期那样的高度，他们会想到什么？他们所想的，是今晚到底住在哪里？住的地方会有暖气吗？还是，明天的面试，能不能通过？在拥挤二字已经不足以形容的北京的地铁里，打开手机他们首先要找的，会是什么？我无力想象。”“我能肯定的， 24 年前，和他们一样年轻的我，经过 13 个小时的火车颠簸，一个人从武汉来到了北京。那时的北京，还没有什么高楼，但走在北京站广场，就不由得四顾茫然。我还能记起的，四五年前，我创办小米后第一次去美国，走出旧金山机场，我想到的第一句话，是《北京人在纽约》电视剧里姜文说的：美国，我来了。所以，在经历了两个月的寻找后，我们找到了这句话：我所有的向往。”在黎万强回归的同时，雷军也开始亲手接管供应链。为了唤醒老用户和争夺高端市场， 2016 年，黎万强带领团队以“黑科技”为关键词入手，历经“一面科技，一面艺术”，再把“探索”一击打穿，树立了小米阶段性战役的胜利。 2017 年，黎万强又将小米的市场重心定位在“拉新”上。他开始在新的边界做新的探索，比如小米开始做传统线下广告。经过一年多的努力，小米在手机设计、供应链、品牌、市场、营销等方面进行了全新升级。2017 年第二季度，小米的市场份额重新回到全球第五，被唱衰的小米终于“活”过来了。在亚布力中国企业家论坛上，雷军说：我都躺在地板上了，没有人能击败我。回忆这段艰难的岁月，黎万强感慨：如果将之前的创业总结为“在亢奋里狂奔”，那么回归小米后的近两年则是“不停的撕裂”。你会发现永远都没有高潮，因为永远都是高潮。反正做一个伟大的事业肯定是痛苦的，除非你做一个艺术家。有时候夜深人静的时候想，虽然做小米很辛苦，但是在当下这个时候，我们认为我们还是比其他人幸运。尽管手机业务得到“回温”，但这一年多，黎万强开拓的小米影业却“阵亡”了。由于鲜有作品在市场产生轰动，最终在 2017 年初，黎万强将小米影业宣发部门解散。2017 年 11 月 24 日，雷军发布内部信称：任命黎万强为品牌战略官，专注公司品牌建设，黎万强同时还出任顺为资本投资合伙人，强化小米和顺为在投资领域的协同。感谢黎万强过去两年在公司市场部所作的杰出贡献！在 2017 年 12 月底的一次活动上，黎万强表示：小米今年强势反弹，做了很多补课，苦练内功。一个企业要走得很远，坚持初心很重要。回到小米公司来说，初衷是让每个人都享受到科技的乐趣，做价格厚道，感动人心的产品。一家公司要成功，要让品牌越来越人格化，这样才能更好地存在。2018 年后，除了为小米上市积极奔走外，黎万强鲜有露面，似乎在逐渐淡出小米公司的日常管理工作，这一点从他的微博上也可以看出。2016 年 6 月之前，黎万强经常会发布小米相关的微博。但 2016 年 6 月 14 日—— 2019 年 12 月 3 日，黎万强总共只发布了两条微博，时间在 2019 年 3 月 24 日，两条微博内容都是小米产品的宣传。在那两条微博下，有网友呼吁：黎总快回来吧，小米需要你。黎总再来指导下营销工作吧，现在小米品牌力下降得厉害。果然，被粉丝们猜中了，黎万强确实要离职了。11 月 29 日，小米集团进行了新一轮人事任命。小米联合创始人黎万强因个人原因离职，之后将出任小米集团高级顾问。在全员内部信中，雷军写下：感谢阿黎创业以来的长期付出和巨大贡献。阿黎带领 MIUI 、小米网（小米销售与服务体系）、小米品牌市场体系等多项业务持续开荒，在商业模式验证执行、企业文化及品牌建设等多个领域，都作出了不可磨灭的贡献。此外，在内部信中，雷军还谈到：我们刚刚发布了一份出色的财报。在稳健经营策略下，今年第三季度，我们的总收入 537 亿元，创历史新高。调整后净利 35 亿元，远超市场预期。今年第三季度，小米智能手机出货量稳居全球前四，小米电视持续坐稳中国第一、全球前五。这一系列成绩来自于全体小米人的努力，感谢大家。明年是小米 5G 业务的冲锋年，也将是小米推动“手机 +AIoT ”的关键年，我们需要更强有力的集团管理支撑，需要干部轮岗机制持续带来的组织革新活力。5从小米离职后，黎万强发了条朋友圈：我正式离开小米了，说一声道别，祝福小米未来越来越好。近 10 年征程，感谢雷总，感谢小米并肩作战过的兄弟们，感谢所有媒体朋友、合作伙伴的抬爱和支持，还有天南海北给过我建议和鼓励的米粉朋友！还有我老爸 5 点摸黑起来煮的那锅开业小米粥，谢谢这滚烫沸腾的 10 年！随即，雷军在朋友圈祝福道：祝阿黎从此彻底放飞自我，快意人生！究竟是因为压力大，还是个人兴趣或者组织变革调整最终选择离开，目前黎万强尚未对外公布真相。不过有媒体称，黎万强从今年初就开始专注于自己热爱的摄影和绘画等艺术。早年，曾有记者问黎万强对未来有什么期望？他回复道：保持热爱。当记者继续追问具体细节时，黎万强说，“想安静下来的时候把曾经拍过的照片画出来。我内心始终相信：能穿越时间的不是商业，是哲学、文学或者艺术。人生是一种修行，见自己见天下见众生。”雷军的内心一直有创办一家世界一流企业的梦想，而黎万强的骨子里却有着一个文艺梦。不管结局如何，有梦可追的人都值得鼓励。每一段旅程的终点，都是一个新的开始。在《花与树的星空》个展自序中，黎万强写下：既往不恋，当下不杂，未来不迎。世界很美，换个角度，也许更美。参考资料：1.《参与感:小米口碑营销内部手册》，中信出版社，黎万强2.《小米公布重大人事调整：联合创始人黎万强离职》，腾讯新闻一线，王潘3.《雷军一日不除，其他国产手机就没好日子过》，创业最前线，青春，林丹3.《风眼 | 小米八年往事》，iFeng科技，刘正伟，花子健4.《黎万强非典型回归：中年危机后的再出发》，21世纪经济报道，高春亮5.《对话黎万强：小米4个“逼疯”时刻》，IT业界，迈迪尔6.《黎万强离开小米这一年，市场变了天》，经济之声，宋玮，金错刀7.《花与树的星空》个展自序，黎万强8.《黎万强：回归小米的 18 个月》，TheTopview，房宫一柳9.《转折之后的黎万强｜我有嘉宾》，我有嘉宾，王晓坤10.《黎万强：我讨厌“粉丝经济”这个词》，南方人物周刊11.《黎万强二进二出与雷军的两次自救丨深网》，腾讯深网，马关夏12.《小米高层调整：林斌任手机总经理 黎万强专注公司品牌》，新浪手机13.《小米联合创始人黎万强宣布将闭关 林斌接手工作》，新浪科技，伊凡14.《我所有的向往》，雷军
罗永浩式招商会：“首席忽悠官”想做下一个李佳琦？,常涛罗永浩刚登上舞台，就有人在直播弹幕里打出“老罗瘦了”。曾在2018年自爆“创业六年，每年胖五斤”的罗永浩为什么瘦了，观众不得而知。不过可以确定的是，现身12月3日晚这场“老人与海”黑科技发布会前几天，罗永浩才刚刚被解除限制高消费。尽管从10月底就已放出风声，但这场发布会究竟要发布什么，直到会议开始40分后，仍是最大的一个悬念。经过漫长且枯燥的铺垫，罗永浩才将谜底揭开。他带来的是一种叫做“鲨纹”的材料，并称这是一项伟大的技术。不仅如此，罗永浩还调侃，这是一次招商大会，而自己也多了一个“首席忽悠官”的身份。01 最无聊的“罗式发布会”10月25日，有网友在微博上喊话罗永浩，称“想念罗哥的发布会了”。随后，罗永浩转发并回复“嗯，12月初见。”就在外界纷纷猜测发布会内容时，罗永浩应景地在微博搞起了“排除式”回应，比如不是手机，不是电子烟，不是家电。那到底是什么呢？11月15日起，罗永浩连续十天在微博求助网友，寻求认识一些消费品牌的管理层，包括西门子、海尔、美的、雷蛇、海盗船、罗技、樱桃等，此举更是吊足大家胃口。11月21日，罗永浩微博宣布，12月3日，“老人与海”黑科技发布会举行，并称“发布会谈不上惊喜，只是很朴实的一场高科技发布会而已，想你们了。”12月3日晚的发布会推迟了近20分钟才开始。这是今年罗永浩第二次举行发布会，第一次是年初的“聊天宝”发布会，那时罗永浩的身份是快如科技投资人。演讲一开始，罗永浩并未向以往一样，用相声般语言调侃下行业，而是简短说了几句自己已经被解除了限制高消费，随后便进入了漫长的材料科普环节。罗永浩科普的内容大概可以总结为鲨鱼皮的结构以及防鲨鱼皮抗菌功能，他将这种仿鲨鱼皮材料命名为“鲨纹”，而这种抗菌方式，之前就已有人命名，叫做Sharklet技术。整个科普环节大概持续了40分钟，因为内容枯燥，直播弹幕里不断有人问“罗胖子到底要卖啥”，还有观众发弹幕表示“快睡着了”。随后，罗永浩介绍了“鲨纹”艰难的商业化过程，并重点指出这种材料有宽广的应用领域，比如医疗领域。罗永浩指出，全球每年因耐药细菌导致死亡人数约70万、新生儿死亡约23万，“几乎所有的消毒方式的共同方式都是杀死细菌，但无法杀死100%的细菌，活下来的1%就会变为超级细菌。”但鲨纹能够抑菌、抗菌，但它不杀死细菌，“细菌在这个表面活不了，但鲨纹本身没有杀死细菌。并且它是纯物理微结构，这也是鲨纹的技术独家特性。”除了医疗领域之外，罗永浩指出，包括公厕的马桶盖、飞机小桌板、腰带等日常用品均可以使用。同样值得发掘的还有母婴领域。包括奶嘴及安抚奶嘴、咬胶、婴儿爬行垫、婴儿玩具、婴儿餐具，“成本完全可控”。此外，包括运动水杯、牙刷、餐具等，也均可以采用鲨纹材料，“一切进嘴的需要卫生安全的均有想象空间。”在体育用品、家用电器、数码电子、仿皮革家具、生活用品等领域，鲨纹材料均有发挥的空间。另外，罗永浩还提到了情趣用品领域，“清水一冲，干干净净”。目前的量产技术实现上，一句话总结，一切合成革、塑料、硅胶的制品都能够实现。罗永浩还现场带来两款产品，包括带有Sharklet抗菌材料的地平线8号抗菌儿童背包以及商务旅行箱。02 合伙人与首席忽悠官罗永浩怎么就干上这行了？他解释说，当时正在帮合伙人寻找电子烟烟嘴的材料，“烟嘴反复使用，挺不卫生的，我就到处找抗菌材料，后来就这么联系上了。”但这其实并不是故事真正的起点，故事还要从Sharklet技术讲起。Sharklet技术由美国佛罗里达大学世界著名材料工程学教授布伦南发明，2007年，布伦南教授与几位朋友共同创立了Sharklet公司，并完成了首轮融资，但随后发现事情并不简单。罗永浩解释，主要问题是因为“人类工业中没有被大规模需要过”以及“降成本并进行商业化却没有那么简单”。此后，Sharklet公司先后与MicroStrucker公司、COOK公司进行了合作。在成立了10年后，Sharklet公司终于等来了金主，位于中国杭州的一家基金公司PEACEFUL UNION将Sharklet收购，并在江南的某家皮革厂尝试制造Sharklet纹理的皮革材料，如今已可以实现真正的量产。此时正在寻找烟嘴材料的罗永浩与它相遇，经过双方几个月的技术交流，罗永浩非常认可这项技术，戏称自己最后一不小心成为Sharklet的全球合伙人和首席忽悠官。罗永浩称，这场发布会是招商现场，这项技术不是卖给个人消费者的，而是卖给企业的。他在PPT中列出了多项可以给予合作企业的支持，比如“（也许是）全球独一无二的黑科技纯物理抗菌技术支持，新技术、新产品领域的热启动支持，长期的市场和营销支持，完善的一体化解决方案支持”等等。他还说：“我讲一讲，帮你们节省市场费用。”正如外界所知，开发布会“带货”是罗永浩擅长的事情，这不仅因为他口才极好、语言幽默，还因为他有一批忠实的粉丝。事实上，在帮别人开发布会“带货”这件事上，罗永浩曾有过表态。在参加一档对话节目时，罗永浩曾透露，很多企业是基于对罗永浩错误的认识才投资锤子科技的。“他们认为无论做一个什么样的破烂，只要由我替他开一场发布会，忽悠一圈，初期的传播就会惊人的好。他们认为我做发布会，就能省他两三个亿的总预算，但这是一个完全错误的认识。我的发布会之所以效果好，不是我们相声界说学逗唱好，是我讲的那些东西，是我们做的，我信它。如果他们给我一个我完全不认同的东西，以为我上去就能把它忽悠出去，这个是绝无可能的。”罗永浩说。03 老罗这次能成吗？罗永浩能成吗？这个问题我们已经问过了很多遍。2017年，锤子科技融资10亿元的时候，我们问过；2018年5月，锤子TNT工作站发布的时候，我们问过；2018年8月，子弹短信面世的时候，我们问过；2019年1月，聊天宝面世的时候，我们也问过。在面对上述时刻的时候，每一次罗永浩都信心满满。他曾称TNT是一款“重新定义下一个十年”的个人电脑，是一款“革命性产品”，也曾试图用子弹短信挑战微信。而这场发布会又一次被定义为罗永浩重新创业的起点。在发布会最后，罗永浩回忆起了自己与Sharklet结缘的心路历程。“今年春天，我和我的团队来到Sharklet美国公司。产品接触下来，比较打动我的是技术上的新奇独特之处，”罗永浩回忆道，“我第一反应是骗子，回家之后查询了学术搜索，并发现国际大媒体均有所报道。这个技术出来十来年，在学术界和商业界却是零负面。”随后打动罗永浩的是其商业潜力。“我是一个上了限制消费名单，差点坐了来北京的慢车开发布会的人，因此我非常重视这次创业的商业潜力。”另外就是其造福社会的价值。“它既创造社会价值，又让人认可它的社会价值，”罗永浩回忆道，“曾经我为了还钱，还做了特别low的聊天宝，从我的内心而言，我希望做一件能够创造商业价值、同时被人认可的商业价值的事。”有不愿具名的业内人士分析，罗永浩整场都在兜售“细菌恐惧”，是否真的能打动B端用户还有待观察。此外，可以看到，这项技术还没有实现完全落地，很多产品都在概念化阶段，罗永浩有些着急了。最后，我们依然要认真地再问一次：你觉得老罗这次能成吗？
李开复：下一个机会来自技术驱动、后端创新,新浪科技讯 12月4日上午消息，由清科集团、投资界举办的第十九届中国股权投资年度论坛在北京开幕，主题为“大浪淘金”。创新工场董事长兼首席执行官李开复以“中国迎来产业后端创新浪潮”为题，发表演讲。李开复提到，过去十年是黄金十年，打造了互联网和移动互联网这样一个平台，创造了非常多千亿级别的超级独角兽，这是应该非常自豪的，但移动互联网的红利吃完，融资面临挑战，应该思考下面的机会在哪里。“有人说是互联网进入了下半场，这可能是好听的说法，事实是最大的红利期已经结束了。我们不会再期待像是过去五年十年有这么多超级独角兽的产生，这一类平台级别的移动互联网的独角兽，未来会大大递减。”概括而言，创新工场认为下一个机会是来自于技术驱动，后端创新。而关于什么叫后端创新，李开复解释，如果前端创新所颠覆的是社交、媒体、支付、O2O，后端就是相对传统的行业，比如说物流、企业服务、工厂供应链、零售教育、医疗等。他表示，价值的创造，在这些领域会再带来30%-50%的成长，增长的主要原因是今天后端还非常低效。“拼多多买东西，背后有上千万级别的小工厂，用非常低效的方法在生产。我们可以看到各种三四线城市的零售，买到的东西是多层不合理的利润的分配。所以现在非常低效的效率，就是我们创造效率的巨大机会。”李开复指出，中国企业现阶段面临四大挑战：后端效率低下，与前端极不均衡；线下业态落后，仍有700多家夫妻单；运营成本增加，企业生存艰难；后发行业低效，提效空间巨大。李开复表示，“创新工场作为一个投资公司，我们除了投资之外，还和子公司创新奇智赋能传统行业，当下一代的独角兽公司会来自于后端的创新，我们一方面来提供资本帮助他们来做整合，另外一方面我们要帮助他们拥抱技术来得到更高的效率。”(李楠)
11月科学流言榜：鼠疫无法治、5G致失明等均属谣言,鼠疫无药可治？5G手机运用了毫米波，可导致失明？有的牙膏可杀灭幽门螺杆菌，预防胃病和胃癌？……这些，都是谣言。昨天，由北京市科学技术协会、北京市网信办、首都互联网协会指导，北京科技记者编辑协会、北京地区网站联合辟谣平台共同发布11月“‘科学’流言榜”，打假谣言。“鼠疫病死率高达100%，无药可治”近期流传。流言榜辟谣称，历史上鼠疫确实引起过大范围的死亡，但这是因为当时人们对鼠疫的病因、治疗、预防等认识不足。虽然人类对鼠疫普遍易感，但在现代医学里，鼠疫病例已经可以通过规范使用抗生素进行治疗。病人如果能早期就诊，并得到规范治疗，治愈率很高，可疑接触者也可通过预防性服药而避免发病。有人认为：5G载频是毫米波段，毫米波对眼睛伤害很大，可导致黄斑变性，使用时间过长可能导致失明。其实，我国三大运营商5G通信运用到的是中低频，频段在3Ghz至6Ghz之间，属于厘米波段。对于手机电磁波产生热能的问题，实验数据表明，华为、中兴等国产品牌手机，以及苹果、三星等国外品牌手机，电磁波能量吸收比均远低于2.0W/kg的国家标准，正常使用不会对人体健康产生影响。而“黄斑变性”是老年人很常见的一种疾病，因为随着年龄增加，视网膜组织退化、变薄，引起黄斑功能下降。临床中，由于用眼不当导致黄斑损伤，只有登山者爬雪山不戴护目镜等极端条件下才可能出现。“牙膏能杀灭幽门螺杆菌，预防胃病和胃癌”更不可能。幽门螺杆菌主要存在于胃中，口腔里不过是一些“散兵游勇”，单独进行口腔杀菌意义不大。目前没有证据表明某种牙膏能彻底杀灭口腔幽门螺杆菌。某些牙膏宣传中列举的科学研究均是仅仅停留在体外试验和动物试验阶段，远达不到其所宣称的神奇效果。幽门螺杆菌患者应到医院消化科寻求正规治疗。“睡太多增加痴呆风险”及“戴脑电波走神监测环可评判小学生注意力”也是谣言。保证充足和有规律的睡眠是非常重要的，白天不觉得疲倦，精力充沛，就是最佳的睡眠。“走神监测环”也缺乏物理学支持，即使物理上能够准确测量出脑电信号，由脑电信号形成的脑电图也非常复杂，还不能因此判断出学生是否“走神儿”。（原题为：《“鼠疫无法治”“5G致失明”均属谣言 》）
工信部陈肇雄：加速工业互联网解决方案的规模化推广,2019年12月3日，2019首届中国工业互联网大赛在浙江余杭举行闭幕式。工业和信息化部副部长陈肇雄、浙江省人民政府副省长高兴夫出席闭幕式并讲话。陈肇雄指出，开展工业互联网大赛是加快推进工业互联网创新发展的一项重要举措，为汇聚工业互联网智力资源、技术资源、资本资源，促进优秀工业互联网解决方案的应用推广，提供了有效途径。通过大赛将对激发人才创新活力，选拔培养工业互联网创新发展“生力军”，形成一批可复制可推广的优秀解决方案，强化产业链、创新链、金融链有效对接，营造良好创新发展氛围，产生积极的促进作用。陈肇雄强调，工业互联网发展是一项复杂系统工程，需要久久为功，需要政产学研用各方的共同努力，汇众智、聚众力，探索更多新模式、新方案、新路径，推动实现高质量发展。要不断提高大赛高端化、品牌化、专业化水平，不断深化产教融合、产融互促、供需对接，加速工业互联网解决方案的规模化推广，将大赛构建成促进工业互联网创新发展和成果转化的重要平台。大赛由工业和信息化部、浙江省人民政府指导，国家工业信息安全发展研究中心、浙江省经济和信息化厅、杭州市人民政府、中关村信息技术和实体经济融合发展联盟等单位共同承办。大赛吸引了5134人、896支团队，共有1009个作品参赛。经过激烈角逐，大赛决出2个一等奖、6个二等奖、12个三等奖。参加闭幕式的还有工业和信息化部信息化和软件服务业司、浙江省经济和信息化厅、国家工业信息安全发展研究中心、杭州市人民政府，以及参赛团队、工业企业、工业互联网服务商、投资机构、媒体等400多名代表。
11月中国手游发行商全球收入排行榜：腾讯第一,新浪科技讯 12月4日午间消息，Sensor Tower商店情报平台显示，2019年11月中国手游发行商在全球App Store和Google Play的收入排名。榜单中30个手游发行商11月全球吸金超过13.7亿美元，占当期全球手游总收入28.2%。详细榜单变化如下。特别说明：本报告仅统计发行商收入，且不包括中国地区第三方安卓渠道收入。本期榜单前四名依然为腾讯，网易，莉莉丝和趣加。不过，龙创悦动小幅赶超灵犀互娱，首次入围发行商Top5。自今年5月旗下末日丧尸题材SLG手游《守望黎明》(Last Shelter:Survival) 回归国内市场以来，龙创悦动收入持续大幅攀升。11月该发行商全球收入较今年5月上涨94.5%，其中80.5%来自《守望黎明》。除了游戏内赛季，龙创悦动还在这款SLG手游中推出订阅服务，通过订阅期间每日投放大量奖励，进一步提升玩家活跃度。榜单中另一个强势突围的厂商是4399游戏。继上期空降发行商排行榜第19名之后，4399收入进一步提升并跃居本期第14名。11月期间，4399旗下3D魔幻MMO手游《奇迹之剑》(기적의 검) 在韩国Google Play基本稳居手游畅销榜前五。得益于该游戏卓越的市场表现，4399收入较10月增长13.2%，是去年同期的14.6倍。来自韩国市场的收入，占该发行商11月全球总收入的60.7%，其次为台湾（13.4%）和美国（4.9%）。叠纸游戏 《闪耀暖暖》于11月7日推出系列限时活动，当天收入创发行商日流水新高，并带动叠纸游戏11月收入环比上涨32.1%，排名从上期第30名上升至本期第23名。《闪耀暖暖》于今年4月率先在港澳台地区上市，8月正式登陆国内市场。作为参考，11月期间《奇迹暖暖》在美日韩三个市场的收入占其全球总收入近60%，《闪耀暖暖》若登陆海外市场，其收入将迎来新一轮增长。另外，《不休的乌拉拉》国服收入环比上涨14%，助力心动网络入围发行商排行榜Top10。沐瞳科技《无尽对决》于11月9日推出限时2天的年度促销活动“2019 Annual Big Sale“，带动发行商收入环比上涨10.7%，排名上升3位至第13名。壳木软件于去年9月在海外市场推出末日丧尸题材SLG手游《Age of Z》。上市至今该游戏收入稳步增长，11月占发行商全球总收入的40.5%，并促进壳木软件收入环比增长5.1%。受影视文化影响，末日丧尸题材在海外拥有规模可观的粉丝群体。但目前市场上此类手游并不多见，一款优质的丧尸题材手游在买量和留存方面具备天然优势，这也留给厂商更多长线运营的空间。榜单之外，入围全球收入Top100的中国手游发行商还有博乐科技，海彼网络，Six Waves 和英雄互娱。
韩国5G订阅用户突破400万人次 每月新增至少50万,新浪科技讯 北京时间12月4日上午消息，据外媒报道，韩国的5G订阅将达到400万人。尽管人们对于韩国与美国谁将抢先一步实现商用5G网络这个问题一直争论不休，但毫无疑问的是，韩国和美国的领先趋势无人质疑。韩国的领先趋势，也引来业内观察者的密切关注，重点在于韩国的5G部署进程，以及采纳进度。韩国的5G采纳进展迅速。截至10月份，有报道称，全国5G网络已有398万订阅用户。9月份，报道称，5G服务新增51.6万新订阅用户。事实上，自4月份5G网络推出以来，每月新增的5G订阅用户至少有50万。若该进度在10月和11月得以保持的话，400万5G订阅用户的里程碑应该已经超越。12月份，新增用户数量应该会继续增加。到目前为止，订阅用户的最大增幅出现在8月份，彼时三星刚刚发布5G智能手机Galaxy Note 10。流量增长也十分显著。10月份，报道指出，5G网络产生的流量总计10500兆兆字节。为应对流量激增，韩国计划于2026年之前部署5G双谱。(小白)
游戏陪玩：挣钱时，窥见当代年轻人的“十一种孤独”,欢迎关注“创事记”微信订阅号：sinachuangshiji人们在生活中的孤独，被新符号和新形式展现了出来。文/陈彬   编辑/石灿来源：刺猬公社（ID:ciweigongshe）她和我最终还是结束了那段暧昧关系。这段关系，值30元。之后，她就要去陪另外一个“老板”了。她是一名“陪玩”，叫贾子落，我们在《王者荣耀》里是队友。游戏开始前，我在陪玩平台上花了30元“陪玩费”，才换来3局游戏的时间。在游戏陪玩界，他们管我这样的客户叫“老板”。在我们进行第一轮游戏时，一个陌生玩家试图搭讪贾子落。“你是女生？站我后面，我保护你。”贾子落有些生气，那个陌生玩家此时只拿到两个人头，自己却死了8次。但在和我聊天时，贾子落没有把她的负面情绪展现出来。这是她的职业操守，也是陪玩与普通队友最大的区别。好运没有因为贾子落的好脾气光顾我们。那局游戏最终惨败。不过，至今我都认为那场游戏，与我独自在“王者峡谷”游荡要有趣得多。结束了与我短暂的接触，贾子落得去与下一个“老板”打招呼了。她需要在极短时间内，再次建立起一种若即若离的人际关系。以此反复，构成贾子落每天的生活。陪“老板”打游戏，陪“老板”看电影许晓雅是山西省某城市的一名国企员工。国庆节结束后，她在一个直播平台发现了“游戏陪玩服务”业务，如果成为一名游戏陪玩，可以一边玩《王者荣耀》，一边挣钱。回头一想，自己在国企每天的工作压力不是很大，平时又特别爱打游戏，不如想办法做点副业。这位22岁的姑娘，声音动人，在《王者荣耀》里打到了最高的“王者”段位。综合来看，她的条件相当不错。很快，她成了一名游戏陪玩。许晓雅在这条路上顺风顺水，目前已经接了500多单陪玩，成绩还算可观。兼职不到2个月，许晓雅就遇到了一位“回头客”，男性。他是一家公司的普通职员，每天下班后都会找许晓雅一起打游戏、唠嗑。这位“老板”从来不聊自己的生活，只谈游戏。他经常说，“感觉你打游戏打得挺好的”“以后就找你一起玩儿了”。许晓雅也不问其他。这种状态持续了大约半个月。一天下午，这位“回头客”如往常一样给许晓雅发信息，“晚上我给你下单打游戏。”奇怪的事情在晚上发生了，那位“常客”消失了。许晓雅反复发消息询问，都没能得到回复。“过了两三天，他莫名其妙就把我拉黑了。”许晓雅至今仍有一些不解。在这之前，他有时还会嘘寒问暖，“你起床了吗？”“你去上班了吗？”此后，再也看不到他的信息。这份金钱购买来的陪伴关系，比想象中要脆弱得多，却仍是一种“刚需”。在陪玩平台上，男性“老板”一直是多数，但不是全部。潘叔曾在2018年兼职做了3个月的游戏陪玩，偶尔能遇到一些“女老板”。她们除了找潘叔打游戏外，也有许多其他的要求。有一次，对方要求潘叔陪她一起看电影。两人一起在微光App上连续看了两部喜剧片，一部是《西虹市首富》，另一部潘叔实在想不起名字了，好像也是沈腾的电影。微光是个“电影社交App”，用户开设房间后，可以与他人同时观看一部电影，边看边聊。看电影的过程中，那位“女老板”向潘叔吐露了自己生活的艰辛。“她说，自己实在没法和父母相处，父母不管她，一气之下独自跑到上海来工作。”潘叔说，她现在一个人住，每天工作都很累，也没有男朋友，此刻只希望有人能跟她说说话。或许有人会觉得矫情，可我们毕竟不是机器，总有“矫情”的时候。城市越来越大，部分年轻人的生活却日渐像一座孤岛。每个人喘口气的方式都不一样，而这些人选择花钱与游戏陪玩度过。孤独，是门生意，明显却又隐秘。也正因此，陪玩行业才有机会快速发展。2018年3月，成立3年时间的比心App获得数千万美元的投资，估值一度达到1亿美元。除了比心App之外，捞月狗App等多家陪玩平台也拿到各种融资。对一个刚刚步入规范化的行业来说，这个投资力度已足以证明资本的信心。到了2019年，斗鱼、虎牙、触手等直播平台也纷纷入局陪玩市场，希望抢下这块“孤独”大蛋糕。所有人都拥有孤独，但不是所有孤独都能成为生意。潘叔和许晓雅根据“老板”所在地作出判断，来自南方的“老板”远超过北方。潘叔服务过的“老板”中，多数生活在上海；在我之前，许晓雅从未见过任何一个生活在北方的“老板”，即便是北京这样高压高收入的城市人群，都没有人向她下过单。南方，成了他们心里的一个独特标签。这种孤独，被新符号和新形式展现出来。我们之间是什么关系？“我给你发一个两万元的红包，咱们能处对象吗？”看到这个信息，贾子落回了一句，“你有病啊？”随即把那个人拉黑。“我是来赚钱的，又是不会来卖（身）的。”她说。从照片看，贾子落长相甜美，玩游戏时，技术专业能力过硬，经常会收到“老板”的表白信息。现在，她已经见怪不怪了。潘叔被“女老板”表过白，“多打两次游戏之后，她觉得你人还不错，就会主动说，要不要处一下试试看。”向潘叔提出过交往的“女老板”不止一位，他从来都是一句玩笑带过，并不希望跨过那条界限。潘叔在做陪玩之前，曾是一位频繁点单的“老板”，对陪玩圈子多少比较了解。他说，找陪玩示爱的人不在少数，确实也有很多陪玩与“老板”最终在一起了，这些人可能在情感上缺少点什么。“能长期点陪玩的老板很少，但长久了之后，他们什么都会跟你聊，包括所有的开心与不开心。 ”潘叔说。“多久才算久呢？”我问到。“大概一个星期以上吧。”潘叔的回答令我有些意外。没想到令一个人彻底敞开心扉，只需要短短一周时间。即便不是爱情，仍有不少人对陪玩有一种精神寄托，因此很难用单纯的“服务关系”来理解。贾子落曾在朋友圈晒过一张红包截图，引来了另一位陪玩同行的评论。“这是我之前的一个‘老板’，人傻钱多的那种。”贾子落与对方细聊过才知道，这位“老板”曾在一个月内就给那位同行转了两三万，但后来突然消失了。直到在之后的一次游戏中，那位“老板”才向贾子落讲起了自己以前的故事。他原先在工地上干活，每天起早贪黑，赚到的很多钱，全部花在那位陪玩同行身上了。几个月后，他家里出现变故，不得不把陪玩上的开销节省下来。那位“老板”告诉贾子落，自己没能继续找那位陪玩女生，内心异常愧疚，所以最终选择了消失。“他就觉得那个女孩子真好，不好意思去找人家。结果居然落到一句‘人傻钱多’。我当时很惊讶，但又没办法跟他说。”贾子落告诉我，她心情异常复杂。该怎么去定义“老板”和陪玩之间的关系呢？时间租赁关系，情绪宣泄对象，精神慰藉对象，游戏陪玩服务？它已经超出了单一维度的价值衡量，在愈加复杂的情境和语境里，这种关系成为越来越多人的一种选择。从目前来看，它起码简单、高效、快捷、低廉、低成本、低风险，且反馈好。“老板”也能把自己的小秘密告诉一个素未谋面的陌生人，让对方放在心里藏起来，不对外宣告，不用像堤防身边熟人那样，提心吊胆地保护自己的小秘密。但故事不那么容易听得到。一个29岁的建筑工程师找许晓雅打过好几次游戏，一次，他们聊到了年龄话题。许晓雅调侃说，他这年龄应该结婚了。对方说，他小孩已经一岁多了。“你下单打游戏，老婆不会生气吗？”“已经离婚了，从此对婚姻没有什么兴趣了，只想好好赚钱，把女儿抚养大。”没聊几句，工程师欲言又止，“这些伤心往事就不提了，越提越伤心。”为什么要做陪玩？2018年春节过去不久，一天凌晨1点，贾子落接到人生中第一个陪玩订单。这位“老板”失眠睡不着，下了3小时的陪玩订单。只是，他不打游戏，希望贾子落能跟他聊聊天。聊着聊着反倒不困了。“老板”让贾子落讲故事，讲什么都可以，唯一的要求是不要和“老板”说话。讲着讲着，语音那头传来了呼噜声。贾子落有些惊慌，到底该继续，还是停下？她“不敢停”。贾子落继续讲。讲到一个关于小白兔的故事时，情景需要小白兔大喊一声，她模仿小白兔大喊了一声。老板惊醒，说了一句“不要喊那么大声”。话毕，呼噜声再次袭来。贾子落不知所措，一直对着手机讲故事讲到凌晨3点才挂掉语音。这份工作并不轻松，一部分压力来自于社会舆论。偏见，至今还纠缠着游戏陪玩们，“约X”“拜金主义”“消费主义的极端”“骗钱的混蛋”......“很多人觉得陪玩就是和各种各样的人打游戏聊天，是一份不正经的工作。”社交媒体上也有人对贾子落指指点点，“但我很理直气壮，又没有对不起谁。陪伴别人打游戏，也是付出了时间的。”一边饱受争议，一边年轻人不断涌入。为什么呢？对贾子落来说，除了这行外，她似乎也没有更好的选择。贾子落生活在河北省衡水市。那是一座四线城市，平均工资不过三四千。衡水市的车牌为“冀T”，是河北省排位最靠后的一个。她2017年毕业后，曾在当地一家汽车4S店当文员，拿着2600元的月薪。这份工作她只做了3个月，原因是对汽车不感兴趣。离职后，贾子落没能找到下一份工作，整天在家无所事事。宅了半个月左右，贾子落开始陷入焦虑。“实在不意思管家里要钱，想自己挣点零花钱。刚好看到一个主播在直播‘点陪玩’，突然意识到陪玩好像也可以挣钱，那就试试看。”第一个月，贾子落每天的工作只有4、5个小时，赚了三千多。由于平时开销不大，贾子落还能拿出一部分收入给父母。“妈妈当时觉得我是不是做了什么违法的事情。”贾子落说，父母知情后，未阻拦，只提了一个要求：不要昧着良心赚钱。贾子落的业务范围很广，除了《王者荣耀》，也承接《和平精英》《绝地求生》等各式热门游戏的陪玩，以及哄睡觉、陪聊天等业务。如今，贾子落将每天的工作时间延长到8小时左右，收入涨到六七千。这在当地算是高薪，且不用每天坐班。在各大陪玩平台上，类似于贾子落的陪玩还有很多，他们来自三四线及以下城市。这些地方不用把重心放在互联网创新上，只要享受互联网创新带来的便利就可以了，以至于一二线城市的互联网服务，在三四线城市也能享受到。互联网塑造且构建了一个超级平行世界，它把很多年轻人留在了家乡。游戏陪玩这份工作，让他们有机会在互联网大潮中找到自己的角色，又提供了一份相对可观的薪水。如果没有陪玩工作，贾子落如今可能依旧待业在家，或者做着一份自己不喜欢的工作。在一定程度上，游戏陪玩也算是推动了中国小镇青年的人力资源再分配。遗憾的是，并非所有小镇青年都如此相信互联网。贾子落是身边圈子里唯一做陪玩的。她的朋友们认为陪玩投入大，前期挣不了钱，有着种种怀疑，尽管贾子落在第一个月就拿到不错的收入。考虑过未来吗？有多久没出门了？贾子落不知道。她单身，之前是一个很喜欢出去玩的人。现在，她的生活和工作都在家里。外卖员、快递员平日与她接触最多。这份工作做久了之后，她的生活也慢慢变成一座孤岛。每天都在忙着帮助“老板”缓解孤独感，贾子落的孤独感却愈发强烈。才做了不到两年的陪玩，贾子落对游戏已经产生了本能性的抗拒。除了工作，她不愿意再去想游戏是什么。为了寻找陪伴，贾子落开始养起了猫。在她认识的陪玩同行中，所有人都有养宠物的习惯。潘叔也不太喜欢陪玩的生存状态。他曾在平安保险有一份工作，兼职做陪玩单纯出于好奇。兼职做了3个月，他主动选择了退出。一是因为太累，二是由于这份兼职让他的生活慢慢没有了烟火味。“几乎对早上、白天、晚上没有任何概念，不知道今天星期几，也不知道外面的世界怎么样了。我也不用出去社交，每天只打游戏、吃饭、睡觉就可以了，感觉与世隔绝了。”潘叔说，他现在经常劝一些关系好的陪玩，赚得差不多就可以收手了。对潘叔这样的兼职陪玩来说，尚能立刻抽身。可对贾子落等全职陪玩来说，这份工作就是他们的一份事业，在没想好未来做什么之前，她不会轻易退出。“现在正攒钱，可能会开一个自己的小店，卖一些化妆品。”贾子落的语气听上去有些不确定。许晓雅没想那么多，她兼职做游戏陪玩，单纯是对游戏的热爱。这个山西姑娘曾是一位《王者荣耀》主播，播了近一年时间，直播间订阅数超过一万，却感觉脖子越来越难受。她去医院拍了个片子，医生说，“你这颈椎都赶不上50岁人的颈椎了”。她被吓到了，从那以后，出于恐惧，下了决心不打游戏。闲了半年，游戏陪玩成了她玩游戏的新理由，“陪玩不像直播，要是心情不好我可以一天只接几单，劳逸结合，我觉得会一直做下去。”
拉里·佩奇卸任Alphabet CEO 谷歌员工：并不意外,新浪科技讯 北京时间12月4日上午消息，谷歌联合创始人拉里·佩奇（Larry Page）不再负责他在21年前所创立的公司的运营。本周二，佩奇宣布他将公司的执掌权交给了桑达尔·皮查伊（Sundar Pichai），后者此前已经成为了谷歌CEO，如今他又加冕为Alphabet的CEO，在过去4年中，谷歌母公司Alphabet一直是由佩奇负责运营。佩奇的联合创始人谢尔盖·布林（Sergey Brin）也将会不再担任Alphabet总裁一职布林和佩奇将留在Alphabet的董事会，并且通过各自的股权来对公司进行控制。如果你对谷歌的运营不甚了解，那么你可能会觉得两位创始人的离开是一件大事。任何一家世界上规模最大的公司，如果其创始人选择隐退，这都是一件值得注意的事情。然而，对于谷歌员工和使用谷歌产品的用户来说，两位创始人的离开很难说是一件大事。因为在过去很长一段时间以来，他们都已经不再关注谷歌的核心搜索和广告业务，而是将精力放在了“Other Bets”上，例如健康科技企业Calico和自动驾驶部门Waymo等等。与此同时，负责掌管谷歌事物的人换成了皮查伊。一年以前，前往国会山参加听证会的不是佩奇，而是皮查伊。佩奇和布林最近近年来最高调的出现，可能是2016年唐纳德·特朗普（Donald Trump）赢得选举之后，两位创始人共同拍摄的那个视频。该公司前任和现任员工也表示，谷歌内部也感觉到佩奇经常缺席。截止到今日之前，谷歌只有少数几名高管才能向佩奇直接汇报工作，如果你不在这个团队之列，你甚至很难看见他。今年6月，彭博社记者曾在一篇专栏中表示：“随着时间的推移，特别是在2015年Alphabet首次亮相之后，佩奇的官方职责似乎已经缩小到了针眼那么大。拉里·佩奇哪去了？”我们还会发现，佩奇和布林（后者在公司日常运营中的投入甚至比佩奇还少）现在正式将掌控权交给皮查伊，是有具体的原因的。还有一个事实是，如今运营Alphabet已经不再是一件令人愉悦的事情，当前该公司和整个科技行业都在受到美国和全世界各地监管机构的审查。Alphabet还在与一些敢于说出自己想法的员工角力，此前有数千名员工走上街头，对公司处理高薪高管不端行为的方式进行抗议。在此之后的一年中，这些员工一直在公司内部进行抗议。这些员工可能会想念佩奇，然而他已经不再是公司的掌舵人了。一位谷歌员工透露，在该公司内部留言板上，出现了一个“令人伤感的帖子”，这个帖子指出佩奇和布林在公司历史上的一段艰难时期选择离开。另一位谷歌员工表示：“感觉只是一件非常明显的事情，得到了官方宣布。在我的记忆力，我们已经很长时间没有在全员大会上见过他们了。”另外，华尔街的反应，也折射出这两个人的离开对于谷歌来说并没有什么实质影响。在公司宣布创始人离职后，谷歌的股票价格在盘后交易中几乎没有出现任何变动。(行云)
摩根大通基金减持腾讯 增持百威亚太和阿里,新浪港股讯 据外媒报道，数据显示，截至10月31日，摩根大通麾下规模65亿美元的新兴市场股票基金把所持腾讯头寸减少了14%。该基金今年的表现优于94%的同行。身为香港恒生指数市值最大成份股的腾讯，10月30日股价跌至九个月低点。这只摩根大通基金降低对腾讯（目前为其第五大持仓）的风险敞口的同时，增加了对百威亚太，ITC Ltd。和印尼Bank Rakyat Indonesia Persero Tbk PT的押注。该基金还将其当前最大的持仓--阿里巴巴的头寸增加了2%。
罗永浩“卖艺”还债,欢迎关注“创事记”微信订阅号：sinachuangshiji文/孔明明   编辑/周昶帆来源：燃财经（ID:rancaijing）久未在众人面前露面的罗永浩，通过大型发布会的形式回到了公众视野中。2019年12月3日，“老人与海”黑科技发布会如期在北京举办。此前，在11月21日，罗永浩通过微博和微信公众号宣布了召开发布会的消息，并透露此次发布会门票不对外出售，而他将在会上公布新型尖端技术。在这次发布会上，罗永浩宣布，自己成为Sharklet Technologies（中文名：鲨纹科技）的全球合伙人。据他介绍，Sharklet是一种仿生学物理抗菌方式，模拟鲨鱼皮肤的纹路排布，通过改变材料表面纹路和纹理以达到抗菌目的，是一项卖给B端企业的技术。从大部分观众的反应中可以看出来，这不是一次让人满意的回归。有人称他对罗永浩彻底失望，有人冷嘲热讽说罗永浩终于找到了自己的商业模式——为不同的公司营销宣传，甚至罗永浩本人在现场也毫不避讳：“这是一次招商大会”。对于罗永浩来说，2019年是颇为艰难的一年。继锤子股权宣布转让、罗永浩卸任5家锤子科技子公司的法定代表人、锤子科技部分专利使用权被头条收购、再次创业的电子烟行业被监管、个人登上法院的限制消费令名单之后，11月3日，罗永浩在微博上表示，自己会努力工作，继续偿还创办锤子科技中欠下的债务，不排除会“卖艺”还债。面对几千名现场观众和43家不同平台的现场直播，罗永浩带着他的“卖艺”身份归来。01“卖艺”归来燃财经提前20分钟赶到发布会现场时，颇有些意外。即使北京的冬天让人瑟瑟发抖，但在这次发布会的举办地点北京工业大学体育馆门口，依然密密麻麻站满了人。走到入口处，“黄牛”们就围了上来：“有票吗？收票！”一名“黄牛”说，这场发布会的票他是35元收、100元卖，生意不差。罗永浩上次露面是在2019年1月15日快如科技2019发布会上。当时他是为了推广锤子科技的即时聊天产品聊天宝（原名子弹短信），并顺带推出了由锤子科技001号员工朱萧木创建的“福禄”电子烟品牌。而这次发布会的场馆可以容纳几千人，现场几乎坐满了观众，有部分观众表示，他们为此专门从外地赶来。原定19:30的开场时间被拖延至19:48分。罗永浩亲自挑选的音乐停止播放、灯光关闭，大屏幕上的海洋图片在黑暗中闪着晶莹的蓝光。小声交谈的观众先是安静下来，继而开始集体大喊：“老罗！老罗！老罗！”“牛B！牛B！牛B！”观众坐席旁举着指示牌的安保人员却在一旁困惑地小声嘟囔：“又不是明星，有什么可喊的？”罗永浩身着观众熟悉的一身黑衬衫、黑裤子，出现在通向舞台的侧道上。欢呼声在他登上舞台时达到最大分贝。他的第一句话是：“不知道我有啥牛B的，作为一个刚上了法院限制消费名单的人，虽然已经想办法下来了。”全场哄笑。这也是罗永浩擅长做的事情，用轻松的自嘲开始他的整场演讲。如果说，脱口秀演讲是一项需要天分的技能，罗永浩显然是这门艺术的佼佼者。在2个多小时的产品介绍中，枯燥的内容被他有节奏的演讲带得没那么乏味。在介绍完第一段学术文字后，他会插入问一句：“是不是感觉今天的考试内容超纲了？”观众又是哄堂大笑。在现场演示Sharklet技术时，他会在显微镜旁边不时地带动情绪，他告诉操作员：“给他们（观众）过过瘾”。在介绍采用了Sharklet技术的背包产品时，他会适当穿插锤子科技的一些话题，并提醒大家，他用“过剩的设计能力”给锤子投入了不少心血。在粉丝眼中，他依旧是直言不讳、正直有担当的罗永浩。在提到Sharklet技术时，他还不经意地提起了百度搜索不够好、知乎聚集了不少“民间科学家”，引起现场欢呼；他提到自己努力赚钱还债，为此曾经给“很low”的聊天宝站台，并对着观众说：“你要是欠了别人钱，别管low不low，还别人钱才是最重要的，明白吗？”全场集体鼓掌。甚至，在最开始开场时，因为PPT失误不能翻页，他轻松调侃：“这是我的第一次不能翻页的发布会”。观众反而在台下集体高呼：“理解万岁！”站在舞台上，罗永浩一直拥有把聚光灯聚焦在自己身上的能力，轻松掌控全场。02招商大会现场气氛不差，但无法掩饰的是，这次发布会依然是一场以罗永浩“个人脱口秀”形式进行的招商大会，罗永浩也自嘲为“首席忽悠官”。发布会上，基于海洋仿生学的物理抗菌防污技术Sharklet被介绍给公众。罗永浩称，Sharklet技术可能是目前全球唯一一种通过纯物理微结构实现抗菌防污的技术，它可应用于多种材料表面，其灵感来自于鲨鱼的皮肤结构。Sharklet技术的发明人Anthony Brennan博士是国际著名的材料工程学家、美国海军研究所项目专家、佛罗里达大学终身教授，也是Sharklet Technologies公司的创始人，公司成立于2007年。罗永浩称，最初他是帮助小野电子烟解决烟嘴问题时接触到了这家公司，一不小心成了Shakerlet的全球合伙人和“首席忽悠官”。据投中网报道，在这家公司背后还有一名叫做周立武的浙江商人。周立武是一名活跃的企业家，他最广为人知的商业事件是，今年3月，他将一家亏损10亿元的A股公司兴源环境转让给了新希望的刘永好。2017年，Sharklet被一家来自中国杭州的医疗器械投资公司收购，随后周立武进入了Sharklet董事会，并担任董事兼CEO。而正是周立武的加入，让这家公司转向了消费者市场。由周立武牵线，罗永浩被介绍给了Sharklet Technologies公司。罗永浩说，最初接触这个项目时，他的第一反应是“这是一个精巧的骗局”。但经过市场调研，这家公司有三个地方打动了他：一是技术上的新奇独特之处；第二是商业上的潜力；第三是创造的社会价值。据罗永浩介绍，这项高科技技术落地的领域首先是医疗领域。他称，鲨纹技术对任何“超级细菌”都有用。“一切进嘴的都可以用”，他们已经在和企业合作使用鲨纹技术的高端抗菌筷子，最早明年开始投入市场。其余的领域比如体育用品、旅行箱、冰箱冷藏室、表带，乃至情趣用品都会陆续开发推出。在发布会之前，从11月12日到11月20日，罗永浩曾连发14条微博，公开询问他的粉丝们是否认识一些公司的管理层。他提到的公司覆盖了母婴、运动、冰箱、旅行杯、卫浴、牙刷、情趣用品、键盘鼠标、医用硅胶、牙科医疗、皮具、家装壁纸、隐形眼镜、玩具、餐具等诸多领域。现场，罗永浩直言不讳，称这次发布会本质上就是一个招商大会，甚至称Sharklet Technologies公司是to B公司中市场做得最好的。他还透露，发布会现场来了140多家品牌商，“成本完全可控，提供完善的一体化解决方案支持，欢迎相关行业的人找我们联系。”03老人与海毫无意外，在发布会结束后，许多人对罗永浩开启了冷嘲热讽模式。有人称对罗永浩彻底失望；有人说罗永浩终于找到了自己的商业模式——为不同的公司进行营销宣传，发挥自己的营销天分；也有人称，这是一场典型的会议营销：通过消费者的认可和呼声倒逼供应商进行合作；还有人对其为高科技企业背书表示不理解：这种公司明显风险太大。这次发布会的主题“老人与海”，全场发布会听完后，观众会豁然开朗。这是一个跟海明威小说毫无关系的名称：老人指已经70岁的Anthony Brennan博士，海则是指技术取自鲨鱼。当然，情怀牌还是要打。在发布会最后，罗永浩播出了自己团队为Anthony Brennan博士拍摄的纪录式预告片，里面讲述了《老人与海》的故事，并称自己被Anthony Brennan博士最打动的一段话是：“我们一定要赢，因为我们是唯一的纯物理方式，这也许是唯一不导致超级细菌的方式。如果他们赢了，这世界会和超级细菌陷入永无休止的战争，所以我们一定要赢。”这句话很像他在做锤子手机时说过的一句话：“我的努力很可能失败，但好产品一定要赢。 ”在这次发布会上，罗永浩看起来远没有之前会上的精神抖擞。不是疲惫，而是一种能被看出来的情绪平静，甚至是低落。这对见识过罗永浩式发布会的人来说会有不小的落差。在此之前的发布会，他充满激情，容易亢奋。他解释自己今年主要在“加班加点努力工作、还钱、创业”。11月，他在微博透露，自2018年下半年出现经营危机以来，锤子科技最多欠了银行、合作伙伴和供应商约6个亿的债务，为了挽救公司，“我签了个人无限责任担保的1个多亿”，为了不让债权方和投资者失望，他选择扛着6个亿的债务，没有让公司破产清算。罗永浩称，在过去10个月内，他们已经还掉了3个亿左右的公司债务，他个人也以各种方式筹款帮公司还了其中的数千万。如果抛开罗永浩是否在用理想主义和情怀来实现商业目的的争论，如前文所说，罗永浩是一个有天分的“脱口秀演员”，他的走红也正是因为他的这项能力，甚至他曾经称，“我个人赚钱最快的方式，是做脱口秀，一年可以到7000万到1个亿。”但他还是选择了更难的事情，也是他更热爱的事情：去做手机、做产品。而就在不久前，他在微博上称，他仍会回来继续做手机——只是时间未卜。像每个创业者一样，他在失败之后必然需要经历重新调整、重新出发，甚至他的好友黄章晋曾担心过他会不会自杀。如同《老人与海》的故事一样：老人独自出海八十五天，与一条大鱼搏斗三天，最后那条鱼被鲨鱼吃得精光，而老人一无所获地回到家中。如果每个人的命运都如西西弗斯一样反复推着石头上山，不认命又何尝不是一种选择？而这次发布会的结尾是，在走出体育馆的大门后，一名创业者正在向罗永浩公司的工作人员询问：“能否帮我转达下老罗是否可以帮帮小罗？因为再过两年，我一定会得诺贝尔经济学奖。”他告诉燃财经，他今年26岁，构想中的产品比罗永浩刚刚发布的新技术要震撼1000倍。*题图为燃财经摄影，文中部分图片来源于网络。
黎晓亮个展“北京公寓”开幕 用iPhone记录人间百态,新酷产品第一时间免费试玩，还有众多优质达人分享独到生活经验，快来新浪众测，体验各领域最前沿、最有趣、最好玩的产品吧~！下载客户端还能获得专享福利哦！新浪数码讯 12月4日消息，随着手机影像的发展，手机已经成为了很多人拍照的第一选择，也有越来越多的专业人士接纳和包容手机摄影，2019 年 11 月 29 日至 2020 年 3 月 29 日，艺术家黎晓亮的个展“北京公寓/ Peking Apartments”在特别项目空间举办。展览以黎晓亮自 2015 年至 2019 年用手机创作的长期摄影项目《北京公寓》为名，为公众首次呈现获国际摄影奖 Fine Art Photography Awards（FAPA）的系列作品。黎晓亮，知名的时尚摄影师，一直使用 iPhone 4 到 iPhone 11 Pro 来记录画面，本次展出的《北京公寓》聚焦时尚行业中外籍高薪模特在北京群租公寓时的个人生活。她们大多来自东欧或俄罗斯，由于签证时限和忙碌的商业活动，在北京短暂生活并离开。与工作肖像一同遗留在这个城市的，是她们在群租公寓中留下的生活痕迹——贴满剪报的墙壁、缺少螺丝而倒转的门牌号、散落内衣和眼影盘的床铺……黎晓亮将 iPhone 摄影的照片汇集成《孤独星球》一书，把手机对准世界各地正在玩手机的人们，拍下了不同国度、不同种族、不同地域、不同职业形形色色的玩手机的人。值得一提的是，在展览上还能通过AR 技术重现作品的动态画面，用 app “艺心动”对着这些作品，画面就会在手机屏幕里动起来，获得一段影像，还原拍摄的照片背后的故事。不可否认的是，手机摄影越来越被大众所接受， iPhone优秀的拍照算法，成像素质，也让shot on iPhone 成为一种现象级标签。对于摄影而言，拍照设备不断变化，但记录人间百态的需求和作品要表达的内核一直没变。每个作品背后动容的故事才是我们更要关注重点，手机摄影的便携快速也让记录变的更容易。
用了抑菌材料做的背包，就不会感染疾病吗？,新酷产品第一时间免费试玩，还有众多优质达人分享独到生活经验，快来新浪众测，体验各领域最前沿、最有趣、最好玩的产品吧~！下载客户端还能获得专享福利哦！本文来自公众号丁香园12 月 3 日晚，某‘黑科技发布会’上出现了一款用抑菌材料制作的背包和行李箱。根据发布会内容，产品材料采用了一种依靠表面纹理抑制细菌污染的技术，通过超微结构抑制细菌粘附、定植和形成生物膜，从而降低感染风险。根据发布会上展示的一份检测报告，这种材料可以让大肠杆菌表面接触污染下降率 94%，对金黄色葡萄球菌的表面接触污染下降率为 95%，对铜绿假单胞菌的表面接触污染下降率为 95%。此外，发布会开头还引用了许多关于微生物耐药的数据来证实人类抗感染事业的维艰与重任。那么问题来了，用抑菌材料做的书包或行李箱，使用者就不会感染疾病了吗？恐怕事情并没有这么简单。首先绕不开的是杀菌和抑菌定义的区别。根据《抗菌和抑菌效果评价方法 WS/T 650—2019》，抑菌指的是采用化学或物理方法抑制或妨碍细菌生长繁殖及其活性的过程，杀菌则是杀灭或清除传播媒介上一切微生物（包括细菌芽孢）。因此，抑菌并不一定意味着无菌。其次，微生物具有以下几种传播途径：飞沫传播（接触带有病原体的分泌物），直接传播（接触受感染的个人），间接传播（接触受污染的物品），空气传播（接触在空气中生存的微生物），粪-口传播（接触受污染的食物或水源），载体传播（接触带有病原体的载体），母婴传播。根据发布会内容，这种材料主要阻断的是间接传播（接触受污染的物品），并不能够阻挡病原体的其他传播途径。此外，就算书包是抑菌的，我们生活中还能接触到太多表面存在细菌的物品，我们依然生活在一个到处都是微生物的环境中。上一秒摸完表面抑菌的书包，下一秒又摸了摸久未消毒的门把手，接着去揉眼睛或者吃东西——门把手上的细菌该传播，还是会传播的。要真的避免‘病从口入’，做好手卫生是更实用的做法。当然，这并不是否认这一抑菌技术的作用。事实上，已经有研究尝试将这类材料应用于医疗领域，如中央静脉导管、导尿管、伤口敷料等。该技术材料的官网产品也主要展示的是医疗领域的应用。然而，不同于医疗领域中大部分材料都是一次性使用，生活化场景中的物品往往是反复使用的。除了前文提到的书包和行李箱外，发布会现场提到的应用还包括公交拉手、马桶坐垫、健身房等日常使用频率极高的场景。既然这一技术抑菌的关键在于材料表面的物理特性，那么在日常生活的长期暴露，就意味着接触充满灰尘、颗粒、液体的环境，这些将会如何影响材料的表面特性？是否存在影响材料功能的可能性？此外，既然是表面的膜片，就难免要多问一句磨损的问题。毕竟，景区里也没少见到佛脚都被摸秃噜了的金身大佛……虽然发布会现场暂时没有提及这方面的信息，但根据发布会内容，这种材料技术已经面世数年。因此，我们用关键字去某购物网站搜到了一款使用相同技术、其他公司的手机壳产品。据称采用同一抑菌技术的手机壳产品在这款产品的商品描述中，确实也提到了定期清洁和避免剐蹭表面的问题。最后，只能再次引用发布会现场的一句话，‘信则有……’就算用了抑菌材料做的书包，如果真的遇到病原体感染，该病还是会病的。真的生病了，也记得赶紧去医院看病遵医嘱治疗，可别听人瞎说……致谢：本文经苏州大学附属儿童医院药剂科主管药师 周密 专业审核原标题为：用了抑菌材料做的背包，就不会感染疾病吗？可能对细菌有些误解……
努比亚红魔将推出首款双模5G游戏手机 搭载骁龙865,新酷产品第一时间免费试玩，还有众多优质达人分享独到生活经验，快来新浪众测，体验各领域最前沿、最有趣、最好玩的产品吧~！下载客户端还能获得专享福利哦！据红魔电竞手机官方消息，努比亚红魔将推出首款双模5G游戏手机——红魔5G，搭载高通骁龙865移动平台。官方表示，你的超神搭档，首款双模5G游戏手机——红魔5G，正乘风而来！海报中显示，红魔5G将采用高通骁龙865移动平台，支持SA/NSA双模5G，官方表示是首款双模5G游戏手机。关于红魔的5G游戏手机的发布日期，官方还没有正式宣布。在今日早间的高通骁龙技术峰会上，高通官方正式推出骁龙765、骁龙765G和骁龙865三款全新的移动平台。据了解，高通骁龙865将外部搭载X55 5G基带，采用了第5代AI引擎，支持了HDR10+，5G网络方面则是支持mmWave毫米波， Sub 6 GHz， CA， DSS，独立和非独立组网。高通骁龙865的AI性能达到了15 TOPS，是上代的两倍，支持 8K30帧或者是64MP 4K视频拍摄，最高支持200 MP的相机。
小米10首发骁龙865 王腾：有信心让小米6钉子户换机,新酷产品第一时间免费试玩，还有众多优质达人分享独到生活经验，快来新浪众测，体验各领域最前沿、最有趣、最好玩的产品吧~！下载客户端还能获得专享福利哦！在今天凌晨的高通骁龙技术峰会上，小米宣布下代旗舰小米10将会全球首发骁龙865处理器。有网友在微博询问小米公司产品总监王腾：小米10能让小米6钉子户换机吗？王腾回复称：有信心。小米6可能是迄今小米最成功的旗舰机，被称为小米“一代神机”，该机作为一款2017年的旗舰，如今仍然有大量用户，这些用户也被成为小米的“钉子户”，该机外观漂亮，并且运行依然流畅如初，尤其是升级MIUI 11后，因此如果没有更加吸引人的新机，用户很难找到理由换机。小米10方面，官方称该机将全球量产首发骁龙865处理器，后者目前详细的信息还未公布，只知道支持SA、NSA双模5G、2亿像素摄像头，图形性能比上一代提升25%，支持30fps/8K或64fps/4K视频拍摄。
超长寿者携带特殊T细胞,来源：科技日报日本理化学研究所（简称“理研”）生命医科学研究中心和庆应义塾大学医学部一个联合研究团队发现，超长寿者（110岁以上）的血液中携带很多“CD4阳性杀伤性T细胞”。这一发现有助理解免疫与衰老和长寿之间的关系，从而为预防免疫性衰老、延长健康寿命作出贡献。此次，研究团队直接采集了7名110岁以上的超长寿者和5名50—80岁老人的血液，从细胞水平解析了血液中的免疫细胞构成。结果发现，与50—80岁的人相比，在超长寿者的血液中，相当于免疫系统指挥塔的T细胞的构成发生了显著变化，尤其是通常只少量存在的CD4阳性杀伤性T细胞，在超长寿者血液中的存在比例很高。另外，团队还发现，具备特定类型受体的T细胞发生了克隆性增殖。T细胞主要有两种亚型，分别是帮助其他免疫细胞的“CD4阳性辅助T细胞”和杀死癌细胞等的“CD8阳性杀伤性T细胞”。而本次研究发现，超长寿者携带的杀伤性T细胞不仅有普通的CD8阳性杀伤性T细胞，还包含大量人类血液中本应很少存在的“CD4阳性杀伤性T细胞”。另外，对其他研究团队公开的20—70多岁人群的血液数据进行分析也发现，具备这种特征的T细胞非常少，所以CD4阳性杀伤性T细胞在超长寿者体内呈特异性增加。相关论文已发表于最近的美国《国家科学院院刊》网络版上。（来源：日本科学技术振兴机构）
探索“蛇曲”的“脚印”之谜,来源：中科院之声先来说说“蛇曲”。首先，“蛇曲”不是蛇，“蛇曲”的“蛇”是名词作形容词，表示其修饰对象具有弯弯曲曲的蛇一样的形态；“曲”则是藏语中河流的通称。顾名思义，“蛇曲”就是一种河流，它具有弯弯曲曲的平面形态特征。“蛇曲”的学名叫弯曲型河流或蜿蜒型河流，这里推荐《中国国家地理》总编单之蔷先生2011年的一篇文章《有一种风景叫“蛇曲”——寻找中国最弯曲的河》。单先生从感叹中国古诗中没有吟咏蛇曲的诗句开篇，提出现如今的大量航片卫片为我们现代人欣赏蛇曲提供了视角。单先生用优美的文笔配以大量漂亮的航空影像和出色的摄影照片，介绍了蛇曲在中国的分布情况，还简要介绍了自由河曲和嵌入式河曲这两种不同类型的蛇曲。总之，“蛇曲”即弯曲型河流，它具有迂回曲折的平面形态特征和蜿蜒蠕动的动态特征。然后我们来说说“脚印”。小小的脚印蕴含大大的道理，相信你也看过一些通过脚印破案的侦探故事。其实在刑侦领域有门学问叫足迹学，足迹专家们能够快速地根据事发现场的脚印，对嫌疑人的身高、体重、年龄的范围等基本信息进行判断。另外，远古动物的脚印可能形成化石，古生物学家可以通过生物足迹的化石分析生物自身的大小以及当时的环境。“脚印”当然是由“脚”或者是穿着鞋的‘脚’，留下的印记。“蛇曲”当然没有脚，但你看看下图，这是美国密西西比河的一段，密西西比河是比较典型的弯曲河流，看它在冲积平原上留下的那些印记，是不是很像一些记录着岁月往事的“脚印”呢？骑过马的人可能尤其会觉得，冲积平原上好像分布了很多“马蹄印”呢！比如要是我来给这些印记命名，我很可能就会称它们为“马蹄铁湖”，不过它们早已经被称作牛轭湖了。牛轭，是牛耕地时套在牛颈上的曲木，现在知道的人应该不多了，但当时为牛轭湖命名的人应该是亲尝过农耕的艰辛和收获的喜悦吧。牛轭湖，其实就是“蛇曲”弯头发生颈口裁弯后废弃的旧河道。表明上看来，这些牛轭湖被“蛇曲”废弃了，其实在发生大洪水的时候，它们还是和主河道“藕断丝连”。牛轭湖和一些河流改道形成的河迹湖，都是重要的动物栖息地，具有不可替代的生态价值和旅游观赏价值。比如内蒙古的乌梁素海，就是黄河改道后留下来的河迹湖，是中国的八大淡水湖之一，也是地球同一纬度最大的湿地，素有“塞外明珠”之美誉。单先生在《有一种风景叫“蛇曲”——寻找中国最弯曲的河》中配那些图主要是为了说明弯曲河流好看，所以他没有给出图像的比尺以及河流的流向。那么，我们在欣赏“蛇曲”卫片的时候，是否可以判断出河流的流向呢？近日，中国科学院地理科学与资源研究所陈东研究员课题组与美国伊利诺伊大学香槟分校的专家在《美国科学院院刊》上发表文章，提出弯曲型河流平面形态能够隐藏的其流向信息。科研人员分析了全世界20个基本不受人类活动干扰的典型“蛇曲”河段，发现小曲率弯道倾向于出现偏向下游的扭曲，而随着弯道向大曲率“蛇曲”发展，上游扭曲则越来越占居主导地位。特别是对一些颈口裁弯形成的牛轭湖来说，统计结果表明其84%都出现了偏向上游的扭曲。所以，通过观察大多数河湾和牛轭湖的扭曲方向就能判断河流的流向。其实早在1955年，就有人在飞机上观察大地上的“蛇曲”，并发现了发育到晚期的弯头具有偏向上游扭曲的趋势。下面这张图贴出的就是当时阐述这一现象的文章全文。当然，50年代的河流地貌学的理论还不完善。弯曲河流的迁移和演化是水、沙、植被以及其他复杂因素共同作用的结果，河湾之所以能从微弯发展到“蛇曲”，从向下游扭曲发展到向上游扭曲，并最后留下“脚印”，是能够在微观上通过河流动力学理论加以解释和说明的。我们的研究并没有止步，下一步科研人员计划探索一下火星上的古河流平面形态。怎么样，是不是很有意思？如果你感兴趣，不妨也来加入我们，一起学习河流地貌学吧！
魅族17将首批搭载高通骁龙865 2020年春季见,新酷产品第一时间免费试玩，还有众多优质达人分享独到生活经验，快来新浪众测，体验各领域最前沿、最有趣、最好玩的产品吧~！下载客户端还能获得专享福利哦！北京时间今天上午，魅族科技官方在微博表示，魅族17手机将首批搭载高通骁龙865处理器，将于2020年春季正式发布。官方表示，一起奔5G，魅族17将首批搭载高通骁龙865，2020年春季见。关于魅族17的更多细节还有待官方正式公布。今天清晨，高通骁龙865处理器正式亮相，搭载了X55 5G基带，采用了第5代AI引擎，支持了HDR10+，5G网络方面则是支持mmWave毫米波， Sub 6 GHz， CA， DSS，独立和非独立组网。高通骁龙865的AI性能达到了15 TOPS，是上代的两倍，支持 8K30帧或者是64MP 4K视频拍摄，最高支持200 MP的相机。
成为“首席忽悠官”？罗永浩的新身份和“求生之路”,原标题：‘重新定义’罗永浩来源：Tech星球“首席忽悠官“——这是罗永浩的新身份。12月3日晚，锤子科技黑科技发布上，罗永浩开始为他的新身份服务，sharklet Technologies全球合伙人、“首席忽悠官”，他要做的是，向普通用户和企业，推介一款基于鲨鱼皮肤结构的抗菌技术——Sharklet鲨纹防菌材料。如罗永浩所说，这场发布会，俨然一场“招商大会”，理想主义者罗永浩寻求变现的步伐正在明显加快。“我们刚刚经历了上限制名单，虽然想办法下来了，才得以飞到北京来。”罗永浩说，自己当时还在珠三角的工厂里。在开始正式内容前，罗永浩仅简要回应了 “限制消费”事件，和以往不一样，没有过多的寒暄和解释，迅速进入主题，讲起了黑科技。坚果手机被字节跳动打包收购后，罗永浩的做了7年的手机梦被搁置。6亿外债逼迫下，罗永浩做了许多尝试，发布聊天宝、入局电子烟、卖呼吸机，而这一次，罗永浩则是带着有关鲨鱼的故事，试图打赢翻身之仗。“首席忽悠官”罗永浩临上场前一个小时，发布会的PPT还在更改。按照惯例，罗永浩依旧重新定义了开场时间“七点半”，直到晚上7点48分，才姗姗来迟。这场发布会的预热从11月13日就已经开始，罗永浩微博、公众号等社交媒体渠道上，开始寻找母婴、瑜伽垫、冰箱、旅行杯、包括情趣用品品牌，就连此前他曾挥起大锤砸门的西门子都列在其中。外界早已打上一串又一串的问号。直到12月3日，谜底才真正揭开。简单地说，Sharklet鲨纹防菌材料是一种纯物理抗菌的新材料，罗永浩合作公司手握这项专利技术，可以将这项技术投入更多的商用场景，包括医疗领域、生活消费品等。也就是说，罗永浩做起了B端生意。实际上，罗永浩所提的Sharklet本身就是一家主要面向B端厂商的医疗技术公司，2007年成立于美国佛罗里达州。2017年被一家位于中国杭州的医疗器械资产公司——Peaceful Union收购。早期，罗永浩试图为小野电子烟找到防菌抑菌材料，改造烟嘴，与Sharklet联系上。种种原因下，谈成合作。按照罗永浩的说法，达成的合作是，“技术由他们（Sharklet）负责，产品研发我的团队（锤子科技）负责，忽悠我负责。”首批投入生产外售的是书包和旅行箱，根据发布会介绍，后续还会有瑜伽垫、筷子、以及情趣用品。这场发布会承担的职责就是，为这项技术找到更多的合作品牌，即为“招商大会”。从此前罗永浩公布的数据来看，锤子科技仍拖欠大小供应商3亿元款项，在发布会上，罗永浩也直言，商业潜力我也是非常在意的，我先把我那些可怜的债主们解决了。无可避免的，在锤子科技岌岌可危，屡屡面临破产，陷入泥潭的2019年，罗永浩需要讲讲近况，“我很好，其实你可能想不到我真的很好，我正在加班加点的解决这个事情（锤子科技欠款）。。。。。。每天努力工作创业还钱，就做这些东西。”罗永浩‘消失’的这一年2019年，罗永浩仅有过两次公开露面。一次是年初，社交产品聊天宝发布会上，罗永浩为其站台。另一次在2月27日，罗永浩现身温州某微商大会，外界一度将其看作是罗永浩为5万酬劳而站台，尽管该微商创始人后续曾出面解释称是“朋友帮忙”。对罗永浩和锤子科技来说，2019年都是极为特殊的一年。这一年，锤子科技濒临破产，罗永浩曾透露，锤子科技欠款最高时，共拖欠大小供应商6亿外债。这是罗永浩“手机梦”付诸实践7年来，付出的代价之一。坏消息从1月开始传出，字节跳动收购锤子部分业务定音。字节跳动回应称：“收购了锤子科技部分专利使用权，将探索教育领域相关业务。”后续的结果是，锤子科技失去了坚果手机软硬件团队，换句话说，很长时间内，罗永浩都不能发售手机。4月，罗永浩改变创业方向，投身电子烟行业，担任电子烟“小野”科技合伙人，电子烟品牌“小野”面世。好景不长，11月1日，烟草专卖局、国家市场监督管理总局发布《关于进一步保护未成年人免受电子烟侵害的通告》，明确规定，各类市场主体不得向未成年人销售电子烟，敦促电商平台及时关店铺下架商品，小野和其他电子烟品牌一样，在钢丝上跳舞，随政策而摇摆，随时面临“夭折”危险。一位锤友告诉Tech星球，他很明确的感受是，今年有接近三个月的时间里，罗永浩微博发布内容只与宣传有关，过去喜爱“战斗”的罗永浩收起了棱角。卖身字节跳动九个月后，坚果手机即将推出新品的消息流出。10月4日，罗永浩发微博称，“手机业务和坚果品牌已经转让，10月份举办的坚果手机发布会，和自己没有关系了。”于是，坚果手机新品发布会上，罗永浩首度缺席，锤子科技二号人物朱萧木也只是坐在台下，从此前的参与者变换成了一名观众。而目前，坚果手机和锤子手机系统SmartisanOS变更完成，最终接盘的是北京大眼星空科技有限公司，后者由字节跳动投资的公司100%持股。随后送罗永浩登上热搜的是”限制消费事件“，罗永浩“差点成为老赖”。根据天眼查信息显示，11月3日，丹阳县法院发布限制消费令，因欠江苏辰阳电子有限公司370万元被列入限制高消费人员名单。锤子科技及罗永浩被限制高消费。同时，还可以看到，从2019年5月开始，罗永浩先后出质35次股权。罗永浩在微博长文《一个“老赖”CEO的自白》中回应道，“虽然过去的10个月一直在跟时间赛跑，而且跑的其实挺好，但还是上了法院的限制消费令名单，即所谓的‘老赖’名单，我的创业过程算是相当完整了。”直到11月26日，罗永浩归还第一期款项100万元，法院解除了对他和锤子科技的限制消费令。黑科技发布会上，罗永浩笑称，如果限制消费令没有被解除，他可能坐硬座来参加发布会。理想主义的挽歌“今天的考题有点超纲”，发布会现场有人调侃，罗永浩上了一趟生物课。向来被称“科技圈春晚”的罗永浩发布会开始变得专业化，罗永浩从谈科技变成了科普科学知识，观众席中，甚至有人打起了瞌睡。罗永浩做科技企业创业以来，发售的始终是面向C端的产品，而现在，在鲨纹材料加持之下，留给罗永浩簇拥者们的，只有定价499元的儿童背包和定价1999元的旅行箱。“不卖，用不上”，一位资深锤友表示。想来实用主义的锤友们未必能为罗永浩的新产品买单，但他们仍然支持罗永浩充满理想主义的崭新创业史。发布会当天，全国各地的锤友们开起了线下观影会。单是山西太原，就开了两场，一场在100人次，一场20余人次。锤粉周肆觉得“很亲切”，“非常愉快”，抛开聊天宝不说，这是时隔一年之后，罗永浩和锤子科技的首场发布会，他相信罗永浩所讲的“造福人类”。锤子科技过去被看作是一家“发布会驱动”的公司，尽管他们有极为固定的粉丝人群罗永浩对手机的偏执，锤子科技众多商业决策的失误导致了锤子难逃小众怪圈。反观黑科技发布会，罗永浩请来143+家，包括母婴、医疗器械、健身器材、家电、皮具配饰、口腔护理的品牌方，而在科技圈，能将招商大会打造得如此具有话题与关注度的，恐怕也只有罗永浩一人。在黑科技发布会现场，他将Sharklet鲨纹形容为，既有商业价值，又能创造社会价值并被认可创造了社会价值，看起来，这是罗永浩理想主义光环下，极优的创业选项。哪怕在急于还债的当下，罗永浩仍然想体体面面地挣钱。但外界对罗永浩向来多有质疑，尤其是，罗永浩发布了一种看不到实物，“信就有，不信就。。。。。。也有”的黑科技材料，“忽悠”之声四起。大众是否愿意为黑科技概念付费，目前还很难说。在过去一年，无论是发布集合大量利诱行为的聊天宝、还是火速入局电子烟风口，都能看到罗永浩寻找快钱的痕迹。罗永浩也承认，为了尝试，做了很low的聊天宝，想赶紧把钱还了。Sharklet鲨纹作为一项技术，成了罗永浩手里的万能遥控器，看起来，这项技术能与多个行业领域进行结合，创造巨大的商业想象空间。但这个遥控器是否能正常按动，则取决于企业是否愿意信赖罗永浩的黑科技，并为此买单。罗永浩曾在采访中说过，我从来不觉得理想主义和金钱之前有什么不可调和的矛盾，一般说来，能力够的人是可以调和得很好的。急着还钱的罗永浩，在理想主义和金钱的再一次摇摆中，又会调和得怎么样？
魅族17安排：全球首批搭载骁龙865 支持双模5G,新酷产品第一时间免费试玩，还有众多优质达人分享独到生活经验，快来新浪众测，体验各领域最前沿、最有趣、最好玩的产品吧~！下载客户端还能获得专享福利哦！12月4日消息，高通骁龙865在夏威夷亮相。随后魅族科技宣布了2020年旗舰魅族17，它将是全球首批搭载骁龙865旗舰平台的机型，于2020年春季发布。明年是魅族17周年，作为年度旗舰，魅族17将支持SA、NSA双模5G，这是魅族首款双模5G旗舰，也将是魅族史上最强大的旗舰。关于魅族17的细节，目前暂时还不得而知。从16th开始，魅族一直在使用上下对称、无刘海无挖孔的全面屏方案，16th、16th Plus、16s、16s Pro等都是类似的设计方案。尚不清楚魅族17是否也会引用这种全面屏形态，也有可能会采用新形态，比如即将成为新趋势的挖孔屏。性能方面，骁龙865图形性能比上一代提升25%，高通还表示将为手机游戏引入更多桌面级功能，值得期待。此外，骁龙865平台配合骁龙X55调制解调器实现了对5G网络的支持，为下一代旗舰终端提供更强的连接与性能。官方介绍，骁龙865最快速度可达7.5Gbps，远远高于当前5G网络的峰值速度。更重要的是，骁龙865搭载第五代AI引擎，每秒15次运算能力是上一代骁龙855的两倍。而更快的AI引擎意味着将为智能手机带来更高级的摄影以及更快的实时翻译等功能。总而言之，魅族17值得期待。
三年8亿 B站拿下英雄联盟全球总决赛独家直播版权,原标题 三年8亿，B站拿下《英雄联盟》全球总决赛独家直播版权记者 郑超前电子竞技的赛事到底能值多少钱？B站给出了自己的答案。12月3日，据《新京报》报道，弹幕视频网站B站以8亿元价格拍得《英雄联盟》（以下简称：LOL）全球总决赛中国地区三年独家直播版权。其他参与竞拍的企业还有快手、斗鱼、虎牙等国内一些直播平台。尽管官方尚未有公开声明，但B站内部人士已经向界面新闻记者确认了这一则消息。这不是B站首次涉猎电竞行业。早在2017年，B站就在原IMay电子竞技俱乐部的基础上组建了Bilibili Gaming（简称：BLG）电子竞技俱乐部《英雄联盟》分部；同时，B站也在2018年成为了LPL官方合作直播平台。成功进入了国内最热门的电竞职业联赛后，B站还将眼光放到了海外。10月，B站又宣布与休斯顿火箭在电竞领域达成战略合作，成为了旗下电竞俱乐部CG的官方合作伙伴；11月，B站正式成立战队“Hangzhou Spark杭州闪电队”参加《守望先锋联赛》。终于，B站这次拿下了全球范围内热度最高的电子竞技职业联赛——《英雄联盟》全球总决赛。根据拳头官方公布的数据，2018年《英雄联盟》全球总决赛独立观众数量达到了9960万，同时在线人数峰值达到4400万，平均分钟收视人数为1960万。尽管2019年《英雄联盟》全球总决赛的数据尚未曝光，但根据国外媒体Esports Charts统计的数据，S9总决赛国外观赛人数是上一年的1.8倍，达到了370万人。而在国内，斗鱼直播平台观看FPX和G2总决赛的观众总热度超过了2000万，虎牙直播平台的总人气值也超过了6000万。不仅如此，2020年，第十届《英雄联盟》全球总决赛将再次来到中国上海，这势必再次引起中国观众的狂欢。毫无疑问，B站绝对能在未来三年通过《英雄联盟》全球总决赛获得庞大的关注度。这无疑是其获得电竞用户最直接、最快捷的手段。事实上，这次拍卖的价格在业内并未创下新高。2018年，据SportsBusiness的报道，在首届《守望先锋》联赛开赛前一日，游戏视频直播流媒体Twitch宣布与暴雪签订了一份价值9000万美元、为期两年的合作协议，正式成为除中国之外，《守望先锋》联赛OWL在全球所有其他国家和地区的独家第三方直播合作机构。协议中提到，Twitch将直播两个赛季的OWL比赛，包括常规赛季、季后赛和总决赛，直播语言支持英语、韩语、法语三种语言。而在2016年，拳头游戏官网也宣布与BAMTech——棒球大联盟和迪士尼拥有的流媒体技术公司达成合作伙伴，并签署了一系列的合约。据外媒报道，这份合约要求BAMTech在2023年间要支付最低3亿美金给拳头游戏，作为回报，BAMTech将获得《英雄联盟》的直播权。相比之下，B站8亿元买下《英雄联盟》全球总决赛三年独家直播版权的价格尽管不低，但也不算高，相比热门传统体育更是还有巨大差距。比如，今年7月，腾讯体育以15亿美元的天价买下了NBA在中国5年的独家版权。但无论如何，这笔拍卖意味着电子竞技商业化的增长有了更多可能性。
"罗永浩风采依旧 但靠""鲨纹""招商却难吸引观众",原标题 “老人与海”发布会罗永浩风采依旧，靠“鲨纹”招商却难吸引观众来源 Bianews作者 志平“我很好，真的非常好，除了加班加点解决债权方以外。”2019年12月3日，罗永浩在微博上预告了将近半个月的“老人与海”发布会如期开幕。许久未露面的老罗依旧迟到，依旧和观众有说有笑。这场发布会被老罗安利了挺长时间，但老罗连要发布什么都没有通知粉丝。不过，看过发布会之后才意识到，或许是怕打击部分观众的积极性……新材料是唯一主角发布会的主角不是此前外界猜测的马桶盖、床垫等等实物，而是新材料——鲨鱼纹理材料，简称“鲨纹”。在正式介绍这种新材料之前，老罗用了将近半个小时的时间讲述了材料发明者布伦南教授以及他的公司与锤子科技的相识、相知并让罗永浩最终加入的故事。简单来说就是布伦南教授通过研究鲨鱼皮发现其纹理不仅可以防附着还有极好的防菌性能，而关键原因就在于材质纹理的特殊性。而罗永浩则是因为想要解决小野电子烟烟嘴的卫生问题而了解到这家公司，并从今年春天开始与其频繁接触。在罗永浩的介绍中，sharklet的发展也比较坎坷，虽然融到过钱也做出过样板片，但由于在美国缺少将这种材料降低成本并商业化的供应链，最终在缺钱少粮的情况下被中国公司收购并最终和罗永浩搭上了线。根据罗永浩的讲解，这个材料的特殊之处在于其纹理的排列以及其中微米级的沟壑。这种特性使其在细菌难以附着的情况下，即便有一些细菌附着在上面也是掉落在沟壑中，微米级的沟壑也使得细菌裂变增殖的方式变得极其困难。但罗永浩表示，这种材料并非仿制鲨鱼皮，而是从其中获得的灵感，材质的名称也由此而来，即上文提到的“鲨纹”。罗永浩介绍称，一个完整的“鲨纹”材质有2微米宽，3微米高，大小相当于发丝的五十分之一。老罗对这家公司算是一见如故，深度考察之后成为了这家公司的全球合伙人，并将这种材料带到了中国。老罗押注这一材料的底气在于其广泛的应用场景，医疗、公共、生活、餐饮、母婴等等领域的塑胶件都是这种材料绝佳的试验田。目前，医疗是其重点商业化的领域，比如导尿管。此外，还有奶嘴、瑜伽毯等。当然，选择了sharklet之后，老罗也不会甘于只是推销现有的产品。除了奶嘴、瑜伽垫会较早上市以外，明年春天还将上市与双枪合作的筷子。不过，粉丝更早能拿到手的是锤子科技推出的全面使用新材料的儿童书包（地平线8号抗菌儿童背包）和旅行箱（地平线8号铝镁商务旅行箱）。其中，地平线8号抗菌儿童背包有青红黄紫四种可选项，售价499元，预售价399元。地平线8号铝镁商务旅行箱售价1999元，预售价1699元。两者均在发布会当晚开售，明年1月发货。另外……还有新材料制作的情趣用品（无图）。重点是老罗对于这场发布会，老罗有一个清醒的认识：“我们这是一个招商会。”的确，发布会开始后的近一个小时内，老罗都是在讲解新材料的前世今生，并畅想一下未来，顺便还为广大观众上上生物课。“没听懂他在卖啥”是当时相当一部分观众的感受，这也不难理解，一个如此专业的产品，讲解起来本就很枯燥。老罗也承认这种产品“看不见，摸不着”，想要感受到它只能是“信则有，不信则无”。无论老罗此前一年都遭遇了什么，开发布会、做营销还是他的拿手好戏，但即便这样，面对新型材料这种产品，老罗还是有些使不上劲。具体表现就是，台下稀稀拉拉的掌声和全场没有太多次的笑声。以至于，老罗要靠上厕所、情趣用品、大保健之类的荤段子来调动气氛，在此前的硬件发布会上这可是极少出现的情况。当然，也不只是这一种方式，为了让观众更直观的感受到这种材料的“神奇”之处，罗永浩也搬来了电子显微镜和激光笔，让纹理变得清晰可见。也许，在C端的消费者看来，一个高大上且看上去能改变世界的新材料远没有一个消费电子品来的刺激。不过，招商也是老罗此行的目的之一，该介绍的还是要介绍，不能只照顾自己的粉丝。不过，对于老罗今天的表现，依然有不同的声音存在。有现场观众对鞭牛士表示，这是他目前为止看到了罗永浩状态最好的一场发布会，没有演示事故，没有PPT错字，不像此前发布会那样给人一种很赶的感觉。状态从容，流程顺畅。关键，笑点也很密集。如果罗永浩此次发布会给了大部分现场观众这种感觉，至少能证明一点，即老罗对这个材料以及相关产品有极强的信心。这种信心来自于他以个人IP为背书的营销能力和对国内供应链的信心和资源把控，毕竟这种材料在美国没有成功商业化才被他给“捡漏”。同时，也能证明老罗寻找新产品并将其孵化的眼光和能力。老罗离开手机行业投身到新材料之中，来自供应链的压力也比之前小很多，除了欠钱，他现在似乎没有其他短时间无法解决的问题了。但是，也有人将这场发布会称作老罗个人的“直播带货”，并质疑所谓99.9%抑菌并不是灭菌，这种营销话术就像当年的舒肤佳……此外，也有声音质疑材料的耐磨性。不过，老罗对类似声音一直比较坦然。事实上，做手机属于ToC业务，老罗耿直甚至偏执的性格和做派很容易得罪消费者，但这次是ToB，和消费者存在一定的距离，虽然现场效果可能并不如之前理想，但只要讲到位把货推销给企业用户就可以了，并不像ToC业务那样顾忌太多的旁枝末节。只不过，要是再想通过产品膜拜老罗，大概就只能叼着奶嘴背着童包抚摸着情趣用品来怀念曾经的那个龙哥了。不管怎么说，今年尤其不顺的罗永浩还是活蹦乱跳的出现在了观众面前。为了还债权人的钱也好，为了改变世界也罢，至少他自己在发布会结束的时候说：“我很好，真的非常好。”
蓬佩奥竟撰文要欧盟禁用华为 中方：他非常像祥林嫂,原标题 蓬佩奥竟撰文要欧盟禁用华为 中方：他非常像祥林嫂参考消息网12月4日报道 美国国务卿蓬佩奥近日竟然在美国政治新闻网站刊文称，欧洲国家不能将关键基础设施的控制权交给华为、中兴等中国企业。中国外交部发言人华春莹对此表示，蓬佩奥先生现在的行为举止，非常像祥林嫂，而且唠叨的都是有毒的谎言。据俄罗斯卫星通讯社12月3日报道，在3日的中国外交部例行记者会上，有记者提问，美国国务卿蓬佩奥近日在美国政治新闻网站上发文说，欧洲国家不能将关键基础设施的控制权交给华为、中兴等中国企业，中方对此有何回应？华春莹回应称：“你知道中国现代著名的作家鲁迅，他有篇小说叫做《祝福》，里面有个人物叫做祥林嫂，她总是喋喋不休地唠叨着同样的话题，我看蓬佩奥先生现在的行为举止，非常像祥林嫂，只不过祥林嫂唠叨的是一些无害的废话，而蓬佩奥先生唠叨的都是有毒的谎言。”华春莹说：“蓬佩奥先生称，华为涉嫌窃取德国、以色列、英国等国的知识产权，但是我们问了无数次，美方无数次回避这个问题，因为他根本拿不出答案，迄今为止没有任何一个国家、任何一个公司、任何一个人能够拿出确凿的证据证明华为对他们构成了安全威胁。”发言人强调：“中国从来没有，也不会要求企业或者个人以违反当地法律的方式，通过安装‘后门’等形式为中国政府采集或者提供位于外国境内的数据、信息和情报，中方已经多次申明这一点。”华春莹最后指出：“如果让我要作一点回应的话，那就一句话，拿出证据来。”
Alphabet新任CEO皮查伊:公司结构和日常运作不受影响,新浪科技讯 12月4日上午消息，Alphabet发布消息称，谷歌CEO桑达尔·皮查伊（Sundar Pichai）将会取代拉里·佩奇（Larry Page）成为Alphabet CEO。21年前，佩奇与谢尔盖·布林（Sergey Brin）创建谷歌，后来二人渐渐变成公司的“公众人物“，佩奇退位意味着这一角色的淡化。同时，Alphabet新任CEO皮查伊向全体员工发出了一封公开信，在信中他强调，这一变化对Google的日常运作几乎没有影响。“我想清楚地说，这种过渡不会影响Alphabet的结构或我们日常的工作。我将继续非常关注Google，以及我们为扩大计算范围并为所有人构建更有用的Google而进行的深入工作。”Pichai写道。“与此同时，我对Alphabet以及长期致力于通过技术应对重大挑战感到兴奋。”以下是公开信原文：大家好：几周前，我在东京拜访我们的谷歌员工时，我向他们提到了谷歌这些年的变化。事实上，在我工作于谷歌的这15多年里，我看到，唯一不变的恰是不断变化。不断发展的过程——用两位创始人的话来说：“兴奋中夹杂着不适应”——是定义谷歌性格的一部分。当各位看到拉里（Larry Page）和谢尔盖（Sergey Brin）刚刚发布在我们博客上的帖子后，你们一定会更加认同这翻陈述。拉里和谢尔盖分享的主要信息是：虽然一直以来参与公司的日常管理是莫大的荣幸，但我们相信，是时候该承担起父母的角色——提供建议和爱，而不是日常唠叨！如今，Alphabet已经成熟，谷歌和其他冒险作为独立的公司，也在有效运作。这正是我们简化管理结构的良机。当我们相信有更好的公司管理方式时，我们从不犹豫放手去尝试。而Alphabet和谷歌也不再需要两位首席执行官和一位总裁。未来，桑德尔·皮猜（Sundar Pichai）将同时担任谷歌和Alphabet的首席执行官。他是谷歌的负责人，带领谷歌向前发展，也是Alphabet的投资管理者，管理Alphabet在其他公司中的投资。我们始终致力于谷歌和Alphabet的长期发展，也将继续以董事会成员、股东和联合创始人的身份积极关注公司发展。此外，我们也计划继续定期与桑德尔交流，尤其是在我们感兴趣的话题上！我在2004年第一次见到拉里和谢尔盖。从那时起，他们的指导和洞见一直影响这我。好消息是，我将继续与他们合作——虽然我们各自的角色发生了一些改变。但他们仍然会以董事会成员和联合创始人的身份，为我、为公司提供建议。我想告诉大家，这一变化不会影响Alphabet的结构或者我们的日常工作。我会继续专注于谷歌，专注于我们为拓展计算机边界开展的工作，专注于为所有人打造一个更加有帮助的谷歌。与此同时，Alphabet和其致力于使用技术解决重大挑战的长期目标，也让我深深着迷。两位创始人的努力，赋予了我们每一个人改变世界的难得机会。感谢他们的努力，我们拥有永恒的使命，恒久的价值观，以及协作与探索的文化，让日常工作充满意义。是他们奠定了坚实的基础，而我们将继续添砖加瓦构建高楼大厦。未来令人兴奋，我也无比期待与各位共同前进。 (小白)
网易暴力裁员引关注 企业裁员应如何兼顾各方诉求,原标题：企业裁员应如何兼顾各方诉求来源：法制日报导读：近日，网易“暴力裁员“一事引发舆论普遍关注。近两年来，劳动争议案件数量有所增长，主要矛盾大都集中在裁员上。企业与员工解除劳动合同时，应在刚性法律和人文关怀之间如何平衡？企业变相裁员会面临哪些风险？被裁员工又该如何维护自身合法权益？本期“声音版”邀请有关学者、实务工作者和企业相关人士对此进行探讨，敬请关注。本期嘉宾：姜 颖(中国劳动关系学院教授)蔡文聪(深圳市盐田区劳动人事争议仲裁员)牛海峰(深圳某企业人力资源副总裁)沈斌倜(北京中闻律师事务所合伙人)毕晓旬(河南吾衡律师事务所律师)张 瑜(北京某互联网公司运营总监)法律是平衡劳动关系双方利益的基本标尺□ 姜 颖近日某知名互联网公司解除患病劳动者一事备受各方关注。劳动关系协调中的难题跃然于大众眼前：一边是希望减员增效的企业，一边是身患疾病的劳动者。在法律与道德、理性与感情上可能各方都有自己的评判，但在市场经济条件下，劳动关系领域利益冲突问题的解决还是应回到法治轨道，而劳动合同法是平衡劳动者和企业利益最规范的，也是最好的标尺。企业遇到经营管理困难或遇到特定情形需要解除劳动合同时，劳动合同法提供了协商一致解除、劳动者非过失性解除和经济性裁员三种不同的途径来均衡劳动者和企业之间的利益关系。在劳动关系中，企业享有用工管理权限，享有经营利润并承担经营风险，而劳动者在企业指挥管理下提供劳动，其原则上不分享经营利润也不承担经营风险，依据这一风险和利益均衡的市场逻辑以及劳动关系对劳动者生存保障功能的考量，劳动合同法对上述三种解除都有较严格的前提限定。同时，考虑到企业通过解除劳动合同减轻了负担获得了相应利益，解除劳动合同后劳动者的生存可能遇到困难，以及防止用人单位滥用解除权等因素，现行法同时规定了企业在上述情形下解除合同应支付劳动者经济补偿金。此外，解除合同时提前通知工会也是对企业必要的监督和对劳动者的保护。因此，在推进全面依法治国和劳动法治化的背景下，企业的用工行为应当依法依规进行。解除劳动合同对劳动者影响较大，往往极易产生争议，企业更应高度重视，严格遵守法律规定，以体现企业规范管理水平，有效防止用工法律风险。需要注意的是，现行法律规定的经济补偿金标准只是法律规定的底线标准，并不排除双方可以根据实际情况进行协商，如果双方平等协商达成了超过法律规定的经济补偿金的支付标准，既不违法，更不构成犯罪。就企业解除患病劳动者一事而言，很多人对被裁员工的遭遇抱以极大同情，对企业也不无指责。但也有人为企业鸣不平，认为这种情况下如果不能解除合同，企业就将成为福利机构。那么，企业到底能不能与患病劳动者解除劳动合同？劳动的特殊性在于其内在于人本身，人在生病的情况下，其劳动力将无法正常提供。此时劳动关系双方将陷入利益冲突之中：一方面是企业正常经营对合格劳动力的需求，另一方面是劳动者因病无法劳动时的生存保护和希望劳动关系继续存续的需要，两方利益发生碰撞。现行法从企业社会责任、劳动关系双方的照顾保护义务、继续性合同履行障碍的特殊规则等出发设计了病假医疗期制度，即劳动者在病假医疗期内，企业不得解除劳动合同，可以支付比正常工资低的病假工资；病假医疗期满后，如果劳动者不能从事原工作或调整后的工作，企业则可以解除劳动合同。从这个规则体系来说，既不存在企业一直养着患病劳动者的法律难题，也不存在劳动者一患病就被扫地出门的道德困境，劳动法规则的实质和作用是在努力平衡企业和劳动者双方的利益。由于企业的情况千差万别，劳动者的情况也各不相同，特别是劳动力内在于人本身这一特性很难用明确的标准来度量，所以除了通过上述刚性的规则平衡二者利益外，劳动合同法还引入了一定的需要进行合理性判断的规则，如“不能胜任工作”“客观情况发生重大变化”“不能从事原工作”“生产经营发生严重困难”等，这些原则性规定莫不是上述思路的表达。人不是机器，劳动力不是产品，在刚性的规则之上，劳动法的运用还需要柔性的落实和安排。在遇有类似劳动者患病等情形时，考验的不仅是企业的法律水平，更是对企业文化和道德的拷问，双方应充分沟通和换位思考，在相互理解的基础上进行合理性考量，如果双方因立场不同，出现了合理性认知的分歧，那么中立第三方也即裁判者的合理性判断则是最终的标准。劳动法不仅包含理性的刚性规则，也饱含人性的光辉和温暖。回归劳动法的规则，以法治思维和法治方式去解决劳动者和企业之间的利益冲突，可能才是必由之路。企业解除合同应合理合情合法□ 蔡文聪在实际工作中我遇到的劳动仲裁案件，多为企业以调整岗位为由变相解除员工劳动合同。其实，法律对调整员工工作岗位是有严格要求的，依据《广东高院、广东仲裁委关于审理劳动人事争议案件若干问题的座谈会纪要》，用人单位调整劳动者工作岗位应符合以下四种情形：调岗是出于用人单位生产经营需要；调岗后员工工资水平与原岗位基本相当；调岗不具有侮辱性和惩罚性；无其他违反法律法规的情形。只有符合上述情形，员工才不能以单位擅自调整其工作岗位为由要求解除劳动合同，并请求用人单位支付经济赔偿。如果调整岗位后薪酬大幅缩水，其实就涉嫌变相解除劳动合同。当然在实际处理此类争议时，仲裁机构还要结合其他材料来综合考虑。总的来说，我们坚持的一个原则就是企业解除员工劳动合同要合情合理合法，同时兼顾公平公正。如果企业的确面临经营困境或者因为重大业务调整，需要大规模裁减人员的，那么无论是依据劳动法的相关规定，还是为了确保裁员有序平稳推进，企业都应提前向工会或者全体员工说明情况，听取他们的意见，并就裁减人员方案向劳动行政部门报告，从而妥善处理相关问题。(本报记者马树娟采访整理)HR要做好企业员工沟通桥梁□ 牛海峰近两年来，国内劳动争议案件数量有所增加。每年临近年底时，也不排除一些企业出于减少年终奖开支的考虑而恶意裁员，很多劳动争议纠纷也由此引发。在这些行业中，互联网行业的裁员现象尤为引人关注。互联网行业是资本聚集的行业，在资本的助推下，互联网公司为了快速占领市场，会在短期内大批量招聘员工，一旦经营遇阻也就面临大量裁员的问题。总的来说，企业要建立完善的人力资源制度，构建起良好的企业文化，这些制度文化贯穿于员工招聘、日常管理、解除合同等全流程中。企业形成良好的文化往往需要数年之功，而一旦在裁员问题上处理不好，很可能将前期辛辛苦苦构建起来的企业文化和良好声誉毁于一旦。如果企业的确遭遇了经营困境，或者因为技术革新面临业务转型等问题，那么作为企业人力资源部门，要切实做好企业和普通员工沟通的桥梁，而非单纯站在企业的角度，生硬地将员工一开了之。如果沟通到位，让员工充分知晓自身或者企业当下面临的问题，动之以理、晓之以情、诉之以法，一般情况下员工都是能够接受的，即使没有拿到劳动法规定的补偿，也不会对企业和人力资源管理者心生愤懑；而HR如果态度生硬粗暴，则即使依据法律给到了员工相应的补偿，也可能使员工心生不满，甚至引发负面舆情。(本报记者马树娟采访整理)变相裁员易引发道德法律风险□ 沈斌倜变相裁员，是用人单位采取软裁员的方式，如调岗，降薪，恶意绩效考评，或不安排工作岗位等，迫使员工主动辞职，从而避免劳动合同法的一些规定和补偿，其实质就是裁员。遭遇变相裁员的员工往往无法或很难得到解除劳动合同经济补偿金，在仲裁诉讼中也因为搜集证据不足面临败诉风险。目前互联网行业裁员现象多发，不过与其他行业相比，变相裁员的方式大同小异。变相裁员不是正常的人力资源管理手段，尽管从表面看能为企业节省一部分解除劳动合同的经济补偿金，但容易引发道德风险和法律风险、丧失员工信任，影响到在职员工的信心和工作积极性。变相裁员一般也会使多名员工的工作处于不稳定状态，容易引发大规模集体劳动争议，影响社会和谐，也对企业的正常经营造成影响。劳动合同法规定劳动合同的变更，应当经过协商一致或者符合法定的情形，劳动者的工作岗位、工作内容以及工资待遇受劳动合同法的保护，如果没有法定情形，只要劳动者不同意变更劳动合同内容，用人单位强行变相裁员，很容易引发法律风险。不过一般情况下，离职员工在公司里处于比较弱势和被动的地位，掌握的法律知识也很有限，只能依据自己的认知去跟公司交涉谈判。为了保障自己的合法权益，一旦出现纠纷，建议其及时寻求专业律师的帮助，在法律的框架内依法维权。不胜任工作也不能直接解除□ 毕晓旬从2018年开始，多家互联网公司出现裁员现象，就此次网易与员工解除劳动合同而言，这并不是法律意义上的经济性裁员，而是在经济放缓、业绩压力增大情况下，企业为了减员增效而采取的措施。实践中，企业解除劳动者合同时，有协商一致解除的，有优化组织架构采取客观情况发生重大变化处理的，也有企业给员工穿小鞋、抓辫子，逼着员工辞职的。网易事件透露出来的是以员工绩效不达标，不胜任工作所做的处理，但从法律角度讲，以这一理由解除员工劳动合同也要遵循相关法律规定：首先，患病或非因公负伤，处在医疗期内的员工，不能适用不胜任工作解除劳动合同的法律规定；其次，企业如证明员工不胜任工作，需要证明其经过培训或调岗后仍然不胜任工作。同时，公司要有明确的考核标准、考核程序，否则绩效不合规不一定就是不胜任工作。所以，实践中的末位淘汰规定和以不胜任为由直接解除合同的做法都是违法的。员工在面临这种情况时，要理性对待，应仔细了解企业解除劳动关系的原因、依据，必要时可以固定一些证据，比如电子邮件、微信聊天记录、录音等，把企业真正解除劳动关系的原因固定下来，防止企业通过穿小鞋、抓辫子，以严重违纪进行处理。另外，应当及时向法律专业人士寻求帮助，及时通过劳动仲裁、劳动监察等方式维护自身合法权益。坚持良善是解除合同基本准则□ 张 瑜对于公司来讲，裁掉性价比不高的员工，是甩掉自身包袱的一个快捷措施。然而面对昔日的战友、伙伴，一个活生生的有思想有情感的人，公司必须做好相关工作。笔者认为：第一，必须依法办事。现在是法治社会，互联网行业的从业者大多是学历较高、懂法懂理的年轻人，面对公司单方面解除劳动合同的行为，大家心里都有一个法律的准绳。如果公司无视法律，无视人权，那么必然会引起大家的不满，不仅仅是被离职员工，在职员工也会对自己所在的公司失望，造成优秀人才的流失。第二，离职谈话，必须有理有据、情理结合，注重对方感受，给足人文关怀。你面前的人，他(她)的其他身份可能是父母、可能是子女、丈夫妻子，他们都有各自的生活责任。优秀的HR或管理者，会尽量站在员工角度，在保证公司战略正常进行的前提下为员工尽可能地争取利益。同时，也让员工尽量理解公司的行为，和平友好地与公司解除合约。或许在未来某个时候，他们还可能回来为公司服务。第三，善后工作要多方位持续进行。很多公司觉得把人解雇了就万事大吉，其实这时很有可能给自己在行业里埋下隐形炸弹。我看到圈里做得较好的公司领导或HR，会私下给被离职员工推荐机会。还有的公司会建立离职员工群、邀请离职员工回来参加公司活动等。这些举动虽然看起来细小，却很暖心。毕竟在这偌大的世界里，在这残酷的职场竞争中，有人默默地记得你，是一件很温暖的事情。世界很大，圈子很小，坚持良善对于公司和员工来说都是最基本的准则。相关链接网易裁员事件：11月下旬，一名网易被裁员工发文称，公司在得知自己患病后，采取了一系列不公正的操作，包括恐吓、跟踪、保安暴力驱赶等。此文引起社会广泛关注后，网易先后两次就此事发布声明进行道歉，11月29日，双方达成和解。11月27日，又一位网易前员工发文称，自己因“顶撞上级”被劝退，还被启动竞业限制，造成生活陷入困境，不过媒体援引一位接近网易内部的知情人士称，该员工系主动申请离职。
"惠普戴尔指英特尔""拖累""其发展 PC芯片格局恐生变？",新酷产品第一时间免费试玩，还有众多优质达人分享独到生活经验，快来新浪众测，体验各领域最前沿、最有趣、最好玩的产品吧~！下载客户端还能获得专享福利哦！本文来自钉科技尽管近两年PC市场增速明显放缓，甚至有一些人调侃PC行业为“夕阳产业”，但是行业每年仍有着超过2亿台的市场需求。因此来看，PC行业仍有着较大的换新需求。而在今年三季度PC市场也迎来了久违的反弹，根据Canalys公布的数据显示，2019第三季度PC市场总出货量达到7086.1万台，相比2018年同期有着4.7%的增长。不过，增长的趋势恐难持续。因为近期，PC市场中芯片主要的供应商英特尔一直被产能不足问题所困扰着。对此，英特尔在近期也因自身问题导致发货延迟对产业表示歉意，但这并没有缓解终端厂商们的压力。近日，惠普和戴尔发布了新一季度财报。从财报来看，两家营收方面的表现较为一般，两家都表示英特尔的缺货正在影响着公司的部分业务。在分析师电话会议上，戴尔副董事长Jeffrey Clarke表示：“英特尔CPU短缺比上个季度更加严重，这种短缺正影响着其商用和高端消费PC在第四季度的出货量。”惠普则是表示，对供应短缺的担忧，并认为这将制约其当前财季的销售，也就是包括为期两个月的节日购物季。其公司首席财务官Steven Fieler回答分析师提问时称，从第四季度到第一季度会比正常周期有所下降，而与利润相比，对营收的影响更大。不难看出，英特尔产能不足问题已经开始影响到了终端厂商的业务发展以及公司的财务状况，随着英特尔产能问题的持续，不仅对于行业来说将造成影响，自身也将迎来更大的挑战。一直以来，英特尔在PC芯片市场有着掌控力，但随着产能问题的出现，与合作伙伴的关系难免受到影响。惠普方面在新一季度的财报电话会议上表示，“希望通过更好的产品组合调节去缓冲，以挽救公司的利润。”这对于AMD和高通来说或许是个继续扩大PC芯片市场占比的机会。今年以来AMD就凭借性价比的策略拓展市场份额，并且在部分市场已经取得了不错的成绩。根据德国最大的PC零售商之一MindFactory公布的10月份CPU处理器的销售统计报告显示，当月AMD处理器目前在MindFactroy占据着多达78%的份额，3.5倍于Intel。而这并非个例，来自韩国渠道商的统计显示，今年第三季度，AMD处理器的销量历史上首次超过了英特尔，双方份额分别是51.3%和48.7%。并据了解，目前AMD已经与联想建立起了全新的YES产品线，该系列产品将全部采用AMD的芯片，随着AMD不断发力以及英特尔产能不足的持续，AMD或会持续获得更多厂商的青睐。高通虽然在PC市场的发展不算顺利，但是随着5G时代的加速到来，其在5G方面的积累，已经让它展现出了一定的优势。今年高通推出的全新的骁龙8cx 5G计算平台，芯片采用了高通骁龙X55 5G调制解调器，这也让骁龙8cx也成为了全球首个实现商用的5G笔记本芯片组。骁龙处理器在笔记本上相比传统PC芯片，凭借其低功耗所带来的超长续航、联网待机等特点，让其成为了5G时代轻薄本的最佳选择之一，目前也有部分厂商与其建立了相关的合作。随着5G相关技术的不断成熟，英特尔受困于产能不足，高通可能凭借其在5G方面提前布局的技术优势，进一步扩大自己在PC市场占比的可能。AMD一直希望在PC芯片市场实现突破，如今已经有了不错的收获。高通虽然一直表现不佳，但是越挫越勇凭借5G方面的优势在PC芯片市场也有了一定的声量，随着英特尔产能问题的持续，或许PC芯片市场将迎来一次较大的变动。
Alphabet前CEO告别信：Google不是一家传统公司,新浪科技讯 北京时间12月4日上午消息，周二Alphabet发布消息称，谷歌CEO桑达尔·皮查伊（Sundar Pichai）将会取代拉里·佩奇（Larry Page）成为Alphabet CEO。21年前，佩奇与谢尔盖·布林（Sergey Brin）创建谷歌，后来二人渐渐变成公司的“公众人物“，佩奇退位意味着这一角色的淡化。随后，拉里·佩奇和谢尔盖·布林向谷歌和Alphabet全体员工发出了一封公开信，原文如下：拉里·佩奇和谢尔盖·布林告别信“谷歌不是一家传统的公司。我们也无意成为一家传统的公司。在谷歌作为一家私有公司的整个发展过程中，我们以别样的方式管理着谷歌。我们强调创造和挑战的氛围，这样的氛围帮助我们向所有依赖我们服务的用户提供没有偏见、准确且可自由访问的信息。”我们相信，这些核心原则在今天依旧适用。谷歌不是一家传统的公司，我们仍将不断大力投资新的技术，在Alphabet的架构下，更是如此。创造和挑战一如既往，并越来越多地应用于各种领域，比如机器学习、能源效率以及交通运输。尽管如此，谷歌的核心服务——提供没有偏见、准确且可自由访问的信息——仍旧是我们公司的核心。但是，自第一封《创始人致信》发布以来，谷歌已经发展壮大并日渐成熟。在谷歌，除了搜索之外，我们还有各种各样受市场认可的消费者服务，比如谷歌地图、谷歌照片和YouTube；还有依托Android和Chrome平台的全球设备生态系统，包括我们自己的谷歌制造设备；以及谷歌云，包括GCP和G Suite；当然还有一系列基于机器学习、云计算和软件工厂的基础技术。数十亿人选择在他们的日常生活中使用这些产品，这是我们的荣幸，谷歌也将不断努力，不负这份信任和责任。2015年，谷歌展开结构重组，成立新的Alphabet公司。2015年的《Alphabet成立公开信》中写道：“Alphabet代表着以强大的领导和独立性而蓬勃发展的企业。”从那以后，数百名凤凰城的居民乘坐着Waymo汽车——大多没有司机——穿梭在市内。Wing成为美国第一家向消费者提供商业交付服务的无人机公司。Verily和Calico通过与其他医疗保健公司的大量合作，正在开展重要的工作。我们的一些“其他冒险”也各自拥有具有独立成员的董事会和外部投资者。这些只是我们在Alphabet结构下成立的科技公司的几个例子。除此之外，我们还有投资子公司GV和Capital G，这些公司更是投资支持了数百家公司。连同谷歌的服务一起，这些构成了在各个行业对技术进行投资的多彩画卷。但我们的目的只有一个：帮助人们，同时应对重大挑战。“谷歌诞生于1998年。若换成是一个人的话，TA应该在去年夏天（8月19日）开始上小学，到今天的话，应该已经读完一年级了。”而在2019年的今天，这位名叫的“谷歌”的人，将是一位21岁的年轻人，正要离开学校走向社会。虽然一直以来参与公司的日常管理是莫大的荣幸，但我们相信，是时候该承担起父母的角色——提供建议和爱，而不是日常唠叨！如今，Alphabet已经成熟，谷歌和其他冒险作为独立的公司，也在有效运作。这正是我们简化管理结构的良机。当我们相信有更好的公司管理方式时，我们从不犹豫放手去尝试。而Alphabet和谷歌也不再需要两位首席执行官和一位总裁。未来，桑德尔·皮猜（Sundar Pichai）将同时担任谷歌和Alphabet的首席执行官。他是谷歌的负责人，带领谷歌向前发展，也是Alphabet的投资管理者，管理Alphabet在其他公司中的投资。我们始终致力于谷歌和Alphabet的长期发展，也将继续以董事会成员、股东和联合创始人的身份积极关注公司发展。此外，我们也计划继续定期与桑德尔交流，尤其是在我们感兴趣的话题上。每天，桑德尔都以他的谦逊和对技术的浓厚热情影响着我们的用户、合作伙伴和员工。他与我们一起工作了15年之久，从Alphabet的成立，到谷歌的首席执行官，再到Alphabet董事会成员。他与我们一样，对Alphabet结构的价值，以及Alphabet带来的利用技术解决重大挑战的能力，充满信息。自Alphabet成立以来，没有谁比桑德尔更值得我们倚重，也没有谁比桑德尔更适合带领谷歌与Alphabet走向未来。我们非常感恩，一个小小的研究项目，可以发展为数十亿人的知识和赋权之源。当我们两人还是斯坦福学生的时候，我们尝试了一个小小的冒险，如今这个小小的冒险开枝散叶，延伸到更多其他的技术冒险。1998年，当我们把服务器从宿舍搬到车库的那一刻，我们未曾想到，未来如此壮阔。(小白)
