辽宁男篮官方发布趣味海报 今晚将对阵浙江队,北京时间12月4日晚，CBA常规赛第13轮浙江稠州银行队主场迎战辽宁本钢队。在后场双枪邓蒙和吴前的引领下，浙江队最近取得3连胜势头正猛，而辽宁队在上轮主场击败天津队的比赛中7人得分上双，全队大部分球员的状态都有回升。由于双方在常规赛被分在同一小组，因此要进行主客场共4场比赛，常规赛第七轮双方在杭州的首次交锋中，辽篮凭借末节的一波流逆转取胜，本轮双方再次相遇，辽篮将力争终结对手的连胜。双方近况：浙江队上轮主场迎战吉林队，双方前三节展开对攻之势，场上比分交替领先且并未完全拉开。进入末节决战，程帅澎连打两次2+1并飙中三分球，邓蒙、吴前也连连开火。凭借最后一节的出色发挥，浙江以127-110大胜吉林。赢得3连胜后，浙江队以6胜5负暂居积分榜第8位。据最新消息，曾在NBA费城76人效力的内线球员阿内特-穆特里，今晚将抵达中国后前往浙江队试训。无论他是否能够成功加盟球队，都会给浙江队现有外援尤其是大外援西尔文-兰兹博格制造一定的压力，有可能刺激后者的临场发挥。辽宁队上轮主场迎战天津队，辽宁首节就强势出击赢得17分的领先优势。此后三节比赛，双方的局势保持了相对均衡。最终辽宁队凭借首节奠定的优势，以123-109击败天津队。此役获胜后，辽宁队以8胜4负排名积分榜第5位。预计双方先发：浙江：邓蒙、吴前、程帅澎、朱旭航、张大宇辽宁：郭艾伦、赵继伟、史蒂芬森、李晓旭、韩德君球队数据：浙江稠州银行与辽宁本钢历史上共交手54次，浙江10胜44负，主场9胜18负。本赛季常规赛第七轮双方第一回合交锋，辽宁队客场122-114击败浙江队。2019-2020赛季常规赛场均数据对比过去5场常规赛交锋数据对比主要球员数据：浙江稠州银行：吴前：本赛季场均出场34分钟，可以得到16.5分4.2篮板4.1助攻。朱旭航：本赛季场均出场32分钟，可以得到11.7分5.5篮板1.4抢断。马库斯·邓蒙：本赛季场均出场40分钟，可以得到32.2分4.4篮板7.5助攻。兰兹博格：本赛季场均出场32分钟，可以得到21.1分8.1篮板2.4助攻。辽宁本钢：郭艾伦：本赛季场均出场33分钟，可以得到18.8分3.5篮板5.3助攻1.8抢断。韩德君：本赛季场均出场29分钟，可以得到15.3分10.5篮板1.6助攻。兰斯·史蒂芬森：本赛季场均出场36分钟，可以得到26.4分7.3篮板4.3助攻。布兰登·巴斯：本赛季场均出场31分钟，可以得到20.2分7.6篮板1.8助攻1.1抢断1.3盖帽。里程碑类数据：韩德君CBA生涯得分总计为5247分，位列CBA历史得分榜第41位，距离第40位的张成（5259）还差12分。距离第39位的罗纳德·兰多夫（5275）还差28分。李晓旭CBA生涯抢断数总计为459次，位列CBA历史抢断榜第47位，距离第46位的陈磊（463）还差4次。郭艾伦CBA生涯抢断数总计为552次，位列CBA历史抢断榜第30位，距离第29位的孙杰（553）还差1次。本文数据部分著作权归CBA及虎扑所有，转载请注明出处，违者必究。[CBA官方数据支持：贝泰科技]
WCBA第5轮-广东加时险胜江苏 北京大胜浙江,北京时间12月3日 2019-20赛季WCBA联赛第5轮拉开战幕，卫冕冠军广东加时99-93险胜江苏，夺走开局五连胜。凭借李梦全场贡献的21分9个篮板8次，八一客场击败上海；另外，北京、山西、四川、山东、新疆、内蒙古、天津女篮，均战胜对手斩获了胜利。江苏93-99广东本场比赛，江苏5人得分上双，查尔斯30分12篮板8助攻，梁嘉美17分，陈晓佳15分6篮板5助攻，金维娜15分5助攻，孙丽12分7篮板；广东3人得分上双，鲍尔斯37分9篮板，杨力维21分4篮板7助攻，李月汝16分5篮板。上海66-84八一本场比赛，上海女篮1人得分上双，叶莲娜32分15篮板，马玉芳6分4篮板，潘雪梅5分；八一队3人得分上双，李梦21分9篮板8助攻，王雪朦18分6篮板，金佳宝12分5篮板。北京98-70浙江本场比赛，北京5人得分上双，麦考万26分11篮板，王珵珵16分5助攻，董静娴12分，高颂11分8篮板7助攻，史秀峰10分，邵婷8分4篮板4助攻；浙江4人得分上双，黄嘉丽16分4篮板，张敏14分4篮板，万济圆10分，娜塔莎10分5篮板6助攻。山西85-49武汉本场比赛，山西3人得分上双，坎贝奇28分11篮板，刘佳岑14分5篮板，于东14分4篮板4助攻；武汉只有1人得分上双，邓睿洁14分，哈里斯9分8篮板，哈文茜9分。大庆72-97四川本场比赛，大庆2人得分上双，邹启佳27分5篮板，纪妍妍21分5助攻，凯恩6分7篮板；四川同样2人得分上双，帕克34分11篮板，张亚楠20分10篮板，陈晓菊9分5篮板5助攻。河北70-73山东本场比赛，河北3人得分上双，道森27分13篮板，郇欢10分7篮板6助攻，黄品蓁10分8篮板9助攻；山东同样也是3人得分上双，曹君伟20分4篮板5助攻，扎慧17分12篮板，杨衡瑜13分。陕西78-94新疆本场比赛，陕西3人得分上双，普莱桑斯27分17篮板，裴悦20分，厉金俊11分9篮板；新疆5人得分上双，王丽丽21分9篮板4助攻，布朗18分5篮板，王思雨17分8篮板7助攻，韩旭16分6篮板，刘彤仪12分11篮板。福建69-116内蒙古本场比赛，福建2人得分上双，邦尼19分11篮板，陈财金11分，刘灵菲7分；内蒙古6人得分上双，霍华德25分12篮板，吴爽13分4篮板，程凤13分，韩梦怡12分6助攻，张绮芳11分4篮板，魏伟10分6篮板。河南56-78天津本场比赛，河南3人得分上双，张茹16分4篮板，成琦13分6篮板，蔡亚飞11分4篮板；天津2人得分上双，卢卡斯33分11篮板，彭诗晴21分9助攻，陈晓华7分4篮板。（苦文）
林书豪砍新高却自省:知道自己是CBA失误最多的,北京时间12月3日，林书豪在今晚拿下了CBA生涯新高的36分，但在赛后采访书豪却反而“检讨”了自己一波，他表示知道自己是整个CBA失误最多的，正在努力适应和调整。（DD）
13+14防守肉眼可见的强 他能让北京硬起来吗？,CBA联赛第12轮，北京反客为主以109-86击败广州。本场比赛，北京队的替补外援尤度首次代表球队出战，他出战35分钟，11投5中得到13分14篮板3抢断1盖帽的数据。虽然从数据上看，尤度的首秀有些中规中矩，但他在比赛中展现出的战术作用，尤其是防守端的强悍作风，还是让球迷眼前一亮的。在第一节还剩5分钟的时候，尤度替补林书豪出场，第一次登场的他或许是还不太适应比赛节奏，又或者是与队友的配合还有些生疏，在进攻端并没有展现出他曾经作为欧冠MVP的个人能力。特别是在第二节的一次进攻中，林书豪的传球精确地找到了内线站好位置的尤度，但这位大个子在篮下近在咫尺的抛投，竟然打了铁，浪费了队友无私的助攻……虽然进攻端还有些没找到状态，但尤度在防守端所展现出的却是颇具威慑力的护筐能力。半场结束前，他送给对手一记血腥大帽就很好的说明了这一点。而在尤度的防守压力下，对手小外援塞克斯在一次进攻回合中，连续两次篮下上篮都没能把球放进篮筐，更是将尤度的防守能力展现得淋漓尽致。同时，尤度冲抢前场进攻篮板的态度也十分积极，即便是面对包夹的情况下，也能很聪明的将球拨给篮下的队友常林，后者接到球后顺利打中一个2+1。而当比赛来到第三节，一方面北京队大比分领先对手，比赛也几乎已经失去了悬念；另一方面，经过两节比赛与队友的磨合后，尤度也逐渐找到了比赛节奏，并开始在进攻端串联起了球队。有一次当他接到队友的传球后，第一时间击地传给套边的林书豪，要不是后者的上篮被对手用犯规阻挡了下来，这又会是北京队一个非常经典的进攻配合。北京队的内线问题向来是制约球队实力更进一步的关键掣肘，此前球队一直启用的白人大外援汉密尔顿，虽然有着不错的个人进攻和策应能力，但相比之下还是有些偏软。而球队之所以选择尤度，显然也是希望能通过他的强硬球风，给球队带来不一样的变化。我们期待这位头顶欧冠MVP光环的大外援，能给北京队带来最急需的提升。（豪斯）
主帅谈豪尤组合:尤度防守强悍 书豪进攻没的说,北京时间12月3日，CBA常规赛第13轮，北京首钢客场109-86大胜广州，新援尤度迎来CBA首秀。尤度本场得到13分14篮板3抢断的两双数据，主教练雅尼斯赛后发布会评价道：他一直是我们队的一员，他给球队带来强悍的防守，他是聪明的大个子。我们清楚地知道他的特点，时间会是他的朋友，时间会让他知道CBA是如何打的，队友也会帮助他融入联赛。他内线的防守和进攻威胁，对于我们来说是很大的不同。对于他来说，这是一场好的比赛。此外，雅尼斯还在赛后评价了林书豪的表现：林书豪今天打得很好，他防赛克斯防的很好，关于进攻就不用说了，比赛分数说明一切，我很高兴球队这样的防守和在进攻端的分享球。（新体）
翟晓川总得分达4175分!CBA历史得分榜再上一位,北京时间12月3日，北京客场109-86战胜广州，翟晓川本场比赛拿下15分，生涯总得分来到4175分，升至CBA历史总得分榜的第67位。（DD）
36分创纪录！14罚全中！别再质疑书豪进攻能力,本场比赛，林书豪出战36分钟，16投10中，得到36分8篮板6助攻4抢断0失误的完美数据。而36分的得分，也刷新了书豪来到CBA以来的个人得分纪录。比赛一开始，林书豪就展现出了出色的竞技状态。他在上一场面对广东队时，炙热的外线手感似乎也延续到了这场比赛中。整个第一节4投4中，三分球两投两中的100%命中率，让他高效的拿到了10分。不光如此，他在进攻中全面的个人能力，也是让对手有些难以招架，一个假动作变相甚至还晃倒了贴防他的对手核心后卫陈盈骏。而林书豪作为一名CBA外援，最难能可贵的是他有着出色的领袖意识，而不是一味的凭借自己的个人能力在进攻端刷分。每当他看到机会更好的队友时，都能无私而又精准的将球给到队友手中。在一次进攻回合中，林书豪刚运球过半场，就看到篮下的翟晓川出现了空当，他立刻将球吊给了队友，后者在无人防守的情况下轻松将球打进。林书豪半场出战18分钟，高效的拿到20分4篮板6助攻的数据，不光如此，他的投篮命中率高达78%，8次出手仅投丢了一个三分球。林书豪几乎只用半场的时间，就率领北京队击溃了主场作战的广州队。但或许是大比分领先后，球队的心态出现了松懈。从第三节后半段开始，广州队的进攻开始有了起色，而北京队也陷入了得分荒，此消彼长之下，主队也把分差从36分追到了20分以内。这时又是林书豪为北京队站了出来，他连续的带球突破进攻，又将北京队领先的局面稳定了下来。纵观整场比赛，林书豪打球给人印象最深刻的就是“合理”和“拼搏”，是他的机会绝不手软，机会不好林书豪很少选择蛮干。14次被侵，14罚14中，里程碑之夜，其实每一分都是拼出来的，这样的表现，不应该再受到质疑。在如今的这支北京队中，林书豪已经成为了毋庸置疑的绝对核心，队友们也都十分信服和依赖他的个人能力，相信有了这位领袖的持续出彩表现，北京队也可以在联盟中取得更出色的战绩。（豪斯）
苏群:北京应该让更多人打一打 尤度护筐可以,北京时间12月3日，北京客场109-86战胜广州，著名篮球评论员@苏群赛后发表评论：林书豪今天创下赛季新高——36分、8篮板6助攻。尤度刚刚获得实战机会，防守护筐可以，进攻还没有看出来。。。北京首钢真的应该让更多的人打打，比如张才仁、张卓、王旭。（DD）
哈德森33+7+12李敬宇18分 山东7人上双胜同曦,2019年12月3日，2019-20赛季CBA联赛第12轮继续展开激战，山东坐镇主场以132-122击败同曦，夺得两连胜；而同曦则终结两连胜。本场比赛，山东7人得分上双，哈德森33分7篮板12助攻2抢断，李敬宇18分4板，贾诚15分5板，陶汉林12分7板4助，王汝恒17分7助，梅斯15分7板2助3断，张庆鹏14分2助；另外，陈培东3分，张辉5分3板。同曦4人得分上双，约瑟夫-杨41分6板7助2断，宋建骅14分，于长春24分2板，雅布赛莱13分5板；另外，李柏润7分4助2断，乔文瀚1分3板2助，哈达迪9分12板4助1断，何敬佳6分，郭一飞2分，第一节，山东率先通过罚篮得到4分，此后同曦内外开花连得5分还以颜色。两队战成8平后，山东内外两线一齐开火，打出7-0得分冲击波，但此后同曦内线进攻顺风顺水，把分差缩小到3分。随即山东队内外发飙打出得分小高潮，将分差扩大到了两位数，32-21。首节结束，山东35-28领先对手7分。次节开战后，同曦祭出双外，开场内线连得6分，但此后山东队由王汝恒打出3+1，张辉外线再添3分，重新把分差扩大到两位数，并打停同曦。暂停回来后，又是王汝恒外线飙分，哈德森远投同时发威，山东将分差扩大到了20分，59-29。比赛最后阶段，哈德森一箭穿心，上半场战罢，山东主场74-50领先。上半场战罢，哈德森就砍下18分8助攻。而三分球，山东队就达到了恐怖的31投18中。易边再战，梅斯率先内线连续上篮为山东添得4分，哈德森内线发威，山东队把分差扩大到了29分。随着比赛的推进，山东的优势更加明显，李敬宇外线命中3分后，山东队率先得分上百，领先同曦的分数达到了35分，101-66。第3节战罢，山东108-78领先30分进入到了末节。末节再战，大比分领先的山东队开场就打出11-2得分小高潮。大比分领先的山东队随后放松了进攻，同曦趁机连续打出进攻小高潮，轻松追分。单节甚至打出了44-24的比分差，但由于前3节落后太多。最终，山东队仍然以132-122击败同曦。山东首发：哈德森、李敬宇、陶汉林、贾诚、张辉同曦首发：郭一飞、约瑟夫-杨、哈达迪、宋建骅、何敬佳（苦文）
林书豪36+8+6创纪录尤度13+14 北京大胜广州,2019年12月3日，2019-20赛季CBA联赛第12轮继续展开激战，北京反客为主以109-86击败广州。林书豪也突破了自己在CBA的30分大关，全场拿到36分8板6助的靓眼数据。本场比赛，广州3人得分上双，赛克斯20分10板4助、尼克尔森25分11板、刘丰搏12分3板2助；另外，张永鹏6分4板、孙鸣阳8分。北京队5人得分上双，林书豪36分8板6助、翟晓川15分5板、方硕12分4板4助、尤度13分14板、朱彦西12分3板；另外，常林7分3板。首节开战，方硕干拔飙中2分，林书豪反击命中3分，翟晓川单手反篮，加尼尤原地拔葱3分得手，北京队反客为主，开场打出11-6。随即广州通过内线反击得分，又是翟晓川外线飙中3分，北京队客场将分差优势变成了两位数，20-10。广州连投带罚打出一波小高潮，缩小分差。首节战罢，北京客场27-21领先6分。次节开战，朱彦西大空位三分，北京吹响进攻号角。主场作战的广州队不甘落后，衡艺丰回敬外线3分。林书豪骑着寒克斯上演反击一条龙，再接再厉再添2分，北京队趁机打出得分冲击波，把分差变成了15分。此节打到半节，广州队居然1分未得。本节，北京队反客为主反出了32-9的进攻冲击波，将广州远远甩在身后。上半场战罢，北京客场以59-30领先29分。林书豪半场就拿到20分。易边再战，北京队似乎放慢了进攻节奏，而广州队也找到了进攻办法，内线连续得手。尤其是林书豪连投带罚，帮助北京队打出得分高潮，他自己的得分也突破了他本人在CBA的30分得分大关。第三节结束时，北京队客场84-58领先26分。末节再战，大比分领先的北京队并没有松懈。段江鹏飙中3分，方硕干拔2分，尤度内线得手，北京队率先得分上百。客场100-74领先。大比分落后，广州队虽然最后阶段连投带罚回敬一波得分小高潮，但仍然以86-109不敌北京队。广州：陈盈骏、尼克尔森、赛克斯、刘丰搏、张永鹏北京：林书豪、方硕、加尼尤、翟晓川、常林（苦文）
GIF-又一五大囧时刻！空篮过桥名场面不容错过,北京时间12月3日，山东主场对阵同曦。半场比赛的最后一攻，山东队李敬宇获得快攻1打0的机会，但令人没想到的是，李敬宇的这次上空篮居然直接上了个过桥，制造了一个“五大囧”名场面。（DD）
GIF-林疯狂再现！半场飙20分北京半场领先29分,北京时间12月3日，北京客场对阵广州，在上半场比赛中，林书豪发挥出色，半场拿下20分6助攻，率领北京在半场结束时领先29分。（DD）
CBA官宣:全明星周末广州举行 增设1V1单挑环节,CBA联盟12月3日正式对外发布，2020年CBA全明星周末将于2020年1月11日-12日在广州市的广州体育馆举行，届时来自20支CBA球队的明星球员和星锐球员，以及特邀参赛的CUBA球员将齐聚一堂，共同为球迷献上一场篮球的饕餮盛宴。全明星投票将于12月6日正式开始，球迷投票将决定参加全明星赛的两队首发阵容，以及新增的1V1环节球员名单。作为中国篮球一年一度盛宴的CBA全明星周末，是CBA2.0计划的重要一环，目的是为了提升球迷体验、塑造品牌形象以及回馈赞助商。本次全明星周末除了传统的全明星赛、星锐赛和单项赛以外，最大看点就是在全明星赛中增设了1V1环节。参加1V1的4名球员全部由球迷选出，分别为两队首发阵容中得票数最高的前场和后场球员，1V1环节设在一二节和三四节节间，参赛球员的得分将双倍分别计入其所在球队总分。本次全明星周末创意灵感源自《封神演义》。《封神演义》是中国传统文化的代表之一，各个角色的个人成长和团队合作的精神值得CBA借鉴，其中形形色色鲜活的角色在经历了各自的蜕变以后，最终找到目标与归宿。而CBA当下同样需要锐意进取、“敢梦敢当”，迎接锐变之后的破茧成蝶，努力推动中国篮球的伟大复兴。本次发布除了公布了2020年CBA全明星周末的时间和地点，还公布了全明星周末的Logo和主视觉。其中，Logo整体采用中轴对称的构成格局，暗藏中国传统的审美范式，主题文字“CBA全明星ALL STAR”将青铜时代的饕餮纹样与篮球元素融入字体设计之中，使文字与图案、中文与英文相互契合，凸显了中国传统文化与现代篮球精神的融合。此外，Logo强调了象征全明星赛举办城市——广州的文化符号，图案化的“羊城”字体设计与地标性的广州电视塔“小蛮腰”等元素完美融合在一起。主视觉则同样以《封神演义》为灵感来源，整体偏中国风的水墨画风格。以阴阳互化，天地大战为背景，画面中用层层乌云渲染大战在即的紧张感，中央火石般的篮球形象拔地而起以体现敢梦敢当的力量和决心。本届全明星周末是CBA联盟推动CBA2.0升级计划后的第一届全明星周末。正在进行的2019-2020赛季将见证CBA联赛的25周年，全联盟按照CBA2.0计划，重点打造更精彩的赛事产品，提供更贴心的球迷体验和服务，塑造更年轻的品牌形象，打造全新的商业开发体系，逐步升级CBA联盟的整体运营水平，和诸多合作伙伴共同建设CBA联赛新纪元。文章来源：CBA官网（新体）
上海队宣布更换外援！麦卡勒姆替换纳纳利,来源：上海久事大鲨鱼经俱乐部管理层与教练组共同研究，上海久事篮球俱乐部于2019-2020赛季CBA联赛常规赛第十三轮向CBA联盟提交了更换外籍球员申请。经审核，新更换的外籍球员雷·麦卡勒姆，符合2019-2020赛季CBA联赛注册参赛资格，上海久事常规赛阶段更换外援名额已使用1人次。本次外援更换，是根据球队的整体战术需要做出的决定。更换工作完成后，麦卡勒姆将身穿22号球衣替换詹姆斯·纳纳利，成为球队两名报名参赛的上场外援之一。纳纳利将继续留在球队大名单中随队训练。常规赛还有四分之三的赛程，球队仍将根据实际情况，随时做好阵容调整和人员轮换的准备。雷·麦卡勒姆2013年在第2轮第6顺位被国王队选中，先后效力于国王、马刺、灰熊以及欧洲联赛。具备优秀的弹跳能⼒和爆发⼒，善于打转换进攻和为队友创造机会。
曝北控将换外援！老马昔日冠军搭档或重回北京,北京时间12月3日消息，CBA球队北控男篮准备更换外援。斯隆将作为外援储备，而大外援的人选则是兰多夫-莫里斯。据北青报记者了解到的消息，此前效力于CBA广东队和江苏队的后卫球员唐纳德-斯隆即将于北京控股男篮签约，作为外援储备当中的重要一员。这个签约已基本成定局，只待斯隆尽快到京即可签约。而更令媒体和球迷们感兴趣的是，北控还有可能更换大外援，以替换迄今为止表现不能令俱乐部和球迷们满意的汤普森，新的大外援人选将于12月4日到京并进行试训，而这个大外援候选人不是别人，正是北京球迷再熟悉不过，曾经为首钢男篮四年夺得三冠的兰多夫·莫里斯。文章来自：北青报 刘艾林
视频-《深锐观察》第11期 上海男篮何时鲨回巅峰？,
贾磊专栏：京粤恩怨第7年 实力是胜负的分水岭,2019年12月1日这一晚，冷风吹得京城寒意十足。可即便天气再冷，西四环的五棵松体育馆里仍然座无虚席。18000球迷守候在这里，等着看京粤对决翻出新的篇章。从2012年马布里率领北京掀翻广东夺走CBA总冠军之后，7年的时间里，属于京粤的恩怨故事从未停止。时至今日，还有很多一幕幕经典画面留在人们的记忆当中。马布里高高跃起在小布面前亮出自己的膝盖；李春江的一声“只要上腿就掀翻他”引来了京城球迷的骂声；苏伟和马布里头顶头的对喷垃圾话……如今，7年时间眨眼而逝，两支球队都变了模样。林书豪的加盟让北京重现当年疯狂的球市，翟晓川、朱彦西、方硕从当年的毛头小伙成长为了球队的核心。阿联成了广东的带头大哥，引领了一批冉冉升起的年轻人傲视联盟。北京真的很想赢。在马布里退役之后，这支曾经被视作最擅长打广东队的球队还从未在后马布里时代的京粤大战中占到一点便宜。球迷们期待着林书豪的加盟能够让北京队发生质的变化。广东队主教练杜锋为这场比赛做了充足的准备，他们的策略是可以放林书豪投篮，但绝对不让他突破，并掐死书豪的传球路线，不让他和队友之间建立串联。高强度的压迫性防守给北京队带来了足够的压力，这让他们在第一节就出现了9次失误，开局挖了整整12分的大坑。“比赛的开局，我们让对手得分太容易了，得到了他们想要的基调。整场比赛我们失误太多，让对手有14个抢断，面对卫冕冠军，这样很难赢球。”赛后，主教练雅尼斯说。北京队在开局的进攻中有些犹豫，外线一些机会已经出来了，但队员在投篮的选择上有些畏手畏脚，这让广东队不断收缩他们的防守。防守收的越小，北京队就越难在内线找到机会。第二节，势头发生了转变，北京队用高强度的防守限制了广东队的进攻广东单节出现６次失误。林书豪在第二节找到了外线的手感，连续在三分线外投中关键球，这让北京一度把比分反超。“第二节大家在进攻端想法太多了，有的想自己进攻，打得犹豫，让对方打了一个33比19，这可能到目前为止我们第二节打的最差的一场。”主教练杜锋在赛后说。比赛的下半场，比赛的节奏被广东完全掌控，北京队始终没能找到外线的手感。易建联在攻防两端展现了绝对的统治力，在这一点上，北京队无法给出回应。阿联在防守端送给了汉密尔顿的一记惊天大帽更是充分展现了他的能力。这次精彩的防守也让场边所有的观众不禁发出惊呼。比赛的第四节，广东队纵观全场的高压防守让北京在进攻中已经完全找不到节奏，可以明显感受到北京队的体能已经跟不上了，打不动了。这其实也是目前双方实力的客观体现。这场比赛，北京队除了双外援汉密尔顿和林书豪之外，没有其他球员得分上双。三分线外的投篮命中率只有25%，罚球命中率64%。相比之下，广东队的得分点更多，除了双外援外，阿联砍下16分13个篮板，胡明轩拿下11分，赵睿和任骏飞也各得到9分。阿联在内线的优势得到了充分的体现。客观的说，这场比赛北京队已经拼尽所有，在内线高度完全处于劣势的情况下，北京在篮板球上还赢了广东1个，但过多的失误和太低投篮命中率让他们在第四节完全遭到了压制。广东队的轮换阵容确实要比北京队更加出色，年轻球员拼命的防守让北京队消耗了太大的体能，以至于第四节已经无法匹配出足够的强度。在强强对话中，努力当然可以弥补一些不足，但硬实力的差距却是胜负的分水岭，这在本场比赛中就是最好的体现。京粤大战的第七年，广东是那支表现更好的球队，他们在场上拿球说话，用实力赢得了比赛的胜利。（贾磊）
扒一扒|易建联当年的微博画风竟然这么呆萌？,在成为一个经常发广告的账号之前，易建联的微博画风非常呆萌，这些微博，哪个戳中你的笑点了？（剑仙）
欧媒：前广东冠军外援将签约北控男篮,北京时间12月3日，据欧洲名记Emiliano Carchia报道，消息人士透露，唐纳德-斯隆将签约北控男篮。斯隆曾在CBA征战多年，并在2013年帮助广东夺得CBA总冠军。（剑仙）
北京队宣布更换外援 艾派-尤度替换汉密尔顿,北京时间12月2日消息，CBA北京队宣布，激活尼日利亚外援艾派-尤度替换贾斯汀-汉密尔顿。本赛季是汉密尔顿连续为北京队效力的第三个赛季，在出战的12场比赛中场均能贡献20.7分11个篮板。艾派-尤度今年随尼日利亚队在中国参加完世界杯后前往北京队报道，至今还没有代表北京队出战过CBA联赛。北京队完整公告如下——经过管理层、教练组、球员之间慎重地考虑和充分地沟通，北京首钢男篮将激活外援艾派·尤度（Ekpe Udoh）出战接下来的比赛，让贾斯汀·汉密尔顿（Justin Hamilton）得到充分地轮转休息。联赛赛程已过1/4，在这场漫长的“马拉松”里，如何合理地分配体力与实现阵容的合理轮换，是任何一支球队都会面临的问题。北京首钢男篮将充分利用联赛规则，决定激活艾派·尤度，出战接下来的比赛，给予汉密尔顿更多休息和调整时间。作为一名外援内线球员，汉密尔顿本赛季场均出场时间超过35分钟，仅次于上海队的莫泰尤纳斯，高居全联盟第二位。他在对阵北控比赛出场时间超过45分钟，并且命中关键三分，帮助北京首钢完成最后24秒12分的绝地逆转。本赛季是汉密尔顿效力于北京首钢男篮的第三个赛季，他不仅能够高效执行教练组的既定战术，并且与内、外线队员都形成了良好的化学反应，其攻防两端的不遗余力与内线统治力是点燃全场观众激情的最佳催化剂。在本赛季的12场比赛里，汉密尔顿场均可以送出20.7分、11篮板（联盟第7）、2.3助攻、1.7盖帽（联盟第5）；在与山东队的比赛中，他的8次盖帽更是刷新了队史记录。作为2017年欧冠冠军和MVP，尤度在内线具有强大的统治力，虽然在技术特点上与汉密尔顿并不完全相同，但是我们对他的登场，对他与全队、与书豪的化学反应满怀期待。在西宁季前赛首次代表北京首钢男篮登场亮相时，尤度拿到12分8篮板1盖帽，其中8个篮板的数据是全场最高。我们始终对所有球员都抱有充分信心，我们了解他们的职业态度和取胜欲望，我们也相信，在适当的负荷管理和人员轮换中，全队会保持着良好的身体健康和积极的精神面貌。在接下来的征程中，期待尤度与球队尽快形成新的化学反应，继续帮助球队在漫长的联赛中稳步前行。
书豪怒砸1w2还输球！阿联这记火锅年度十佳球,听闻广州恒大力压北京国安夺冠，广东宏远昨晚也隔空跟了一波风。在昨天，北京首钢主场迎战广东，京粤大战一直以来都充满了话题性，更不用说两队各自明星球员易建联跟林书豪的同台对垒，二人也是一路相爱相杀从NBA再到CBA，不同的球队却保持着对篮球态度一贯的初心，都是值得国内球员学习的典范。就纸面实力来看，显然10胜1负位列联盟榜首的广东队更胜一筹，但真金还是要用火来炼，本赛季各个球队的外援都迎来了补强，首钢队就是其中之一，有了书豪的北京首钢在本赛季有了质一般的飞跃，阵地战进攻一般球队都顶不住，而广东队的进攻转换更是迅雷不及掩耳，两种风格迥异球队的碰撞必然会让比赛变的异常激烈。而这场比赛更是迎来了大牌明星的观战：孙杨、张一山、释小龙、陈柏霖、刘帅良等人齐齐现身五棵松，说句实话，就是CBA全明星周末都没这么热闹吧。场面安排明白了，这比赛也必然精彩！尤其是反客为主的广东队，他们的进攻打的极具侵略性，不仅是外援活跃，阿联更是一上来就为北京主场的球迷贡献暴扣。按道理说，北京主场一向是护着自家球员的，但世界杯阿联的表现很大程度上征服了全国的球迷，观众席上甚至还能看到大片大片的球迷是来支持易建联的，这人气，没谁了！首节广东队29-17领先北京队。而书豪这边呢，自然就是“照顾”，自打书豪来到CBA后，不少球队都开始对他“重点照顾”，而广东队的照顾方式很独特，不一定非得阻止你得分，但一定不能让你串联！说白了就是你可以得分，得一百分都行，但比赛我得带走。于是书豪也不逞多让，直接开启砍分模式，次节连续飙了三记三分，在书豪掀起的进攻高潮下，半场北京队50-48直接将比分反超。第三节阿联开始发力，作为内线擎天柱，阿联深知比赛赢球的真谛——防守，于是在书豪每每试图打进禁区的时候，从后面补防的阿联不是帽掉书豪的上篮就是将其干扰。而最精彩的那记还要看他对对方大外汉密尔顿的那一手按帽！当汉密尔顿试图双手暴扣阿联的时候，阿联纵跳起飞，一个拉闸直接把对方从空中给帽了下来，惹得主场球迷一阵惊呼。也是第三节的强势崛起，让北京队始终没法再找到逆袭的机会，最终广东队93-78大胜北京队！林书豪26分10板3助，汉密尔顿25分17板；易建联16分13板，马尚27分10板5助！豪哥本场比赛怒”砸“了1w2，赛后杜峰表示：“三分球5投4中，可能是书豪外线最准的一场，我们年轻球员对他的防守还不太好。”我说杜指导，你对阿豪真的很严格啊。而继恒大力压京城后，宏远也接力完成了双杀大京城！
防守+三分大队突出重围！这就是CBA版绿衫军啊,近几年山西队的表现起伏不定，一直没有展现出太强的竞争力，打弱队会被看作是“菜鸟互啄”，打强队又被视作“上门虐菜”。在外界看来，它们似乎一直都是一支存在感不高的中下游球队。不过这并不影响他们对待新时代军备竞赛的坚韧态度，正如主教练王非早在新赛季球队新闻发布会所说的，期待山西队能有一个质的变化。只是让所有人没想到的是，这个质的变化来的如此强烈迅猛。新赛季常规赛12轮，在北京不敌广东，山西战胜江苏，借着这一负一胜，上赛季第14名的山西队在本轮之后排名又上升了一个档次，来到了第四，力压辽宁北京。如果说前几轮山西是专挑弱的打没什么参考意义，那么后几场所展现出来的韧性与表现可以说是完全匹配了最强黑马的潜质。首先是主教练，时隔多年再度出山的王非并没有给山西注入强心剂，反倒是其被时代淘汰的临场布阵令球迷诟病。在上赛季一场又一场失利后，昔日魔鬼主场红灯笼体育馆的上座率变得十分惨淡，现场球迷甚至喊出了王非下课的声音。说不在意外界的看法是假的，但想让他们闭嘴，唯有用行动去证明，今年休赛期，在王非的引领下，山西全队练得那叫一个苦，如果说上赛季是一个基础，那这赛季就是把基础打好。王非深知防守才是建立强队的根基，在王非的调教下，山西队在防守端的面貌焕然一新，场均失分不过百，仅次于北京广厦，成为联盟防守最好的球队的之一，要知道上赛季的山西场均失分高达111.26分。还记得同曦那场比赛吗？大外援莫兰德被停赛，王非和富兰克林先后被驱逐出场，面对三外援的同曦，山西全队在落后20多分的情况下一度将比分追到只差3分。虽然这场胜利未能拿下，但是赛后山西众将各自发文，相互鼓励的氛围令人动容。可以说这场比赛就是山西底蕴转变的最好诠释。其次是本土球员的崛起，虽然在休赛期没能钓到本土大鱼，但他们引进了郭晓鹏、刘春庆、卫猛、张涵钧、田桂森、刘冠岑等干将，加上原有的任骏威、原帅、闫鹏飞和邢志强攻防配置，山西山西摇身一变防守+三分大队。场上的五个人都愿意分享球，相互解放对方，王非此前一直强调山西没有一个真正的领袖，殊不知，每一个人都可以充当领袖，给它一个模板那就是没有欧文的绿军。特别是原帅这个点，使用说明书被王非找到，与上赛季场均5.6分相比，原帅场均17.1分可谓是表现十分抢眼，112投63中，远高于去年命中率38%，从一个辽宁打不了球，被迫远走他乡到一个铁打的战术主攻手，联盟二阵球员，妥妥的进步最快球员？最后就是外援，在上赛季外援的问题上挣扎半天后，王非终于等来了他最想要的那个外援-富兰克林。此前遭人诟病的带队能力在这赛季同样得到质变，全场兢兢业业，得分篮板助攻面面俱到，关键时刻又毫不手软。正因为有他的突破穿针引线，为原帅等外线投手创造三分出手机会，山西的进攻才得以万箭齐发。山西场均只有29.9次的出手就可以命中12.6个三分球。41.9%三分命中率高居联盟第一位，是全联盟唯一命中率过4成的球队。场均31.8分9.2篮板10助攻2.1抢断，在CBA官方刚刚公布的首个月最佳球员中，富兰克林毫无疑问的以综合得分40.6当选。谦逊低调，这是CBA版的宫城良田？从上赛季的CBA联盟三流球队，到本赛季季后赛的有力冲击者，同样没有一个球员算得上大牌，却人人都能表现出自己最擅长的一面，眼前这支山西像极了2011~12赛季的那支山西。我们不是强队，但也不好惹。文章来源： 篮篮同学
CBA官方周最佳公布！周琦富兰克林当之无愧,CBA联赛公布了第四周周最佳球员，新疆球员周琦和山西外援富兰克林当选。本周，周琦帮助新疆取得了3胜0负战绩，场均得到21分11.7篮板2盖帽投篮命中率71.1%。本周，贾马尔-富兰克林帮助山西取得了3胜0负的战绩，场均得到34.7分8篮板8.3助攻2.7盖帽。（新体）
富兰克林获月度MVP：无名之人 来自无名之处,本赛季发挥出色的富兰克林当选官方月最佳，他发表获奖感言：我很兴奋能拿到月度MVP 的奖项，也很开心我们团队现在取得的成绩，我们会一场一场来拼，保持团结，我们是无名之人来自无名之处！（新体）
NBL再曝丑闻！欠薪1000万，球员公开声讨,已经很久没传出欠薪事件的NBL联赛，最近再次处于风口浪尖上。NBL联赛隶属于篮协，它的前身叫做CNBA，也就是中国职业篮球联盟联赛，成立于1996年。2004年，中国男子篮球联赛正式成立，最初叫做CBL，2005年更名为NBL联赛。该联赛每年5月开打，是仅次于CBA的二级联赛，也是中国仅有的两大男子职业篮球联赛之一。NBL贵州队球员单志铭在微博上透露：贵州队出现了欠薪问题，从2019年1月欠薪到现在，时间长达11个月，欠薪总额接近1000万元。贵州森航篮球俱乐部有限公司创立于2012年4月，经中国篮球协会评估后，贵州森航直接晋级NBL联赛的A组。2名教练，2名外援，12名运动员相继于2017年-18年加入球队，每名教练和运动员都处于正规合同期。球员们已经申请并请求过十来次薪资问题，俱乐部也回应过十来次发放，但一直口头承诺，从不兑现。俱乐部回应称公司需要大量资金周转，将球员和教练的工资挪用。球员和教练在11个月无薪资的情况下，仍然效力了2019赛季，之后被遣散回家，还不知道俱乐部2020赛季是否继续运营。2019年9月，球员和NBL公司负责人沟通，NBL公司表态让俱乐部必须补齐薪资。俱乐部人员收到NBL公司告知后，与球员协商不要上报任何有关欠薪事件给有关部门，一定会发放薪资，然而还是嘴上说说。最后，俱乐部只给了最少份额的奖金，一天的工资都没有发放。值得一提的是，贵州省政府每年都会给俱乐部150万元作为球队赞助补贴，这笔资金属于俱乐部，更属于球员，如今这笔赞助金不知去向。试想想，1000万，分16个人，这当中还有俩外援、俩教练，时长11个月，大概是每人月薪5.7万的水平，对于经常要养伤的运动员来说，很低了。运动员表面风光，背后却是伤病缠身。不仅职业生涯短暂，而且背后还有孩子、父母要赡养。一年漂泊在外，离家千里，却拿不到一分钱回家，这样的做法太让人心寒了。不知道那些拿着年薪2000万还不好好打球的球员，看到这会不会惭愧。NBL球队欠薪这件事，闹得沸沸扬扬，上赛季已经有多支球队退出NBL联赛，如今这个联盟该何去何从，也是中国篮协亟需解决的问题。近些年NBL联赛，为CBA输送了不少人才，广东宏远队的赵睿，南京同曦队的乔文瀚等，都曾在NBL球队效力。不仅CBA需要职业化，NBL更需要。
打中国男篮世界杯没去的NBA球员 这次全出动了,From： 典哥 篮球实战宝典奥运落选赛定在明年6月23日-28日，根据规则，每个赛区A组和B组各三支球队进行单循环比赛，各组前两名交叉对位进行单场淘汰赛，直到决出赛区第一名获得奥运门票。中国男篮被分到维多利亚赛区的A组，同组对手还有希腊和加拿大；B组有乌拉圭、捷克和土耳其。卧槽！希腊有怪兽字母哥、加拿大有打破养生杯的维金斯，中国男篮这不是去送吗？算了，就当作提前打奥运会了。相比中国男篮的无欲无求，同组的希腊和加拿大就显得很兴奋了，在世界杯上被打得欲仙欲死，想不到在“修罗模式”的落选赛，还能碰到个软柿子。世界杯排名第11位的希腊军团，想必已经做好了横扫落选赛的准备，在NBA继续进化的字母哥，虽然在FIBA赛场上会失去些锋芒，但他依然是最耀眼的球星，外加字母哥哥萨纳西斯和字母弟科斯塔斯都是NBA现役球员。看来阿联真的要扛字母哥了，还特么有3个，不过不怕，我们内线还有个大魔王。。。。。。。征战过NBA4年之久的希腊主力多西后卫，前NBA球员卡拉西斯、帕帕扬尼斯都已经摩拳擦掌、跃跃欲试，准备把世界杯丢掉的荣誉都夺回来。加拿大那边更夸张，今年世界杯因为大部分NBA球员相继退出等原因，这支老牌劲旅仅取得2胜3负的战绩，排名第21位。不过这些退出的NBA球员，可能听到要对阵中国男篮的消息，况且这次落选赛在自家门口举办，个个争相请战。NBA探花秀、尼克斯后卫巴雷特，掘金球员穆雷、雷霆后卫亚历山大、鹈鹕球员沃克和猛龙球员布里塞特都已经表态会代表加拿大参加明夏的落选赛。至于大家最为熟悉的枸杞哥维金斯，加拿大男篮总经理巴雷特（RJ-巴雷特的父亲）接受当地电台OverDrive的采访时，明确表示会邀请他参赛的。“我跟他有联系，对他来说这需要他自己来决定。我想最后他会决定代表国家队参赛的，我会邀请他加入。”巴雷特说道。中国男篮牌面够大的嘛！加拿大都不惜出动核武器了，要知道维金斯连奥运会和世界杯都拒绝出战，而这次落选赛要是能碰到他的话，中国男篮这次出征也值了。不过我们要是能提供上好的枸杞，说不定维金斯到时候能轻点呢。哎！不管如何，中国男篮在落选赛上基本是被爆的结局，典哥加入也于事无补啊！关注“篮球实战宝典”后，在微信后台回复“暗号”抽10件球星T！
视频-孙杨生日夜观战CBA 林书豪赛后赠球鞋,
CBA官方公布月度MVP：周琦携手富兰克林当选,北京时间12月2日，CBA联赛官方公布月度MVP人选，新疆球员周琦以及山西外援富兰克林成功当选。周琦本赛季场均得到22.6分，出战12场取得10胜2负战绩，同时，他还场均贡献12.2篮板2.3助攻2.5盖帽。富兰克林本赛季出战10场，这10场比赛山西8胜2负，他场均得到31.8分9.2篮板10.0助攻以及2.1抢断2.0次盖帽，表现非常全面。（新体）
深圳啦啦队小花麦丹娜甜美私房照 是恋爱的感觉！,
抱大腿？裁判立马响哨！比起飞腿那真是差远了,在昨夜山东队主场大胜上海队的比赛中哈德森梦回巅峰全场砍下34分和12次助攻助攻数创新高再现那个佛挡杀佛的哈神即便廉颇老矣但他仍卖力气尤其是第四节出现的细节一幕老哈在带球突破之后情急之下没能控制好球引得上海队两名防守球员上来争抢地板球而当哈德森已经确定无法控制住球的情况下他一把将防守球员张春军的大腿抱住这一幕没有逃过裁判的眼睛随即给哈德森吹罚了一个违体犯规哈德森从真大腿到抱大腿不得不感慨他到底还剩多少油不过更值得深思的还是今昔非比的吹罚尺度？
真女神！深圳队这个异域风情的美女也太仙了吧,作为国内第一支体娱女团“女神啦啦队”从出道以来就收获大批球迷各种比赛场上都能看到她们的身影本赛季深圳主场迎战八一的比赛现场女神啦啦队还进行了新单曲《加油加YOU》首秀这也是CBA赛场上的一次新尝试队中除了营养菌之前安利过的宋晓粤之外其他几位美女也是颜值了得尤其下面这位长腿美女麦丹娜身高1米68的麦丹娜体重仅有48kg优越的大长腿配上完美的身体比例是队中公认的性感身材身体匀称，线条优美全身上下甚至没有一丝多余的脂肪从事拉拉队的工作舞蹈基础是必须的多才多艺的她JAZZ、街舞、健身操、啦啦操等等都不在话下一笑起来的麦丹娜真像是冬日里的一缕阳光能火速温暖各位的心小姐姐酷起来也甚是撩人那么问题来了你的主队换成深圳了没？重点中的重点继续更新CBA最美风景专区↓↓↓天天这么找营养都被榨干了12月的第一天营养菌的火腿能加点葱吗？
能逼出林疯狂的还得是九冠王阿！,曾几何时在姚明退出NBA易建联不适应NBA的情况之下林书豪在纽约刮起了一阵华人旋风而就是“林疯狂”最热的时候作为当时唯一在联盟打球的中国籍球员易建联正在达拉斯坐穿冷板凳当打之年两个自带中国元素的黄皮肤球员未能同台竞技或许是后姚明时代球迷的一大遗憾但作为这一代球迷终归还是幸福的这遗憾不仅藏在了心里还在7年后在自家门口得到释怀首钢主场座无虚席多位明星现场观战包括奥运冠军孙杨艺人张一山、窦骁、陈柏霖和黄凯杰王牌这边易建联一如既往地提前一个小时到场进行投篮训练林书豪进场便人气爆棚这一天这一刻我们等太久了或许是因为黄金焦点战首钢全队开局稍显紧张广东快打风暴趁机席卷而来全场逼迫式防守令人窒息单靠对手失误得分就达7分瞬间将分差拉开到两位数本是联盟第一防守大队的首钢在进攻端却迟迟打不穿广东的防守唯有滥打造杀伤依靠罚球止血首节战罢首钢以17-29落后广东12分北京首节失误竟达9个，而广东0失误次节回来首钢明显找回了自己的攻防策略主打林书豪慢节奏与后卫压迫防守效果立竿见影第二节半程随着刘晓宇抢断一条龙+翟小川篮下打进首钢一度将分差缩小至4分直接打停广东暂停回来易建联一记三分急忙帮球队稳住局面而林书豪这边连续三分回应NBA级别的对决终于迎来高潮林旋风也随之刮起连续得分+助攻率队逼平广东逐渐掌控主动权反观广东这边显得措手不及失误连连一波14-2的小高潮后首钢在本节不仅填补了开局的大坑还以50：48暂时领先广东林书豪3分3中3单节14分半场砍下19分6篮板3助攻打出了他来到CBA最为惊艳的个人表演几乎一己之力攻破了广东的防守下半场伊始林书豪三分线上继续捐钱，加上第二节4投全中中投，篮板，助攻面面俱到林疯狂确实是人来疯确实是为大场面而生但想借机起势还想征得大哥同意易建联在禁区先是给了林书豪一记大帽紧接着又按下汉密尔顿的双手隔扣在大哥的卖力拼抢精神感染下广东小将们状态全面回暖胡明轩的三分，赵睿的极速反击马尚的蛇形突破，威姆斯的发动机那支熟悉的火炮大队又回来了虽然北京的韧性十足积极做出回应但随着林书豪体能及命中率骤降国内球员又未能及时续上对攻火力不足的首钢毫无招架之力正如一支超强矛直接戳破超强的盾93比78广东自上赛季双杀北京后本赛季再先下一城不过看比分这真是一场依靠防守取胜的比赛毕竟广东打福建轰下了151分创造了队史得分纪录场均过120都很正常但本场在首钢的限制下得分却没过百从战术角度上来说北京可以说是相对成功最大限度限制了广东的速度广东全场没有跑起来，打的也很不舒服只是今天的关键人物不够多林疯狂也不能全场都疯狂时至今日今京粤非彼京粤双方斗法依旧精彩北京还是那么有韧性广东还是那个牛逼轰轰的华南虎足球那边恒大也顺利完成了中超八冠王伟业今夜属于广东？可惜易建联、林书豪已不再年轻也已慢慢不是那类决定胜负的超级巨星一个单场不过20分，一个末节0出手关于他们的比赛尽情享受就好
CBA第12轮拉拉队赛场精选 美腿林立舞姿热辣,
京媒：孙悦轮休后飙18分 京城德比后最佳一役,客场对阵联盟战绩最差的球队之一四川男篮，103比97，北控男篮终于结束此前的5连败，时隔近半个月拿到一场宝贵的胜利。作为球队的本土核心，孙悦全场命中4记三分，贡献18分、3个篮板、5次助攻，成为北控男篮获胜的重要功臣。从11月20日输掉京城德比，到客场连续不敌吉林队、辽宁队，再到11月26日被首钢男篮逆转绝杀，新赛季开局状态不俗的北控队遭遇一波连败。上轮客场挑战实力强劲的新疆队，马布里直接轮休了弗格、孙悦、桑尼·萨卡基尼、王子瑞等多位主力球员，今天的比赛开打前，北控男篮已经遭遇5连败。不过，经过上轮比赛的休整，孙悦、弗格、王子瑞等主力球员的状态有所提升，在今晚对阵四川队的比赛中先后爆发，孙悦上半场三分球5投4中，弗格第三节单节得到12分，王子瑞末节最后时刻命中关键三分球，间接终结了比赛悬念。尤其是孙悦，本赛季前10轮比赛，孙悦场场首发且场均出场时间队内最长，上轮对阵新疆队轮休后，孙悦在今晚打出赛季最佳一役。本场比赛之前，孙悦赛季单场最高得分为18分，在客场对阵首钢队的比赛中创造，相比于那场京城德比的表现，孙悦今晚的发挥有过之而无不及，在攻防两端给球队很大帮助。结束漫长的5连败，球队胜率重回五成以上，联赛排名小幅提升，北控男篮以及主教练马布里终于可以松口气，接下来的一周，北控男篮将先后面对天津队、山东队，球队有望走出日前的低谷，继续向季后赛席位发起冲击。文章来源：新京报
浙媒:场均摔5次!书豪真拼了 北京换外援也没戏,要是像CBA黑人小外援那样霸着球权无限开火，林书豪每场能得多少分？这个话题可能很多人感兴趣，但不会有答案。林书豪效力北京队至今打了11场比赛，数据是每场上33分钟，得分24分，5个篮板，6个助攻，3个抢断，5个跟斗，得分、助攻、抢断和跟斗都排队内第一。林书豪的NBA职业生涯，场均近12分，助攻近4个，是现在NBA千万年薪级别球员的数据。没受伤前他的启动速度在NBA里都是超一流的，这保证他持球进攻时有多种选择。在NBA有稳定位置、当打之年的球员不会来CBA打养生篮球，CBA老板也给不起那么高的薪水，三年前林书豪不可能来CBA，巅峰时候他来CBA疯一把会怎么样，可能他自己也不知道。NBA第一个哈佛毕业生林书豪在今天的CBA也是个另类，北京队请来，是让他当场上导师而不是独狼。在即将迎来巅峰期时遭遇三次重伤，几乎两个赛季停摆，林书豪的启动和突破不复当年之勇，一条龙后连续超车甩下几个防守队员上篮的场面，已经很少上演，绝大部分时候是依靠挡拆制造机会。林书豪多数时候是在对方围追堵截中，第一选择是为队友输送“炮弹”，用张卫平老师的话说，是打球合理，让队友变得更好。从得分来看，林书豪稍微超过易建联、王哲林等国产超巨。从观赏性来说，可能还不如他的哥们儿郭艾伦。不过，懂点篮球的人都知道，CBA不怕外援投开花，就怕全队大爆发。一人打四人看，那是干部篮球赛，或者恒大集团篮球赛，场上9名队员齐心协力帮许老板刷助攻，成就他得分王。但职业篮球不是这么玩的，强大如字母哥和詹姆斯，也不是CBA里的黑人小外援这么个打法，个人出风头，全队触霉头。中国男篮这么多年水平像王小二过年，很大原因是拜联赛里外援所赐，一两个人唱戏，其他人是跑龙套，几年跑下来，功夫没丝毫长进。如果当初北京队是想请个砍分机器，场均30分以上，他们可能有点失望。林书豪如果拼了老命，或者变身独狼，某些场次勉强可以，但可能把自己练废，把全队也拖垮。当然，林书豪不是这个套路。如果是请个场上领袖，场下导师和楷模，能自己得分，也能提高队友，那北京队不应该失望，林书豪做得不错。一场比赛自己拿20分，帮助队员拿20分，比自己承包40分，队友得零分，效率高得多，价值也大得多。你问问稠州银行的老队员，麦克勒姆单场刷过82分，昆西·杜比砍过75分，哥俩为俱乐部留下过什么，队友们从他身上学到过什么。马布里在NBA里穷途末路，流浪到中国，第一站为山西队的贡献是场均22.9分，9.5个篮板球，山西队老板估计对他的得分能力有点失望，把他打发走了。马布里后来辗转来到北京，结果为北京举起三座奖杯，自己进入人生最高光时期。他的得分按外援标准不算劲爆，但队友跟他混，人人有长进，团队篮球有模有样。CBA历史上第一外援，马政委当仁不让。林书豪每场摔5个跟斗，这可能是CBA里前无古人的一顶数据，可以解读出很多内容，比如对抗能力下降，突破速度减慢，无法像在纽约时期，一个加速把防守队员甩在身后单骑闯关；因为三分没把握，只能选择冲击篮下。但即使状态打六折，林书豪也不至于下滑到郭艾伦这些国手后卫的档次。NBA的林疯狂变成CBA的跟斗大王，最大原因是他太拼了，需要挺身而出的时候，对手防守出现漏洞时候，他毫不退缩，决不犹豫。北京和广东之战是他来CBA后强度最大的一场，也是最能体现他功底的时候，他的得分，篮板能力远远超出国产后卫们。林书豪摔的那些跟斗，多数是突破时候被防守队员拉扯绊撞，硬生生的犯规，少数是破挡拆时候被对方内线队员撞倒，还有是制造对手的进攻犯规，那是对篮球智商和勇气的双重考验。他以外援身份加盟，对手也以外援待遇伺候。可能是国内后卫们想看看，在NBA拿过千万美元年薪的林书豪，到底有几斤几两，所以防守他时一点都不手下留情，犯规非常凶悍。那种对抗程度下，他的表现，正好可以让国家队后卫们好好学习，什么叫用脑子打球。北京队现在的配置，就算换个场均40分的得分机器，也不具备争夺冠军的实力，远不如好好开发林书豪的作用，这么一个场上灵魂，半个教练，职场楷模，何况还是票房担当。马布里当年是马政委，林书豪现在是林老师。林书豪有待改进之处是，外围增加出手，多投几个三分，为公益基金多捐几个3000元，这是他的心愿，也是球迷的心愿，昨晚他做得不错。文章来源：钱江晚报
林疯狂三分球投疯了！易建联这一盖帽太残暴,From： 教主 篮球教学论坛北京时间12月1日晚，京粤大战正式打响！广东男篮vs北京首钢，易建联vs林书豪，这场比赛的关注度不必多说。阿联和书豪也是老相识了，两个人当年在NBA的时候就曾交过手。广东队目前10胜1负高居榜首，首钢8胜3负位列第四。广东队喜欢打快，首钢更愿意慢下来磨阵地，两种不同风格的较量，教主已经等不及了！比赛开始之前，书豪给很多球迷耐心地签名，这也成了本赛季CBA一道风景线。场边也是星光熠熠：孙杨、张一山、释小龙、陈柏霖、刘帅良等人现身五棵松，有点CBA全明星赛的味道了。这样的大场面，让小将丘天有点紧张，刚开场就贡献一记五大囧传球。不过他接下来及时调整，连续打进俩球，其中一个是和豪哥的击地配合。广东这边也有精彩配合，马尚抢到前场篮板，轻轻一点，阿联在篮下双手暴扣！虽然是北京队的主场，但还是来了不少易建联的球迷，大哥这人气谁能比？看看广东队是怎么防守林书豪的，只要一进去，两三个人围在身边。第一节北京队出现了8次失误，首节战罢，他们以17比29落后广东。第二节，阿联和书豪开启对飙模式，两人各中一记三分，北京队不断缩小分差。7年前的林疯狂回来了，这一节他连续投进3记三分球，9000块钱说没就没了。第二节广东队进攻出现问题，单节只得到19分，首钢单节轰下33分。上半场结束，北京队50比48完成反超。林书豪两节19分6篮板3助攻，三分球3投3中，31岁的他依然能打！如果说第二节属于林书豪，那第三节就属于易建联，他在防守端连续送出大帽！先是盖掉了书豪的上篮，随后又单防干扰了后者的跳投。接下来的一幕，让教主坐不住了：一夫当关万夫莫开，易建联正面大帽汉密尔顿！势在必进的扣篮，被生生摁下来！这应该是阿联本赛季最霸气的一记盖帽，看看场边球迷表情变化就知道了。首钢在进攻端突然断电，广东队利用防守反击，不断提速实现反超。大哥防住了方硕的后仰跳投，胡明轩命中追身三分。三节战罢，广东队70比64领先。第四节，北京队依然不断失误，赵睿闪电反击打成2+1！全场比赛，北京全队出现18次失误，书豪一个人7次。最终广东男篮93比78大胜北京首钢，布鲁克斯27分10板，易建联16分13板；林书豪26分10板3助，汉密尔顿25分17板。广东主帅杜锋盛赞林书豪：“三分球5投4中，可能是书豪外线最准的一场，我们年轻球员对他的防守还不太好。”赛后，林书豪把鞋子送给了孙杨，值得一提的是，今天恰好是大白杨的生日。这场比赛虽然分差较大，但场上的精彩镜头不少。CBA关注度越来越高，也期待联赛能够越来越好！支持我们自己的联赛，右下角来个在看吧！
第三节入场前，易队和黄荣奇吞下止痛药……,三节比赛结束，肯帝亚81比89落后山西。第四节开始后，全队保持高昂斗志，一路猛追。连续命中两记三分后，将分差追到5分。无奈对方继续保持着外线超高命中率，始终将分差保持在10分左右。比赛最后2分03秒，吉布森和黄荣奇外线连续命中3分，再次将分差缩小到个位数，山西队外线再次命中。随后肯帝亚进攻端出现失误，山西也没有再给肯帝亚缩小分差的机会，最终苏州肯帝亚113比121憾负山西汾酒股份。今晚的比赛肯帝亚多名队员带伤作战，吉布森崴脚不下火线、黄荣奇和易立下半场吃止痛药坚持比赛、冠希明天要回南京康复机构治疗。比赛很艰难，但每一位队员都在拼尽全力，后面的比赛咱们继续战斗！今晚队长易立带伤复出，送出6次助攻。CBA生涯助攻总数达到1103个，超越林志杰，位列CBA历史助攻榜第23位。（左右滑动查看更多精彩图片）吉布森得到36分8篮板5助攻，三分线外11中7（左右滑动查看更多精彩图片）拉杜利察拿下32分12篮板2抢断（左右滑动查看更多精彩图片）黄荣奇替补登场得到15分3篮板2助攻（左右滑动查看更多精彩图片）吴冠希7投6中，拿到12分5篮板3助攻2盖帽（左右滑动查看更多精彩图片）易立本场带伤复出    拿到3分3篮板6助攻CBA生涯助攻总数达到1103个，位列CBA历史助攻榜第23位
手感冰凉但死磕精神仍在 北京仍有总冠军风骨,CBA常规赛第12轮，广东客场以93-78战胜北京取得8连胜。虽然是主场输球，而且15分的分差看起来也不小，但如果要复盘北京队的这场失利，球员们与广东队相比，不足的地方固然存在，然而我们也仍然可以从这支球队身上看到很多闪光点。作为实力稍逊的一方，北京首钢仍然是赛前不被看好的那支球队。事实上，很多球迷在看到双方第一节比赛的时候，就隐约闻到了一股“要花”的味道。兵强马壮的九冠王携着7连胜的豪气做客五棵松，显然没把这个老对手放在眼里，即便对手阵中有着全CBA最具人气的外援林书豪。29-17，这是双方第一节的分差。主场作战的北京队显然被对手一上来的三板斧给砍懵了，自己一次一次的失误让对手不断的打出反击快攻。如果一直是如此一边倒的节奏，很难说今天去五棵松看球的那些明星球迷，会不会在拍完打卡照后就匆匆离去，毕竟谁也不希望看到一场毫无悬念的比赛。然而正当球迷们开始有些意兴阑珊的时候，北京队骨子里那种遇强则强的死磕精神再一次显现了出来，他们每当不被人看好的时候，都能激发出队员的能量。于是，他们在第二节发起了绝地反击，无论是林书豪在三分线外神准的三分球，还是汉密尔顿在内线强而有力的篮下进攻，都让比赛的局面逐渐发生了逆转。北京队第二节不仅还了对手一个33-19，甚至逼得广东队一度在场上乱了阵脚。五棵松的1万7千人，重新被场上你来我往的精彩比赛而兴奋起来了，这支充满韧性的北京队又让球迷看到了他们的风骨。CBA没有人可以小看这样的一支球队。当然，比赛最后的胜者仍然是团队实力更强、把握机会能力更出色的广东队。与他们相比，北京队的问题也同样明显，而最主要的问题就是进攻端。作为一支以外线进攻为主的球队，全队24投6中的三分球命中率，显然是不合格的。而在球队陷入得分荒的时候，北京队却没有人能挺身而出，包括林书豪，这位球队的绝对核心在前三节的表现虽然十分抢眼，但到了关键的第四节却竟然一分未得，而且他几次低级的失误也间接葬送了这场比赛。这或许就是重建中的北京队，必须要面对的问题与困难了吧。（豪斯）
孙杨生日夜现场观战京粤大战:这生日惊喜难忘,北京时间12月1日，北京主场78-93不敌广东，著名游泳运动员孙杨本场比赛到场边观战，赛后，他也是第一时间更新了自己的社交媒体。“终于来到CBA赛场观看比赛，京粤大战精彩纷呈，游泳和篮球虽然是不同的项目，但运动员对胜利的追求与坚持是相同的。见到易建联、林书豪等篮球领军人物，收到来自球队和球迷的祝福，这个生日纪念，惊喜而难忘！ ”值得一提的是，今天是孙杨的生日，看来这次CBA现场观赛，就是孙杨奖励给自己的礼物了。（DD）
林书豪:与易建联交手是荣幸!退役后会记得这场,北京时间12月1日，北京主场78-93不敌广东，林书豪本场比赛拿下26分10篮板，赛后他接受了媒体采访。谈到比赛，林书豪表示球队在第三节后半段打得不是很好，还有很多需要改变的东西。随后记者提问道，跟易建联同场竞技是怎样的感受，书豪表示来CBA打球和与易建联交手都是一种荣幸，并且称等到他退休（退役）的时候，一定也会记得这场比赛。（DD）
杜锋：北京是最难打客场 拥有方方面面优势,北京时间12月1日，杜锋率领广东男篮攻克五棵松，赛后杜锋携赵睿出席发布会。杜指导首先对北京队表达了肯定：我们都知道北京队是CBA最强的队伍之一，特别是在主场，这种优势很大，他们拥有方方面面的优势，本场比赛也是最难打的一场比赛。这里是在整个联赛当中最难打的一个客场。从昨天到这里训练开始，大家都很专注。其实可以在比赛中看到，北京队给我们制造了很多麻烦。开局大家打得不错，第一节领先了10来分，但是到了第二节，大家在进攻端想法太多。更重要的是，有的人想自己进攻，表现自己，打得犹豫。第二节有6次失误，这个不是我们需要的。在第一节，我们制造北京9次失误，这是我们正常的防守状态，第二节我们有6次失误，让对方打了一个33比19，这可能到目前为止我们第二节打的最差的一场。在下半场大家还是及时调整好心态和节奏，下半场的进攻和节奏上，我觉得更好一些，分享球更无私一些。所以在第三节和第四节能控制的更好一些，对手两节都是14分，做的还是不错的。谈到防守林书豪和汉密尔顿，杜锋表示：其实我觉得要知道书豪的也好、汉密尔顿也好，进攻能力都非常强。书豪打球非常全面，今天也有非常准的外线投篮，其次汉密尔顿一直是我觉得在CBA这个舞台上大个球员里面比较全面的球员。他能投能突，传球很好，前场篮板非常非常积极，这一块儿他今天抢了17个篮板，对我们的伤害还是很大的，这块儿其实对我们来说很困难的。其实北京队的国内球员也是表现不错的，他们是一个比较全面的球队，因为他们有很好的国家队队员晓川也好，方硕也好，还有曾经的晓宇也好，表现得都是非常不错的。杜锋与林书豪整个夏天都在一起，他谈到林书豪时不吝溢美之词：今天书豪外线的三分在这个赛季当中最准的一场，5投4中，其实可能还是在人员轮转上面，年轻球员上场以后，对这块儿的防守动作和选择不是那么好。毕竟书豪是非常全面、出色的球员，他的经历在NBA这些年也是非常有经验的球员，在把握机会的能力上还是非常出色的。（新体）
西热力江CBA常规赛三分球命中数超李楠 升至第9位,西热力江在今晚与福建队的比赛中投进了5个三分球，CBA常规赛3分球命中数总计达到了801次，超越了第10位的李楠（797），升至CBA常规赛3分球命中榜第9位。（姜姜）
21+11+5！四川队最渴求的火力由他补上了,北京时间12月1日，CBA常规赛四川队以97-103不敌北控队。全场比赛两队战至最后一刻才分出胜负，今年新加盟的李原宇本场表现出色。李原宇全场比赛砍下了21分11篮板5助攻的豪华数据，现在的四川队正是青黄不接的时候，在球队内多是年轻球员的情况下李原宇出战40分钟，值得尊敬。在目前这支四川男篮之中，他是已经坐稳了本土头号得分手的位置，场均13.4分也是职业生涯的新高。在广东和江苏的时候，因为球星过多我们一直忽略了李原宇的存在，而李原宇作为一个内线打球十分聪明。在今天比赛的决胜时刻，张松涛在内线遭遇包夹之后把球传给了李原宇，李原宇持球佯装攻篮之后吸引了不少防守，随即李原宇突破进内线把球给到福特森，帮助后者轻取两分。而在面对北控孱弱的内线时，李原宇更是用自己的大身板给王少杰不断上课，在一个进攻回合中，李原宇面对新科状元王少杰轻松的一个半转身勾手让球轻松进狂，饶是王少杰身高臂长都无法干扰那个球。在上个赛季四川老板宣布要大力培养新人，引进过多新人之后显现出的副作用就是球队即战力不够，本赛季李原宇的加盟似乎短暂的为四川队解决了这一问题，当莫蒙尘等新秀不断打铁的时候，不知道他们是否会感谢内线那个帮他们补漏的大个子。（汉堡）
马尚飙27分揽全场最高 升至历史得分榜第53位,北京时间12月1日，CBA常规赛第12轮，广东男篮客场93-78击败北京首钢。本场比赛，广东外援马尚-布鲁克斯得到27分，这样一来，他的CBA生涯得分总计为4650分，超越马库斯-威廉姆斯上升至CBA历史第53位。（新体）
周琦常规赛盖帽数达322次 升至CBA排行榜第13位,在今晚新疆对阵福建的比赛中，周琦送出了两次封盖，CBA常规赛盖帽数总计为322次，升至CBA常规赛排行榜的第13位。（姜姜）
吉布森单场狂飙7记三分 升至历史三分榜第35位,北京时间12月1日，CBA常规赛第12轮，江苏主场113-121不敌山西。乔纳森-吉布森全场三分球11投7中，这样一来，吉布森CBA生涯3分球命中数总计为622次，超越弗雷戴特，上升至CBA历史第35位。（新体）
末节0分0出手！书豪拖累北京？锅不该他1人背,CBA常规赛第12轮，北京主场78-93不敌广东，遭遇本赛季主场的首场失利。本场比赛，北京队外援林书豪得到26分10篮板3助攻的数据，其中三分球5投4中。如果只是从数据上来看，林书豪的表现或许还算说得过去。但如果分析本场比赛北京队输球的关键，作为球队核心的书豪，在第四节竟然一分未得，这显然就有些说不过去了。其实林书豪在上半场是有着十分惊艳的表现的。尤其是在第二节，他连续命中外线三分，凭借3投3中的超高三分球命中率，带领着北京队一度将第一节落后的12分追平，并在距离半场结束还剩2分钟的时候，助攻队友汉密尔顿内线进攻得手，将比分首次完成反超。下半场回来，林书豪的手感依旧炙热，无论是外线三分，还是弧顶附近的跳投，都是神准无比。书豪这样的表现也将五棵松主场的球迷，把情绪调动到了最高点。然而豪哥这样火热的手感却没能延续到最关键的第四节。广东队在末节加强了防守强度，面对马尚-布鲁克斯、赵睿、胡明轩等人的围剿，林书豪体力也几近透支。以至于他在整个第四节竟然没有一次出手，得分这一栏也尴尬的写着0分。不仅如此，他还多次出现了运球直接运丢的低级失误，一连串的原因也让北京队没能扛住对手的反扑，最终输掉了这场焦点战。当然，球队的失利不能把锅全都丢给一个人。除了林书豪之外，像方硕、翟晓川、朱彦西等核心球员在本场比赛的表现也都不理想，也正是他们的低迷，迫使林书豪一次又一次靠着自己的力量，杀入到内线，与对手进行贴身肉搏的。如果有其他人能站出来，或许书豪也不会在最关键的时刻，因为体力的原因而陷入失误的泥淖了。（豪斯）
孙悦生涯总盖帽数达到 升至CBA历史第25,在今晚对阵四川队的比赛中，孙悦送出了3次盖帽，累计CBA生涯盖帽数总计为250次，超越了第25位的奥德捷（249），升至CBA历史第25位。（姜姜）
18分平纪录孙悦又救了马布里 他真的34岁了？,北京时间12月1日，CBA联赛北控队以103-97战胜了四川队避免了6连败，上一轮对阵新疆，马布里雪藏了四大主力战略性放弃，然而他恐怕没料到今晚对阵四川的比赛会如此艰难，而本场比赛的孙悦再次发挥高效帮助了球队。孙悦本场比赛投篮13中7，三分球6中4砍下了18分，平了自己的赛季记录。此外他还有3个盖帽继续显示了自己的防守能力，34岁的他和28岁的他似乎并没有什么变化，反而显得异常老练。在比赛的第四节，两队的比分咬的很紧，孙悦在三分线外接到了队友传球之后就开始了自己的神操作。他从右翼杀到罚球线附近之后一个急停转身，作为轴心脚的左脚似乎安装了弹簧一样才触地之时迅速回弹，整个身体已经向后飘去，而上半身还是标准的投篮姿势，随即把球投进篮筐，而对面防守的孟达根本来不及做出任何反应，两名老将的直接对话就能看出孙悦的天赋多么的可怕。说到天赋，孙悦的盖帽神迹绝对让人服气，在四川队一个进攻回合中，李原宇利用自己厚实的身体抗开对手准备上篮的时候，孙悦斜里杀到一掌就把球扇飞了，当年盖掉霍华德的人如今还是拥有完美的补防能力。孙悦本场比赛的得分居于全队第二，排名第一的弗格只比他多5分，而桑尼和杰森-汤普森都比他逊色，国内球员就更不用说，被人诟病了一整场的王子瑞除了最后锁定胜局的三分以外全场表现平平，这对于北控队实在不是一个好消息。孙悦在本场比赛的开始就手感火热命中超远三分，但是随着时间的推移他的得分效率也在下降，毕竟也是一个34岁的老将了，虽说天赋点高但是也架不住血不厚，如果北控的国内球员只能依靠孙悦的话在面对强队的时候胜负还真不好说。（汉堡）
27分钟27+18一个人碾压一队 周琦奔着MVP狂奔,CBA常规赛第12轮继续进行，新疆男篮在魔鬼主场以134-91狂胜福建男篮，送给对手五连败。没有了王哲林的对位，周琦多多少少略感“寂寞”，但他依旧在27分钟的时间内轰下全场最高的27分18篮板。首节一上来，范子铭强打小斯不中，周琦顶着孙椿棚脑后摘瓜轻松补篮得手，随后的三线快攻又内传内给到范子铭上空篮取分。见到老斯连帽范子铭和斯托克斯两位队友，周琦回来对着老霸王就是一记闷帽，为队友出气，攻守兼备。王哲林的缺席，让周琦在内线几乎翻江倒海。尤其是在第三节，这节作为替补出战，储备了足够体能的周琦，一人倚着刘洺宇等三人连续三次点篮儿得手，连跳都懒得跳。即便面对小斯，他长臂一举还是类似的操作。本节最后的3分半，周琦中路空切超车小斯单手力劈华山尽情表演，还剩一分钟时，他先是复制双手灌篮，随后又接锅西热力江快攻中的打铁空中暴力补篮儿虐筐，单单在第三节，如入无人之境的周琦一人轻取16分！纵观全场，周琦仅出战27分钟，18投11中砍下全场最高27分，摘下全场最高18篮板，其中包括8个前场篮板，对面福建男篮一共才9个。剩下的5助攻2抢断2盖帽，更是锦上添花。比起上一次面对福建队砍下的35分9篮板，正如著名篮球评论员朱彦硕所说的：“周琦今晚基本没出汗。”赛季至今，周琦场均拿下22.6分12.2篮板2.3助攻2.5盖帽，坐稳了CBA本土篮板和盖帽的头把交椅，而得分也与第一的王哲林不到4分之差，再加上新疆男篮10胜2负的战绩，或许本赛季最热门MVP人选，周琦要超越大王了吧。（一星）
雅尼斯：第二节变脸奏效 被抢断14次很难赢球,北京时间12月1日，CBA常规赛第12轮，北京首钢主场78-93不敌广东宏远。赛后，北京主帅雅尼斯以及球队外援汉密尔顿出席发布会雅尼斯表示：比赛开局很重要，我们让对手得分太容易，他们得到了想要的基调。在第二节我们变脸，那是我们真实的面孔，球队限制了对方的进攻，自己也打得更加合理。但是整场比赛我们失误太多，还让对手有14个抢断，面对卫冕冠军这样很难赢球。在联盟中是没有秘密的，大家知己知彼，没有什么可隐藏的。我们要打得更加聪明一点，珍惜每一个回合，避免失误将机会拱手送人，回去总结，继续努力。失误有很多原因，我们要回去去分析。今天我们在进攻端有些畏手畏脚，球到手里能坚决投的时候有些犹豫，这让对方的防守变得更加大胆向内收缩。原本我们破对方全场紧逼直接得分的机会也没有实现，比赛没有进入到我们的节奏。今天队员们还是很拼搏的，我们会继续努力付出汗水，通过这场比赛去学习总结。汉密尔顿则表示：今天开局打得不好，应该要更好才可以，本应该在第一节减少失误保证球权，但是让对方取得了领先的优势。回去我们会通过训练解决这个问题，减少失误，我相信我们的球队是一个优秀的队伍。（新体）
英雄时刻！林疯狂逼出最强广东 他不甘心啊！,不敌广东男篮的比赛，林书豪虽然没能刷新个人CBA生涯的得分纪录，但这场比赛的林书豪，却的确很像是第一次让CBA领略“林疯狂”的疯狂！面对最大的夺冠热门，仅首节就出现9次失误的北京男篮，一度让人怀疑将遭遇一场惨败。但随着林书豪和汉密尔顿在第二节纷纷找到进攻火力，这种怀疑随即被彻底粉碎。也就是在这一节，CBA终于见识了曾经那个让科比陷入“抓狂”的“林疯狂”究竟可以多么“疯狂”。加盟CBA赛场之后，林书豪曾经承诺没投中一个三分球就捐出3000元，但本场比赛之前，林书豪在三分线外的表现的确并不算出众，但这场真正的强强对话中，林书豪在北京男篮最需要他的时候，终于爆发了。第二节开场之后，北京男篮不断缩小分差迫使广东男篮不得不叫暂停来进行调整。暂停结束之后，易建联又投中三分球帮助广东男篮重新扩大领先优势。也就是在北京男篮眼瞅着又将被拉开分差的关键时刻，林书豪连续命中三个三分球，帮助北京男篮将分差缩小到2分。这连续命中的三个三分球，的确有帮助北京男篮“续命”的意味，毕竟，整个上半场比赛，除了林书豪所投中的这三个三分球，北京男篮其他球员的7次远投全部落空。没有林书豪投中的这三个三分球，北京男篮在半场能够实现反超？三分球三连击，当然不是林书豪本场比赛唯一“疯狂”的阶段。首节比赛，朱彦西的三分球不中，林书豪抢下前场篮板球并且博得犯规；第三节比赛刚刚开场，林书豪又连得5分帮助北京男篮取得领先……总之，26分、10个篮板球的林书豪，虽然未能帮助北京男篮赢得比赛，但他个人的确是完成了一场极其玩命、极其疯狂的比赛，也让CBA第一次见识到了林书豪究竟可以多“疯狂”、林书豪为何被称为“林疯狂”。也许唯一令人感到遗憾的是，“林疯狂”毕竟已经不再年轻，之前的疯狂让他的体力受到极大的消耗，第三节和第四节的多次失误，也让“林疯狂”未能疯狂到底，但是，他曾经“疯狂”过、曾经让北京男篮几乎看到希望，显然才是最重要的。（韩二）
17+5生吃郭艾伦 天津队这个大学生球员不简单,北京时间12月1日，CBA联赛天津队以109-123不敌辽宁队。虽说发挥不佳，但是天津队中刚被选中的大学生球员何思雨发挥出色，让天津球迷们感到十分欣喜。何思雨本场比赛敢打敢拼，全场比赛12投7中得到了17分5篮板，在新一届的选秀球员中有如此精彩表现的球员除了王少杰也就是何思雨了。何思雨本人可能也没想到，自己会这么快在CBA崭露头角。在上半场还剩52秒的时候，何思雨在右侧接到了队友的传球，但是辽宁队的严防死守让他没有出手的空间，无奈之下他把球传给了队友刘帅自己迂回到了弧顶，刘帅也赶紧卡住了一个身位替何思雨争取到了一个出手空间，不料此时这个97年的小孩倒是变得不慌不忙了，他迅速的拍了两下球找到了自己的手感随即三分出手，篮球在24秒走完之际正好完美的落入了框中。也不知道是否是感谢这记压哨球，何思雨在下半场获得了首发的机会，似乎天生为大舞台而生的他在第三节开始后3分钟就面对上了郭艾伦，中国男篮的顶级后卫。打出自信的何思雨面对郭艾伦的出手先是做了一个假动作，随即横移一步过掉了郭艾伦。大侄子似乎也没想到初出茅庐的小伙子也这么敢打，只能利用自己强壮的身体给何思雨一些对抗，何思雨在半空中已经被郭艾伦挤得失去了平衡，但是也是把球送进了篮筐，此时裁判哨响，何思雨随后命中罚球。随着CBA选秀的不断完善，许多大学生球员都能进入职业联赛一展身手，如果何思雨以后能继续这样的发挥的话，相信他也是CUBA冲击CBA的一大榜样。（汉堡）
末节10分扛起肯帝亚冲冲冲！把他换来真值了,12月1日，CBA常规赛第12轮全面开战，其中肯帝亚男篮以113-121主场不敌山西男篮，无缘三连胜。此役，肯帝亚今夏最重点的本土强援黄荣奇发挥抢眼，拿到了本土最高的15分外加3篮板2助攻1抢断。其实在上半场，黄荣奇的个人进攻鲜有建树。次节刚上来不久，趁着山西男篮还没有落位，他在左翼三分线外接到易立的传球，直接命中一记空位三分，仅此而已，不过帮助球队把分差缩小到了个位数，剩下的出手均未能打进。但是在下半场，肯帝亚需要追分的时候，黄荣奇的表现可一点不赖。末节一上来，他就强突造成葛昭宝造杀伤，两罚全中吹响冲锋号。随后在还剩下5分半钟的时候，他又持球走左路强突原帅，一个急加速侧身位过掉对手之后，黄荣奇空中对抗完成高强度2+1，帮助球队将分差重新逼回了个位数。比赛最后的2分06秒，他又在左侧三分线外命中关键三分，再次将分差压入10分以内。末节结束前得27.7秒，黄荣奇再造2+1，遗憾丢掉了全场唯一的一次罚球后采取犯规战术，无奈搭上6犯毕业，末节单节砍下10分。至此，出战30分钟的他9投4中得到了全队本土最高的15分外加3篮板2助攻1抢断。贝帅其实在赛后表示，“上一场之后，主力都处于疲劳状态”，由此可见，黄荣奇能拿到本土最高分，已经不容易了。本赛季，他场均得到9.8分2.9篮板1.3助攻，数据相比在四川男篮时期有了全面提升，而他也是肯帝亚除了吴冠希之外的第二本土得分点。今夏拿李原宇把黄荣奇换来之后，肯帝亚总经理史琳杰曾表示，“我对他期望值非常高，他的不成功就是我的不成功，我希望他表现的更成熟一些，不要砸了我的招牌。”至少如今来看，黄荣奇确实增强了球队后场实力，至于后续表现，就看他与球队能否磨合得更上一城楼了。（一星）
可怕！广东用北京最擅长的武器“教训”了他们,从揭幕战击败辽宁男篮，到最后时刻逆转险胜新疆男篮，再到本场经历了一段波折之后击败北京男篮，本赛季至今，广东男篮在面对强队时保持着全胜的战绩，而从这三场比赛来看，本赛季的广东男篮最大的特点，也许就是他们总是能够用最有针对性的办法击败对手、击败强队。与辽宁男篮的比赛，因为郭艾伦尚未达到最佳状态、辽宁男篮的新援还处于磨合期，这场胜利也许并没有太大说服力。但主场面对本赛季攻击火力惊人的新疆男篮，广东男篮能够同样用“快打旋风”与其对抗并笑到最后，显然就很有说服力了。当然，本赛季的广东男篮，其实也的确是一支打得非常快的球队，与新疆男篮的“快打旋风”，也因此不过是证明他们可以比新疆男篮更快而已。而本场击败北京男篮的比赛，广东男篮其实更让人吃惊。让人吃惊的原因，当然在于当北京男篮试图用防守、用“缓慢”来对抗速度时，广东男篮虽然有些不适应，但他们却又用更出色的防守，一次次迫使北京男篮出现失误并且取得比分上的领先。而比赛进入第三节的后半段，体力已经亮红灯的北京男篮又一次在广东男篮的逼抢下不断出现失误，广东男篮就乘势彻底带着北京男篮走上自己最为喜欢的节奏，并且成功带走胜利。遇到喜欢快的新疆男篮，广东男篮可以用更快的表现让对手黯然神伤；遇到很慢而且很有防守韧性的北京男篮，广东男篮却又可以用更出色的防守迫使对手不断犯错直至大比分输掉比赛。击败辽宁男篮、击败新疆男篮、击败北京男篮，在已经结束的12轮比赛中，广东男篮在不断改变着所有人对他们的固有印象。在面对山西男篮和同曦男篮时，广东男篮的“火力”并不够旺盛、低于赛季的平均水平，但随后与福建男篮的比赛，广东男篮干脆创造了队史单产得分纪录。与北京男篮的比赛，北京男篮的防守的确是CBA最强大的，但这并不妨碍广东男篮在首节就取得12分的领先优势。总之，本赛季至今的广东男篮，真的让所有人都有一种摸不着头脑的感觉，你以为他会这样，他就总会用那样一种方式来“教训”你。也许，这就是广东男篮最为可怕的地方，因为他们真的可以“百变”、因为他们真的非常“全能”。（韩二）
6记抢断！2.0版赵继伟再升级 他比郭少先回暖,北京时间12月1日，CBA常规赛辽宁队以123-109战胜了天津队，在这场强弱对话中赵继伟表现出色，而在这场比赛中我们能看到赵继伟的进步。全场比赛赵继伟得到了10分4助攻6抢断，虽说得分一项上略显平常，但是6次抢断能看得出来赵继伟在防守上下的功夫以及对比赛局势的掌控。当第一节比赛进行到一半的时候，天津队刘帅在弧顶持球组织，在这种最安全的时刻他正在分析着自己应该从哪发起进攻，而且远处的赵继伟似乎也构不成什么威胁，就在他感到放松的时刻赵继伟如鬼魅一般的已经溜到了刘帅的面前，重心压得过低的赵继伟似乎一个精灵一般的把球给盗走，为辽宁队争取来了一次球权。赵继伟的第一节的优异发挥不止于此，我们在赛场上可以看到赵继伟很努力的在改变自己的打法，第一节刚开始不久，他就有意识的跟李晓旭打掩护配合，当小二哥的掩护为他争取来一丝出手空间的时候他便会毫不犹豫的三分出手，在第一节赵继伟就命中了两个三分球。本赛季的辽宁队虽说战绩不错但可以说是问题重重，今天小外援史蒂芬森就公开在个人社交媒体上发布了自己对球队的不满：他们让球星去干蓝领的事情。而球队当家郭艾伦受挫于男篮世界杯和伤病正在逐渐恢复，为球队主持大局的居然是那个身高只有185cm的小个子赵继伟。在上一场的比赛中赵继伟一个人就命中7个三分球，今天的赵继伟又贡献出6个抢断，这是大伤以前的他根本不会去做的事情，如今的赵继伟改变了自己的打法，在场上如此拼命除了反应他的大局观和球商之外，也能看出他在对自己的职业生涯做出新的规划。从赵继伟1.0变成赵继伟2.0，收益最大的还是辽宁男篮。所有人都评价赵继伟有个聪明的脑子，从他的转变来看，他对很多事情的把握都超出其他人不少。（汉堡）
最怵的人还是他！阿联无情血帽击碎北京的幻想,CBA常规赛第12轮，广东客场以93-78战胜北京取得8连胜，北京本赛季遭遇自己的主场首场失利。本场比赛，易建联出战33分钟，得到16分11篮板2盖帽的数据。单从数据上看，阿联今天并没有太惊艳的表现。但如果你看了这场比赛，就一定可以感觉到，华南虎能够在客场从北京带走一场胜利，阿联仍然是最关键的那名球员。比赛刚一开始，广东队的球员就反客为主，很快的进入了比赛状态，在五棵松打出了犀利的进攻；而他们凶悍的防守也逼得对方频频失误。广东队光是利用对手的失误，就比北京对至少多得了7分。但从第二节开始，北京却趁着易建联在场下休息的机会，打出了一波高潮，将分差一点一点的迫近。特别是对手外援汉密尔顿，他里突外投，光是在这一节就砍下了13分。杜锋指导眼看着对手起势，又不得不选择将阿联重新派到场上。而易建联果然没有让人失望，他刚回来就命中了一记三分，将即将失控的场上形势又重新拉了回来。其实从场上表现上来看，广东队今晚最大的威胁，就是北京队的大外援汉密尔顿了。他在球场两端的篮下都有着十分抢眼的发挥，进攻中他多次靠着柔和的手感，将球一次次的送进广东队的篮筐，而在防守端他的篮板保护也做的十分积极。甚至面对广东小外援布鲁克斯的进攻，他还完成了一次抢断，像个后卫一样运球推进，上篮命中。正是面对这样棘手的挑战，阿联再一次扛起了整个球队！为了遏制住对手的箭头人物，阿联毫不惜力的贡献着自己的力量。甚至是不惜采取倒地救球的方式，将篮球控制在自己的手中。而在第三节，易建联结结实实给汉密尔顿的那记无情血帽，也似乎彻底击碎了对手的信心。原本在第二节犹如神助的对手，在那之后就再也没能找回之前的手感。而广东队也在阿联的带动下，在第四节重新掌控了比赛，并一直将分差继续扩大，没再给对手任何幻想的空间。毫无疑问，这就是易建联之于这支广东队的领袖作用。（豪斯）
周琦27+18阿不都19分 王哲林缺阵福建惨败新疆,北京时间12月1日，2019-20赛季CBA常规赛第12轮，新疆队继续在主场红山体育馆迎战遭遇4连败的福建队。王哲林轮休，周琦砍下27分18篮板外加5助攻，阿不都沙拉木得到19分，最终5人上双的新疆以134-91大胜福建，送给对手5连败。两队历史上共交手34次，新疆队取得25胜9负；其中常规赛交手31次，新疆队取得22胜9负。新疆队周琦27分18篮板、阿不都沙拉木19分、费尔德17分12助攻、西热力江17分、斯托克斯22分11篮板、范子铭7分。福建队斯塔德迈尔19分8篮板、陈林坚14分、胡珑贸11分、劳森19分7篮板4助攻、卡米然9分、刘洺宇10分。比赛开始，新疆开局率先发力，西热力江三分命中，球队多点开花打出一波13-2的进攻高潮领先。福建这边追分不温不火，首节打了一半新疆19-6领先。后半段新疆进攻出现停滞，福建外线开火，胡珑贸、陈林坚先后三分命中，球队回敬一波11-0将比分追至17-19。唐才育随后上篮命中，曾令旭攻防两端表现出彩，新疆再掀一波6-2将分差拉开。节末新疆旧将卡米然表现活跃帮助福建将分差缩小到4分，俞长栋随后三分命中，新疆这边重新稳住局面，首节结束新疆34-28领先福建。次节，福建失误增多，斯托克斯找回手感连得5分，新疆凭借内线优势打出一波10-6将比分拉开至44-34。福建今天外线准星着实不错，不过新疆这边进攻端更为强悍，次节过半新疆52-39领先。后半段新疆加强防守，球队一度将分差拉开到18分。节末劳森连得6分帮助己队一度止血，但阿不都沙拉木手感稳健三分再中，新疆重拾火力再次拉大差距，半场结束新疆74-56领先福建。下半场，西热力江命中个人第5记三分，新疆将分差拉开到20分。福建这边命中率开始下降，三节过半球队仍旧落后20分。后半段新疆再次开火，球队多点开花打出一波12-0的得分高潮将比分拉开至96-64。福建的命中率一路走低，节末陈林坚连得5分帮助己队止血，但周琦连续暴扣命中，三节结束新疆110-72领先福建38分。末节，新疆这边派出全华班。小斯进攻端发力，福建打出一波10-3的攻势将比分追至82-113。范子铭、阿不都沙拉木先后上篮命中，新疆再次拉大分差到35分。悬殊的分差让胜负早早失去悬念，阿的江提早换上新人开始练兵，福建也换下小斯休息。新疆这边鲁吐布拉、刘力鹏、唐才育等小将攻防两端表现出彩，后半段新疆一度将分差拉开到奥40分以上。最终新疆以134-91大胜福建。双方首发：新疆：范子铭、周琦、西热力江、费尔德、阿不都沙拉木福建：斯塔德迈尔、谢亚财、孙椿棚、陈林坚、李江淮（小鱼）
孙悦18分北控结束5连败 吴前28分浙江胜吉林,北京时间2019年12月1日，2019-20赛季CBA联赛常规赛第12轮继续激战。北控客场以103-97战胜四川，终结5连败；江苏113-121负于山西；浙江127-112主场击败吉林，夺得3连胜。四川97-103北控首节，四川坐镇主场以23-19领先4分，随后北控在次节反客为主打出得分小高潮，上半场战罢，四川47-46只领先北控1分。易边后，北控再次展开反击，第三节结束时反超四川1分。最终，北控以  客场战胜四川，终结5连败。本场比赛，四川队5人得分上双，福特森28分7板7助攻，李原宇21分11板5助攻，陈辰15分，孟达10分，罗宾逊16分10板。山西方面6人得分上双，弗格23分4板3助，孙悦18分3板5助，王子瑞13分7板，萨卡基尼10分9板4助，王少杰8分5板，杰森-汤普森17分10板，张帆12分4板2助。江苏113-121山西首节，江苏队内线进攻不在状态，以21-32落后山西11分。此节，山西继续打出反客为主的状态，上半场山西队反以62-49领先江苏13分。易边后，江苏虽然追回了2分，但末节，山西队反客为主掌控了局势，最终以121-113击败了江苏队。本场比赛，江苏4人得分上双，吉布森36分8篮板5助攻，吴冠希12分5篮板3助攻，拉杜利察32分12篮板，黄荣奇15分3篮板2助攻；另外，柳伟6分3篮板，孙鑫2分，王洪2分2助攻，史鸿飞5分5助攻，易立3分3篮板6助攻。山西5人得分上双，富兰克林34分9篮板7助攻，刘冠岑18分2助攻2抢断，原帅15分4篮板4助攻2抢断，任骏威13分5篮板6助攻2抢断，兰德23分11篮板；另外，葛昭宝2分2篮板，莫闫鹏飞9分1篮板，田桂森6分，滕贺麒1分3篮板。浙江127-112吉林首节，吉林反客为主以31-29领先浙江2分，次节，吉林再次单节得分领先浙江1分。第3节，浙江终于打出好状态，单节拿到33分。前三节战罢，浙江队89-86领先吉林队3分。末节，浙江队打出进攻高潮，最终，浙江队15分优势击败对手。浙江队5人得分上双，邓蒙33分6板10助、吴前28分2板4助、张大宇18分3板、程帅澎15分、兰兹博格19分8板、朱旭航8分。吉林5人得分上双，琼斯35分8板11助、代怀博14分、崔晋铭13分、霍尔曼16分11板、姜伟泽15分、姜宇星8分。（苦文）
经典归来！京粤大战从不令人失望 今晚CBA赢了,一天之内，中超和CBA的“京粤大战”可谓赚足了“眼球”……继12月1日中午广州恒大以2分的优势力压北京国安赢得中超冠军之后，12月1日晚间CBA赛场的“京粤大战”，又一次证明了广东男篮和北京男篮，也同样是CBA赛场上最为顶级的球队，二者之间的较量永远不会令人失望。如果仅看第一节的比赛，高居CBA积分榜榜首的广东男篮，仿佛已经提前将胜利纳入了囊中，但是，本赛季的第一次“京粤大战”，注定不会向这样一个令人失望的方向发展。随着比赛进入第二节，北京男篮终于用行动证明，他们不可能让广东男篮如此轻松愉快地带走胜利。带领北京男篮疯狂追分的，的确是林书豪和汉密尔顿，但与此同时也必须承认的是，北京男篮每一位上场的球员，都在尽全力阻击比赛向一边倒的态势发展。最能证明这一点的，也许就是第二节的比分，首节轻松拿下29分的广东男篮，在第二节一共仅仅拿下19分，得分效率的变低，唯一的原因就是北京男篮的防守强度不断提升——仅仅汉密尔顿和林书豪，显然达不到这样的效果。比赛也因此有倒向北京男篮一边的迹象，而面对突然不利的局面，广东男篮也展现了自己的冠军气质。北京男篮更多是依靠防守逐渐缩小并反超比分，广东男篮同样是先从防守做起得以反超，当广东男篮迫使北京男篮又出现失误并且自己开始打出“快打旋风”时，比赛，就又一次倒向广东男篮一边。广东男篮大比分领先，北京男篮反超并且大比分领先，广东男篮再度反超并且直至最终以93比78赢得比赛；广东男篮迫使北京男篮不断出现失误，北京男篮快速完成调整迫使对方出现失误，广东男篮很快控制住失误再完成反制……这场“京粤大战”，甚至比中午“京粤”之间的中超冠军之争更加扣人心弦、更加令人难忘，毕竟，广州恒大和北京国安的冠军之争只不过是一场“隔空对话”，哪里有这样的面对面、这样的“拳拳到肉”更刺激！广东男篮与北京男篮的又一次“京粤大战”，就此在紧张激烈的氛围中落下帷幕，但“京粤大战”的精彩，恐怕会长时间留在所有人的记忆之中，这种记忆，也会更让人期待下一次“京粤大战”的到来。这样说并不过分，因为，近年来CBA赛场上的“京粤大战”，什么时候让人失望过！（韩二）
郭艾伦15分芬森23+6 辽宁7人上双大胜天津,北京时间12月1日，2019-20CBA常规赛第12轮继续激战。辽宁坐镇主场，以123-109击败天津队，夺得两连胜，而天津则遭遇3连败。本场比赛，辽宁队7人得分上双，史蒂芬森23分4篮板6助攻2抢断、贺天举15分3篮板3助攻、郭艾伦15分2篮板5助攻2抢断、李晓旭13分13篮板2助攻、赵继伟10分4助攻6抢断、巴斯23分10篮板2助攻2盖帽、郭旭18分；另外，高诗岩3分3篮板4助攻、马壮3分。天津队方面5人得分上双，托多罗维奇26分15篮板5助攻2抢断2盖帽、时德帅23分10篮板3助攻、史仪11分3助攻、孟子凯17分5篮板、何思雨17分5篮板；另外，金鑫9分3篮板、刘帅2分4助攻。首节开战，辽宁队内外开花，打的顺风顺水，赵继伟先后飙中2记外线3分，巴斯、郭艾伦内线发威，辽宁队轻松打出21-6的得分冲击波，尽管时德帅3分还以颜色，但随即贺天举、高诗岩先后命中外线3分，首节结束时，辽宁就以35-18领先对手多达17分。次节开战后，李晓旭飙中大号2分，巴斯内线再添2分。尽管史仪为天津回敬外线3分，但其后巴斯内线继续得分，辽宁把分差优势扩大到了20+，46-25。天津内线连得6分，缩小分差。巴斯、史蒂芬森、郭艾伦连投带罚，辽宁重新把分差优势扩大到了20+，62-40。上半场战罢，辽宁63-45领先18分进入到下半场。易边再战。巴斯率先一条龙反击得分并加罚命中，托多罗维奇回敬内线2分，时德帅补篮再添2分，两队你来我往互飙外线，辽宁仍然保持到18分的比分差距。郭艾伦外线飙进3分，辽宁队再次把优势变成了20+，78-56。随后两队各得10分，托多罗维奇、贺天举各为本队飙中3分。辽宁队打出一波得分小高潮，将分差扩大到24分。郭旭为辽宁飙中3分，天津队内线进攻还以颜色。第三节战罢，辽宁97-80领先17分进入到末节。最后一节，郭旭飙中外线3分，辽宁队得分率先上百，辽宁队连投带罚，内外开花打出9-3开局，把分差缩小到了11分，并打停辽宁队。暂停回来后，辽宁队李旭晓内线连得4分，为辽宁队止血，重新把优势扩大到了15分。随后双方互拼罚球僵持了一小段时间。郭旭飙进本场比赛个人第4个外线3分，李晓旭爆扣得手，辽宁队再把分差变成了20+，114-93，并打停天津队。托多罗维奇通过罚球得他，帮助天津得分上百。但比赛时间走完后，辽宁队仍然以123-109击败天津队。辽宁首发：郭艾伦、史蒂芬森、李晓旭、贺天举、赵继伟天津首发：金鑫、托多罗维奇、刘帅、时德帅、史仪（苦文）
攻陷五棵松！广东力克北京8连胜！林书豪26+10,北京时间12月1日，2019-20赛季CBA常规赛第12轮，北京队坐镇主场迎战已经取得7连胜并且排名联盟榜首的广东队。林书豪空砍26分10篮板，布鲁克斯砍下27分10篮板外加5助攻5抢断，阿联贡献16分13篮板，最终广东在客场以93-78战胜北京豪取8连胜。而北京则遭遇新赛季以来自己的首场主场失利。两队历史上共交手67次，广东队取得38胜29负；其中常规赛交手48次，广东队拿下31胜17负。北京：林书豪26分10篮板3助攻、汉密尔顿25分17篮板、翟晓川7分5篮板3助攻2抢断、方硕7分5篮板。广东：马尚27分10篮板5助攻5抢断、易建联16分13篮板2盖帽、威姆斯12分5篮板3助攻2抢断、胡明轩11分4篮板、赵睿9分6篮板5助攻3抢断、任骏飞9分3篮板3抢断、杜润旺5分。比赛开始，两队开局打得有些胶着，林书豪连续突破造成杀伤。战至6平后，广东逐渐加强进攻力度，胡明轩三分命中，球队多点开花打出一波11-2的得分高潮将比分拉开至17-8。北京随即暂停，暂停回来广东继续发力，北京失误逐渐增多，双方分差很快被拉开到11分。后半段北京继续失误不断，首节还剩2分多钟广东25-11领先。节末北京追分仍旧不温不火，首节结束北京17-29落后广东。次节，广东进攻效率下降，汉密尔顿攻防两端表现凶悍，林书豪连中两记三分，北京多点开花打出一波18-7的攻势将比分追至35-36。任骏飞随后上篮命中帮助己队稳住局面，威姆斯上篮也中，广东一度将分差拉开到5分。后半段北京继续展开追分，林书豪手感爆棚三分再中，北京打出一波5-0将比分追至40平。此后两队一时展开僵持，节末北京凭借汉密尔顿的火力一度反超5分，阿联最后命中三分，半场结束北京50-48领先广东。下半场，北京继续发力，球队多点开花打出一波11-6的攻势将比分拉开至61-54。后半段广东竭力展开追分，北京进攻端哑火，阿联篮下连造杀伤，球队回敬一波10-3在三节还剩2分多钟将比分追至64平。北京随即暂停，暂停回来球队进攻端仍旧哑火，任骏飞两罚中1，胡明轩三分也有，广东再掀一波6-0将比分重新拉开。三节结束北京64-70落后广东。末节，两队一度三分互飙，翟晓川上篮命中帮助己队将分差缩小到4分。广东凭借防守顶住压力，布鲁克斯上篮命中帮助己队将分差拉开到6分。北京进攻端再次低迷，林书豪体能出现问题，后半段广东重拾火力，双方分差逐渐被拉大到11分。虽然方硕三分命中帮助北京一度迫近分差到个位数，但是布鲁克斯很快三分回敬，广东凭借篮板优势稳住节奏，最终广东在客场以93-78战胜北京。双方首发：北京：林书豪、刘晓宇、翟晓川、常林、丘天广东：胡明轩、赵睿、布鲁克斯、任骏飞、易建联（小鱼）
视频-徐咏点评：首节“挖大坑” 上海队主要输在防守,
视频-济南客场遭遇惨败 上海男篮何时走出低谷,
GIF-周琦补防大帽小斯！这意识给打几分？,北京时间12月1日，新疆主场迎战福建。比赛中，新疆队周琦在一个防守回合中，补防到位，送给福建外援斯塔德迈尔一记大帽。（DD）
GIF-史蒂芬森这球比战斧还精彩！我扣我自己？,北京时间12月1日，CBA联赛第12轮，辽宁主场迎战天津。比赛第二节，辽宁外援兰斯-史蒂芬森获得快攻1打0的机会，他试图单手上演暴扣，球精彩入筐，但随后他上演了一记暴力头锤，足篮两开花。（新体）
GIF-扣了！扣了！那位辽宁13号这扣篮真干脆！,北京时间12月1日，CBA第12轮，辽宁主场迎战天津。比赛第一节，郭艾伦获得快攻机会，他直接单手完成快攻扣篮！（新体）
GIF-邱天改名邱不攻！这传球可以进五大囧了！,北京时间12月1日，CBA常规赛第12轮焦点战，北京首钢主场迎战广东宏远。比赛第一节，首钢首发内线邱天上演了一次五大囧式传球，他接球后想当然传到外线，可惜那里并没有队友。（新体）
人物|除了转身360大风车 他值得你记住更多,还记得当年那个在CBA扣篮大赛上向卡特致敬的年轻人吗？这个完成度非常高的360度转体大风车让他轻易的从预赛中脱颖而出然而因为心情过于紧张却让他在接下来的决赛环节中迟迟无法进入状态最终一次次失误葬送了大好的机会屈居亚军这样一段戏剧性的经历也让他成为了CBA历史上扣篮最棒的无冕之王这就是当年那个初生牛犊不怕虎的常林不过他的本事可不仅限于此带领球队获得全国高中比赛冠军入选阿迪达斯亚洲篮球训练营全明星最佳十人获得全额奖学金进军NCAA两年后加盟CBA北京队而入选国青、国奥的经历更是让人们对他充满期待然而常林的职业生涯却并没有人们想象中那样顺风顺水2011-12赛季包括朱彦西、翟晓川、吉喆等人在内北京队的几位年轻锋线都发挥得非常出色常林获得的机会并不多场均3分钟的出场时间每场贡献不到1分因此除了“扣篮特棒”常林并没有给球队留下特别深刻的印象正是因为格外想获得外界的关注也才有了因为过度紧张而错失冠军的桥段看看他在训练中轻松完成的胯下换手大风车（就是他在扣篮大赛中频频失误的扣篮动作）或许说那届扣篮大赛冠军理应就是他的囊中之物也并不为过然而此时伤病却找上门来让常林的职业生涯遭遇了第一个低谷恰逢此时北京又从奥神租借来了张松涛、李伟和黄海贝使得球队原本就深厚的内线阵容变得更加臃肿常林跻身球队轮换阵容的机会也就变得更加渺茫了树挪死，人挪活在接下来的一个赛季北京将常林租借到了急缺内线的江苏队蛰伏了两年的常林便如同鱼入大海，龙出升天充分释放了自己的能量来到江苏第一个赛季常林便获得了场均30分钟的出场时间而他也用出色的表现回报了球队的信任场均交出15分5.6篮板的成绩单更重要的是他还用场上的实际行动证明了自己可不仅仅是一个扣将场均2.1个前场篮板充分展示了常林在篮下的侵略性和出众的身体素质而高达38%的三分球命中率则告诫对手不要在外线轻易放空我凭借在江苏队的出色表现常林也为自己赢得了一个国家队的席位三年过后常林与江苏的合同到期而北京也经历了较大的阵容调整急需一名强硬的大个球员来补充球队的内线身高2.07米的常林再一次进入了北京队的视野重回北京首个赛季他便交出场均7.3分成为轮换阵容中最稳健的一个得分点同时场均1.6个前场篮板在队内也仅次于汉密尔顿一人尽管此时他得到的机会不如江苏那样多但常林却认为自己的职业生涯是从首钢队开始的尽管中间经历了一些波折可最终能够回到这个大家庭对他来说是一个特别好的结果随着年龄的增长各种各样的伤病也让常林遭遇了自己职业生涯最难的一个赛季足底筋膜炎、大腿拉伤、鼻梁骨折肩膀骨裂、韧带撕裂过去一年常林几乎是在与各种伤病的抗争中度过的一次次伤病再一次次试着找回比赛的感觉这样的磨练不仅没有击退常林反而让他变得比以往更加坚韧本赛季前10轮比赛常林有4场都没有得分场均得分也下滑到了场均2分而他曾经在江苏队所展现出的投射能力也迟迟没能打开局面CBA第11轮北京主场迎战八一这个比赛日恰好也是常林的生日他在首发登场后很快便毫无征兆的爆发了上半场常林三次在三分线外出手便全部命中最终他不仅帮助球队轻松获胜而且得分（15）和篮板（8）也都创下赛季新高赛后雅尼斯也少见地调侃常林如果常林每场都能打这么好真希望他天天都能过生日一场比赛的爆发或许并不能掩盖常林竞技状态下滑的事实然而这位年届31岁的老将却用实际行动表明只要球队需要我依旧在这里短短11轮比赛相比漫长的赛季不过只是刚刚开始球队要想在赛季结束时取得佳绩不仅仅需要超级球星的强势发挥更需要球队上下每一名球员的共同努力来到职业生涯第9个赛季我想常林也非常清楚这一点接下来的比赛里期待他的再次爆发欢迎转发，让更多人感受中国篮球的正能量！长按下方二维码，点击识别，即可关注我们！（专篮）
关于啦啦队女孩们 CBA在下一盘很大的棋……,这个赛季的CBA，我说个“大尺度”的改变：啦啦队部分。以往啦啦队，更多是比赛中的“开胃小菜”，许多人都觉得啦啦队在比赛中可有可无，算是个比赛调剂。但从今年开始，你可以明显感觉到CBA在这方面的努力：——定妆照更用心了，妆容更精致。——篮球论坛上多了些介绍女孩们的帖子，写得很棒。——这赛季我也去了好几场CBA现场，我发现，比赛除了吸引血气方刚的少年之外，还有好多中年大叔。而他们往往会在啦啦队上场时，掏出他们照相功能不错的手机，打开摄像头，对着场上的小妹妹们“咔擦咔擦”。挺好，美好的人和事，需要有人欣赏，正所谓“女为悦己者容”。阴阳结合，让CBA赛场除了阳刚之外，多了一丝柔美。啦啦队，这本就是一个球场“娱乐化”的部分，做得好，是为了吸引更多球迷。1979年，湖人老板巴斯做了充分的调研：球迷来看比赛，但是暂停时候似乎太过枯燥了？于是，他找来了一些外表靓丽的女孩，有着舞蹈功底，他们在休息时段给大家表演。之后的休息时段，许多球迷便觉得场内不再无聊，其他球队也纷纷效仿。而且这些女孩一定要“出身干净”，不能是酒吧女郎，艳舞女郎和三级片演员这样的，希望能传递一种“纯粹，青春，阳光”的感觉。后来大洋彼岸的CBA也借鉴了啦啦队这个概念，使赛场多了一丝柔美，就是我们现在看到的了。她们多为大学生或者舞蹈团，年满18岁，练舞很辛苦。前几年的标准，队员们每场比赛都能拿到200至300元的出场费。一个赛季下来，很多大学生自己都能挣到一个学期的学费。现在的出场费会多些。我在看的时候，常常有一种感觉：她们时刻都得保持笑容，传递自己的热情给球迷。你们来了，就不要失望。不同于欧美啦啦队的奔放强力，中国赛场上的啦啦队女孩们，在青春运动的感觉之外，有时候还会身穿旗袍，撑着油纸伞，来一段球场遇见。中国赛场的中国风，不只少年、大叔，其他球迷人群也会喜欢的。CBA除了把重点放在提升球员竞争力上，在赛场包装上也多做一些：比如海报，我前两天写过的 CBA被篮球耽误的广告公司，是福建还是辽宁？比如场地布置，还比如啦啦队，给女孩子们更多的机会展现美，包装她们，成为比赛中不可或缺的一部分。让更多人走进球场，就是CBA的进步。我就蛮喜欢在节间休息、暂停的时候看看啦啦队女孩们的舞蹈，没什么好避讳的。正大光明的看，也是对她们付出的尊重。我佩服这群女孩。
2000字采访，是贺天举从巅峰到低谷的世态炎凉,来源：公众号“简单聊几句”微博热搜上，贺天举的名字再次出现。这一次是因为男篮名宿马健的一语评论“如果贺天举不受伤的话，比朱芳雨更强。”是呀，还有一个月就29岁的贺天举也偶尔会在脑海里闪过这个问号，如果不受伤的话，该有多好？！但理智总是很快的把他拉回来，“哪有什么如果呢，我就是受伤了。虽然那真真的就是个小意外，其实就是踩着奶油摔了一跤，摔了个跟斗。对于普通人来说就是摔一下而已，但对我来说我人生的一大跤，重重的一跤。”在如今看来，贺天举的整个人生都因为这个跟斗，发生了变化。“事情来得很突然，也是我第一次受这么重的伤。”当时诊断的结果髌骨骨折，赛季报销是肯定的了，保守估计至少需要4个月，才能恢复训练。但当时的贺天举意志并不消沉，“虽然我知道伤得不轻，但我还是觉得自己能恢复，能找回原来的自己。当时就只有一个念头，抓紧恢复！我还想回来打季后赛。”在那之后的日子里，贺天举很用功，他甚至比健康时训练得更狠、更卖力，“接受完康复训练之后，我还要给自己加练，每天都泡在康复中心，心里就想着季后赛。”也许心态太过着急，也许是急于回归赛场的欲望压住了理智，贺天举选择了一套在后来被行家认为风险过大甚至是不够稳妥的方案。而事情的结果也确实没有照着他起初的愿望进行——他的恢复期被拉长了。甚至因为他过早加入的其他训练加重了伤处的负担，导致伤病恢复状况很不理想。但贺天举没有责怪过任何人，甚至有行业专家清楚的指出过康复机构可能存在判断失误的情况下，他没有外界、媒体表达过他的不满。直到现在被人问起，他也是心平气和的他们解释，“任何医疗康复都是有概率的，不会有医生保证百分百治好你的 。这个我不能怪别人，因为是我当时的心态导致我做出了不正确的选择。”如果说受伤的艰苦，无论是身体还是意志力的考验，是一个运动员一定要承受的话。来自外界的声音、眼光，所处环境，人际关系的变化，才是让贺天举真正长大成人的课程。“这三年，说起来时间不长，但我觉得我经历了很多。”他说，“我现在非常信服的一句话就是，人不是因为年龄而成熟，是因为经历的事情多了才成熟。”贺天举年少成名，早在青年队时期就被寄予厚望，被认为是辽宁锋线冉冉升起的又一个国手级明星。2009年升上一队，他就赢得了赞助商李宁的重磅合同。而当时李宁还不是联赛的赞助商。无论在辽宁队还是在国字号队伍，贺天举都曾经有过高光时刻。“人在高处的时候，别人什么都顺着你。你说的、你做的，都有人认可、附和。哪怕你明知道你自己胡说八道也有人捧着。那会儿就算知道这不好，但虚荣心告诉我，这很舒服，久而久之就在那种氛围里习惯了。”但受伤之后，他感觉很多事情都变了，也让他体会到了什么是世态炎凉。“无论工作还是生活里，很多人，很多事情在变化。有的是悄悄的的变化，潜移默化的变化。有的变化就很快，很直接。”从受伤到现在，贺天举觉得自己“认识了很多人，也认识了很多新朋友。但这里认识有两层意识，认清、结识。”最大的一个变化，其实来自自己的内心，“我开始意识到我应该把自己当成一个真正的人了。因为太早接触篮球，成为运动员可能让我缺失了一些普通人生活的东西。但现在，我觉得打篮球只是我工作。我工作的动力来自我对生活有更高的追求，我希望能保护家人，给他们更好的生活。但在工作之余，我希望自己也有正常人生活的权利，可以在不违法乱纪的前提下，过一些轻松的日子。”让他大彻大悟的，其实就是那一年没有赶上的全运会。“我跟着队伍进行了四个月的努力，几乎是等待到了最后一刻。却得到了没有报名的结果。”他说，“哪怕提前告诉我，我去不成了也好啊。”被告知无法参加天津全运会之后的第三天，贺天举就飞去了美国。在美国他个人进行了六周的康复训练，效果喜人，比之前四个月有了突飞猛进的进步。“但就是这一次，我觉得我不能把所有希望都寄托在篮球上了。我需要有自己的生活。需要有自己的家人、朋友，除了篮球，生活里还有很多人和事在等着我。”过去的作为运动员的贺天举，会因为输球整夜的无法入睡 ，也会在无发泄情绪的时候，流着眼泪删掉自己的微博，“因为对自己感到不满，又无处发泄。看着微博里支持自己的球迷和骂人的球迷无休止的争吵，我只能选择一条条的去删除掉。”而如今的他 ，“能打的时候就好好打，也不会闹情绪。状态不好的时候，虽然也会有闹心。但已经学会了调节的方式。和女儿视频一下，和媳妇聊聊八卦。实在不行找几个朋友聊个天。前提就是不要影响比赛。谁都有个下班时候，不是吗？”普通人稀松平常的下班回家，在篮球运动员的生活里其实是很难 。虽然足球职业俱乐部早就实现了走训。但对于篮球来说，走训在每个队伍都不多见。通常都只有年纪较大结婚生子的队员才有这样的待遇 。而在辽宁队，想要争取到这样的“福利”，更不容易。因为错过了大女儿的出生，贺天举一直非常后悔。“大女儿出生的时候我在打发展联盟的比赛，十天后才看到她。这是我一直以来的心结。后来因为不能经常回家，我觉得女儿好像有点怕我。因为我有时候冲她笑，她也会哼唧起来。”女儿的眼泪，冲破了他心里最后的防线。“我找到了体育局领导，说出了我的心里话。工作是为了更好的生活，但现在如果为了工作，我要失去我的家人 ，我要承受这样的煎熬，我的工作也不会多好。”在贺天举的据理力争之下，他才得到了回家和女儿共享天伦之乐的时光。不到三十岁的贺天举，已经是两个孩子的父亲，而之所以决定和妻子结婚，和受伤的那段日子也有深刻的关联，“一起度过了最低谷的时光，就觉得是她了。”“我给自己立了规矩，在工作的时候，我会努力打球，尽量满足球迷的一些愿望。但在日常生活里，我希望得到更多的空间和尊重。尤其当我和家人一起的时候，还是不想受到打搅。”最后，还是回到朱芳雨的话题。其实没受伤前，贺天举的确把朱芳雨当作自己的目标的，“当然是把他当作标杆了，想要超越他。受伤了，也想着恢复到自己最好的样子。但在受伤之后，就不去想了，因为想了也没意义了。”贺天举表达了自己“作为一个普通篮球运动员”的观点：朱芳雨的强毋庸置疑，但也应该客观的该放在一个时代背景里。因为在他的时代，他在国家队有姚明这样的队友。而贺天举以及后来的晚辈球员们，他们的优势在于生在一个信息更发达的时代，会得到外界更多机会和展示。“如果实在要我说，我和朱芳雨根本没有可比性。”采访最后，贺天举告诉记者他已经很久没有接受过采访了，外界的评论也不太能够影响他的心情。如今的他也会看微博，这是他“接触世界的一个小窗口”，球迷的评论对于他来说也司空见惯。之所以不接受采访是因为“不太擅长讲客套话，但也清楚这不是什么真话都可以讲的时代，所以还是让我安静的做个吃瓜群众吧。”
丁彦雨航终于有消息了！不回CBA加盟快船？,终于又有小丁的消息！北京时间11月29日，丁彦雨航的训练师在微博上发布了一张他在做力量训练时的照片，并配文：“拼劲全力，只为看见那个重返巅峰的你！”此前，丁彦雨航在个人微博上晒出自己在力量房的照片并配文：“瘦了瘦了瘦了。”从图片中我们可以清晰地看到小丁膝盖上的伤疤，真是心疼！今年8月底进行完膝盖手术后，小丁一直在经纪人睢冉的陪同下于美国进行康复训练。后者曾在社媒上晒出两人海边散步的视频，小丁在沙滩上写下：“睢冉能挣100个亿。”而睢冉只写下四个字：“早日康复。”早日康复，是全国球迷对丁彦雨航的期许，大家真的等太久了！近日，有球迷给著名篮球评论员苏群留言，询问小丁的近况。苏群回复道：“小丁还在美国康复与训练。说不定哪天加盟国王或快船了，不要吓你们一跳。”这是要重返NBA？2018年7月，丁彦雨航凭借出色的表现和独行侠签下一份训练营合同，同年10月独行侠宣布他将前往球队下属发展联盟球队效力。此后，小丁因膝伤一直处于康复阶段，今年4月回到国内。2019年夏天，小丁入选中国男篮，随队备战篮球世界杯。然而在与热火的夏季联赛中，小丁另一只膝盖再添新伤，并因此缺席之后的篮球世界杯。随着丁彦雨航和周鹏相继受伤，男篮在锋线上的选择捉襟见肘。“三后卫”的中国男篮，在世界杯上多次被对手抓住机会错位强打，易建联拼尽全力却仍独木难支。不少球迷都发出感慨，如果小丁能打该有多好！丁彦雨航有多强？2016-17、2017-18两个赛季，他场均分别可以得到24.2分和26分，连续两年当选CBA常规赛MVP。丁彦雨航在CBA就是无敌的存在，他有着超强的身体对抗能力以及稳定的终结能力。无差别单打！你很少看到一个国内球员是这样打球的。动辄三、四十分的表现让小丁获得了“四字外援”的称号。2018年夏天，丁彦雨航去到美国追逐自己的NBA梦想。整个夏季联赛，小丁的表现也是可圈可点。身体对抗丝毫不落下风！这个变向，教主看湿了！在国家队，丁彦雨航也是球队的绝对大腿。2017年与韩国的世界杯预选赛，他全场砍下30分。韩国人无法阻挡丁彦雨航！这速率根本不是一个级别！小丁太强了，这也是为什么有如此多的球迷都因他的伤病感到惋惜。小丁目前在积极地进行康复治疗，他也曾在社交媒体上晒出图片并写道：“被克服的困难就是胜利的契机。”另据国内篮球记者爆料，小丁将在12月到1月间完全康复，达到上场比赛的状态。目前最大的困难是，他一直没能和CBA球队达成协议，如果一直这么拖着又没机会打NBA，那小丁将面临很长时间无球可打的局面。我们都知道运动员的青春有多宝贵，只有经常打比赛才能保持竞技状态。况且2020年中国男篮还有奥运落选赛要打，本就薄弱的锋线急需小丁这个大杀器的回归。无论是打CBA还是NBA，他都需要尽快重返赛场。我们太久没有看到那个“四字外援”驰骋赛场了，中国男篮需要你，球迷也需要你！期待小丁重披国家队战袍的，右下角在看集合！
WCBA第4轮-查尔斯50分江苏胜新疆 广东胜上海,北京时间11月30日，2019-20赛季WCBA联赛第4轮鸣金收兵。在令球迷关注的三场焦点大战中，新疆83-95江苏；山西主场94-84力克浙江。而卫冕冠军广东则在主场91-70上海。新疆83-95江苏开场后，蒂娜·查尔斯带领江苏队主打外线进攻，轰出得分冲击波。其中蒂娜在首节就已砍下14分。状态火热的王思雨表现积极，一人撑起新疆队进攻，帮助新疆队紧咬比分。半场战罢，江苏女篮44-39领先。易边后江苏队多次压制新疆追分势头。最后一节，江苏打出了一波小高潮，彻底锁定胜局。两队外援成为此役焦点。其中，江苏外援查尔斯轰下50分，而布朗只拿到26分。山西94-84浙江本场比赛，伊丽莎白·坎贝奇狂砍30分，带领山西队打出了主场气势。而浙江女篮虽然5人得分上双，仍无法改变败局。其中董可尔拿到22分，万济圆获得17分7篮板3助攻，外援娜塔莎-克劳德14分8篮板11助攻，张敏13分5抢断，余佳锦10分5篮板4助攻。广东91-70上海卫冕冠军广东东莞队坐镇主场迎战上海，前者在首节就已确立23分的领先优势，此后的三节比赛中，上海队都无法缩小分差，只能认输。此役广东东莞队国手李月汝砍下17分10个篮板，球队最终91-70大胜上海迎来四连胜。另外5场比赛中，北京队94：59击溃河南女篮；山东88：76力克陕西；福建90：77轻取大庆；河北87：73客场战胜天津；四川队77：65击败武汉。（苦文）
7个前场板4记火锅！还嫌弃2米03的半兽人矮吗,浙江广厦客场不敌深圳男篮的比赛，“半兽人”法里德可谓是“伤身又伤心”，但这毕竟只是一场普通的常规赛比赛，越来越适应CBA、在CBA赛场越来越努力，这显然比一场比赛的结果，更让浙江广厦和法里德满意。尽管最终大比分不敌深圳男篮，但浙江广厦的一项数据却还是非常抢眼，这个数据就是前场篮板球。本场比赛，尽管深圳男篮拥有李慕豪和沈梓捷所组成的“双塔”，但浙江广厦还是抢下18个前场篮板球，而深圳男篮全队，则不过7个前场篮板球进账而已。让浙江广厦能够“笑傲”前场篮板球的原因，就是身高仅仅2.03米的法里德。首节比赛开场不久，法里德就抢下前场篮板球并且打中，而第三节的后半段、浙江广厦疯狂追分阶段，频频补篮得手的法里德，也成为带领球队反扑的功臣之一。整场比赛，法里德一共抢下7个前场篮板球、甚至比肩深圳男篮全队。身高处于劣势的法里德，能够抢下这么多前场篮板球，也许真的足以说明他的努力。而法里德本场比赛的努力，却还并不仅仅体现在前场篮板球一项上。本场比赛，浙江广厦一共完成4次封盖，这4次封盖也全部由法里德送出，沈梓捷、穆罕默德都成为法里德的“牺牲品”。首节比赛仅剩1分多钟时，法里德的扣篮未能扣中，但回过头来，他就完成了对沈梓捷的追身大帽，这也同样是法里德足够努力的一个瞬间。在加盟CBA赛场之后，法里德其实并不被太过于看好，而原因就是他的进攻手段过于单一。但至少在本场比赛中，法里德用自己的努力证明，进攻手段单一并不会影响他在CBA立足。当然，也正是因为过于努力，第四节开场不久，法里德在试图封盖穆罕默德时意外倒地受伤，捂着手腕离场的“半兽人”，也就此提前结束了本场比赛。如果法里德还能够在场上，浙江广厦究竟能不能实现逆转？这个问题的确不可能有答案，但可以肯定的是，只有法里德继续努力下去，他和浙江广厦，在未来一定会为CBA奉献更多美妙的比赛、美妙的瞬间。（韩二）
青岛真核！亚当斯生涯得分超林志杰升CBA第43,北京时间11月30日，CBA常规赛青岛队以115-122不敌同曦队。虽说球队输球，但是对于外援亚当斯来说，今晚还是一个很有意义的夜晚，在本场比赛中他砍下了40分10篮板3抢断的数据，值得一提的是，在第二节的时候他已经得到24分，至此，他在CBA生涯得分超越林志杰，上升至历史第43位。本场比赛之前亚当斯CBA总得分为5161分，位列历史第44位，距离第43位的林志杰差16分。目前，排在第42位的是李晓旭，他得到了5232分。现在已经得到5201分的亚当斯，按照现在的效率他至少需要两场就可以超越李晓旭了。亚当斯作为CBA最全能的外援之一，在每场比赛他都会拼尽全力，就拿今天来说，他出战35分钟位列全队第三，而几个细节我们也能看到他和之前不一样的地方。在比赛的第二节，在面对对手包夹的时候，亚当斯利用掩护一个跳步杀进内线，轻松挑篮得分。随后面对着保罗-乔治的表弟杨，他也是硬生生抢断得手随后面对两人强起得分。他比以前灵巧了，但是还是可以依靠着自己解决所有问题。本赛季，达柳斯-亚当斯代表青岛场均出场36分钟能贡献34.2分7.9篮板4.6助攻2.4抢断。只要他在哪支球队中，哪支球队就永远不能被忽视。（汉堡）
11中2怒砍7分 上海重金签下的李根却不会用？,北京时间11月30日，CBA常规赛山东队以119-85战胜上海男篮，以33分的分差血洗上海，这样的一场胜利为山东找回了不少的自信心。那边山东兴高采烈，这边上海就显得十分落寞，许多人连续失误不说，就连吴轲都能肆虐他们的篮下。这里面显得十分挣扎的就是李根，作为队内本来最被人依仗的一个进攻火力点，他今天两分球11投2中，三分球4投全失，全场比赛仅得到7分4篮板外加两个失误。李根的挣扎不是没有原因，手感本就不好的他上场时间被切割的很不舒服，第一节上场打了5分钟之后他就被换下了场，之后的第二节完全没有出场，顶着4投全失，只靠着罚球得到2分的尴尬数据进入了下半场。下半场的李根倒是很长时间都留在了场上，不过场地内乱成了一团，李根也一直没能把球队的进攻梳理开来，他无数次迅速的折返跑，落位要球却遭到了无视，没有球权的喂养，上赛季三分球命中率高达38%的他到了本赛季只有可怜的16%，距离他职业生涯最高的45%差了将近30个百分点，年龄的增大当然是不可忽视的因素，但球队是否顺畅绝对影响了李根的手感。在休赛季开始，李根的高薪就一直是网友们热议的一个话题，本赛季他的得分数据就显示出他对球队的诸多不适应，前几轮连续未能出场也让他的状态十分成谜。上海队自从开赛季以来就遭受了诸多非议，而球队内真正打出过名堂的李根似乎也朝着衰落的方向走去，现在上海队的状态，不得不让人着急。（汉堡）
CBA被篮球耽误的广告公司，是福建还是辽宁？,一般的球队海报，都比较简单。从我的一群已经没剩多少头发的设计师朋友告诉我得知，几个原则：主题醒目，你要讲什么，一定要明显。空间感，不要过于杂乱。有逼格，这个比较难。CBA里面的标准，甚至标准偏上的海报，大概长这样：浙江广厦的海报。之前跟福建队交手前，出了张，因为福建吉祥物是“中华鲟”，所以是“鲟”。浙江的吉祥物是“猛狮”，狮子有的是鬃毛，所以是“鬃”。这样一来，“鬃迹难鲟”，一语双关。潜台词便是，狮子来无影去无踪，太过凶猛——中华鲟：“我太难了。”中间是胡金秋和王哲林站立，正反相靠。有点意思，但还属于常规海报。在CBA的广告界，特别是海报领域，有两支队属于”一览众山小“。在座的都是弟弟。只有辽宁和福建是哥哥。上个赛季对北京队，一开始辽宁队还比较收敛。”取京之路“，一语双关，几个主力抱在一起。除了文案外，设计比较平庸。但后面就画风突变了。这赛季再碰北京，因为北京的吉祥物是”北京鸭“，于是辽宁飞豹选择”顶住鸭力“。我说豹兄，你这哪里是”顶“啊，你这是要把鸭子”闷“死啊！一边翅膀扑哧，是北京鸭最后的温柔。肌肉男豹兄，迫不及待等着吃鸭。我给满分，画风有趣，主题鲜明。另外一张也很棒，这种漫画的画风，看得出来花心思。“大鲸失色”，面对四川蓝鲸的挑战，辽宁队让四川“大惊失色。有意思，而且包装成飞豹快讯的感觉，让人有想看连载的渴望。如果辽宁是视觉上已经CBA无对手，那么如何击败他们呢？福建还真做到了，从含义上，他们做到了极致。初看不惊人，但细看你就会有”我去！好牛啊！“不信？看下面这幅。”一生二，二生三，三生万物“上赛季，四分之一决赛中福建面对辽宁连输两场。回到主场，福建就出了这张海报。出自老子的《道德经》第四十二章，是老子的宇宙生成论。从哲学来看，二指阴气、阳气，对立的两方面。两个对立着的“一”，形成了“二”，继而相互矛盾冲突所产生的“三”，生成万物。放到当时的环境下，福建队就像在说“我们虽然输了第一场，第二场，但是第三场有许多变化，鹿死谁手还不一定呢。”可惜第三场还是输了，那场我在现场。上个赛季福建对四川前，出了这张海报。主题是“百川归海”，没点文化还真不知道啥意思。（嗯哼）四川在哪？福建在哪？地理位置要明白。“川”代指四川，而福建队在沿海，河流甭管在四川有多少条，最后的结局会怎么样呢？——都流入大海，这是宿命。所以福建队的这句话“百川归海”，就像告诉四川，到我这里，才是你的归宿，也是你的终点。其实我认为，用上林则徐的那句“海纳百川“，似乎也行？还是上赛季福建和辽宁的那轮系列赛，两队现场球迷吵得不可开交。但球员还是很友好的，王哲林和郭艾伦，英雄惜英雄。福建队也借用海报告诉大家”都挺好“，很大气。同样是这轮系列赛，早两天，福建的海报同样可圈可点。图片中的是一只豹头，指代“辽宁衡润飞豹俱乐部”。豹头的面部被拉链拉开，里面藏着一个“猫头”。下面是落下的血迹和牙齿，惨烈。福建队的意思很简单：辽宁是飞豹？那就把你驯服成温顺的小猫。这幅图最绝的，是文案“拉开 你所恋”。“所恋”谐音“锁链”，也就是图中的拉链，拉链上面写着三个英文字母”SBS“。”SBS“就是福建浔兴集团，民族第一拉链品牌，也是世界第二大拉链品牌，一语双关。既出海报表明立场，又让老板开心。设计师，升职加薪啊！在王哲林传承起福建队的刘玉栋MVP后，福建队出了张海报。一左一右，颜色过渡，很热血。2007年，刘玉栋在福建队复出，最后在福建退役。而MVP奖杯，正是以战神刘玉栋的称号命名的——“战神杯”。王哲林也是福建人，身处福建队。福建队的福建人拿了一个以福建人名命的奖杯，没毛病。而且你可以注意一个细节，体现出工作人员的细心。你只需要考虑两个问题：CBA是哪个品牌赞助的？王哲林的手肘什么位置？对吉林的时候，福建打出”翻山越林，逢凶化吉“林吉，吉林，很明显了。就是要把”林“给越了，再把“吉”给化了，气势汹汹。同理，下面这幅：”唱响开门红“，还有一行小字”莫文蔚《盛夏果实》。福建对上广厦，两个意思。开门这一战，是一定要赢的，胜谁呢？那就“胜厦”吧。最后，就是我认为福建队的两张“神作”。上赛季更早的时候，还是福建对辽宁。（辽宁：我怀疑你在针对我。。。。。。）一行逼死文科生的化学公式：“4Fe+302+XH2O=2Fe203·XH2O”。海报正中央，正是福建队主场——晋江祖昌体育馆。两侧隐约有福建标志性的中华鲟，高高跃起。这串公式啥意思？诚言初中的时候幸好当过化学课代表，功力不减。福建沿海，是“水”。辽宁本钢，是“铁”。用晋江之水将辽宁本“钢”氧化成铁锈，就是要让你有去无回。我反正服了。虽然深奥，但是有趣，让人有解密的感觉。一串音符——dodo doxi do.ximi miri mi，中间那个点是附点，多半拍。出自毛不易《消愁》，那天福建队的对手，正好是浙江“稠”州银行。真是，肚子里没点墨水，都不敢看CBA。幸好你跟我做朋友。我是诚言，只要你愿意看，我多写点中国篮球的事。
吴庆龙：开局问题严重 最后有机会没把握住,北京时间11月30日，CBA常规赛第12轮今晚先赛四场，青岛队在主场经过苦战115-122负于同曦队，赛后双方球员和教练参加新闻发布会接受了采访。南京同曦大圣主教练崔万军：这场比赛开局我们同曦队进入状态的比较快，迅速确定了一些领先分数。但是，突然遇到今天青岛队的全场紧逼，我们对付困难还不是很容易，突然遇到困难大家显得又束手无策。整个那段时间相对来说我们打得比较乱。那么下半时第3节我们在防守这个环节上还是出了一些问题，让对方突破的比较多，但第4节我们国内球员发挥的还是不错，特别是卢伟。作为老队员，能起到一个非常好的作用，我想同曦队会一场比一场打的能更好一些。南京同曦大圣球员卢伟：我感觉这场球我们打得很团队，从联赛一开始比较困难，到现在我们一场比一场要好，因为我们打的很团队，所以说希望我们走的越来越远。青岛国信双星主教练吴庆龙：“该说这场比赛我们是全力以赴地准备，虽然有两个伤病，确实对整个阵容配备，锋线和后卫上确实是影响。但是整个来讲，今天大家开局的问题依然是比较严重，我们开局确实上面第1节失分太多，第1节输掉15分，最后通过大家努力，大家确实是在防守上给对方很大的压力。但是最后确实我们有很多的机会，但是我们确实没有抓住。”青岛国信双星球员翟逸：比赛第1节比较被动。同曦这个球队比较特殊，前面他会有一些人外援优势。现在赛季打到这个份上，所有人都研究的很透，每个球员包括我自己要总结。比如说我自己发球，后面投篮命中率去提高。还有全队也需要去总结，我觉得只要大家沉下心来总结好了，然后整个球队会一直往前走，会变得更好。然后我们觉得这场比赛比较可惜，但是相信大家应该是不会气馁。媒体：三场比赛都比较可惜，都有赢的机会，您认为球队面临的最大的问题是什么。吴庆龙：确实三场我们应该拿下了，比赛比分很接近，但是我们到最后没有拿下来，我们确实说在最后关键时候，领军人物没有把大家全部带起来。比如说我们球员很努力，大家在拼防守，但是在进攻时，我们的配合我们的一些机会，完全可以再好一些。大家对这个球的分享还是不够那么好，所以输掉比赛。
大鸟的表演时间！一场创两新高 这次不靠绝杀,和绝杀新疆男篮的比赛一样，深圳男篮主场大胜浙江广厦的比赛，顾全和沈梓捷又一次成为球队赢球的功臣，而相比于早已经证明过自己的顾全，年轻的沈梓捷在这两场面对强敌时的表现，无疑更让深圳男篮乃至CBA而欣喜。浙江广厦客场挑战深圳男篮第二节的最后时刻，是属于沈梓捷一个人的“表演时间”。随着李金效的得分，浙江广厦在第二节后半段一度将分差缩小到8分，在拜克斯投篮不中之后，沈梓捷突然从人堆中杀出来补扣得手，深圳男篮重新将领先优势扩大到两位数。沈梓捷的“表演时间”还没有结束，他不仅又打成一次“2+1”，而且面对进行最后一攻的杰克逊，又是沈梓捷用封盖破坏了浙江广厦第二节的最后一攻。事实上，第二节的最后时刻不过是沈梓捷全场比赛的一个缩影而已。本场比赛的第四节进入中段，之前一直将多精力用于为队友在高位掩护的胡金秋，帮助浙江广厦又一次将分差缩小到10分，这一次，帮助深证男篮重新扩大领先的又是沈梓捷，而且，又是沈梓捷的扣篮。这也许就是如今的沈梓捷对于深证男篮的作用，他总是能够在关键的时刻站出来帮助球队，而且球队也多次从他关键得分中受益——不仅是本场比赛，再想想之前绝杀新疆男篮的比赛。23分、创赛季新高的沈梓捷，本场还那抢下同样是赛季新高的11个篮板球，仅仅这两项赛季新高，其实已经足以证明这是一场属于沈梓捷的胜利。但沈梓捷的贡献却并不仅仅是得分和篮板球。他的扣篮的确是一次次打击浙江广厦的士气，而他的两次封盖以及多次干扰球，也同样证明了他捍卫本方篮筐的决心。与北京男篮的比赛，沈梓捷一度因为暴怒而上了“热搜”，但也正是从那场比赛过后，沈梓捷的表现一场比一场更好。因此，那次莫名其妙的暴怒，仿佛成为沈梓捷不断成长、不断成熟的一个标志性时刻。那么，现在更让人好奇的是，未来的沈梓捷，究竟还能多出色？（韩二）
上海官方：记住每一次失败 哭完了 接着干,比赛回顾大比分的输球今天打的确实非常差劲进攻端的不明确 变换阵容也迟迟找不到重点防守端不给力也让状态很好的山东队越打越顺开局挖下的大坑让后面的比赛越打越吃力最终以34分的分差落败对手面对旧主的莫泰得到19分11篮板罗汉琛13分、董瀚麟11分6篮板数据来源于腾讯体育无力的胖鲨本鲨第一次感到如此的无力但我们依然抱着对球员和教练的信心鲨回巅峰的路有些坎坷记住每一次失利的伤痛振足精神再战12月4日主场对阵青岛国信双星哭完了 面对现实顶住压力 咱接着干Let‘s go Sharks！
李秋平无奈：每个人都想得分 我承担主要责任,北京时间11月30日，山东男篮主场大胜上海。输掉比赛后，上海队主帅李秋平 在赛后新闻发布会上表示，“比赛不够耐心，这场大比分失利，作为主教练承担主要责任，比赛上来就打得不好，赛前安排一开始应该多让莫泰打，但是每个人都想得分都想进攻，让山东队得分太多 ，不是我们正常的防守水平。”（新体）
CBA大恶人怒斥裁判被逐 他又要“为民除害”？,北京时间11月30日，CBA常规赛深圳队以113-97战胜了广厦队。虽说胜利喜悦，但是在比赛中还是发生了比较不和谐的一幕，一直充满争议的深圳队“工作人员”刘宏疆在比赛中被判罚出场，作为CBA的“老熟人”，刘宏疆实实在在的又为自己刷了一波存在感。第四节进行到8分23秒，深圳队拜克斯被广厦外援艾伦-杰克逊拦截。裁判哨响吹停比赛后，刘宏疆在球队席暴跳如雷指着裁判脸怒喷，连吃两个技术犯规被当场驱逐。虽说在观众席上被罚出场是一般人享受不到的特殊经验，不过刘宏疆一定不会陌生，他对于裁判的严要求总能让他受到一些特殊礼遇。不过对于刘宏疆我们还是应该分析一下，现在刘宏疆在深圳队是什么身份还真心值得挖掘。在去年在个人微博上恶语攻击北京队的时候深圳队就发声明说刘宏疆并不是自己的领队，在今年的联赛手册上深圳队领队一栏出现的名字也是邱彪。今晚，刘宏疆是以什么身份坐在球队席实在耐人寻味。在上赛季季后赛中北京队被淘汰之后，刘宏疆就有过不太理智的举动，他在个人微博中写道：“不光要创造历史，更要为民除害。”虽说他之后秒删并且解释道这是被人利用亦或是一个玩笑，不过深圳队还是表明了这事儿与俱乐部无关，而随后他领队一职也变成了邱彪。也不知道今天在赛场旁边如此激动的怒斥裁判，是不是要再一次“为民除害”。刘宏疆今天如此大动肝火也让许多CBA老球迷回忆起了当年的一些“瓜”，早在李春江在广东队担任教练的时候，球队打的顺风顺水连续拿冠军，后来下课的时候，当时的总经理正好就是刘宏疆刘总。两人是否有个人矛盾，这个个人矛盾是否带到了今天的赛场上，我们也的确是不得而知。对于不确定的事情我们不可以妄加揣测，但是维持赛场纪律还是需要每一个热爱CBA的人一起努力的，在场边怒斥裁判这事儿，尽量还是少干，实在不相信裁判，还是选择回看录像吧。（汉堡）
上海惨败山东 官方微博下球迷集体吐槽,上海惨败山东，俱乐部官方微博下，上海球迷集体吐槽。
俩外援合砍28分成绿叶！深圳这青训多少队羡慕,浙江广厦客场97比113不敌深圳男篮的比赛，最为精华的部分无疑是第一节……客场挑战深证男篮，本赛季至今战绩出色的浙江广厦出人意料地以双外援开局，这也被视为是浙江广厦将在首节占据一定的优势。但让人意想不到的是，浙江广厦的这一策略，却被深圳男篮的一堆本土球员给彻底“粉碎”。深圳男篮的本土球员开局的表现的确凶猛，最能证明这一点的，无疑是深圳男篮在首节的32分，全部由本土球员所攻下。轮番上阵的拜克斯和穆罕默德，则心甘情愿地扮演起了“绿叶”的角色。本场比赛的开局阶段，两支球队还算是难分伯仲——从外援数量的角度看，这种难分伯仲，其实已经让浙江广厦处于尴尬的境地。而首节进入中段之后，随着顾全的上场，深圳男篮随即打出一波13比0的小高潮，一举将分差扩大到两位数。在这波小高潮中，顾全投中两个三分球一个中投拿下8分，另外5分则分别来自卢艺文的三分球和沈梓捷的两次罚球。双外援开局却被一群本土球员逼到如此尴尬的境地，浙江广厦的确有太多尴尬的理由。但事实上，深圳男篮的球员不仅仅是包办了本队首节的全部32分，他们的防守让浙江广厦仅仅在首节拿下23分更是让人惊叹。因此可以说，深圳男篮的这场胜利，最大的功臣绝对是本土球员。事实也的确如此，第三节的后半段，艾伦·杰克逊和法里埃德带领着浙江广厦将分差一度从27分缩小到12分，但比赛进入第四节之后，深圳男篮以顾全、沈梓捷以及贺希宁为首的本土球员，又一次用不断的得分帮助本队稳住局面。全场比赛，虽然浙江广厦共有7名球员得分上双，但深圳男篮一边不仅有顾全和沈梓捷全部20+，而且李慕豪和贺希宁的得分也同样上双。相比而言，拜克斯和穆罕默德则相对“平淡”了很多，穆罕默德虽然也有精彩的扣篮，但他全场比赛毕竟只有8分进账，拜克斯的18分中也有9分来自胜负基本已定的第四节。绝杀新疆男篮、不敌同曦男篮，到本场大胜浙江广厦，深圳男篮本赛季至今的表现的确还是不够稳定，但可以肯定的是，只要这些本土球员能够延续本场比赛这样的表现，本赛季的深圳男篮还是值得期待。（韩二）
哈德森34+12山东狂胜上海 亚当斯40分青岛负,亚当斯空砍40+10青岛3连败  哈德森34+6+12山东大胜上海北京时间2019年11月30日，2019-20赛季CBA联赛常规赛第12轮全面开战。山东119-85主场大胜上海，八一主场112-116憾负广州，遭遇六连败；青岛115-122主场负于同曦，尝到3连败。山东119-85上海本场比赛，山东首节36-15打出得分冲击波，单节领先对手达到21分。此后两队你来我往，山东始终掌握比赛主动权。山东队6人得分上双，哈德森34分6篮板12助攻、陶汉林16分5篮板2盖帽、李敬宇15分、贾诚10分7篮板3助攻、王汝恒17分5抢断、梅斯14分14篮板4助攻；另外，张辉4分、吴柯4分2篮板、田嘉夫3分、陈培东2分。上海队4人得分上双，莫泰尤纳斯19分11篮板、罗汉琛13分2助攻、纳纳利17分2篮板3助攻、董瀚麟11分6篮板；另外，施宇晨3分5篮板2助攻、蔡亮2分2篮板、王潼1分4抢断、鞠明欣8分、李根7分4篮板2助攻、吴永盛3分。八一112-116广州首节，八一队22-29落后广州7分，次节八一队打出进攻高潮，单节32-27领先5分，上半场战罢，八一落后2分进入易边再战。两队第三节打得异常激烈，各得32分，八一队落后2分进入末节。最后一节，比赛一直难分难解，最终，广州由姚天一通过罚球锁定胜局。八一队6人得分上双，雷蒙21分6板，付豪17分9板，刘航初16分4助，阿尔斯兰12分4板3助，郭昊文11分4助，宁鸿宇10分；另外，王俊杰8分3板，罗凯文9分2板，田宇翔6分4助3断，许钟豪2分2板。广州队5人得分上双，尼克尔森23分4板，张永鹏20分14板，刘丰搏18分4板，陈盈骏17分7板9助，赛克斯22分3板6助；另外，孙鸣阳3分6板3助，姚天一2分3板，李炎哲6分7板，衡艺丰5分1板。青岛115-122同曦此役，青岛首节23-38落后15分处于被动，次节两队打得十分激烈，青岛、同曦分别得到36分、35分；易边后青岛打得进攻冲击波，缩小分差4分进入到末节。可惜末节同曦加强盯防，没有给青岛追赶比分机会，最终，青岛主场憾负同曦。青岛4人得分上双，亚当斯40分10篮板2助攻3抢断，赵泰隆13分3篮板，约翰逊20分19篮板3助攻2抢断2封盖，翟逸15分2助攻；另外，焦海龙7分5篮板，刘传兴6分2篮板，杨金蒙2分，王庆明6分2篮板，许家晗6分。同曦5人得分上双，乔-杨43分7助攻，宋建骅13分3篮板2助攻，哈达迪11分15篮板4助攻4封盖，雅布塞莱22分6篮板，卢伟15分；另外，何敬佳6分4篮板3助攻，郭一飞2分2篮板，于长春6分2篮板，买尔丹2分，李柏润2分。（苦文）
第一节就赢21分!巩晓彬都乐了 能每轮打上海吗,北京时间11月30日，CBA常规赛山东队以119-85战胜上海男篮，以33分的分差血洗上海，这样的一场胜利为山东找回了不少的自信心。山东队是出了名的慢热，本赛季诸多开局都是以落后开局的，就连打八一的时候他们都没能获得领先。不过这一局面在打上海的时候得到了完美的解决，在第一节结束的时候山东队就赢了21分，在第一节结束的时候一向表情冷酷的巩晓彬看着比赛都笑了出来，也不知道是喜悦还是被上海的一些低级失误逗笑了。上海队这么差，有几个镜头可能会说明一些问题。在第二节开始后不久，上海队小外援农纳利单防王汝恒，在对手是外援的情况下王汝恒似乎根本不发愁，一个加入就过了农纳利半个身位，防守不及的农纳利只能靠着犯规来阻挡王汝恒，送给对方两记罚球。过了几个回合，山东队似乎已经完全放松了，毕竟一直领先这20几分很难崩紧神经，虽然一直投篮不进，但是进攻篮板连续的“掉”在了山东队球员的手中，在一个进攻回合中连续丢掉3、4个前场篮板，不知道上海队的拼劲在什么地方。最尴尬的就是比赛的第四节，一直被人们诟病不能打硬仗的吴轲上场之后似乎焕发了职业生涯的第二春，在一次罚球线附近策应中，慢吞吞的吴轲靠着一个假动作就一下抹进了上海队的内线随即助攻贾诚得手，两名包夹他的球员被过的一个干干净净，这样的防守态度明显不能让球迷们满意。如此混乱的状态下上海队多名球员发挥失误，李根11次出手只得到7分，首发的王潼只得到1分，首发的蔡亮只有2分，首发的施宇晨只得到3分……倒是全队的失误有19次之多，许多球员的得分还没自己的失误数多，的确让人唏嘘。现在的上海明显处于一个困境，而能救他们的只有自己，不过就今天场上的表现来看，这个任务对于他们来说，还是有些困难。（汉堡）
艾伦-杰克逊助攻连创里程碑！升至历史第43位,浙江广厦外援艾伦-杰克逊上半场送出4次助攻，这样一来，他CBA生涯助攻数上升至768次，超越孙军，升至历史第43位！杰克逊距离第42位的杰里米-帕戈（779）还差11次。（新体）
沈梓捷23+11顾全26分 深圳终结广厦5连胜,北京时间2019年11月30日，2019-20赛季CBA联赛常规赛第12轮全面开战。经过四节比拼，深圳队113-97主场击败广厦，终结广厦5连胜步伐。本场比赛，深圳5人得分上双，沈梓捷23分11板2断2帽，贺希宁16分1板1助5断，李慕豪14分4板，德怀特-拜克斯18分7板10助4断，顾全26分3板；另外，卢艺文8分3板2助，沙巴兹-默罕默德8分5板。广厦7人得分上双，肯尼斯-法里德17分10板4帽1断，胡金秋16分9板，艾伦-杰克逊15分8板4助3断，刘铮12分9板4助3断，赵岩昊10分4断，孙铭徽11分3板7助4断，苏若禹10分6板；另外，朱俊龙4分，李金效2分。首节一开场，深圳队就由李慕豪率先内线命中6分，虽然刘铮外线3分还以颜色，但深圳队仍然打了广厦一个10-5的开局。沈梓捷、胡金秋互飙内线，两队比分十分胶着，战成12-11。深圳只领先1分。随后，深圳内外开花，打出13-0进攻冲击波，将比分领先优势扩大到了两位数，25-11。首节战罢，单外援出战的深圳队以32-23领先9分。次节，赵岩昊开场就为广厦飙进外线3分，默罕默德内线得分还以颜色。此后深圳队内线连续得分，打了11-7的进攻小高潮，将领先优势扩大到了13分。赵岩昊一条龙上篮命中2分，胡金秋内线连飙4分，广厦将分差缩小到了只有7分。此后，两队你来我往，深圳队在最后时段打出一波得分小高潮，重新把比分优势重新扩大到了两位数。上半场战罢，深圳队51-38领先13分。易边后，贺希宁内线飙进2分，胡金秋飞身打板命中回敬2分。此后两队内线各得2分。拜克斯命中超远距离3分，李慕豪高举高打得手，沈梓捷双手爆扣，深圳优势扩大到了19分，62-43，打停广厦队。暂停回来后，深圳队连投带罚，再次发威，将分差扩大到20+，68-45。李慕豪再飙外线3分，深圳队把比分变成了73-49。广厦队在大比分面前，不断试图外线进攻，但频频打铁。而深圳队则由顾全再中3分，沈梓捷打板得手。在大比分领先面前，深圳防守有些大意，广厦趁机打出一波小高潮。深圳队及时叫停进行调整。暂停回来后，反而是杰克逊轻松反击拿走2分，广厦连投带罚趁机打出15-2得分高潮。第三节战罢，深圳队以80-68领先12分进入到了末节。末节开场，法里德两罚一中，贺希亭内线回敬2+1，及时为深圳止血。随后广厦再次打出内线一波小高潮，把分差缩小到了10分。86-76。顾全上篮命中2分，杰克逊两罚回敬2分。在拜克斯命中2分后，苏若禹补篮还以颜色。在末节比赛还有8分钟时，两队分差仍然是10分。沈梓捷内线得手，顾全两罚一中，在比赛还有5分钟时，深圳队仍然把比分差距保持在10分。沈梓捷双手爆扣夺2分，此后又是拜克斯内外开花连得5分，深圳得分率先上百，并把比分优势扩大到17分，102-85，并打停广厦。暂停结束后，拜克斯两罚两中，深圳把优势扩大到了20分，107-87。在末节还有1分半钟时落后20分，广厦已无力回天。最终，深圳队113-97主场击败广厦。深圳首发：沙巴兹-默罕默德、李慕豪、沈梓捷、贺希宁、容子峰广厦首发：艾伦-杰克逊、赵岩昊、刘铮、胡金秋、肯尼斯-法里德（苦文）
CBA第12轮篮球宝贝热舞助力,
GIF-排球大帽!半兽人火锅店开业 大外都不放过,北京时间11月30日，CBA常规赛第12轮，广厦客场挑战深圳。比赛第三节，球队外援法里德送给深圳外援沙巴兹-穆罕穆德一记排球大帽，太过凶残！（新体）
前国王小前锋试训山东 现场观战CBA,
视频-上海男篮今晚战山东 莫泰、张春军遇旧主,
视频-福特森空砍54分 辽宁送四川三连败,
GIF-太残暴了！半兽人排球大帽沈梓捷,深圳VS广厦，广厦队外援法里德篮下大帽深圳当家中锋沈梓捷。
视频-主场大胜福建 广东单场得分创新高,
视频-CBA第11轮五佳球,
视频-上海男篮今晚客战山东 李秋平否认更换小外援,
视频-六人得分上双 新疆轻取残阵北控,
曝原山东外教凯撒有望接替朱世龙执教福建队,据《北京青年报》记者宋翔透露，原山东男篮外籍主教练亚历山大-凯撒很可能将接替朱世龙成为福建队的新帅。凯撒曾在福建队担任过助教，2015年凯撒接替巩晓彬执教山东队，曾在2017-2018赛季带领山东队打进季后赛半决赛福建队新赛季战绩惨淡，目前2胜9负排在联赛倒数第二。在昨晚的比赛中福建队客场121-151惨败给广东，下一轮他们将客场对阵新疆队。（勿忘初衷）
连续遭阿联血帽 这次大王连发泄的心气都没了,CBA常规赛第11轮已经全部战罢，福建男篮以121-151被广东男篮狂虐，又是一场无奈的失利，并且在个人CBA职业生涯从没有赢过对手，让出战25分钟13中7拿到了16分外加8篮板3助攻的王哲林，很是无奈。首节开打四分钟后，王哲林罚球线得球直接上对抗，一步怼着马尚钻到合理冲撞区，迎着任骏飞完成了上篮。随后，他又中路空切迎着曾繁日打进两分，在错位或者打年轻人的时候，又是还是有的。然而最后的42秒，王哲林高位挡拆后切入篮下，接到劳森的传球他顶着老大哥易建联就要强上，尽管换成左手以备惨遭大帽，但在阿联面前还年轻得很的他还是被老大哥一巴掌直接扇飞。自己抢到进攻篮板，再上，又被阿联干扰，第三次抢到进攻篮板的他，终于左手完成了上篮，对抗完成终结后他一屁股坐在地板上，滑出去有一米远，稍稍松口气。尽管依旧打得卖力，但看见球队的分差被拉得越来越大，大王早已心有余而力不足，仅仅打了25分钟，末节更是亲眼目睹球队惨案。阿联打不动，面对其他人也是小打小闹，让大王此役仅仅拿到了16分8篮板3助攻，便草草落入板凳。你不可否认，此役的王哲林确实太无奈。福建男篮后卫线首节被广东队后场连续抢断了足足有8次，让身为大中锋的大王亲自运球过半场；就连劳森在遭遇包夹时都需要他提去掩护甚至带球落阵地。单看个人数据，王哲林CBA本土最高的26.5分、本土第二的10.7篮板以及本土第三高的27.91效率值，依旧堪称豪华，但抵不住的是，福建男篮惨淡到仅仅在面对CBA垫底球队八一男篮时取得的两胜、其余九场全部告负的战绩。上一场，被肯帝亚2秒绝杀，曾一脚将球踹飞一展胸中无奈，如今再次被老大哥广东男篮来了一次刻骨铭心的大败，却连发泄的心气儿都没了。福建下一场又要客场打新疆，大王，真的是太难了……（一星）
广东最靓的仔是他！33+8+5+4刷俩新高还0失误,CBA常规赛第11轮全线战罢，广东男篮半场就轰出88-60的攻击波、最终151-121狂胜福建男篮，打破了广东队史得分纪录，收获7连胜稳坐积分榜头名。这其中，出战32分钟16投12中砍下全队最高33分8助攻5抢断外加4篮板、前三项数据均为队内最高的赵睿，功不可没。首节刚上来，赵睿突然上强度紧逼汤杰、合力与胡明轩抢断对手后推起转换进攻，杀入篮下一个拉杆骗飞王哲林，他直接假投真传给到右翼底角的阿联吃饼成功。下一个回合底线发球后，他纵观全场杀入篮下以一敌三完成左手上篮。本节中段，又是他刀下给大王的传球，推起防守反击助攻胡明轩完成双线快攻。最后的2分多钟，赵睿左翼三分线外利刃出鞘，一箭穿心，三分也开。至此，赵睿便攻防兼备，火力全开。这也成为了他全场比赛的一个缩影。四节战罢，出战32分钟的他16中12高效砍下33分，其中三分球6中5在南方下起了“三分雪”，这是此役广东男篮全队的最高分，也是本赛季赵睿的个人得分新高。送出的8记助攻，与马尚-布鲁克斯并列全队最高，同时也是他赛季新纪录。拼下的全场最高5记抢断，则证明了他的防守强度和态度。更难能可贵的是，赵睿此役没有一次失误入账！截止目前十一轮战罢，赵睿场均得到13.8分5.3篮板4.1助攻2.2抢断，此外还有0.3次盖帽和0.8次失误，前四项数据均是他四个赛季以来的新高，失误则压得最低。本赛季，九冠王剑指第十冠霸业，赵睿的出色发挥必将成为卫冕冠军的关键保障。（一星）
前广东球员曝光NBL队大规模欠薪 欠款接近千万,北京时间11月30日，前广东宏远球员单志铭在个人微博发布长文，透露他现效力俱乐部——贵州森航存在长时间欠薪行为。单志铭写道：我是贵州森航篮球俱乐部球员单志铭   贵州森航篮球俱乐部有限公司创立于2012年4月经中国篮球协会评估后，贵州森航直接晋级NBL联赛的A组，由贵州森航集团董事长何文德先生投资。2名教练2名外援12名运动员相继于2017年-2018年加入球队欠薪状态于2019年1月开始至今未发放每名教练运动员处于正规合同期欠薪11个月及2019年赛季奖金球员们已申请并请求过十余次薪资问题俱乐部也回应过十余次发放，但一直口头承诺，从不兑现，总共欠薪近1000万俱乐部给予球员回应因为因公司周转有大量资金需求，所以将俱乐部球员及教练的工资挪用，至今给出的解决方案就是一拖再拖。球员教练在欠薪11个月无薪资状态下仍旧效力完2019赛季，俱乐部2020赛季并没有给出是否继续运营，2019年9月联赛结束只将队员及教练遣散回家。2019年9月队员与NBL公司负责人沟通协商，NBL公司表态与俱乐部协商并发函告知必须补齐薪资。俱乐部人员收到NBL公司告知后与球员协商不要再上报关于欠薪事件给任何有关部门，一定会将薪资发放，但仍旧是口头承诺，并为实现。最后一次俱乐部工作人员承诺于11月1日补发所有队员3个月工资和赛季奖金，但仍未兑现，只给了最少份额的奖金，仍旧一天的工资都没有发放。据各地球员互相交流，贵州省政府及遵义市政府有关部门每年都会给俱乐部150万元作为球队赞助补贴，这笔资金属于俱乐部更属于球员，这笔赞助金也不知去向。运动员心声：表面风光，背后伤病缠身，每个运动员都有荣誉及使命感，即使薪资见不到，整个赛季每场比赛也在努力拼搏，从未懈怠，对得起自己的职业，内心仍旧保持且越精神。运动员职业生涯很短暂，家庭状况也相对不好，处于这个阶段，要养孩子要养父母，整整近一年漂泊在外，离家千里，却拿不回一分钱回家，此做法让人寒心，如今外援也求助无门，这也关系到我们国家正规俱乐部的影响。如今只有依靠中国篮协给予我们最基本的保障。（新体）
胡雪峰大女儿采访吴冠希 张常宁的秘密暴露了,赛后胡雪峰的大女儿胡玺琳化身小记者亮相CBA赛场，并对吴冠希进行采访问道：“冠希哥哥在家里谁管钱？”吴冠希略显尴尬表示，：“我对象管钱，我在家里没什么家庭地位。”吴冠希已与中国女排主力张常宁订婚，但他的回答似乎显示了他的家庭地位。（新体）
主帅停赛队长伤停 落后45分钟肯帝亚竟然逆转,CBA常规赛第11轮已经战罢，相比广东大胜福建、新疆横扫北控这样波澜不惊的比赛，肯帝亚队在主场100-98神奇逆转吉林男篮，亲手终结对手三连胜的一场比赛，则显得十分精彩。本场比赛，肯帝亚主帅贝西洛维奇因技术犯规停赛一场，老将易立也因伤将缺席一周的时间，首节开打后，在崔晋铭上篮得手后的44分50秒的时间内，肯帝亚一直处于未领先的状态，在第三节末甚至一度落后吉林队18分之多。比赛最后1分35秒，王洪右翼强突琼斯上篮得手，将比分扳成98-98平。45秒之后，吉布森顶弧持球单挑姜宇星杀入篮下打进生死攸关的两分，帮助肯帝亚以100-98实现了反超！比赛最后的5秒，吉林男篮完成抢断，虽然琼斯甩给右翼三分线外的姜伟泽，但后者三分弹框而出，最终在主帅和大将都缺席的情况下，肯帝亚再次神奇逆转成功。其实在上一场客战福建男篮的加时赛最后2.8秒，史鸿飞就曾倚着黄毅超完成绝杀好戏。其实本赛季以来，肯帝亚走得并不顺利，场均36.3分的CBA得分王布莱克尼因伤暂时被替换，球队也在比赛中遭遇过一些不利的判罚，目前依然6胜5负坚守在积分榜前八位，也难怪江苏总经理史琳杰在微博上大赞：“凭借团结顽强的作风拿下比赛，为你们骄傲！ ”本轮险胜黑马吉林，下一轮又将迎来本赛季CBA最强黑马山西队，肯帝亚队能否取下三连胜？我们拭目以待。（一星）
阿的江力挺周琦:大家过多把错误集中到他身上,阿的江赛后力挺周琦：周琦不仅在我们队，在整个中国，目前在这个位置上，都是非常优秀的！人无完人，任何人都会犯点错，大家过多的把错误集中到了他的身上，但是我觉得他很坚强的在扛，并且用自己的行动在证明自己！他对球队的帮助，全国球迷都看得见！（DD）
江苏球队总经理赛后喊话:为球员们的顽强骄傲！,CBA常规赛第11轮：江苏主场100-98逆转战胜吉林，赛后球队总经理史琳杰在社交平台为球员喊话：“外教停赛，队长伤停，吉布森崴脚坚持比赛，开局18分大坑，但兄弟们都是好样的！凭借团结顽强的作风拿下比赛，为你们骄傲！ ”（姜姜）
这就是杜锋！垃圾时间领先30分还跟裁判较真,CBA常规赛第11轮全线战罢，广东男篮半场就轰出88-60的攻击波、最终151-121狂胜福建男篮，打破了广东队史得分纪录，收获7连胜稳坐积分榜头名。尽管进攻火力十分生猛，结局也大可令人满意，但是身为球队主帅的杜锋指导依旧对于球队有着严格的要求。杜润旺因为六犯离场的时候，被杜锋指导点名批评。第四节还剩5分05秒的时候，广东男篮已经手握30+分的领先优势，但杜锋指导依旧在指教球员和判罚时因为越界被吹了技术犯规。还有一个细节是，在已经完成一场30分大胜的情况下，杜锋在赛后依旧主动找裁判聊起了刚才的那次技术犯规。值得一提的是，截至目前，杜锋指导已经总计3次技术犯规了，之前在与山东队的比赛中，他就曾因为不满裁判判罚被驱逐。3次技犯，目前也是与吴庆龙和徐强指导并列联赛最高。如果技术犯规累计达4次，下一场比赛将会被自动停赛。赛后接受采访的时候，杜锋指导并没有把大比分的获胜放在心上，而是继续总结道：“我觉得我们队员很专注，在大比分领先的情况下，我提醒队员不要放松，整体做得不错。不过在第三节我们的防守有些放松，对手单节拿到了30多分，这不是我们想要的，作为教练我还是要不断地提醒他们。”（一星）
吉布森CBA生涯总得分5578分 升至历史得分榜第33位,外援乔纳森-吉布森在今晚面对吉林的比赛中拿下29分，自此CBA生涯总得分来到5578分，超越了张劲松（5563分）和焦健（5556分），升至CBA得分榜第33位。（姜姜）
第1006次助攻到手！曾令旭悄然达成“里程碑”,新疆男篮主场128比83大胜北控男篮的比赛，对于曾令旭而言也许会是一场极其难忘的比赛！本场与北控男篮的比赛开始之前，CBA官网的赛前展望中特意提到了曾令旭：目前以999次助攻排名CBA历史助攻榜第28位的他，距离第27位的孟达（1001次）仅差最后2次助攻。这意味着曾令旭不仅有望本场超越孟达，而且也有望成为CBA历史上第28位助攻总数突破1000大关的球员。在加盟新疆男篮之后，因为伤病原因迟迟无法进入状态的曾令旭，的确来到了一个属于个人的里程碑时刻的大门口，而这一刻，曾令旭也并没有等待太久。第1000次助攻、第1001次助攻、第1002次助攻……在这场并不算过于激烈的比赛中，曾令旭不仅轻松达成1000+助攻，更是轻松超越了孟达。超越老将孟达、成为CBA历史上第28位助攻总数突破1000+的球员……曾经成为CBA的本土助攻王，对于昔日的清华大学高材生而言，这样的成就，的确足够他为自己当初的选择感到满意。而更让新疆男篮感到满意的是，相比于上赛季，本赛季的曾令旭的确表现更佳，这也让他们不会为送走王子瑞感到遗憾。算上本场比赛送出赛季新高的7次助攻，曾令旭生涯助攻总数已经达到1006次，已经不再年轻的曾令旭也许不可能向胡雪峰这样的球员发起挑战，但对于已经达成又一里程碑的曾令旭而言，他今后的每一次助攻，都是超越自己、超越曾经的自己，这一点，显然才是最重要的。恭喜曾令旭，祝愿恢复健康的曾令旭继续提升自己在历史助攻榜上的排名！（韩二）
郭艾伦生涯总得分达5640分 升至CBA历史第31位,在今晚四川对阵辽宁的比赛中，辽宁队队员郭艾伦砍下27分， CBA生涯总得分达到5640分，超越排名前一位的孙军（5625），位列CBA历史得分榜第31位。（姜姜）
贾磊：失去了才知道宝贵！赵继伟提供最强火力,北京时间11月29日，辽宁客场艰难击败四川。贾磊评价本场命中7记三分的赵继伟表现：21分5助攻7个三分，重新回归的赵继伟给辽宁队提供了最强的火力，辽宁队也拿下了一场关键的胜利，赵继伟的串联作用真的是无法替代的，只有失去的时候才知道宝贵啊。（新体）
CBA官方公布福建惜败一战裁判报告,在2019年11月27日举行的2019-2020赛季CBA联赛常规赛第十轮，福建126-127惜败，随后CBA官方公布了本场比赛的裁判报告，具体如下：（DD）
朱彦硕：广东160分也不夸张 福建又要碰新疆了,广东主场狂飙151分，大胜福建30分。评论员朱彦硕评价本场比赛：刚回到家，今天福建队上半场丢了88分，整场比赛在第一节其实已经打完了，简直无fuck说。下半场如果不是广东手下留情，这场起码要丢160分也不夸张。深圳跟福建毫无疑问是CBA开季10场球下来最令人感到意外的球队，但深圳是状况不好，还有调整的空间，而福建是球队的结构出了大问题，你很难靠外援的调整转变回来。如果没有意外，福建这一周两个客场要吃“300分大餐”，广东已经让你丢了151分，新疆大概会更狠。四个福建队的本土后卫，包括李江淮，谢亚财，徐铭智跟汤杰，只要一上场就是对手压迫和夹击的理想对象，光从他们身上断球、造成失误所得到的分数已经足以赢球。这实在是太严酷也太残忍了……（新体）
这是CBA球队？半场丢88分 福建底裤都输没了,CBA常规赛第11轮已经全部战罢，其中最惨的一场比赛，无疑是福建男篮121-151惨败给广东队这一役，此役过后，福建男篮仍旧从未在广东主场带走哪怕一场胜利，11-12赛季以来碰见广东队颗粒无收。本场比赛一上来，福建男篮就被阿联一人连砍7分，当头一棒直接被敲晕，首节就被广东男篮轰下46分，半场更是被对手轰下CBA历史半场最高的88分，最终成为了广东男篮151分创队史单场最高得分纪录的背景帝。纵观全场，福建男篮47.6%的命中率远不及广东队的58.3%，助攻和抢断也分别以18-29、7-17远逊对手，很难相信，这支被打懵的球队，是一支上赛季位列CBA常规赛第七名的职业球队。过去的11轮比赛，福建男篮场均失分多达119.18分，足足要比排在之后的四川男篮多了5分，全联盟表现最差。截至目前，福建男篮仅仅取得2胜9负的战绩，坐稳了联赛副班长的位置，唯一取得的两场胜利，还是来自因为全华班阵容实力相对羸弱的八一男篮，此役的惨败，可以说已经彻底把底裤都输没了。值得一提的是，接下来的两轮比赛，福建男篮还将会依次在客场面对新疆男篮、以及“巨人杀手”吉林男篮，如果不及时调整，球队想赢球，或许只能等着再次打八一了。（一星）
郭艾伦造里程碑!得分超越孙军 得分榜再进一步,北京时间11月29日，辽宁客场119-107战胜四川。本场比赛，郭艾伦拿下27分，生涯得分来到了5640分，超越了孙军的5625分，升到CBA历史第31位。（DD）
狂砍54分碾压郭少芬森 辫子哥一夜梦回MVP巅峰,四川男篮主场与辽宁男篮的比赛还剩1分10秒结束，面对100比114落后的比分，福特森只能选择提前离场。是的，尽管他打出了加盟四川男篮之后最为疯狂的比赛、尽管他最后时刻还破坏了赵继伟的一次快攻良机，但是，即便打出了MVP赛季的水平，福特森想一个人带队拿下比赛还是太难了。四川男篮与辽宁男篮的首节比赛，主场作战的四川男篮就已经大比分落后，福特森从第二节带领球队奋力追赶，终于将比分维持在了一个可以接受的范围。但是，面对共有赵继伟、郭艾伦、史蒂芬森三名球员得分20+的辽宁男篮，一个出色的福特森，显然是完全不够的。除了首战不敌新疆男篮的比赛，本赛季转投四川男篮的福特森的确是一直维持在一个极高的水准，但是，本场比赛结束之后只取得2胜9负的四川男篮，真的辜负了福特森的努力和疯狂。就像本场比赛所显示得一样，砍下54分、送出9次助攻以及2次抢断的福特森，距离个人CBA生涯单场最高的55分只有1分的差距，但其他球员的表现，实在是无法与福特森相提并论。当辽宁男篮共有6名球员得分上双时，四川男篮除了福特森之外，只有莫蒙尘和托马斯·罗宾逊的得分上双，而且罗宾逊也不过仅仅10分、4个篮板进账而已。进攻端给予福特森的支持不够，而在防守端，他们更是还得依赖福特森——面对郭艾伦们一次次突破消耗，拼尽全力的福特森有些无可奈何。越努力、越失望，也许是如今福特森最直接的感受。2胜9负的四川男篮，距离榜尾真的只是一步之遥，而近日有媒体表示，四川男篮已经考虑签下汉斯布鲁。以防守著称的汉斯布鲁，也许在进攻端给予福特森的帮助不会太大，但能够改善四川男篮的防守、让福特森更放心大胆地进攻，也许已经算是一个极其不错的消息。（韩二）
里程碑！吉布森得分超俩名宿升至CBA历史第33,北京时间11月29日，肯帝亚外援乔纳森-吉布森在面对吉林的比赛中拿下29分，自此CBA生涯总得分来到5578分，超越张劲松（5563分）和焦健（5556分）升至CBA得分榜第33位。（DD）
辽篮大脑今夜化身利刃 7记三分刷新对他的认知,辽宁男篮119比107击败四川男篮的比赛中，所有人见到了一个与众不同的赵继伟！本场比赛进入最后阶段，面对还没有放弃比赛的四川男篮，赵继伟先是用一个精准的击地传球助攻李晓旭扣篮得手，随即，又是他的传球帮助贺天举投中三分球，此时，距离比赛结束已经不到1分钟的时间，117比102领先的辽宁男篮也彻底打消了四川男篮绝地反击的信心。赵继伟最后时刻的这两次助攻，对于辽宁男篮赢下比赛的确是意义非凡，但本场比赛的赵继伟，为辽宁男篮的贡献显然并不仅仅是这两次助攻。甚至可以说说，会传球、传好球的赵继伟所有人已经见过太多次，但本场比赛的赵继伟真正让人震惊的，应该是原来他也可以具备如此疯狂的三分球投射能力。上半场比赛，辽宁男篮一度扩大领先优势之后又被四川男篮将分差缩小，导致辽宁男篮在上半场有些困难的原因，和他们一共出现15次失误不无关系。但从另外一个角度看，出现这么多失误的辽宁男篮还能保持领先，真的离不开赵继伟在进攻端的贡献。整个上半场，赵继伟几乎“化身”为投篮机器，一口气投中5个三分球的他，不仅成为辽宁男篮在上半场表现最佳的球员，而且5个三分球，也已经追平了他个人的单场纪录。比赛进入下半场之后，辽宁男篮的进攻重新回到了正轨，赵继伟虽然又投中两个三分球、创造个人单场三分球命中个数的新纪录，但他还是将更多的精力投入传球。整个下半场，赵继伟又送出5次助攻，就像最后时刻的那两次传球所显示得一样，从投手重新变成传球手的赵继伟，又一次扮演了辽宁男篮所最希望他扮演的角色。本赛季的揭幕战，赵继伟和郭艾伦一样表现平淡，但让人欣慰的是，赵继伟和郭艾伦随着联赛的进行还是双双复苏，本场比赛创造个人单场三分球命中个数纪录的同时，赵继伟还刷新了个人本赛季的单场得分纪录。这样的赵继伟，的确是没有办法不让人喜爱，而对于辽宁男篮而言，面对这样的赵继伟显然让他们更为惊喜，因为，他们看到了一个在传球和进攻可以随意切换的赵继伟。（韩二）
151分摧枯拉朽！CBA还有队敢和广东打对攻吗？,11月29日，CBA常规赛第11轮全面开战，其中广东男篮依靠半场就轰出88-60的攻击波、最终以151-121狂胜福建男篮，打破了广东队史得分纪录，收获7连胜的同时，也保持着主场对福建取得的21连胜纪录，同时在11-12赛季后全杀对手。此役上半场，广东男篮这边出场轮换的9位球员就全部有运动战进球入账，全队56次投篮打进了34球，投篮命中率高达60.7%，其中三分球13投9中、命中率接近70%，手起瞬间几乎刀落，而11投全中的罚球更是滴水不漏。此外，全队还送出18次助攻，并且拼下11个抢断，中场哨响前，广东男篮狂轰88-60的比分。半场88分，纵向来看，这既创造了广东男篮队史半场得分纪录，也平了CBA历史上的半场得分纪录。此前在2018-19赛季常规赛第23轮，新疆男篮132-106客场大胜青岛男篮一役，新疆队就曾半场轰下88分。同样是在上赛季，上海男篮136-137惜败北控的比赛，上海男篮曾在下半场飙进87分。横向来比较，88分放在本赛季的CBA，仍旧超越了不少球队的单场整场得分！截至目前，本赛季先后一共有21队次出现过全场不足88分的得分，在第五轮广厦87-75战胜江苏、第七轮北控79-87北京、第八轮北控78-82吉林三场比赛，甚至出现全场没有得分超过88分的情况。第三节还剩下4分钟的时候，广东男篮已经得到了116分，这是福建男篮本赛季前十轮的场均失分。本节最后的2分半钟，赵睿三分命中后，广东男篮也早早超越了本赛季自己前十轮场均121的得分。三节过后，广东男篮这边已经有4人砍下20+分。全场战罢，151的总得分既打破了队史得分记录。其实，福建男篮本场得分早已超越本赛季球队场均得到的114.4分了，但论进攻，这支广东男篮还真不是针对谁。别人都是摧枯拉朽一波流，但九冠王这是摧枯拉朽一整场啊，今夜过后，试问CBA谁还敢和广东打对攻？（一星）
双外52分肯帝亚逆转吉林！山西36分大胜天津,2019年11月29日，2019-20赛季CBA常规赛第11轮继续展开激战。江苏100-98逆转险胜吉林；山西客场107-71大比分击败天津队。江苏100-98吉林首节，江苏队22-27落后吉林5分；次节，江苏48-60落后吉林多达12分。易边后，江苏奋起反击，特别是末节，江苏队单节打出30-17得分高潮，并最终以2分惊险逆转对手。此役，江苏3人得分上双，其中，乔纳森-吉布森29分6助攻、拉杜利察23分6板2助2断2帽 、黄荣奇16分5板；另外，史鸿飞4分6助、孙鑫3分2板、吴冠希8分8板2帽、 柳伟7分3板2助4断 、王洪6分2板2助 、侯逸凡4分2板。吉林3人得分上双，其中，多米尼克-琼斯38分10板11助5断、姜宇星11分4板2助、霍尔曼15分7板；另外，代怀博3分、张彪4分2板、崔晋铭7分3助、钟诚7分6板5断、李安4分2板、姜伟泽9分2板2断。天津71-107山西首节，山西35-26反客为主领先9分；次节，山西队单节打出32分，而天津队只得了可怜的13分。下半场，山西优势进一步扩大。最终以大比分战胜山西队。此役，天津4人得分上双，时德帅14分12板、刘伟10分、孟子凯12分7板、田雨11分5板；另外，史仪9分3板9助。山西4人得分上双，其中，富兰克林26分7板6助、原帅18分、任骏威12分、莫兰德19分17板；另外刘冠岑8分、闫鹏飞8分。（苦文）
周琦22+10孙悦轮休 新疆大胜北控送对手5连败,北京时间11月29日，2019-20赛季CBA常规赛第11轮，新疆队继续在主场红山体育馆迎战遭遇4连败的北控队。孙悦轮休，北控今晚选择战略性放弃，周琦全场砍下22分10篮板，斯托克斯贡献20分11篮板，最终6人得分上双的新疆以128-83大胜北控，取得主场6连胜的同时也送给对手5连败。两队历史上共交手10次，新疆队取得9胜1负。新疆队周琦22分10篮板4盖帽、费尔德19分6篮板10助攻2抢断、阿不都沙拉木15分、西热力江11分5助攻、斯托克斯20分11篮板、可兰白克10分、俞长栋5分10篮板，唐才育、鲁吐布拉、范子铭以及齐麟各自得到6分！北控队张帆22分、许梦君14分、汤普森14分7篮板、孟博龙8分、王少杰7分7篮板3抢断2盖帽、孙桐林10分5篮板4助攻。比赛开始，北控失误较多，新疆率先发力打出一波5-1领先。张帆随后连得5分帮助己队反超。新疆这边再次发力，球队多点开花打出一波10-2的攻势将比分拉开15-8。后半段北控一度将分差缩小到5分，但是周琦发力连扣带投拿下5分，北控面对迫压失误再次增多，而对手则凭借篮板优势将分差逐渐拉开到14分。首节结束新疆35-23领先北控12分。次节，北控这边上了全华班，马布里练兵意图明显。不过新疆面对对手的战略放弃仍旧没有松懈，分差很快被拉开到20分。后半段北控这边失误仍旧不少，反观新疆打得游刃有余，双方分差被继续扩大。节末新疆防守有些松懈，北控趁势连续追分，球队回敬一波7-0将分差缩小到15分。阿不都沙拉木、可兰白克手感稳健先后三分命中，新疆转眼再次将分差拉开到20分。半场结束新疆66-45领先北控。下半场，新疆加强攻击力度，球队全面开花打出一波13-4的进攻高潮将分差拉开到30分。北控随即暂停，暂停回来球队攻防两端仍旧不温不火，三节还剩3分多钟新疆仍旧领先28分。节末新疆继续扩大分差，北控命中率则持续走低，三节结束新疆100-68领先北控32分。末节，唐才育连中两记三分，新疆多点开火打出一波20-4的进攻高潮将比分拉开到120-72。悬殊的分差让胜负早早失去悬念，两队也各自换上年轻球员练兵，齐麟两罚全中后，新疆这边已经领先多达50分。最终新疆在主场以128-83大胜北控，送给对手5连败。双方首发：新疆：范子铭、西热力江、费尔德、阿不都沙拉木、周琦北控：汤普森、陈金龙、王少杰、许梦君、张帆（小鱼）
151分!广东破纪录狂胜福建 赵睿33分小斯37+19,2019年11月29日，2019-20赛季CBA常规赛第11轮继续展开激战。广东坐镇主场迎战福建队。经过四节比拼，广东队如愿以  151-121大比分战胜福建队。广东不仅斩获7连胜，也创造了队史得分新纪录。而福建队则遭遇4连败。广东队7人得分上双，赵睿33分4篮板8助攻5断1帽，易建联26分9篮板3助攻3断1帽，马尚-布鲁克斯21分8篮板8助攻，任骏飞15分，胡明轩13分3断3篮板2助攻，威姆斯27分5助攻3篮板2断，杜润旺11分3篮板，徐杰3分3篮板2断，曾繁日2分2篮板，李英博2篮板。福建队5人得分上双，斯塔德迈尔37分19板1帽，王哲林16分8篮板3助攻，陈林坚13分4篮板4助攻2断，李江淮12分5助攻2断，汤杰2分，胡珑贸5分2篮板2断，劳森24分3篮板2助攻，黄毅超6分2篮板，谢亚财4分2篮板。首节开战，易建联率先内外开花连得7分，广东队开场打了对手7-2打停福建队。马尚内外开花连得9分，虽然斯塔德迈尔内线命中还以颜色。但广东队仍然把分差优势扩大到了两位数。赵睿断球上篮得手，再次打停福建队。暂停回来后，福建内外开花连得5分，但随即胡明轩连续上篮得手。阿联再次命中2分，广东继续把分差保持在两位数。首节后半段，在阿联、威姆斯带领下，广东打出进攻冲击波，扩大领先优势。首节战罢，广东队46-28领先18分进入到了次节。次节开打，双方你来我往各得7分，随后广东队打出得分高潮，将领先优势扩大到了20+，64-42。随即，胡明轩、马尚连续飙中外线3分，赵睿轻松打成2+1，广东再次打成一波进攻冲击波。此节最后时刻，阿联打成2+1，上半场结束，广东88-60领先28分进入到下半场，并平了CBA历史上的半场得分纪录。半场战罢，易建联就拿到19分。而王哲林才拿到9分。易边以后，威姆斯率先内线命中，陈林坚外线回敬3分。马尚打成2+1后，阿联外线发威，广东把分差优势扩大到了30分，98-68。随后，马尚一条龙命中，广东队率先得分上百。广东队仅用27分钟，得分就过百。两队此后互飙内线，王哲林连投带罚，带领福建队打出小高潮，试图缩小分差。但赵睿手感火热，外线开挂；再加上杜润旺外线3分再添旺火，广东把优势扩大到了30+，119-86。在落后30分的不利形势下，福建队并没有放弃进攻。但杜润旺飙进外线3分，阿联两罚全中，广东队仍然把分差保持在30分以上。第三节战罢，广东127-96领先31分进入到了末节。末节较量，大比分领先的广东队仍然没有放弃内线进攻，赵睿、威姆斯、任骏飞先后飙分，而福建队也由斯塔德迈尔通过内线打出得分小高潮。双方高举高打，你来我往，涨分很快。最终，广东队151-121大比分战胜福建队。而广东队的151分也创下队史得分纪录。广东首发：任骏飞、胡明轩、马尚-布鲁克斯、赵睿、易建联福建首发：李江淮、汤杰、陈林坚、王哲林、斯塔德迈尔（苦文）
郭艾伦27分福特森狂轰54+9 辽宁客场力克四川,北京时间11月29日，2019-20赛季CBA常规赛第11轮，伤兵满营的四川队在主场迎战上一场被山西准绝杀的辽宁队。赵继伟本场比赛解禁复出，最终四川以107-119不敌辽宁，遭遇三连败。两队历史上共交手17次，辽宁队取得12胜5负。比赛开始，两队手感都有些偏凉，首节打了2分多钟双方一分未得。郭艾伦率先回暖连得4分，但李原宇很快三分回敬，双方一时展开僵持，首节过半两队战至7平。后半段双方继续展开胶着，彼此命中率仍旧不高。李晓旭发力里突外投连得5分，辽宁凭借篮板优势打出一波10-2将比分拉开至17-9。节末四川反击仍旧没有太多起色，巴斯进攻端表现凶悍，辽宁再掀一波8-0很快将分差拉开到13分。首节结束四川12-25落后辽宁。次节，两队展开对攻，辽宁逐渐将分差拉开到15分。四川这边展开反扑，福特森发力带领球队回敬一波6-0将辽宁打停。暂停回来辽宁加强防守，史蒂芬森篮下暴扣帮助己队再次拉大差距。后半段四川在福特森的激活下再次展开追分，分差一度被缩小到9分。赵继伟关键两记三分帮助辽宁拉开分差，节末四川继续展开追分，莫蒙尘三分命中，球队回敬一波9-0将分差缩小到4分。半场结束四川42-46落后辽宁。下半场，福特森打成2+1，四川将分差缩小到3分。大韩关键内线连造杀伤帮助己队稳住局势，辽宁凭借内线优势将分差拉开到8分。四川今天打得极为彪悍，福特森三分命中再次迫近比分，本节过半四川56-64落后。后半段辽宁再次发力，史蒂芬森、高诗岩先后命中三分，球队将分差拉开到11分。节末四川进攻效率有些下降，三节结束四川75-86落后辽宁。末节，高诗岩三分再中，辽宁打出一波9-3将比分拉开至95-78。四川继续紧追其后，莫蒙尘三分再中将辽宁打停。后半段福特森继续开火里突外投连得5分，四川再次将分差缩小到10分。大韩关键两罚全中帮助己队稳住局面，四节还剩2分多钟球队领先14分。节末四川反击力疲，李晓旭暴扣命中，辽宁领先14分。胜负逐渐失去悬念，最终四川以107-119不敌辽宁。双方首发：四川：李原宇、陈辰、胡林森、袁振梁、福特森辽宁：赵继伟、郭艾伦、史蒂芬森、李晓旭、韩德君（小鱼）
视频-七人上双回击广州 上海男篮结束三连败,
视频-欧洲篮球联赛弗雷戴特21分 帕纳辛那科斯大胜,
GIF-阿联给王哲林上课！这2+1让大王没脾气,北京时间11月29日，广东主场对阵福建。比赛中，易建联在一个进攻回合中，硬突王哲林打成2+1，动作一气呵成。（DD）
GIF-篮下黄油手X3！这三个进攻篮板真是白给啊,北京时间11月29日，CBA常规赛第11轮，新疆主场迎战北控。比赛第一节，新疆外援斯托克斯篮下无人防守，结果他连续出手三次都没能将球命中，一下刷到3个进攻篮板。（新体）
GIF-师弟再次贡献神级五大囧！李晓旭表示头疼,北京时间11月29日，辽宁客场挑战四川。比赛首节，辽宁外援史蒂芬森再次贡献五大囧级别的操作，他先是在外线连续运球，随后跳起假投真传，想要传给李晓旭，但后者真的认为他要出手了，正准备冲入内线抢篮板，但球却分了过来，结果李晓旭的头部被这球砸了个正着……（DD）
GIF-阿联连续送出火锅大礼 王哲林：我太难了,北京时间11月29日，CBA联赛第11轮，广东主场迎战福建。比赛第一节，福建球员王哲林篮下强攻，易建联连续送出两记火锅，好在王哲林接球补篮命中。（新体）
中国篮球和CBA该不该“拯救”小将郭昊文？,北京男篮主场105比83轻取八一男篮的比赛，的确没有太多可说的内容，但看看八一男篮的小将郭昊文的表现，却让人多少有些难过。因为，这不仅是这位小将本赛季出场时间最短的一场比赛，而且也是他本赛季第一次0分收场。同样是中国U19男篮的核心成员，当徐杰、姜伟泽在CBA赛场越来越出色的同时，郭昊文越来越低迷的表现的确让人揪心，因此，从CBA乃至中国篮球的角度看，如今是不是已经到了必须“拯救”郭昊文的地步？一次失误后离场郭昊文本赛季的表现的确不太稳定。北京男篮与八一男篮的比赛还剩4分多钟结束时，郭昊文在弧顶接球，但他向右侧的传球却直接出了底线。这次失误也“葬送”了郭昊文的比赛，他随即被换下，而且此后再也没有登场。出场12分钟、创下赛季新低；0分收场、创下赛季新低；全场仅出手3次、依然是赛季新低。这样的郭昊文，的确有被换下的理由，而回顾郭昊文出场的12分钟，他仅有的一个“亮点”，也许不过就是在第二节成功完成对林书豪的抢断，并且造成林书豪的犯规。更让人遗憾的是，虽然在与天津男篮、深圳男篮的比赛中都砍下20+，但本赛季至今的大多数比赛中，郭昊文都像本场比赛一样“亮点寥寥”。尤其是上一场八一男篮不敌新疆男篮的比赛，本赛季第二次首发出场的郭昊文，全场5投0中、仅靠罚球拿到5分。从数据统计上看，本赛季的郭昊文场均还有9.5分进账，甚至还优于上赛季场均9.1分的表现，但他的这种“进步幅度”，显然还是低于所有人对他的期待。王治郅之前的“他（郭昊文）在攻防两端对球队的帮助都不大”，更是将郭昊文扔到了“风口浪尖”。从比赛的表现来看，王治郅对郭昊文的批评仿佛也没有什么错误、甚至还体现了王治郅的“爱之深责之切”，但出现失误就被换下而且再不给机会，还是多少令人有些无法接受。毕竟，本赛季至今，八一男篮该被批评的球员实在太多太多，为了锻炼郭昊文，难道王治郅不该给这位小将更多的犯错机会、更多的出场时间吗？挫折教育的确是成长过程中必须有的，但像本场比赛这样，即便是在“垃圾时间”，犯了一个错误的小将就彻底被扔回板凳，这样的教育方式是不是过于苛刻？闪亮“世界杯”U19世界杯，郭昊文助中国队击败波多黎各。2019年U19男篮世界杯，中国U19男篮最终排名倒数第一，经历了一段令这帮年轻球员刻骨铭心的痛苦。但是，等到2019年结束之后，出生于2000年1月31日的郭昊文回望2019时，他最为难忘的一段时间，也许还是跟随中国U19男篮出征U19男篮世界杯的那段时光。因为，在那个舞台上，他是中国U19男篮阵中最闪亮的“仔”、所有人都乐于为他创造机会。在中国U19男篮参加的7场比赛中，郭昊文一共在5场比赛成为队内得分王，而且场均20.1分的郭昊文，也顺利跻身此次赛事的场均得分榜的前5位。此外，郭昊文还以场均5.7次助攻的表现排名场均助攻榜的第3位。抛开中国U19男篮1胜6负的总体表现，郭昊文的个人表现的确值得称道。还值得一说的是，在中国U19男篮99比94击败波多黎各、拿到那届赛事唯一胜利的比赛，郭昊文更是砍下34分、11个篮板以及11次助攻的三双。对了，郭昊文在那场比赛一共出现15次失误，按照如今王治郅对郭昊文的使用方法，小将早就该被换下场，而且再也不能出场。这样说当然是一个玩笑，但本赛季至今的郭昊文，的确找不到为中国U19男篮出征时的快乐。CBA和U19男篮世界杯当然是两个完全不同的舞台，但不管是哪个舞台，一名球员都需要更多比赛来不断成长，在八一男篮无法稳定获得出场时间的郭昊文，真的能够通过比赛不断进步？最大的差距是信心？郭昊文本赛季与上赛季相比并没有太大进步。参加2019年U19男篮的中国队阵中，除了郭昊文以及王泉泽之外，姜伟泽和徐杰应该是另外两个备受关注的球员，而在本赛季的CBA赛场上，徐杰和姜伟泽也许都比郭昊文要“开心”。U19男篮世界杯期间场均贡献7.1分的姜伟泽，本赛季至今的场均得分为9.4分，而且在吉林男篮大胜北京男篮的比赛中，姜伟泽投中8个三分球成为球队获胜的绝对功臣。还值得一说的是，相比于郭昊文摇摆不定的出场时间，姜伟泽最近6轮比赛的出场时间全部稳定在22分钟以上。U19男篮世界杯场均贡献11.0分、5.4次助攻的徐杰，本赛季至今虽然没有太过惊人的表现，但即便身处广东男篮这样竞争激烈的强队之中，徐杰不仅参加了所有的比赛，而且场均出场时间也达到了19分钟。总之，与这两位U19男篮的队友相比，本赛季的郭昊文的确是更为挣扎，这种挣扎也许无法通过数据来体现，但他们所处球队的战绩，他们被自己球队的使用方式，也许真的已经有了差距。这种差距会导致什么，的确是一个未知数。但让人好奇的是，原本就跟着八一男篮“跌跌不休”的郭昊文，又每天承受着比U19男篮队友更多的批评和指责，这会不会让他的信心一点点丧失？信心比黄金更珍贵！本赛季至今已经让人觉得缺少了一些精神的郭昊文，继续在这样的环境下成长，真的是他所能拥有的最好成长环境？该不该“拯救”郭昊文？郭昊文还是未来中国篮球需要的球员。在东京奥运会男篮落选赛的抽签仪式之前，新任男篮主帅杜锋在接受采访时表示，他更希望年轻球员能够通过这样的大赛锻炼自己、提高自己。杜锋的说法当然没错，但能够亮相落选赛的毕竟只有12名球员，更多的年轻球员，还是只能在CBA的赛场上锻炼自己、提高自己。杜锋所谓的年轻球员，当然包括“00后”郭昊文，但看看昔日同样被誉为“天才少年”的付豪、雷蒙等球员如今在CBA赛场上的表现，这些八一男篮球员的现在，会不会是郭昊文的明天？这的确是一个从长远看更让人揪心的问题——邹雨宸据说已经接近复出——在一支没有胜利而且看不到希望的球队中努力，究竟会让这些球员收获什么，随着年龄的增大，这些球员会不会“泯然众人矣”？八一男篮的确拥有着辉煌的过去，但如今的八一男篮却的确与整个CBA有些“格格不入”，更重要的是，八一男篮再也不可能像曾经那样汇聚全国的“天才少年”。因此，八一男篮是不是该用如今这种方式培养一位难得的天才，真的是一个值得商榷的问题。郭昊文的确还很年轻，但他同样没有太多可挥霍的岁月。从这个角度看，既然八一男篮选择的方式有问题、甚至都无法给郭昊文太多的犯错空间，实在无法承受一位天才过早沉沦的中国篮球乃至CBA联赛，是不是该帮助八一男篮选择一个“拯救”的办法。这样说看似对八一男篮有些不够公平，但郭昊文这样的“天才少年”，真的是属于整个中国篮球的。作者：韩暄
绝杀！绝杀！生涯新高！3本土3小将让CBA疯狂,即便到了2019-2020赛季CBA联赛落下大幕的那一刻，23日晚到24日晚进行的CBA第9轮常规赛，也许还是会被人一次次提及。而让这轮CBA联赛如此难忘的原因，绝对和出生于1997年的沈梓捷、出生于1999年的侯沛佐以及出生于2000年的姜伟泽有关。侯沛佐绝杀江苏男篮侯沛佐让整个CBA认识了自己。23日的CBA赛场，进行了第9轮的三场比赛，而相比于青岛男篮主场134比88大胜四川男篮、浙江广厦99比75轻取浙江男篮的比赛，山东男篮客场96比95险胜江苏男篮的比赛，无疑才是当晚最令人激动的比赛。客场面对江苏男篮，巩晓彬的手中其实并没有太多可用的“牌”，但更让所有人都没有想到的是，出生于1999年5月11日、今夏从新疆男篮转投山东男篮的小将侯沛佐，的确是让所有人眼前一亮——山东男篮本赛季开赛至今，已经先后有陈培东（1999年5月13日出生）和侯沛佐两位本土小将爆发，这样的山东男篮也的确是非常令人羡慕。回到本场与江苏男篮的比赛最后时刻。史鸿飞一度帮助江苏男篮以95比94反超比分，而关键时刻，张庆鹏助攻侯沛佐完成绝杀，山东男篮就此以96比95赢得比赛。能够获得绝杀对手的资格，这其实也从一个侧面说明了侯沛佐已经赢得了主帅乃至队友的信任，而更值得一说的是，本场比赛砍下14分的侯沛佐，还就此刷新了个人职业生涯的新高——当然，上赛季在新疆男篮没有获得机会的侯沛佐，算上本场比赛也不过为山东男篮出战4场常规赛而已。在侯沛佐完成绝杀之后，也有球迷忍不住问新疆男篮：留下齐麟放走侯沛佐，究竟合不合适。这个问题当然永远不可能有答案，而且对于侯沛佐而言，这个问题更是已经没有了任何意义，完成绝杀、帮助山东男篮赢得胜利，才是他如今最快乐、最希望做的事情——至于有些球队后悔还是不后悔，真的与他无关。沈梓捷上演更神奇绝杀沈梓捷绝杀之后。侯沛佐绝杀江苏男篮的一刻，真的很有希望竞争本轮的最佳进球，但是，24日晚深圳男篮主场104比102险胜新疆男篮的比赛，出生于1997年的沈梓捷，让侯沛佐的绝杀变得不是那么地刺激。面对之前仅仅1分惜败广东男篮的新疆男篮，单外援（拜克斯）出战的深圳男篮，看上去的确没有什么获胜的希望。但随着比赛进入最后一节，开局阶段表现糟糕但近期状态回暖的深圳男篮，却的确占据了比分上的领先。回顾本场比赛，困境中的深圳男篮之所以能够在最后时刻占据上风，顾全和沈梓捷都可谓是功臣。之前的比赛姑且不提，比赛进入最后决战期之后，沈梓捷就曾经连得4分帮助深圳男篮取得101比94、本场比赛最大的领先。而本场比赛最为精华的部分，无疑还是最后的13秒。尽管费尔德未能命中加罚，但球却又鬼使神差地被深圳男篮的球员碰出底线，这也给了当时以99比102落后的新疆男篮，利用三分球扳平比分的机会。本场比赛的新疆男篮，外线的手感其实并不算出色，周琦的绝命三分球的确未能命中，但本场比赛的新疆男篮毕竟还有篮板球优势，这使得他们又抢下这个前场篮板球，并且由阿不都沙拉木投中扳平比分的三分球。此时，距离比赛结束仅剩最后1.8秒，但就在所有人以为这场比赛将进入加时赛争夺时，抓住新疆男篮突然走神的空档，顾全化身美式橄榄球的四分卫，并且为快下的沈梓捷送出一记美妙的长传，仓促起跳的周琦未能完成干扰，沈梓捷随即在空中完成接球、投篮的一系列动作，球进、灯亮！当新疆男篮的球员还处于震惊之中时，沈梓捷已经和他的队友开始了疯狂的庆祝，这一幕，甚至丝毫不亚于《绝杀慕尼黑》的那一幕。这一场比赛，顾全和出生于1997年的沈梓捷，就此成为深圳男篮的英雄——相比而言，沈梓捷显然是其中更为疯狂的一位。当然，联手上演绝杀的顾全和沈梓捷，本场比赛并不仅仅一位这次绝杀而成为英雄，本场比赛，在李慕豪彻底被周琦遏制的不利局面下，顾全和沈梓捷分别有22分和18分进账，他们也成为除了拜克斯之外，深圳男篮表现最好的两名球员。姜伟泽创两项新高姜伟泽打出生涯最佳一战。出生于1997年的沈梓捷、出生于1999年的侯沛佐，已经足以让第9轮CBA联赛为年轻的本土球员而疯狂，但是，在吉林男篮主场104比86大胜北京男篮的比赛中，出生于2000年5月6日的姜伟泽，同样打出了令人惊讶的比赛。经历了上赛季在CBA赛场的磨炼，本赛季的姜伟泽在吉林男篮阵中的作用更加突出，在之前与八一男篮、新疆男篮的比赛，姜伟泽也都曾经有过单场命中5个三分球的华丽演出。不过，相比于本场与北京男篮的比赛，姜伟泽之前的疯狂仿佛已经不是那么疯狂了。面对实力强大的北京男篮，吉林男篮从第二节比赛开始就占据上风，甚至第三节比赛结束时，他们几乎已经将胜利纳入囊中，又一次证明了他们的确可谓是“巨人杀手”。回到本场比赛，让吉林男篮如此轻松击败北京男篮的功臣，无疑就是姜伟泽。三分球15投8中、创生涯新高的同时，他的26分同样是生涯新高。在今夏的U19男篮世界杯上，姜伟泽跟他的队友度过了一段令他们极其痛苦的时间，但随着本赛季的CBA开赛，姜伟泽显然已经彻底走出了阴影，而且变得比之前更强——上赛季，姜伟泽的单场三分球纪录是7个；单场得分纪录是23分。个人投中8记三分球、创生涯新高的姜伟泽，本场比赛的确让北京男篮的诸多“老大哥”感到尴尬，毕竟，剔除林书豪所命中的两个三分球，北京男篮的其他所有球员一共才命中7个三分球。“全华班”不是借口“全华班”的天津男篮又赢了。单外援出战的深圳男篮，依靠本土球员、尤其是小将沈梓捷的爆发，最终惊险战胜双外援出战的新疆男篮，这已经从一个侧面说明了本土球员在如今CBA赛场的重要性，而在24日晚八一男篮主场与天津男篮的比赛，八一男篮也许真的经历了一场可谓尴尬的失败。本场在主场迎战天津男篮，八一男篮面对的是一支同样以“全华班”出战的对手。但即便如此，八一男篮最终还是92比94惜败。虽然比分并不是那么“刺眼”，但“全华班”输给“全华班”，输球的一方注定会更加尴尬。八一男篮近年来的低迷，很大程度上也许的确和他们没有外援有关，但看看最近几场同样以“全华班”出战但几乎每场比赛都令人惊叹的天津男篮，没有外援，也许真的不是八一男篮不断下滑的全部理由。在24日进行的其他比赛中，福建男篮主场88比107不敌同曦男篮，王哲林全场比赛22投仅5中拿下16分，同曦男篮的宋健骅投中5个三分球贡献19分；辽宁男篮主场111比105逆转击败北控男篮、延续对该队全胜的战绩，郭艾伦拿到16分、6个篮板以及8次助攻，孙悦全场仅2分进账；广东男篮客场115比104击败山西男篮，任骏威拿到全队最高的33分，而任骏飞则贡献10分；广州男篮主场经过加时赛119比115击败上海男篮，赛克斯砍下全场乃至本轮最高的50分。作者：韩暄
江苏主帅累计6次技术犯规停赛 易立伤停一周,北京时间11月29日，CBA常规赛进行至第11轮，江苏主场迎战吉林。赛前，江苏官方表示：球队主教练贝西诺维奇因为技术犯规累计达6次（教练员3次，球队席3次），自动追加停赛一场。球队队长易立在上场比赛中肩关节骨挫伤，将缺席今晚的比赛。预计一周左右恢复。（新体）
视频-《深锐观察》第10期 中国男篮奥运落选赛怎么打？,
NBA第一人!乔丹卡特都比不上的狠人 要来CBA了,根据篮球记者宋翔报道四川队接近签下上赛季效力于浙江稠州银行的汉斯布鲁对他最初的印象是在面对阿泰时的秒怂这小眼神真是绝了嘴里还念叨着“我的错，我的错”乖巧可人连恶汉阿泰都不忍心欺负这成就了汉斯布鲁NBA道歉第一人的名号除了这个面对巨人博班的懵逼眼神喜剧感十足翻译一下就是“我看到了什么，我来到了哪里，我究竟是谁”如此出众的喜剧天赋难怪有人称他为“北卡王自健”不仔细瞧还真是认不出来别看人长得逗错认得快可是汉斯布鲁可是连乔丹卡特都比不上的狠人啊NCAA历史唯一一个连续4年入选全美最佳阵容，以及ACC赛区最佳阵容的大学球员；连续两年拿下“奈史密斯奖”和“伍登奖”2009年美联社最佳年度球员，同时入选的还有格里芬……他几乎包揽了美国大学所有的个人奖项这也帮助他力压乔丹成为“北卡校史最伟大球员”为了感谢他的付出以及表彰他的辉煌成就北卡永久退役了他的50号球衣大学的他打球简直就是一头野兽看完他的集锦你会发现他就是个“不扣会死星人”大鲨鱼式的隔人暴扣快攻360旱地拨葱劈扣热血过头的他疯起来连队友都差点被锤我们知道暴扣是一种摧毁性的打法能够极大程度地打击对手的士气换句话说就是很容易招人恨又一次当他准备起飞的时候对手狠狠地赏了他一记飞肘当场他的血就绷不住了疯狂地往外冒但或许就是这4年的疯狂燃烧将他最灿烂的篮球人生都留在NCAA这个曾经的全美第一高中生再没能绽放光彩与他并列为最佳年度球员的格里芬在2009年以状元当选但是汉斯布鲁直到第13顺位才被步行者选中在和步行者结束新秀合同之后他又去猛龙和黄蜂干了一段时间随后就彻底从NBA消失了事后谈起来他认为自己是NBA节奏和空间革命浪潮的牺牲品“我想要不是联盟现在的小球打法和三分球趋势，我可能还能在NBA打球。”离开NBA之后他在2017年加盟广州男篮上赛季被稠州银行签下2年的CBA生涯他场均可以拿下20.5分10.4篮板1.4抢断虽然没有那种通天彻地得分如砍瓜切菜一般的表现但是汉斯布鲁依旧满腔热血对阵四川的时候他眉骨开，血四溅缝了5针之后他继续出战后面的几轮比赛随后对阵吉林的比赛时伤口再次开裂贴着创口贴他继续冲锋陷阵直到OK绷都绷不住的时候他才被换下场如此勇猛的人怎么面对阿泰就这么怂呢其实这是个误会那个冲突其实跟他没关系他的认错是想平息事端根据他自己说他压根没心情招惹阿泰他这么说估计就是事实了要知道汉斯布鲁最喜欢的事情之一就是去招惹对手了被埃泽利锁喉，便直接朝着对方猛冲过去；和小迈克-邓利维争夺篮板球时发生冲突，汉斯布鲁直接将对方打翻在地激怒威尔拜纳姆，导致后者打了汉斯布鲁肚子一拳，最后被禁赛一场……话说回来汉斯布鲁现在已经34岁了没有中距离的他能给四川带来多少改变呢而且值得一提的是如果汉斯布鲁加盟那么托马斯罗宾逊就会被裁他在广告牌哭泣的样子还历历在目这就是职业体育的残酷对于托马斯罗宾逊如是对于汉斯布鲁亦如是
广东宏远训练备战福建 易建联练罚球赵睿秀扣篮,
吓人！林书豪刚复出他又伤了！被6人抬出场外,From： 教主 篮球教学论坛北京时间11月28日，CBA迎来第11轮对决，写比赛之前插播一条。在浙江与青岛的比赛末节最后时刻，邓蒙长传王奕博时，青岛球员林韦翰想空中拦截与王奕博撞在一起，这动作太吓人了！慢动作回放一下，教主看着都疼！林韦翰已经完全失去了对身体的控制，导致王奕博的尾椎骨重重摔在地上！之前就说过我们的球员要规范动作，这既是保护对手也是保护自己。裁判随后吹罚林韦翰违体犯规，但王奕博表情非常痛苦已无法继续比赛。令人意外的是医护人员始终没有出现，王奕博最终是由6名队友合力抬出场地的！现场球迷和双方球员都急了，担架呢？一个成熟的联赛要保护球员，伤病出现的第一时间应该有医护人员及时出现，希望王奕博没有大碍。教主本来写的是首钢主场战八一，因伤休战一场的林书豪赛前主动请战，并在全队训练结束后独自在球场加练。上一场书豪因肌肉痉挛缺席了京城德比，但首钢依靠朱彦西的绝杀险胜北控。谈及豪哥的情况，主帅雅尼斯说：“医疗组在非常努力的为他做治疗，他的身体反应还不错，请战意愿很强烈。”11月27日，书豪的挚友、艺人高以翔突然离世，本场豪哥也穿上了一双定制战靴。球鞋侧面印着他与高以翔的合影，正面印着“永远的兄弟”和“RIP Godfrey”，阿豪用这种特殊的方式悼念已故好友，寄托深深的哀思。开赛至今首钢7胜3负排名第5，八一则只赢过一场比赛，1胜9负联赛垫底。尽管翟晓川、朱彦西双双轮休，但比赛还是没有什么悬念，第一节首钢就以29-12领先了八一17分！次节八一队仍然找不到投篮准星，全队上半场只命中6记运动战进球，半场结束时以28-58落后首钢30分之多！书豪复出后状态不错，半场5投3中得到12分3板4助。三分线外直接加速突破上篮得手！八一的防守形同虚设……其实书豪还是受到了伤病困扰，一旦他被替换下场，腰上就立刻会戴上康复设备进行治疗。第三节八一的进攻稍有起色，一波9-0的小高潮打停了北京。暂停回来，首钢在大外援汉密尔顿的带领下重新稳住局面，三节战罢他们仍以81-54领先着27分。末节分差也一直在二十多分徘徊，胜负早已没有悬念。空位投篮都不进，那就真的没有办法了。看着场边愁容满面的大郅，实在让人心疼。更夸张的是还有上空篮不进的！大郅赛后表示：如果和北京队这样的对手打，放空投篮都不进，那基本就没什么机会了……书豪末节再得7分，全场比赛11中6高效贡献22分3板7助1断，帮助首钢105-83大胜八一收获两连胜。八一苦吞5连败，1胜10负继续垫底。比赛结束后，书豪把球鞋送给了场边的好友张宁江。他解释说因为自己和张宁江、高以翔关系很好，经常一起打球，两人每年都会来参加自己的明星赛，这双鞋就是为了悼念已故好友。当记者提及高以翔，书豪情绪有些低落的说：“他是一个非常善良的人，我们之间有很多故事。我伤得最重那次在温哥华复健，高以翔专程过来看我。知道他离世后我很难过，他热爱篮球，希望我能带着这份热爱打下去。”高以翔离世后书豪一直没有更新社媒，与八一的比赛之后他发了一条微博，表示自己还需要一些时间去缓解痛苦，同时会永远想念这位好兄弟。天堂多了一位善良、谦逊、充满爱的绅士，希望书豪也能带着对篮球的热爱，为自己也为好兄弟，一直打下去。
CBA北京首钢篮球宝贝活力助威,
山东试训外援特洛伊-威廉姆斯抵达济南,28日，23：20分，前来试训的美国外援特洛伊-威廉姆斯抵达济南。via@山东西王篮球俱乐部官微
十轮过后 有哪些球员达成了属于他们的里程碑,不知不觉常规赛已经过去了十轮近一个月的比赛中有大胜，有惜败有加时，有绝杀更有反绝杀球员们的表现让CBA君发自内心的欣喜他们在前十轮比赛中有太多的超越今天CBA君就和大家看看本赛季十轮比赛中他们都创下了哪些里程碑纪录得分里程11月21日来自广东东莞银行的易建联登顶CBA联赛历史得分榜CBA联赛历史总得分超越朱芳雨（11165分）目前他的CBA联赛历史总得分已经达到了11204分来自青岛国信双星的亚当斯CBA联赛历史总得分突破5000分大关来自福建豹发力的王哲林CBA联赛历史总得分超越胡卫东（4952分）排在CBA联赛历史得分榜第46位目前4964分来自南京同曦宙光的约瑟夫-杨队史总得分超越宋建骅（1648分）成为南京同曦宙光的队史得分王篮板里程来自辽宁本钢的韩德君在CBA联赛历史总篮板数上超越查尔斯·甘尼斯跻身CBA历史篮板榜前十位目前总篮板数为3296个来自北京控股的孙桐林在CBA联赛历史总篮板数上超越王仕鹏目前2037个，排在第40位来自八一南昌的付豪CBA联赛历史总篮板数突破1000个目前个人CBA生涯总篮板1015个盖帽里程来自广东东莞银行的易建联CBA联赛历史盖帽数超越张兆旭上升至第2名，目前689个距离突破700个盖帽数还差11个来自南京同曦宙光的哈达迪本赛季场均3个盖帽个人CBA联赛历史盖帽数达到436个排在CBA联赛历史盖帽榜第十位距离唐正东、巴特尔的438个仅差2个助攻里程来自山东西王的哈德森CBA联赛生涯总助攻数来到1881次超越马布里（1836次）升至CBA联赛历史总助攻榜第五名成为了CBA联赛历史总得分+总助攻均排在首位的外援来自山西汾酒股份的富兰克林CBA联赛历史总助攻数达1149次上升到CBA联赛历史助攻榜第20位来自浙江广厦控股的艾伦·杰克逊CBA联赛历史助攻总数达到753次上升到CBA联赛历史助攻榜第47位（翟晓川送出助攻）来自北京控股的弗格与来自北京首钢的翟晓川总助攻先后达到500次成为历史上第107、108位CBA联赛历史总助攻数达到500次的球员三分里程来自深圳马可波罗的顾全在CBA联赛历史三分总命中数上超越罗智（708个）个人CBA生涯三分总命中数达到710个排在历史第25位来自辽宁本钢的郭艾伦与来自浙江稠州银行的吴前CBA联赛生涯三分命中数均达到500个[CBA联赛官方数据支持：贝泰科技]本期互动话题▼你觉得今晚还会有绝杀球吗会是哪一场比赛呢
同组对手均是“硬茬儿”，中国男篮着眼于未来,11月27日，2020年东京奥运会男篮落选赛分组出炉，中国男篮与希腊队、加拿大队同组，同赛区另一小组由捷克队、土耳其队、乌拉圭队组成。两个小组落选赛将于明年6月23日-28日，在加拿大·维多利亚进行。点击查看详细分组无缘直通东京奥运会时，中国男篮将面临的处境就被预想到。“字母哥”扬尼斯·阿德托昆博领衔希腊队，加拿大队也将由穆雷等NBA群星组成……抽签结果揭晓的那一刻，中国男篮遭遇的挑战更大。而且，“6选1”的赛制更是难上加难，同赛区另一小组中的捷克队、土耳其队也都实力强劲。不难发现，中国男篮要想突出重围，难度巨大。接下来给大家介绍一下同组球队的具体情况。希腊队是欧洲传统劲旅，曾在1987年和2005年拿到过欧锦赛冠军，还曾在2006年世锦赛击败安东尼、韦德、詹姆斯领衔的美国队，最终拿到亚军。中国男篮此前在大赛中与之交手6次，仅有1次是胜利者——1986年世锦赛，还是1分险胜。希腊队目前世界排名第7，阵中名气最大的当属效力于雄鹿队的“字母哥”扬尼斯·阿德托昆博。他是上赛季NBA常规赛MVP得主，本赛季至今场均交出31.1分、13.9篮板、6.4助攻的全面数据。效力于帕纳辛纳科斯的卡拉西斯则是“字母哥”的左膀右臂，他已连续两个赛季领跑希腊和欧冠联赛助攻榜。希腊队今年世界杯仅因净胜分不够，未能晋级8强。另外，主教练斯科尔托普罗斯也没有找到“字母哥”的使用说明书。为了能从落选赛中杀出重围，希腊篮协更换了主帅，里克·皮蒂诺接过教鞭，他此前曾有过在尼克斯队和凯尔特人队执教的经历。加拿大队世界排名第21，同样高于中国男篮的第27。中国男篮此前曾在大赛中5次对阵加拿大队，结果均是以失利告终，心理层面同样不占优。加拿大队是本赛区的东道主，主场优势也“加成”不少。他们有着“美国二队”之称，目前不少于20人在NBA打球，加拿大队此次落选赛有望以全NBA阵容出战。2014年状元郎威金斯，本赛季至今场均为森林狼队贡献25.2分，加拿大篮协正尝试邀请他为国出战。而掘金队的外线核心穆雷，抽签前就明确表态会代表国家队征战落选赛，他本赛季场均砍下18.8分。另外，鹈鹕队新秀沃克、效力于雷霆队的亚历山大、尼克斯队的探花巴雷特等人，也都已公开表示愿意出战。今年世界杯虽然无缘16强，但加拿大队仅肯·博奇和科里·约瑟夫两名效力于NBA的球员来到中国参赛。另外，三分球是加拿大队的杀手锏。今年世界杯126-71大胜约旦队的比赛中，他们命中24记三分球，刷新了男篮世界杯的历史纪录。而且，与希腊队相比，加拿大队的主教练并不是短板，尼克·纳斯上赛季率领猛龙队夺得总冠军。中国男篮落选赛被抽到“死亡之组”，面临着艰巨的挑战。此次落选赛的出线规则是：四大赛区A、B两个小组的前两名，交叉对位进行单场淘汰赛，决出赛区第一名，才能获得东京奥运会入场券。另外，同赛区另一个小组的潜在对手捷克队和土耳其队，实力也都不容小觑。捷克队阵中的萨托兰斯基效力于公牛队，土耳其队的伊利亚索瓦和奥斯曼等球员也都在NBA闯荡。落选赛将于明年6月打响，由于刚打完联赛，中国男篮的集中时间很短。主教练杜锋此前在接受新华社采访时称，落选赛是非常残酷的，比世界杯的难度要大很多，基本上用一句话说是不可能完成的任务。但是，只要有一丝希望，中国男篮就不会放弃。除了胜负和成绩之外，打出精气神，让人看到进步也是中国男篮在落选赛上的重要目的之一。“比赛结果固然大家是很在意的，我也希望大家能看一看过程。球员数据上是不是比之前做得更好了？其次他们是不是在落后或者大比分落后的时候，依然没有丢掉精气神，没有丢掉斗志，体现出像女排那种战斗精神。”杜锋说：“这次更多要考虑四年后，世界杯和奥运会梯队建设的球员为主，去发掘更多有能力、有潜力的球员。”（本文图片素材来源于FIBA官网）
为了哪怕0.01%的希望，男篮甘愿最后一搏,前言当看到中国男篮和希腊、加拿大分在同一组时，你甚至会对这支饱受口诛笔伐的败军之师产生一丝同情，因为他们明知道出线概率不到0.01%，也必须去承受这种痛苦。于是，以何种心态去迎接奥运落选赛，成为杜锋挂帅后的这支中国男篮面临的首要问题，化痛苦为坦然，男篮要让“受虐”变得有些意义。11月27日晚，2020年东京奥运会男篮落选赛分组抽签仪式在国际篮联（FIBA）总部瑞士进行。最终，中国男篮与希腊、加拿大、捷克、土耳其、乌拉圭分在同一赛区，其中和希腊、加拿大同分在该赛区的A组。根据规则，只有获得赛区第一的球队才能取得东京奥运会资格。奥运落选赛将于2020年6月23-28日举行，4个举办国家为加拿大（维多利亚）、克罗地亚（斯普利特）、立陶宛（考纳斯）和塞尔维亚（贝尔格莱德）。中国男篮在今年夏天的本土世界杯上遭遇滑铁卢，错失了直接晋级奥运会的资格，在奥运落选赛历史上，还从未有亚洲球队突围，中国男篮本次前往维多利亚必定也是九死一生。具体分组情况如下：贝尔格莱德（塞尔维亚）：塞尔维亚、意大利、波多黎各、多米尼加、新西兰、塞内加尔考纳斯（立陶宛）：立陶宛、波兰、斯洛文尼亚、委内瑞拉、韩国、安哥拉斯普利特（克罗地亚）：克罗地亚、俄罗斯、巴西、德国、墨西哥、突尼斯维多利亚（加拿大）：加拿大、希腊、捷克、土耳其、中国、乌拉圭中国男篮为何流落至落选赛？2020年东京奥运会将有12支球队参加，除去东道主日本队，还剩11个名额。根据国际篮联制定的资格分配规则，在此前结束的男篮世界杯上，将有7支球队直接获得东京奥运参赛资格，剩下的4个名额通过落选赛产生。在男篮世界杯上主场作战的中国队，最终以2胜3负的战绩位列M组第2，由于在4支17-32位排位赛小组排名第2的球队中净胜分垫底，因此，球队只名列本届世界杯的第24名，失去了直接晋级东京奥运会的机会。在令中国球迷刻骨铭心的和波兰队的那场比赛中，周琦发边线球失误，导致球队遗憾失利，此后引发连锁反应，输给委内瑞拉和尼日利亚，境遇也产生天壤之别，从最初开始被外界看好在世界杯小组出线，到最终沦落至落选赛争夺奥运资格。想要获得奥运资格需满足什么条件？参加本次落选赛的24支球队，被FIBA根据实力和成绩分成六档，每档4支球队。FIBA制定了分组抽签的详细规则，在进行赛区小组的分配时，他们将把第一档、第四档和第五档的球队抽入A组，第二档、第三档和第六档的球队抽入B组，以保证每个赛区小组的实力均衡。中国队是第五档球队，和第一档球队希腊和第四档球队加拿大分在加拿大维多利亚赛区的A组，而同赛区B组包括捷克、土耳其和乌拉圭三支球队。根据规则，A、B每个小组3支球队将进行循环赛，各小组前两名进入赛区淘汰赛，这4个队再决出赛区头名球队，而只有赛区第一才能获得出战东京奥运会的资格。也就是说，哪怕中国男篮在A组力压另外两个对手中的1个，从A组出线，但要想获得赛区头名简直比登天还难，所以中国男篮晋级东京奥运会的希望非常之渺茫。同组对手都什么水平？面对中国男篮与希腊、加拿大同处维多利亚赛区A组的结果，你或许会为这支败军之师感到一丝同情。东道主加拿大已经有多名NBA球员表示，会在明年落选赛为国家队出战，而且他们坐拥主场之利，对获得奥运会资格志在必得。效力于NBA丹佛掘金队的穆雷就明确表示要为国家出力征战此次落选赛，而“人才济济”的加拿大男篮，穆雷并不是唯一的顶级球员。另一个对手希腊是欧洲传统强队，除了NBA上赛季的MVP“字母哥”阿德托昆博，还有效力于帕纳辛纳科斯的卡拉西斯，在本赛季也以场均9.31次助攻的表现，高居欧洲篮球联赛的助攻榜的第一位，整体实力远远强于中国男篮。世锦赛和奥运会，面对希腊男篮1胜5负、面对加拿大男篮0胜5负，这就是中国男篮与这两支球队曾经的交手记录，因此，在相对而言同样残酷的落选赛上再度遭遇这两支球队，中国男篮想击败其中的任何一支的确是困难重重。毫无机会为何还要去受虐？在世界杯结束之后，男篮主帅李楠引咎辞职，网络一片骂声，对其攻击不绝于耳。而对于男篮参加此次落选赛的前景，舆论也是一片哀鸿。然而在敏感时刻，中国篮协宣布了一则对球队来说无疑是雪中送炭的好消息——广东主帅杜锋将接替李楠的位置，出任中国男篮主帅并带领球队参加落选赛。在接受媒体采访时，杜锋袒露了自己决定出任中国男篮主帅的心路历程。他知道自己面对的是什么，也明白困难有多大。在中国男篮家门口兵败世界杯之后，这支队伍被推到了风口浪尖上，关于主教练的争议也十分巨大。在这种困境之下，要想在奥运会落选赛上出线几乎是不可能完成的任务，但他还是义无反顾。对于为何毫无出线机会还要去落选赛上受虐？对此杜锋表示，希望中国男篮到2023和2024年时队伍能有一个变化，而明年6月的奥运落选赛，将是这次蜕变的起点。他将会为球队去发掘更多有能力、有潜力的球员，让这些年轻球员看一看，跟欧美队伍的真实差距，去感受一下世界大赛。更为重要的是，如何更好的重塑中国男篮的形象，提升他们在球迷中的地位和信心，是包括杜锋在内每个教练和球员共同的目标。
林书豪谈挚友高以翔：他热爱篮球 我要为他打球,林书豪赛后谈好友高以翔：“高以翔是非常善良的人，帮了我很多，我受伤的时候他来温哥华陪伴着我。每次看到他，他都很开心一直在笑。鞋子放他的照片，我是为他打球。他真的很热爱篮球，希望我能够带着这份热爱打下去。”（新体）
WCBA第3轮-广东豪斩3连胜 八一49分大胜浙江,北京时间11月28日，2019-20赛季WCBA联赛第3轮继续激战。卫冕冠军广东客场以97-54战胜武汉，夺得三连胜；八一队以49分的巨大优势狂胜浙江。其他场次的比赛中，新疆、内蒙古、北京、江苏、山西、河北、福建分别取得了比赛的胜利。武汉54-97广东武汉2人得分上双，哈里斯21分8篮板，邓睿洁13分，林仙芳7分4助攻；广东4人得分上双，李月汝27分6篮板，黄思静13分，地拉娜10分8篮板，张家赫10分4助攻。北京78-69山东北京3人得分上双，麦考万29分20篮板，邵婷11分4篮板5助攻，史秀峰11分4助攻；山东4人得分上双，李缘17分7助攻，扎慧14分15篮板，曹君伟13分4篮板，王英竹13分。八一105-62浙江八一6人得分上双，孙梦然19分6篮板，王雪朦15分，李梦13分5篮板4助攻，金佳宝13分10篮板，潘臻琦12分10篮板6助攻，贾赛琪10分5篮板；浙江3人得分上双，王佳琦12分6篮板，娜塔莎10分，董可尔10分。陕西80-85内蒙古陕西3人得分上双，普莱桑斯34分17篮板，裴悦23分5篮板，杨雅惠10分9助攻；内蒙古5人得分上双，霍华德18分15篮板5助攻，李珊珊13分4篮板4助攻，魏伟12分5篮板，邱思玥12分4助攻，张绮芳10分4篮板。江苏75-68上海江苏3人得分上双，查尔斯25分7篮板，陈晓佳15分5篮板5助攻，孙丽10分5篮板4助攻；上海4人得分上双，张瀞丹15分，叶莲娜14分9篮板，马玉芳12分，潘雪梅10分。山西100-73天津山西3人得分上双，坎贝奇31分5篮板，付金秋13分7篮板，武桐桐10分7助攻；天津2人得分上双，卢卡斯24分9篮板，韩紫琪15分，张建萍8分。河北70-64四川河北3人得分上双，商蕾21分，道森18分7篮板，黄品蓁11分5篮板7助攻；四川3人得分上双，帕克19分18篮板，陈晏宇12分5助攻，胡玥明11分。福建99-78河南福建3人得分上双，邦尼40分6篮板，陈财金17分5助攻，孙梦竹13分5篮板；河南4人得分上双，张玲阁27分4篮板，张茹19分8篮板，蔡亚飞10分6篮板4助攻，杨梦然10分4篮板5助攻。新疆112-47大庆新疆4人得分上双，韩旭20分15篮板5抢断4盖帽，王思雨19分7助攻，刘箫16分，布朗13分8篮板；大庆2人得分上双，张湘君15分4篮板4助攻，邹启佳13分5篮板，凯恩6分11篮板。（苦文）
吴前为队友王奕博祈祷 青岛主帅叹没把握机会,北京时间11月28日，CBA常规赛第11轮，浙江稠州主场123-118险胜青岛男篮。赛后，两队主教练发布会谈到本场比赛。青岛主教练吴庆龙表示：整场比赛来讲，我们最后三分钟出现了问题，大家比较保守，且出现了一个关键失误，还有就是开局没控制好对方外线，第二三节配合整体来说还比较到位，最后一节有机会，但是没有抓住。青岛队员杨金蒙：回去好好总结，争取下一场比赛打好，做好自己。浙江稠州主教练刘维伟表示：我们赢在了团队上，特别是篮板球，全队的表现都十分出色，特别是王奕博，最后一节在场上积极的拼抢，为团队最后的胜利奠定了基础，这种积极的精神，正是我们年轻队伍所必要的。浙江稠州球员吴前表示：不仅是失利要总结，胜利也要总结，我们是怎么拿下胜利的，最后一节从比分的落后到反超再到拿下比赛，我觉得这个过程是需要我们年轻队伍学习的，今天不管是小赖还是奕博，希望奕博没有大碍，如果这场球没有他们的话，我们是不能取得胜利的，希望以后有更多的人能够站出来为我们的球队做贡献。（新体）
17分！广东弃将真玩命了 拼到6犯也要死磕对手,CBA常规赛第11轮，青岛男篮客场118-123惜败浙江。本场比赛，虽然青岛队在客场遗憾落败，但队内的本土球员杨金蒙的表现仍然可圈可点。他全场比赛出战34分钟，得到17分2助攻2抢断的数据，这也是他从老东家广东男篮转投青岛队后，拿到的最高分。回看这一场比赛，杨金蒙的得分有14分都是在下半场。特别是第三节结束前，他在前场底角埋伏，接到林韦翰的突破分球后，三分张手命中，整个动作一气呵成。青岛队也凭借这一球，以93-87的比分，领先对手进入第四节。除此之外，杨金蒙在进攻中也表现得十分活跃。作为一名身高1米91的后卫，我们在比赛中能多次看到空切杀入篮下，与在对手内线长人的封盖下机敏出手的1号身影。甚至是冲抢到进攻篮板后的补篮，他也都不在话下。而在他本职工作范围内的防守端，杨金蒙也是兢兢业业，不惜体力的承担脏活累活。但奈何对手却是开了挂的砍分机器邓蒙，尽管赔上6次犯规，也仍然没能限制住对手。这种绝对天赋上的劣势，也是让人既无奈又可惜。1995年出生的杨金蒙如今已经不能算是小将了，上个赛季开始前，广东男篮和青岛男篮进行了一笔5换2的大交易，杨金蒙就是在那个夏天离开了自己效力了10年的母队，来到了新东家的。还记得当年朱芳雨在将杨金蒙交易走后，自己也是十分的不舍，还特别叮嘱他要将广东队的精神带到新的球队。如今看到这位小兄弟的状态逐渐复苏，想必朱芳雨也会露出欣慰的笑容吧。（豪斯）
尴尬背景帝！昔日国手赛季9+5 他还能回巅峰么,11月28日，CBA常规赛第11轮拉开战幕，深圳男篮客场以92-101不敌同曦男篮，客场战绩依旧仅有一胜。球队开赛战绩就一般，这与此役作为绝对主力但10投3中仅得到7分的李慕豪，不无关系。眼看着没开打多久就被对手拉开到9分，替补披挂上阵的李慕豪本来是被换上救命的，然而空切篮下后的第一次进攻，他就被矮了自己近20公分的郭一飞成功干扰，投了个三不沾。不久之后，仗着哈达迪缩在篮下不敢出来的间隙，他又接到贺希宁传球在左翼试射三分，依旧以打铁告终，尴了个尬，内外火力都没开。直到之后的一次进攻，哈达迪被赛克斯给钓了出去，完全被放空的李慕豪才大步流星来了个无人暴扣。次节末，李慕豪中距离被完全放空，命中一记中投。第三节刚上来，李慕豪上对抗没有怼开却仍旧选择强吃哈达迪，不成想被后者一巴掌摁了下去，自己没打成不说，还成为了哈达迪上升至CBA盖帽榜第八的背景帝；尴尬的是，随后的一次强上，又被哈达迪给直接摁了下去。第四节，李慕豪确实有过暴扣+两罚一中连得三分的时刻，但他最终打了26分钟，不过也就这三记进球得到7分而已，5篮板2助攻1抢断2盖帽的数据，依旧显得平平。本场比赛，也成为了最近李慕豪梦游的一个缩影，本赛季他场均仅9.5分5.4篮板入账，已经沦落成了球队第六得分点，两项数据也是4个赛季来的最低。不可否认的是，伤病是影响李慕豪发挥的一个重要因素，尤其是一度困扰他很久的跟腱伤势。尽管李慕豪的态度依旧十分积极，在场敢打敢拼，但作为当初的国家队主力内线之一，这样的表现和数据，显然与他当初所承载的希望相距甚远，也许他需要的，是更多调整和恢复的时间吧。（一星）
最佳阵容第二期：粤疆两人入围 阿联领衔一阵,CBA开赛至今，越来越多球员打出了高水准表现。新浪体育评选出了6-10轮本土球员CBA最佳阵容一阵和二阵（综合球员个人表现、球队作用及球队战绩，球员数据为6-10轮场均数据）：一阵：沈梓捷，阿不都沙拉木，易建联，郭艾伦，赵睿二阵：胡金秋，翟晓川，周琦，原帅，孙铭徽！附一阵二阵球员6-10轮5场比赛数据：6-10轮一阵：易建联 19.6分 9.4篮板 1.8盖帽赵睿 14.6分 6.2篮板2.4抢断郭艾伦 18.8分 6.2助攻1.8抢断阿不都 16.8分 4.4篮板2助攻沈梓捷 16.2分 5.2篮板 1盖帽二阵：翟晓川 17.6分 6篮板 1.6抢断胡金秋 14.8分 7.4篮板 1.2盖帽周琦19.8分 9.8篮板 2盖帽原帅 17.6分 3个三分 1.6助攻 0.8抢断 1个篮板孙铭徽14.4分 3.4助攻 1.4抢断（新体）
书豪吞帽秒变林疯狂！终于见到了他眼中的怒火,从因为肌肉痉挛缺席比赛到好兄弟高以翔意外离世……最近几天，林书豪也许度过了自己加盟CBA以来最为痛苦的几天，但经历了一连串痛苦的林书豪，却又一次在赛场上展现了自己顽强以及敬业的一面，这样的林书豪，也的确令人敬佩。因为高以翔的意外去世，本场与八一男篮的比赛，林书豪特意穿上了定制版战靴来纪念这位感情不亚于兄弟的好友。能够忍受着悲伤重新回到球场，林书豪已经展现了自己极其职业的一面，但这种情绪也许多少还是影响到了林书豪的表现。本场比赛的开局阶段，林书豪并不是特别兴奋，虽然有突破有杀入内线制造杀伤，但相比于曾经的那个“林疯狂”，本场比赛的林书豪，总是让人觉得缺少了一点什么。尤其是比赛进入第二节之后，林书豪的一次有些漫不经心的传球，更是让八一男篮的郭昊文完成抢断，林书豪也不得不对郭昊文送上犯规。但是，林书豪的确还是林书豪，在遭到八一男篮的一次封盖之后，面对追分势头凶猛的八一男篮，林书豪终于先把悲伤放在一边、找回了自我。在八一男篮将分差缩小追到20分之内的不利局面下，林书豪先是投中个人本场比赛的第一个三分球，将分差重新扩大到20分，而且在随后他又拿下2分，在比赛仅剩3分多钟结束时帮助北京男篮又一次将领先优势扩大到24分，此时，距离全场比赛结束仅剩3分多钟，北京男篮也终于可以用胜券在握来形容。也许是考虑到林书豪的情绪，雅尼斯随即将林书豪换下，最后几分钟的比赛也在平淡中就此结束。22分、7次助攻，肌肉痉挛和好友去世的双重打击，显然并没有彻底影响到林书豪，回到赛场上的林书豪，在球队遇到困难时，依然是那个球迷们熟悉的“林疯狂”。此时，穿着纪念版球鞋的林书豪，也许真的需要静静地听那首《把悲伤留给自己》。是的，林书豪的确做到了，把悲伤留给自己，而把快乐，送给北京男篮以及北京男篮的球迷。（韩二）
末节8分砍赛季新高!深圳欲演逆转他第一个说不,11月28日，CBA常规赛第11轮拉开战幕，同曦男篮101-92战胜了深圳男篮，战绩追平对手。此役，“拼命三郎”宋建骅用赛季新高的23分，一展球队队长的风采。首节中段，宋建骅左翼三分线外埋伏接到了杨的横穿，其实此球早已被贺希宁识破，但宋建骅依旧迎着后者干扰强行出手命中，将分差拉开到了两位数以上。次节刚上来，同曦这边推起转换反击，一脚油门儿轰起来丝毫不比杨慢的宋建骅在双线快攻中再次倚着身后的贺希宁完成2+1，打停对手的同时，将分差拉开到了20分！内外皆开，成为了宋建骅此役的一个缩影。末节关键时刻，深圳男篮吹响了最后的反击号角，左翼利用亚布塞莱的单挡掩护挂住顾全，他一打二强杀篮下过掉李慕豪上篮得手，稳住局势。本节中段，又是他在顶弧迎射拜克斯得手，将分差牢牢掌控在23分。最终，宋建骅13投8中砍下全场本土最高的23分，队内仅次于杨的31分，这也是他本赛季的单场最高纪录。此外他还拿下5篮板2助攻2抢断的1盖帽数据，说他是关键先生绝不为过。本赛季，他场均可以得到9.8分2.9篮板1.6助攻1.2抢断的数据，得分是他最近4个赛季的新高，也是队内除了外援之外的最高。本赛季，宋建骅取代冯欣成为了球队的新任队长，他也表现出了自己足以胜任这个位置的实力。有他在，别再说同曦男篮只靠外援了！（一星）
莫泰20+21上海止3连败 邓蒙54+10浙江险胜青岛,2019年11月28日，2019-2020赛季CBA常规赛第11轮继续激战。上海107-95主场战胜广州，终止3连败；同曦主场101-92力擒深圳；浙江123-118险胜青岛。上海107-95广州首节，上海35-33领先2分，上半场战罢，上海扩大领先优势，58-49；易边后，广州打出进攻小高潮，将分差缩小到了只有5分。末节，两队展开激烈较量，最终，上海队12分优势击败广州。上海队7人得分上双，莫泰20分21板、蔡亮10分3板、罗旭东21分3板4助、王潼12分、董瀚麟12分6板、纳纳利13分4板3助、罗汉琛18分。广州只有3人得分上双，尼克尔森30分17板2助、赛克斯26分7板4助、陈盈骏10分；刘丰搏5分、姚天一8分、孙鸣阳6分6板。同曦101-92深圳首节，同曦打出主场气势，以36-17领先16分。次节，两队单节打成26-25，杀的难解难分。第三节，深圳打出进攻高潮，缩小分差，但无奈首节落后太多，深圳追分无果，最终同曦101-92战胜对手。同曦4人得分上双，其中，乔-杨31分6板8助，宋建骅23分5板2助，哈达迪13分18板3助3断5帽，亚布塞莱17分6板；另外，郭一飞8分1板，卢伟5分2板，李柏润2分1板。深圳4人得分上双，拜克斯39分5板4助，贺希宁12分2板3断，沈梓捷11分4板，穆罕默德10分7板；另外，卢艺文5分1板，李慕豪7分5板，顾全6分3板4断。浙江123-118青岛首节，浙江32-28只领先4分。次节，青岛反客为主单节领先浙江4分。上半场战罢，浙江58-58战成平局。易边后，青岛技高一筹，领先6分进入末节。最后一节，两队比分十分胶着。最后时刻，两队比分交替领先1分。在比赛还有11秒时，浙江队通过罚球连续得分，虽然焦海龙在比赛结束还有4秒时命中2分，但为时已晚。邓蒙通过罚球再为浙江拿到2分。最终浙江队以123-118战胜青岛，夺得两连胜，并送给青岛两连败。此役，浙江队3人得分上双，邓蒙54分10篮板5助攻2抢断、吴前21分4篮板6助攻、张大宇17分5篮板5助攻4抢断；另外，程帅澎8分2篮板5助攻3抢断、朱旭航7分2篮板2助攻、兰兹博格7分9篮板、赖俊豪6分5篮板、张正昕3分5篮板。青岛4人得分上双，亚当斯37分2篮板7助攻、达卡里-约翰逊26分21篮板3助攻3盖帽、焦海龙13分4篮板、杨金蒙17分2篮板3助攻2抢断；另外，林韦翰5分3篮板3助攻、赵大鹏3分、王庆明7分、刘传兴7分5篮板、赵泰隆3分。（苦文）
