富兰克林普林顿：市场波动下选H股需谨慎,新浪财经讯 12月4日消息 富兰克林邓普顿多元资产投资方案团队基金经理周文辉称，尽管港股现在的估值较吸引，但在市场波动情况下，选H股需谨慎。他称，只有一些外围环境等情况改善后，港股才会反弹，而目前整体的数据、大环境并不向好。周文辉称，H股上可挑选一些面向国际的科技、新经济公司。周文辉建议投资者可以分散投资，也在恒指以外地方寻找机会。他称，A股市场因内地强劲消费带动会更好，同时，他看好美债以及新兴市场的债券。富兰克林邓普顿新兴市场股票团队中国股票基金经理黎迈祺称，在中国本土，科技发展迅速，5G是未来几年热门术语，富兰克林邓普顿对以下投资主题充满信心，包括：消费上升和高端化、科技大幅应用及“互联网+”业务增长、制造业升级、以及政府改革和城市化等，将持续推动2020年的A股市场。在选股的行业建议上，富兰克林股票团队美国机会基金基金经理Grant Bowers称，对长线投资者而言，科技、健康护理和消费行业将继续是焦点所在，未来投资回报或许不会如近年般出色，但整体仍属正面，对于主动增长型投资者来说，可以涉足当前行业先驱及未来领导者。黎迈祺称，2020年中国经济增长速度放缓已被充分预料，政府主要重心将会放在稳定经济上，随着PMI指数回升等，黎迈祺相信，2020年将会是经济更加稳定的一年。他称，富兰克林邓普顿来年预料全球有更多降息、地缘政治不确定性、贸易紧张、脱欧等不明朗因素仍在，影响就业、消费、市场情绪以及商业信息，但富兰克林邓普顿认为2020年有较小可能性出现全球经济大衰退。（新浪财经 徐雯 发自香港）责任编辑：常福强
香港航空称将获注资 明日支付拖欠员工工资,新浪美股讯 北京时间4日消息，陷入困境的香港航空公司周三表示，已制定了一项初步的注入现金计划，并将于周四支付拖欠的员工薪水，但没有提供其现金注入计划的更多详细信息。此前香港监管机构要求该公司必须在12月7日前改善财务状况，否则可能被暂停或吊销营业执照。这家由海航集团控股的香港第二大航空公司在一份电邮声明中表示，一旦资金到位就将逐渐恢复正常运营。该航空公司上周曾表示，将推迟支付部分员工的薪水，并在明年削减更多航班。责任编辑：于健 SF069
加拿大央行今晚迎来年内收官决议,原标题：加拿大央行今晚迎来年内收官决议！加元能否守稳最强货币宝座？来源：环球外汇网据彭博社报道。加元今年开局伊始便表现强劲，并一路维系强势至今。不过随着市场对明年加拿大央行降息的猜测逐渐浮出水面，未来可能会掀起一场风暴。今晚，加拿大央行将宣布年内最后的一次利率决议，交易员们将密切关注有关加拿大经济前景以及央行明年利率走向的每一个字句和细微差别。作为今年少数几个没有放松货币政策的央行之一，加拿大央行行长波洛兹（Stephen Poloz）是否很快将被迫效仿其他央行降息，已成为投资者面临的最大悬念。伴随着强劲的经济增长，加元成为了年内迄今涨幅最大的主要货币。在10月份时，波洛兹曾承认他和他的同事曾考虑过降息，但最终决定不降息，因为通胀率已达到目标水平，而降息将推高家庭债务水平。时间快进到上周，加拿大第三季度国内生产总值（GDP）数据显示，该国经济可能如同人们预期般出现放缓，原因是出口下降和企业库存下降掩盖了国内需求的反弹。期货交易员的定价没有反映出利率的变化，因此如果加拿大央行今晚采取更鸽派的措辞基调，加元可能会受到冲击。而考虑到贸易层面的僵局不会很快结束，在经济增长乏力、油价前景不确定的情况下，这种不确定性也可能限制加元的升势。目前，摩根大通（JPMorgan Chase & Co）策略师预计加元明年将走软，而高盛表示加元仍将维持区间波动。以Zach Pandl为首的高盛策略师在11月29日的报告中写道，美元兑加元汇率“将继续夹在谨慎的全球风险情绪和良好的国内增长前景之间摇摆”。他们说，“直到有一个更清晰的信号出现”。今年，拥有G7经济体中最高的收益率优势支撑了加元，因加拿大央行不愿像美联储和欧洲央行那样放松政策。就在周二，加拿大两年期国债收益率还超过了美国两年期国债收益率。不过，如果加拿大央行本周变得更加鸽派，这一息差优势可能会逆转。布朗兄弟哈里曼（Brown Brothers Harriman）策略团队在12月1日发送的一份报告中表示：“由于经济明显放缓，市场更倾向于利率将下行”，他们预计加元接下来将跑输美元。并暗示加元也容易受到油价下跌的影响。油价上周下跌了4.5%，是自10月4日以来的最大单周跌幅。根据美国商品期货交易委员会（CFTC）截至11月26日当周的数据，对冲基金和投机者对加元的信心已有所减弱，上周他们的看涨头寸降至10月中旬以来的最低水平，原因是经济增长出现放缓迹象。加拿大统计局的数据显示，第三季度加拿大经济增长1.3%，符合预期，但仍远低于上一季度3.5%的年化增长率。尽管如此，那些对贸易持乐观态度的人还是依然偏向于看涨加元。加拿大丰业银行（Scotiabank）首席外汇策略师Shaun Osborne表示，他仍然看好加元。“这主要反映了我们的预期，即贸易紧张局势将有所缓和，美元的避险溢价将缩水，而加元则将受益于经济增长和加拿大与美国的利率趋同，”他说。责任编辑：刘玄逸
空头环绕！澳洲联储的下一步被指“无法想象”,行长在极力遏制，空头在不断集结。澳大利亚的资产管理公司正在为曾经无法想象的事情做准备——澳洲实行量化宽松（QE）。他们仔细研究了其他地区的经验，得出了与澳洲联储主席洛威（Philip Lowe）不同的结论：洛威试图抑制人们对量化宽松可能在澳大利亚实施的预期，但资金经理们却认为宽松政策在澳无可避免。包括昆士兰投资集团（QIC Ltd． ）和日本日兴资产管理有限公司（Nikko Asset Management Ltd．）在内的一些公司已经在购买资产，押注澳洲联储的降息幅度将不足以应对经济增长放缓。他们认为，即使洛威设法将量化宽松计划限制在政府债券范围内，但资产购买的影响还是会波及整个债务市场。QIC的全球流动性策略总经理苏珊·巴克利（Susan Buckley）表示：“量化宽松甚至可能在经济衰退之前就出台，我们必须准备迎接‘非常规的货币政策’，大家都在谈论量化宽松。”自6月以来，澳洲联储已三次降息，将利率降至0.75%的历史低点，但同时经济增速下滑至十年来的最低水平。洛威在11月26日的演讲中表示：在考虑实行QE之前，利率必须降到0.25%，而且即便如此，资产购买的障碍仍然很大。他还暗示，澳洲联储对购买私营部门资产的兴趣不大。但是，由于失业率过高，无法推动工资和消费价格的温和上涨，因此投资者预期洛威将被迫走出舒适区。当然，没有任何一个市场参与者能够确定澳洲的QE最终将在何时以及如何实施，也有机构持不同看法。例如高盛集团表示，房地产价格回升可能刺激与住房相关的消费反弹，帮助澳洲联储明年继续实行已有的非常规政策就够了。花旗则逆转其对2020年出台刺激政策的呼吁，预测澳洲联储只需再降息一次就可按兵不动。而巴克莱银行（Barclays Bank）却预计，随着澳大利亚经济走向“温和转折点”，不可能实施QE。不过，对于某些人来说，还是安全第一，有备无患。以下是一些基金经理为应对澳洲联储意外祭出QE所做的准备：做多债券骏利亨德森投资（Janus Henderson Investors）旗下管理着140亿澳元（约合96亿美元）的Kapstream Capital驻悉尼基金经理Raymond Lee表示，随着澳洲联储作为默认买家的介入，澳大利亚主权债券收益率可能会下跌。这使得政府债券成为该基金相当引人注目的一笔购入。Lee透露道：“我们在今年年初增加了贷款期限，因为我们认为利率将在更长时间内保持较低水平。虽然距离实施QE政策可能尚有时日，但澳洲联储对非常规货币政策的评价恰恰证实了利率将保持低位的事实。”摩根大通则表示，作为量化宽松方案的一部分，澳洲联储最早可能在明年购买高达500亿澳元的澳大利亚政府债券。施罗德投资管理（Schroder）固定收益副主管Stuart Dear也对澳大利亚主权债务持乐观态度。他预计，如果澳洲联储开始实施QE，那么5年期以下的债券将表现出色。押注半政府债券日兴资产从去年开始购买以美元计价的澳大利亚半政府债券，押注10年后到期的票据定价颇具吸引力。这已经是一笔有利可图的交易，因为半政府债券与主权债券的收益率差已经缩小。日兴资产的投资组合经理Rands表示：“我们可以从美国学习到经验。美联储购买了政府债券，同时其他资产也都得到了支持。澳大利亚的情况可能也一样，QE会给半政府债券带来额外的推动力。”施罗德的Stuart Dear也增持了半政府债券，他说：“我们通过购买半政府债券和住房抵押贷款支持债券，增加了风险敞口。这次购入是在洛威发表讲话之前进行的，他的讲话随后肯定了我们的观点。”增加信贷包括QIC的巴克利在内的其他人还指出，即使澳洲联储最初的重点是政府债券，其他澳大利亚的企业债也都在上涨。巴克利认为，非常规刺激措施可能会惠及整个债券市场。最重要的是，主权债可能被澳洲联储买到无债可卖。洛威本人也指出，预计未来几年政府债总量将下降。而这些主权债的最大持有者——国内银行和外国央行都是长期持有者，可能不会愿意大量出售。通常情况下，经济衰退或放缓带来的风险上升会使巴克利撤出部分信贷敞口，但这次QIC却采取了新的策略。巴克利表示：“当无风险利率降低，投资者会突破信贷限制，我们已经在英国、欧洲看到了类似情况。”做空澳元加拿大CI金融服务公司（CI Financial Group）旗下GSFM的顾问米勒（Stephen Miller）表示，对于那些寻求更具流动性的澳元量化宽松交易方式的人来说，做空澳元是最好的选择。米勒认为：“如果QE政策即将出台，澳元将会走弱。在应对QE时，做空澳元是个好选择。而现在，我认为澳元汇率可能会跌至0.65左右。”澳元兑美元今年已下跌3%左右，因交易员对新一轮降息定价，澳元兑美元10月触及10年来低点，跌至0.6671。澳大利亚最大的养老基金AustralianSuper Pty．管理着价值1750澳元的资产。该基金已减持了澳元并做多主权债券，押注澳洲联储最早可能在明年推出QE。该基金的资产配置与研究主管阿斯托里（Carl Astorri）称，央行可能会在不损害银行体系的情况下，将利率压至尽可能接近零的水平：“这一过程将使收益率曲线趋平，并使澳元承压下行。”来源：金十数据责任编辑：孟然
第一上海：宇华教育给予买入评级 目标价6.88港元,全年业绩概览宇华教育截至2019年8月30日止年度，公司实现收入人民币17.14亿元，同比增长43.5%，毛利10.00亿元，同比增长49.1%；经调整公司股权持有人应占纯利7.93亿元，同比增长30.1%，较我们的预测及彭博一致预期高出10%及5%，其调整项主要为可转债公允价值变化、股权激励及新收购标的的资产重估带来的折旧摊销增加。全年股息达到0.13港元，约50%的派息率。整合能力出类拔萃，超预期再超预期管理层在2017年上市时投资人的一致预期为核心净利润每年增长25%。目前核心净利润年复合增长率约36%，远超预期。我们认为公司如此优秀的业绩主要在于强大的并购能力及整合能力，以湖南涉外经济学院为例，公司在接管后，学校管理迅速改善，对于本年利润贡献保守估计超过两个亿人民币，较2017年增长超200%，同时，新生报到率提升至95%以上、校友会民办大学排行榜的排名有较大程度回升。现金充裕支持并购，并购理念一以贯之公司管理层秉承一贯的重质不重量的收购理念，确保每个并购标的都能够给股东最大化的效益，管理层并未给出市场未来的的收购预期，但管理层表明目前也有比较多的项目储备，在手总现金约28亿元人民币，若考虑19/20学年的预收学费，现金水平将进一步增加。以对于湖南涉外及山东英才的过往收购来看，我们相信管理层能够在收购速度及质量上作出良好的权衡，对未来的收购持乐观态度。目标价6.88港元，维持买入评级山东英才学院已经被公司接管，公司展现出的强大整合能力，山东英才学院的教育教学及财务状况将得到进一步的升华，助推公司继续高速前行。我们以DCF模型测算现有学校价值为5.98港元（WACC=10%，永续增长3%），但是由于公司优异的并购能力和投后管理能力，且未来还会有陆续的并购，我们给出6.88港元目标价（15%的并购能力和潜力溢价），较昨日收市价有34%的上升空间，维持买入评级。责任编辑：李双双
Peloton健身自行车广告被指“性别歧视” 致股价大跌,新浪美股12月4日讯，互动健身平台Peloton的一则健身自行车圣诞广告在社交媒体上被广泛嘲笑为“性别歧视”、“脱离现实”，甚至是“反乌托邦”。这则广告在YouTube上的点击量已超过100万次。广告中，一名女子收到丈夫送的一辆健身自行车作为圣诞礼物。然后，她把接下来一年的锻炼记录在视频日志里，并把它作为一种感谢的方式呈现给他。“一年前，我没有意识到这会给我带来多大的改变，”她说。外界对该公司的这则广告批评如此之多，以至于影响了Peloton的股价，该股周二收跌逾9%。Peloton出售配有触摸屏的健身器材——健身自行车的价格超过2000美元，然后用户可以根据需求购买订阅健身课程。这家总部位于纽约的公司于11月21日发布了这则广告，但最近几天社交媒体上的批评之声明显增多。一些人抱怨说，一个男人送妻子一辆健身自行车作为圣诞礼物是性别歧视，因为这表明他想让妻子减肥。喜剧作家杰西·德韦克在推特上写道：“欣赏Peloton广告的唯一方式就是把它当作某一集《黑镜》的第一分钟。”到目前为止，该公司的Twitter账户还没有参与到这场争论中，但该公司已经关闭了YouTube上有关这则广告的评论。责任编辑：刘玄逸
第一上海：内房股继续有追捧 本地股压力又再浮现,12月3日，港股短期波动性出现加剧，恒指先跌逾380点后修复，最终跌了有接近55点，但是仍处于26800点好淡分水线以下，要提防后市有继续反复偏软、向下寻找支持的机会。最新公布的香港零售销售数据表现持续疲弱，本地股又再受压拖着港股的后腿，其中，煤气（00003）盘中创出了11个月新低。然而，资金分流情况继续有所改善，内房股再度获得追捧表现突出，中国海外（00688）再涨2.22%，是表现最好的恒指成份股。恒指出现先跌后修复，在盘中曾一度下跌382点低见26063点，其后跟随A股反弹，但是在跌穿了过去三周的波动范围下限26200点后，向下空间是有所打开了，估计后市仍有反复偏软的机会。恒指收盘报26391点，下跌53点或0.2%。国指收盘报10356点，下跌8点或0.07%。另外，港股主板成交金额有712亿多元，而沽空金额有109.5亿元，沽空比例15.37%。至于升跌股数比例是800：835，日内涨幅超过10%的股票有39，而日内跌幅超过10%的股票有24只。市况表现反复震荡，但是资金分流情况继续有所改善，仍有助个股行情的开展推动。三大互联网巨头的合计成交金额有96.7亿元，占大市总成交金额比例进一步回降至13.5%，资金过分集中的情况持续扭转，这个对于其他个股板块是相对有利的，而内房股则继续受惠连升第二日。其中，世茂房地产（00813）公布了最新的营销数据，今年首11个月的合同销售累计有2277.3亿元人民币，已提前完成今年全年目标2100亿元人民币，另外，中国奥园（03883）的11月合同销售金额亦见明显加速，按年增长了接近有1倍至126.5亿元人民币，建议都可以继续关注跟进。香港公布了最新的10月份本地零售业总销货额按年下跌24.3%，较预期的22.6%跌幅还要大，消息对早前反弹了一波小行情的本地股，再次构成压力，其中，香港公用股煤气（00003），在盘中再创出下半年来的新低。正如早前指出，在不明朗因素的持续困扰下，估计本地收租股、公用股以及房托股仍将难以摆脱弱势，资金有另找新高息股目标的倾向。而受惠于深圳以及大湾区新布局的形势背景下，业务稳定、高派息、兼且有潜在增长空间的，如深圳国际（00152）以及深高速（00548）等等，相信可望获得新资金的逐步流入。责任编辑：李双双
中证协发自律措施实施办法、自律处分委员会办案规程,新浪财经讯 12月4日，中证协发布《中国证券业协会自律措施实施办法》、《中国证券业协会自律处分委员会办案规程》。原标题：关于发布实施《中国证券业协会自律措施实施办法》《中国证券业协会自律处分委员会办案规程》的通知 来源：证券业协会网站中证协发〔2019〕331号各会员单位：为有效履行自律管理职责，规范实施自律措施，保障自律管理对象正当权利，促进证券业高质量发展，在广泛征求各方意见的基础上，协会对《中国证券业协会自律管理措施和纪律处分实施办法》《中国证券业协会自律监察案件办理规则》《中国证券业协会自律监察专业委员会组织规则》进行修订，形成《中国证券业协会自律措施实施办法》《中国证券业协会自律处分委员会办案规程》，经第六届理事会第十四次会议表决通过，并报中国证监会备案，现予发布，自发布之日起施行。附件：1．中国证券业协会自律措施实施办法2．中国证券业协会自律处分委员会办案规程中国证券业协会2019年12月4日中国证券业协会自律措施实施办法（协会第六届理事会第十四次会议表决通过，2019年12月4日发布）第一章 总则第一条【目的与依据】 为保障中国证券业协会（以下简称“协会”）有效履行自律管理职责，规范实施自律措施，保障自律管理对象正当权利，促进证券业高质量发展，依据授权协会实施自律措施的法律法规、监管规定（以下统称“授权规定”）和《中国证券业协会章程》，制定本办法。第二条【适用范围】 对违反授权规定或协会自律规则（以下统称“违规”）的自律管理对象实施自律措施，适用本办法。本办法所称自律管理对象，是指协会会员（以下简称“会员”）、证券业从业人员（以下简称“从业人员”）。本办法所称自律措施，包括自律管理措施和纪律处分。自律管理措施是协会针对较轻违规行为采取的自律措施。纪律处分是协会针对较重违规行为采取的自律措施。第三条【协调与发展】 实施自律措施应当与行政监管相协调，切实促进证券业高质量发展。第四条【基本原则】 实施自律措施应当遵循以下原则：（一）惩教结合。坚持宽严相济、惩戒与教育相结合，引导督促自律管理对象自我纠正、自我完善、自我提高。（二）依据正确。实施自律措施应当以公布的授权规定或协会自律规则为依据。没有依据的，不得实施自律措施。（三）程序规范。严格遵守相关程序规定，保障自律管理对象陈述、申辩、听证、复议等权利。（四）归责适当。合理区分个人责任与机构责任，主要责任与次要责任，直接责任与管理责任、监督责任，做到归责适当。（五）过罚相当。坚持实事求是、依法依规、客观公正，综合考量违规性质、危害后果、社会影响、过错程度等主客观因素，做到事实清楚、证据确凿、过罚相当。第五条【自律处分委员会】 协会设自律处分委员会。委员的产生、任免等事项按照《中国证券业协会专业委员会管理办法》及《中国证券业协会自律处分委员会办案规程》执行。自律处分委员会办公室设在协会相关部门。第六条【职责分工】 协会建立案件调查、审理、复议相分离，职责明确、有效制衡、运转协调的自律处分工作体制。同一案件的调查、审理、复议工作人员不得相互兼任。执业检查部门（以下简称“调查部门”）会同相关业务部门负责调查核实涉嫌违规事实，法律事务部门（以下简称“审理部门”）牵头负责初步审理，自律处分委员会负责重大纪律处分案件的复审和全部案件的复议。对考试严重违规的从业人员采取纪律处分、对拒不完成后续职业培训的从业人员采取自律管理措施或纪律处分的，参照上述职责分工办理，考试组织部门、从业人员管理部门视同相关案件调查部门。第七条【工作纪律】 案件调查、审理、复议等工作人员必须忠于职守、遵纪守法、公正廉洁；不得利用职务便利谋取不正当利益；严格遵守保密规定，不得泄露案件查办信息，不得泄露所知悉的国家秘密、商业秘密和个人隐私。第八条【回避】工作人员与案件有直接利害关系的，应当回避；当事人认为工作人员与案件有直接利害关系的，有权申请其回避。第二章 自律措施的种类第一节 自律管理措施第九条【对从业人员的自律管理措施】 对从业人员实施的自律管理措施包括：（一）谈话提醒；（二）要求提交书面承诺；（三）要求参加强化培训；（四）警示；（五）责令改正；（六）责令所在机构给予处理；（七）协会规定的其他自律管理措施。以上各项除第（一）（二）（三）项以外，均为书面自律管理措施。第十条【对会员的自律管理措施】 对会员实施的自律管理措施包括：（一）谈话提醒；（二）要求提交书面承诺；（三）要求参加强化培训；（四）警示；（五）责令改正；（六）责令进行合规检查；（七）暂不接受备案或注册；（八）协会规定的其他自律管理措施。以上各项除第（一）（二）（三）项以外，均为书面自律管理措施。第十一条【谈话提醒】 谈话提醒，是指协会要求自律管理对象在指定时间、地点接受问询或训诫，要求其作出说明，督促其及时纠正违规行为或防控风险的自律管理措施。第十二条【要求提交书面承诺】 要求提交书面承诺，是指协会要求自律管理对象限期提交书面承诺，承诺按照要求及时纠正违规行为等的自律管理措施。第十三条【要求参加强化培训】 要求参加强化培训，是指协会要求违规从业人员或违规会员的相关责任人员参加协会指定的矫正性培训的自律管理措施。第十四条【警示】 警示，是指协会以书面形式警示自律管理对象，督促其及时纠正违规行为的自律管理措施。第十五条【责令改正】 责令改正，是指协会要求自律管理对象限期改正违规行为，并报告整改结果的自律管理措施。第十六条【责令所在机构给予处理】 责令所在机构给予处理，是指协会要求违规从业人员所在机构予以处理并报告处理结果的自律管理措施。第十七条【责令进行合规检查】 责令进行合规检查，是指协会要求自律管理对象进行内部合规检查，并报告自查情况的自律管理措施。第十八条【暂不接受备案或注册】 暂不接受备案或注册，是指协会在三至十二个月内暂停受理自律管理对象的有关备案或注册申请的自律管理措施。第二节 纪律处分第十九条【对从业人员的纪律处分】 对从业人员实施的纪律处分包括：（一）行业内通报批评；（二）公开谴责；（三）暂停执业；（四）注销执业证书。第二十条【对会员的纪律处分】 对会员实施的纪律处分包括：（一）行业内通报批评；（二）公开谴责；（三）暂停或者取消协会授予的业务资格；（四）暂停会员权利；（五）取消会员资格。第二十一条【行业内通报批评】 行业内通报批评，是指协会在证券行业内予以书面通报批评的纪律处分。第二十二条【公开谴责】 公开谴责，是指协会通过协会网站或媒体予以公开谴责的纪律处分。第二十三条【暂停执业】 暂停执业，是指协会要求违规从业人员在三至十二个月内不得从事相关证券业务的纪律处分。第二十四条【注销执业证书】 注销执业证书，是指协会自行注销严重违规从业人员的执业证书，并在一至三年内不受理其相关执业注册申请的纪律处分。实施注销执业证书，应当明确被注销的执业证书类别以及不受理注册申请的期限和范围。第二十五条【暂停或者取消业务资格】 暂停或者取消协会授予的业务资格，是指暂停或者取消协会授予会员的特定种类业务资格的纪律处分。暂停业务资格的期限为一年或两年；被取消业务资格的，协会在三年内不受理其业务资格申请。第二十六条【暂停会员权利】 暂停会员权利，是指协会在一年或两年内暂停会员行使表决权、选举权和被选举权的纪律处分。第二十七条【取消会员资格】 取消会员资格，是指协会取消其会员资格的纪律处分。被取消会员资格的，协会在三年内不受理其入会申请。第三章 自律措施的适用标准第二十八条【对从业人员的裁量标准】 从业人员违规的，协会综合考量违规性质、危害后果、社会影响、过错程度等因素，视情节轻重，分别采取以下自律措施：（一）情节较轻的，可以采取谈话提醒、要求提交书面承诺、要求参加强化培训的自律管理措施；（二）情节一般的，可以采取警示、责令改正、责令所在机构给予处理等书面自律管理措施；（三）情节较重的，可以采取行业内通报批评、公开谴责、暂停执业的纪律处分；（四）情节严重的，可以采取注销执业证书的纪律处分。相关自律规则对具体罚则另有规定的，从其规定。第二十九条【对会员的裁量标准】 会员违规的，协会综合考量违规性质、危害后果、社会影响、主观过错等因素，视情节轻重，分别采取以下自律措施：（一）情节较轻的，可以采取谈话提醒、要求提交书面承诺、要求参加强化培训的自律管理措施；（二）情节一般的，可以采取警示、责令改正、责令进行合规检查、暂不接受备案或注册等书面自律管理措施；（三）情节较重的，可以采取行业内通报批评的纪律处分；（四）情节严重的，可以采取公开谴责、暂停或者取消协会授予的业务资格、暂停会员权利、取消会员资格的纪律处分。相关自律规则对具体罚则另有规定的，从其规定。第三十条【不予惩戒】 有下列情形之一的，不予采取自律措施：（一）情节轻微并及时纠正，未造成危害后果或不良影响的；（二）违规行为超过五年的。前款第（二）项规定的期限，从违规行为发生之日起计算，有连续或继续状态的，从行为终了之日起计算。第三十一条【从轻或减轻】 有下列情形之一的，可以从轻或者减轻采取自律措施：（一）能够配合调查，并如实说明相关违规事实的；（二）主动自查自纠，或者主动采取措施消除、减轻危害后果或不良影响的；（三）过失违规的；（四）当事人双方达成和解或者调解协议的；（五）其他从轻或减轻的情形。第三十二条【从重】 有下列情形之一的，从重采取自律措施：（一）不配合调查，伪造、隐匿、毁灭证据材料的；（二）对投诉人、举报人等进行打击报复的；（三）拒不整改或敷衍整改、虚假整改的；（四）十二个月内发生两起以上同类违规行为的；（五）其他从重情形。第三十三条【附加适用】 对同一违规行为采取纪律处分的，可以附加采取自律管理措施。第三十四条【诚信记录与公开】 采取书面自律管理措施或纪律处分的，应当记入协会诚信信息管理系统；按照中国证监会有关规定须记入证券期货市场诚信档案数据库的，应当及时记入。纪律处分决定应当在协会网站公开，但是因情况特殊不宜公开的除外。第四章 自律管理与行政执法、刑事司法的衔接第三十五条【已被采取行政或刑事措施的处理】同一行为既违反法律法规、监管规定又违反协会自律规则，行政机关或司法机关已经采取监管措施、行政处罚或刑事处罚的，协会按照“上位处罚吸收下位处罚、重罚吸收轻罚、避免不必要的重复处罚”原则，根据不同情况，分别做出以下处理：（一）从业人员被采取证券市场禁入、撤销从业资格、吊销执业证书或者受到刑事处罚的，协会根据相关规定和已生效的行政或刑事处罚决定，直接注销其执业证书。此类注销执业证书为执行性、事务性的证书管理行为，不视为协会纪律处分，不适用自律措施实施程序。注销后，被采取证券市场禁入的，协会在禁入期限内不受理其执业注册申请；被撤销从业资格、吊销执业证书或者受到刑事处罚的，协会在三年内不受理其执业注册申请。从业人员被采取其他种类行政处罚、监管措施的，协会原则上不再采取自律措施；情况特殊、确有必要的，可以采取差异化、补充性自律措施。（二）会员被采取监管措施、行政处罚或刑事处罚的，协会原则上不再采取自律措施；情况特殊、确有必要的，可以采取差异化、补充性自律措施。会员因受到行政处罚或刑事处罚而丧失会员条件的，协会可直接注销其会员证书。注销会员证书为正常的会籍管理行为，不视为协会纪律处分。第三十六条【案件移交】 协会在自律管理中发现自律管理对象涉嫌违反法律法规、监管规定的，应当及时将违法线索移交中国证监会等有关机关处理；同时违反协会自律规则的，亦可视情况采取相应自律措施后再移交。第五章 自律措施的实施程序第一节 立案调查第三十七条【线索来源】 违规线索来源包括：（一）协会在自律管理中发现的；（二）中国证监会或相关单位移交的；（三）协会受理的实名举报、投诉，或者匿名举报、投诉且线索清晰的；（四）其他来源。协会相关部门或专业委员会在工作中发现的违规线索，应当移交调查部门统一处理。第三十八条【立案】 符合下列条件的，经协会负责人批准，予以立案调查：（一）在协会自律管理职责范围内，且未超过第三十条规定的自律处分时效；（二）有明确的当事人；（三）有证据或明确线索表明该当事人涉嫌违规；（四）协会规定的其他条件。第三十九条【调查方式】案件调查可以采取以下方式：（一）要求有关机构或个人提供相关材料；（二）现场调查取证；（三）询问与被调查事项有关的机构和个人；（四）查阅、复制提取与被调查事项有关的材料；（五）其他合法调查方式。第四十条【调查要求】 开展调查应当成立调查组，调查组由两名以上工作人员组成。现场调查的，应当出示工作证件、调查通知书等相关履职证明文件。询问有关人员的，应当制作询问笔录，询问笔录经核对无误后，由被询问人和调查人员签名确认。复制提取书证、物证、视听资料、电子数据的，应当制作提取清单，并由被调查人签名或盖章确认。第四十一条【调查时限】 调查工作应当自立案之日起六十个工作日内完成。疑难、复杂案件或有其他客观因素确需延长调查期限的，经协会负责人批准，可以延长六十个工作日。第四十二条【调查报告】 调查结束，应当形成案件调查报告。调查报告应包括当事人基本情况、调查认定的事实及相关证据、初步处理意见及相关依据。第四十三条【分类处理】 调查结束，调查部门应根据不同情形，分别做出如下处理：（一）认为违规事实清楚、证据充分，依据相关规定应当采取自律措施的，履行审批程序后，向审理部门移交案件调查报告和相关证据材料；（二）认为相关事实不构成违规，或者属于本办法规定的不予采取自律措施情形的，履行审批程序后予以结案，并可视情况予以提醒教育；（三）认为根据调查掌握的证据不足以认定违规事实的，履行审批程序后予以结案。后续发现新事实新证据的，可以重新处理；（四）认为涉嫌违法犯罪的，履行审批程序后，移交国家有关机关处理。第二节 审理决定第四十四条【初审】 案件初审由审理部门牵头的协会内部审理小组负责。内部审理小组由审理部门和相关业务部门符合一定条件的人员组成。初审实行主审合议制，初审人员应为三人以上单数。但是，下列简单的从业人员违规案件，可以独任审理。（一）同一行为已被采取监管措施或行政处罚、刑事处罚，仍有必要采取差异化、补充性自律措施的；（二）考试违规或拒不完成后续职业培训的；（三）事实清楚、证据确凿、对应罚则明确的。第四十五条【衔接配合】 审理部门应在收到案件材料之日起五个工作日内，对案件材料齐备性进行形式审查，材料不齐备的，可要求调查部门补正。审理过程中发现事实不清、证据不足的，可要求调查部门补充说明或补充调查。第四十六条【复审范围】重大纪律处分案件应当提交自律处分委员会复审。重大纪律处分案件包括对协会会员或其董事、监事、高级管理人员的纪律处分，“注销执业证书”的纪律处分，以及其他情况复杂或影响较大的纪律处分案件；但是，第四十四条第二款规定的简单案件除外。第四十七条【复审会议】 自律处分委员会复审会议由主任委员指定的七人以上单数委员组成。复审意见须经三分之二以上参会委员同意，少数意见也应如实记录在案。复审会议不同意初审意见的，应当提出具体处理意见并说明理由。第四十八条【事先告知】 案件经审理，拟采取纪律处分的，在做出决定前，应当向当事人送达自律措施事先告知书；拟采取书面自律管理措施的，可根据实际需要予以事先告知。自律措施事先告知书应载明违规事实、相关依据、拟采取的自律措施种类，并告知当事人可以在收到事先告知书之日起七个工作日内提交书面陈述申辩意见，重大纪律处分案件当事人还可一并要求举行听证，申请查阅本案相关证据。当事人逾期未提出陈述申辩意见或听证要求的，视为放弃相关权利。第四十九条【听证】 听证按照以下程序和要求组织：（一）当事人申请在听证前查阅证据的，应当在收到自律措施事先告知书之日起七个工作日内书面提出；协会同意查阅证据的，当事人及其代理人可以按照规定查阅本案相关证据，但是涉及国家秘密、商业秘密或个人隐私的除外。（二）协会应当提前五个工作日通知当事人举行听证的时间、地点，听证主持人、听证员名单及相关事项；（三）当事人可以申请上述听证人员回避；（四）当事人可以委托一至二名代理人参加听证；（五）举行听证时，调查人员提出违规事实和相关证据，当事人进行陈述申辩和质证，并可提出相应证据；（六）听证应当制作笔录，听证笔录应当交当事人审核无误后签字确认。第五十条【申辩意见处理】 审理人员应当充分听取当事人陈述申辩意见，对当事人提出的事实、理由和证据，应当认真审核研究，提出是否采纳的意见。协会不得因当事人申辩而加重采取自律措施。第五十一条【审理意见】 审理人员应根据不同情形，分别形成以下审理意见：（一）认为事实清楚、证据充分，依据相关规定应当采取自律措施的，提出采取相应自律措施的具体意见；（二）认为事实不清、证据不足，或缺乏依据，或相关事实不构成违规，或属于本办法规定的不予采取自律措施情形的，提出不予采取自律措施的意见；（三）认为涉嫌违法犯罪的，提出移交国家有关机关处理的意见。第五十二条【审理时限】 案件审理应自审理部门收到案件材料之日起六十个工作日内完成。疑难、复杂案件或有其他客观因素确需延长审理期限的，经协会负责人批准，可以延长六十个工作日。调查部门进行补充调查或补充说明、当事人提交书面陈述申辩意见的时间不计算在内。第五十三条【审批决定】 审理结束，审理部门应当将审理意见报协会负责人审批。对会员采取书面自律管理措施或纪律处分，以及对从业人员采取纪律处分的，原则上应由会长办公会集体讨论决定。第五十四条【自律措施决定书】 审理部门根据协会决定制作自律措施决定书。自律措施决定书应当载明当事人姓名或名称、违规事实、相关依据、自律措施的种类和履行要求，以及自律复议的途径和期限等内容。第五十五条【送达及履行】自律措施决定书应当送达当事人，并根据需要抄送有关单位或个人。送达后，当事人或相关履行义务人应当按照要求及时履行。第三节 自律复议第五十六条【申请与受理】 当事人对协会自律措施决定不服的，可以在收到自律措施决定书之日起十五个工作日内书面申请复议。复议申请书应有明确请求和事实、理由。协会自律处分委员会办公室负责受理复议申请。第五十七条【初步审查】 受理后，协会指定一名自律处分委员会内部委员作为复议案件承办委员。承办委员负责审查核实相关情况，提出初步处理意见，然后提交自律处分委员会审查讨论。第五十八条【复议会议】 自律处分委员会复议会议由主任委员指定的七人以上单数委员（含承办委员）组成。复议意见须经三分之二以上参会委员同意，少数意见也应如实记录在案。第五十九条【审查方式】 复议原则上采取书面审查方式。确有必要的，协会可以询问当事人，听取其解释说明。第六十条【复议意见】 自律处分委员会复议会议应根据不同情形，分别形成以下复议意见：（一）原决定认定事实清楚，适用依据正确，采取措施适当的，提出维持原决定的复议意见；（二）原决定认定事实不清、适用依据错误、严重违反程序规定、或采取措施明显不当的，提出撤销或变更原决定的复议意见。协会不得因当事人复议而加重采取自律措施。第六十一条【复议时限】 案件复议应自受理之日起六十个工作日内完成。疑难、复杂案件或有其他客观因素确需延长复议期限的，经协会负责人批准，可以延长六十个工作日。第六十二条【决定与履行】 自律处分委员会办公室负责将复议意见报协会负责人审批决定，并根据协会决定制作自律复议决定书。自律复议决定书应当送达当事人，并根据需要抄送有关单位或个人。复议期间，原决定原则上不停止执行。复议决定为最终决定，当事人及相关履行义务人应当履行。第六章 附则第六十三条【衔接规定】 对违规的证券从业资格考试考生、网下投资者等采取“取消考试成绩”“几年禁考”“列入限制名单”等特殊自律管理措施的，由协会另行规定，没有规定的，参照本办法执行。第六十四条 【数量规定】 本办法所称的“以上”包括本数，“超过”不包括本数。第六十五条【文书送达与档案管理】案件文书送达参照《中华人民共和国民事诉讼法》关于送达的规定执行。案件档案管理按照协会档案管理有关规定执行。第六十六条【解释与施行】 本办法由协会理事会通过，由协会会长办公会负责解释，自公布之日起施行。《中国证券业协会自律管理措施和纪律处分实施办法》《中国证券业协会自律监察案件办理规则》同时废止。中国证券业协会自律处分委员会办案规程（协会第六届理事会第十四次会议表决通过，2019年12月4日发布）第一章 总 则第一条 【目的与依据】 为规范中国证券业协会（以下简称“协会”）自律处分委员会案件办理工作，完善案件办理工作机制，切实维护协会会员和从业人员的合法权益，根据授权协会实施自律措施的法律法规、监管规定（以下统称“授权规定”）和《中国证券业协会自律措施实施办法》（以下简称“《办法》”），制定本规程。第二条 【适用范围】 自律处分委员会案件办理实行自律处分会议制度。委员会自律处分会议包括重大纪律处分案件的复审（以下简称“复审会议”）和全部案件的复议（以下简称“复议会议”）两类。重大纪律处分案件包括对协会会员或其董事、监事、高级管理人员的纪律处分，“注销执业证书”的纪律处分，以及其他情况复杂或影响较大的纪律处分案件；但是，《办法》第四十四条第二款规定的简单案件除外。第三条 【会议管理】 协会自律处分委员会负责统筹自律处分会议，向协会理事会负责；在协会理事会闭会期间，由会长办公会指导和协调委员会日常工作。第四条 【会议委员】自律处分委员会由协会内部委员和外部委员组成，内部委员不超过全体委员人数的四分之一。自律处分会议委员的产生、任免及管理等事项除本规程规定外，遵照《中国证券业协会专业委员会管理办法》执行。第五条 【常设机构】 协会在相关部门设自律处分委员会办公室（以下简称“委员会办公室”）。委员会办公室是自律处分会议的常设机构，工作职责包括：支持服务自律处分委员会工作；组织安排召开自律处分会议；受理复议申请；办理签报审批等程序事项；拟制、发送相关法律文书等工作。第六条 【组织形式】 自律处分会议由主任委员指定的七人以上单数自律处分委员会委员参加，且必须以现场或视频方式召开，不得通讯表决。自律处分会议由主任委员或主任委员指定的召集人主持。第七条 【参会回避】 同一案件的复审会议和复议会议的参会委员遵照回避原则，不得重合。第八条 【会议原则】 自律处分会议遵循公正、客观、审慎的原则。自律处分会议应在充分讨论基础上，须经三分之二以上参会委员同意，少数意见也应如实记录在案。第二章 委员条件与职责第九条 【委员条件】自律处分委员会的委员应当符合下列条件：（一）坚持原则，公正廉洁，勤勉尽责；（二）熟悉相关法律法规和协会相关自律规则；（三）熟悉经济、金融、会计、法律等专业知识，精通相关业务，具有较高职业声誉和丰富的行业经验；（四）没有违法、违纪和不良诚信记录；（五）协会要求的其他条件。第十条 【暂停参会】 自律处分委员会委员有下列情形之一的，协会暂停其参加自律处分会议：（一）涉嫌违法违规，正在调查处理过程中的；（二）未按照协会的规定勤勉尽职的；（三）两次以上无故不参加自律处分会议的；（四）不适合参加自律处分会议的其他情形。第十一条 【参会委员职责】 参加自律处分会议的委员以个人身份参会、审议违规行为、独立发表自律处分意见并行使表决权，履行职责时应当遵守下列规定：（一）按要求出席自律处分会议，不得委托他人参加自律处分会议；（二）妥善保管自律处分会议材料，保守处分对象以及其他相关机构和个人的秘密；（三）不得泄露自律处分会议讨论内容、审议情况以及其他有关情况；（四）不得为本人或他人谋取不正当利益；（五）不得干扰其他委员正常发表意见；（六）协会的其他有关规定。第十二条 【委员回避】 参加自律处分会议的委员或其亲属与案件当事人存在利害关系，具有下列情形之一可能影响案件公正处理的，本人应及时提出回避：（一） 本人或其亲属现任案件当事人或其关联方的董事、监事、高级管理人员的；（二）本人或其亲属、所在工作单位现为案件当事人提供承销等中介服务的；（三）本人或其亲属与案件当事人进行过私下接触的；（四）与案件当事人存在利害关系，可能影响其公正履职的其他情形。前款所称亲属，是指委员的父母、配偶、子女及其配偶。第十三条 【委员管理】 协会负责自律处分委员会委员的日常管理和监督，对有线索显示委员存在违规行为的，协会应当进行核实，并根据核实结果予以谈话提醒、暂停参加自律处分会议、解聘等处理。第三章 自律处分会议第一节 复审会议第十四条 【会议准备】 协会审理部门初审认定为重大纪律处分案件，须提交复审会议议定的，履行审批程序后，委员会办公室安排复审会议。第十五条 【会议通知】 委员会办公室原则上应至少于复审会议召开前五个工作日将会议议程通知主任委员指定的参会委员，送达调查报告和相关材料。第十六条 【会前事项】 会议召开前，参会委员因故不能参会或者存在可能影响公正履职情形的，应主动回避并告知委员会办公室，如因此导致参会委员少于七人的，由主任委员指定增加其他委员参加复审会议，或视情形重新安排复审会议。第十七条 【特殊事项】 对于会议当天因故不能参会的或者会后发现参会委员存在可能影响公正履职的情形，导致复审会议不符合开会最低人数要求的，由主任委员重新指定参会委员，委员会办公室重新安排复审会议审议违规行为。第十八条 【独立性要求】 参会委员签署承诺书，依据事实和相关自律规则对自律处分案件独立客观公正发表意见。第十九条 【会议程序】 召集人负责主持会议，组织参会委员依据相关自律规则对自律处分案件逐一发表意见。复审会议不同意初审意见的，应当提出具体处理意见并说明理由。第二十条 【会议记录】 委员会办公室工作人员应做会议记录，参会委员核对会议记录并签字确认。会后将会议相关记录转交给审理部门。第二十一条 【听证】 当事人要求举行听证的，参与听证的复审委员应当充分听取当事人陈述申辩意见，对当事人提出的事实、理由和证据，应当认真审核研究，提出是否采纳的意见。听证程序有关要求遵照《办法》规定。第二节 复议会议第二十二条 【复议受理】 当事人按规定提出复议申请的，委员会办公室应自收到复议申请受理之日起六十个工作日内，提交委员会形成复议意见。第二十三条 【初步审查】 受理后，协会指定一名自律处分委员会内部委员作为复议案件承办委员。承办委员负责审查核实相关情况，提出初步处理意见，然后提交自律处分委员会审查讨论。第二十四条 【委员组成】 复议会议由主任委员指定的不少于七人以上单数委员（含承办委员）组成，委员应符合本规程第四条、第七条的相关规定。第二十五条 【审查方式】 复议会议应对违规行为和适用自律规则进行全面审议。复议原则上采取书面审查方式。确有必要的，协会可以询问当事人，听取其解释说明。第二十六条 【复议意见】 自律处分委员会复议会议应根据不同情形，分别形成以下复议意见：（一）原决定认定事实清楚，适用依据正确，采取措施适当的，提出维持原决定的复议意见；（二）原决定认定事实不清、适用依据错误、严重违反程序规定、或采取措施明显不当的，提出撤销或变更原决定的复议意见。协会不得因当事人复议而加重采取自律措施。第二十七条 【决定与履行】 自律处分委员会办公室负责将复议意见报协会负责人审批决定，并根据协会决定制作自律复议决定书。自律复议决定书应当送达当事人，并根据需要抄送有关单位或个人。第二十八条 【另行事项】 复议程序除本章规定外，适用本规程复审会议相关规定。第四章 附 则第二十九条 【数量规定】 本规则所称的“以上”包括本数。第三十条 【解释与施行】 本办法由协会理事会通过，由协会会长办公会负责解释，自公布之日起施行。《中国证券业协会自律监察专业委员会组织规则》同时废止。责任编辑：常福强
中国稀土飙近18% 重稀土价格再上调,新浪港股讯，中国稀土（00769）现价升17.57%，报0.435元，盘中高见0.445元，破十天线（约0.385元）、廿天线（约0.380元）及五十天线（约0.410元）及百天线（0.458元）；成交约3497万股，涉资1438万元，主动买盘78%。据内地媒体报导，本周重稀土价格再上调．同上次相比，氧化钆报价为每吨15.8万元人民币，上涨1000元人民币；氧化钬报价每吨30.5万元人民币，上涨5000元人民币。现时，恒生指数报26104点，跌287点或跌1.09%，主板成交428.94亿元．国企指数报10267点，跌88点或跌0.86%。上证综指报2876点，跌8点或跌0.29%，成交951.84亿元人民币。深成指报9674点，升16点或升0.17%，成交1533.03亿元人民币。表列同板块或相关股份表现：股份（编号）现价变幅-------------------------------中国稀土（00769）0.435元升17.57%洛阳钼业（03993）2.700元跌0.37%铁货（01029）0.109元跌0.91%江西铜业（00358）9.080元跌0.98%俄铝（00486）3.350元跌1.18%中国铝业（02600）2.370元跌1.25%马鞍山钢铁（00323）2.940元跌1.34%中国宏桥（01378）4.040元跌1.46%五矿资源（01208）1.630元跌2.98%鞍钢股份（00347）2.830元跌3.41%-------------------------------责任编辑：卢昱君
李迅雷：这几个国家是如何从高收入经济体降级的,这几个国家是如何从高收入经济体降级的李迅雷金融与投资最近，我在研究这些年高收入经济体的人口规模变化时，惊讶地发现，这些年来，世界银行把高收入经济体的跨入门槛降低了，如最高的门槛应该是在2013年，人均国民收入（GNI）为12745美元，之后逐步降低至2017年的12055美元，去年的标准又调高至12375美元，但仍低于2013年时的标准。为何在全球货币发行总规模越来越大、通胀延续的趋势下，但高收入门槛却不升反降？为何有些已经跨入高收入经济体门槛的国家又被降级呢？本文试作探讨。本币贬值是这些国家“降级”表象原因回看历史不难发现，发达经济体与新兴经济体之间的最大区别，就是汇率的稳定性。例如，从上世纪70年代至今，包括日本、加、澳、欧元区、英国、瑞士、瑞典等国在内的发达经济体对美元的汇率水平（主要指数）几乎没有发生明显的偏离，其超稳定性堪称奇迹。但包括俄罗斯、印度、巴西、南非等新兴经济体的汇率水平（OTIP指数）则大幅贬值，同期大概贬值了70倍左右（主要是俄罗斯的卢布大幅贬值），这说明新兴经济体的货币稳定性比较差。不同发达经济体美元指数与新兴经济体美元指数天壤之别数据来源：IMF，中泰证券研究所主要指数包括日本、加、澳、欧元区、英国、瑞士、瑞典，其中日元85年秋之后的升值OTIP指数包括俄罗斯、印度、巴西、南非等，其中人民币05年中期之后的升值即便从最近20年看，俄罗斯的卢布兑美元的汇率，也贬值了200%，即从22：1达到66：1；巴西的雷亚尔贬值了120%、南非的兰特贬值了148%。如此大幅度的货币贬值，使得以美元计算的GDP总量就大幅缩水。巴西、南非、俄罗斯三国本币对美元的汇率变化数据来源：CEIC，中泰证券研究所货币贬值只是表象，可以直观解释南非、巴西、俄罗斯等国从高收入经济体中除名的原因。但本币大幅贬值背后的原因又是什么呢？这恐怕更值得研究。金砖三国，成色不足“金砖四国”这个词是高盛首席经济学家吉姆·奥尼尔于2001年首次提出的。2003年10月高盛公司发表了一份题为《与BRICS一起梦想的全球经济报告》。报告估计，到2050年，世界经济格局将会经历剧烈洗牌，全球新的六大经济体将变成中国、美国、印度、日本、巴西、俄罗斯。应该说，金砖四国外长于2006年联合国大会期间举行了首次金砖国家外长会晤，开启金砖国家合作序幕。2011年，南非正式加入金砖国家，英文名称定为BRICS，于是，金砖四国变为金砖五国。在金砖五国中，南非、俄罗斯、巴西都曾被纳入到高收入经济体中，但之后则由于出现经济危机等原因，本币大幅贬值，进而又退居为“中高收入经济体。”从下图中发现，巴西在1980年的时候，GDP在全球的占比达到3.61%，如今却只有2.8%；1990年俄罗斯GDP在全球的占比为3.73%，如今只有2.08%。上世纪60-70年代，南非曾经全球的发达经济体，也是非洲国家中经济体量第一的大国，但自上世纪80年代以后就开始逐渐衰落。南非、俄罗斯、巴西GDP在全球占比（2010年美元不变价格）数据来源：CEIC，中泰证券研究所这三个国家的衰落，与其三次产业结构变化有关。如南非第二产业的比重下降过快，从1994年的38.2%降至2018年的27.7%。南非经济的衰退，大背景是80年代苏美对其进行经济制裁，之后到了1994年，长期执掌南非政权的布尔人被赶下了台，黑人当家作主，曼德拉当选南非首任黑人总统。这又使得部分白人精英逃离南非，计算机、生物医药、航天科技、军事科技、纳米技术、工业制造等高科技人才流失，使得南非在全球的经济地位逐步下移。例如，在南非的出口结构中，工业品出口占比从2007年的77%，下降至2018年的64%。南非的三次产业变化数据来源：CEIC，中泰证券研究所巴西也有类似现象。2004年巴西第二产业的占比为24.3%，到2018年降至18.4%，原本第二产业占比就偏低，如今更低了。从出口结构看，1990年巴西的工业制成品占比达到56.4%，2018年降到了36.6%，初级产品的出口则从27.3%上升至50.4%。也就是说，巴西经济更加依赖于大宗商品出口。巴西出口商品结构图数据来源：CEIC，中泰证券研究所从2018年中国从巴西进口的商品结构看，“油籽；子仁；工业或药用植物；饲料”、“矿物燃料、矿物油及其产品；沥青等”、“矿砂、矿渣及矿灰”，三者均加总，进口占比达到了83.3%。也就是说，农产品、铁矿石等占比很高。俄罗斯的产业结构和出口结构均优于南非和巴西，但为何俄罗斯经济总是在低位徘徊呢？俄罗斯也是一个资源大国，据统计，石油探明储量65亿吨，占世界探明储量的12-13%。森林覆盖面积8． 67亿公顷，占国土面积50． 7%，居世界第一位。天然气已探明蕴藏量为48万亿立方米，占世界探明储量的三分之一，居世界第一位。水力资源4270立方千米/年，居世界第二位。或许由于资源过于丰富，俄罗斯经济也高度依赖资源出口，尤其是石油和天然气。2018年俄罗斯商品出口额排名全球第14名，与其GDP水平基本相当。但其制造业中，除了重工业尤其是军工比较发达之外，其他的依然还是很一般。2000年，普京在总统大选时说道“给我20年，还你一个奇迹般的俄罗斯”，并计划在2020年成为人均国民收入达到3万美元的发达经济体。如今，大约只实现了目标的三分之一。其中，国际油价的大幅下跌、卢布大幅贬值是主要原因。但这些年来经济增长接近停滞，却是不争的事实。这些年来之所以经济增速很低，原因在于曾经作为超级大国的俄罗斯参与地缘政治比较积极，屡屡引发西方国家对它进行制裁，如2014年乌克兰危机爆发后，西方国家对俄罗斯实施制裁，从而影响了其经济增长，2015年，俄罗斯又从高收入经济体跌回成中高收入经济体。总体看，巴西、南非、俄罗斯三国从高收入国家跌回到中高收入经济体之后，似乎都陷入到中等收入陷阱中。与2000年初甚至与2010年相比，“金砖”的成色已经淡去很多，今年前三季度，这三国的GDP增速都接近于零，比发达经济体增速都慢。发展中国家“逆袭”失利的深层原因大部分发展中国家都有成为高收入国家或经济强国的梦想，但二战之后，成功晋级为高收入经济体或发达经济体的成功案例并不多。而且，成功晋级为高收入经济体所覆盖的人口数量也十分有限，如亚洲四小龙，人口加总也就一亿多；再加上一些盛产石油的国家，靠资源优势成为高收入经济体。迄今为止，高收入经济体的人口数量只占全球人口多16%左右。然而，有更多的发展中国家在向高收入经济体冲刺的过程中失利，陷入中等收入陷阱，如墨西哥、阿根廷、巴西、马来西亚、菲律宾、土耳其、伊朗、南非、俄罗斯等国，发现这些陷入到中等收入陷阱的经济体有几个共性：首先是工业体系不够完善，制造业不够强。制造业不强，要么工业品出口不行，要么进口替代不行，这就影响到一个经济体的国际竞争力，进而导致外汇储备不足，诱发货币贬值。相比之下，二战之后成功实现经济转型并成为高收入国家的，最典型的是日本和韩国，这两个国家都是制造业的强国，在家电、汽车、造船、电子等产业具有很强的优势。换言之，要成为高收入经济体，与他国的商业竞争恐怕避免不了，而且，一定要通过竞争获得优势，并在某些领域具有较强的国际竞争力。中国改革开放以来，经济高速高增长，其中有一个重要原因，就是成为“世界工厂”，也成为商品出口第一大国。因此，中国经济总量占金砖国家的比重维持上升趋势，相比之下，其他四个金砖国家的GDP份额都无一例外的降低了（上图）。其次，陷入中等收入陷阱的国家通常存在国家治理结构缺陷。发达经济体通常都实行市场经济体制，高度法制化，保持国内社会经济稳定，因此，高收入经济体中，绝大部分是西方国家。但不少陷入中等收入陷阱的国家，如伊朗，曾经是一个社会与经济高度开放的现代化高收入国家，但经历了伊斯兰革命之后，却变成一个政教合一的国家，人均国民收入目前只有5200多美元。此外，拉丁美洲国家也多次经历了民主政体与军人统治的交替体制，产生了很多弊端。宗教力量过强，对经济发展也会带来一定的负面影响。在全球四大宗教中，佛教和基督教对教徒的约束相对有限，但伊斯兰教和印度教似乎对教徒的影响比较强。当人的经济行为与宗教行为相抵触时，如果屡屡要服从宗教的旨意，那就导致人们行为的不经济。这也是为什么高收入经济体中基督教国家所占比重较高的原因，当然，受儒家文化的影响的日本及亚洲四小龙也早就步入了高收入经济体。第三，不专注于发展经济，为争取在全球获得更多话语权而屡屡与其他国家发生冲突。典型的如白人统治下的南非，如今的伊朗等。前苏联也曾是一个超级大国，但国家解体之后，一度陷入混乱局势。即便到如今，俄罗斯依然参与到一些地缘政治中，军事力量的介入，导致西方国家对其采取制裁措施，从而不利于经济发展。第四，收入差距过大会导致经济结构扭曲，不利于经济长期可持续增长。研究发现，大部分陷入中等收入陷阱的经济体，其基尼系数一般都在0.4以上，但大部分发达经济体的基尼系数则在0.4以下，基尼系数越高，表明收入差距越大，如南非已经到了0.6。主要经济体居民收入的基尼系数收入差距过大，或导致中低收入阶层有效需求不足，从而使得消费增速过低，影响经济增长。例如，印度的收入差距过大，使得该国经济波动较大，今年3季度的GDP增速仅有4.5%，与2017年7%以上的增速，大幅回落。智利也是贫富差距过大的国家，其首都圣地亚哥，由于地铁票上涨，引发骚乱。总之，要成为高收入经济体，而且不被淘汰出局，需要从做大做强制造业、完善国家治理体系、以经济建设为重心和缩小收入差距等方面多管齐下。免责声明：自媒体综合提供的内容均源自自媒体，版权归原作者所有，转载请联系原作者并获许可。文章观点仅代表作者本人，不代表新浪立场。若内容涉及投资建议，仅供参考勿作为投资依据。投资有风险，入市需谨慎。责任编辑：张恒
快讯：稀土永磁继续走强 金力永磁拉升涨逾9%,新浪财经讯 12月4日消息，稀土永磁继续走强，截至发稿，金力永磁拉升涨逾9%，德宏股份此前封板，中钢天源、银河磁体、广晟有色等跟涨。港股中国稀土盘中大涨28%。消息面上，南方稀土今日公布的本周挂牌指导价显示，重稀土价格再上调。同上次相比，氧化钆报价15.8万元/吨，上涨0.1万元；氧化钬报价30.5万元/吨，上涨0.5万元。瑞道金属网分析师表示，重稀土报价上涨也得到成交方面的支持。镨钕等轻稀土虽跟随上调报价，但导致报价上调的原因并非供给改善，下游采购温度依然不高。镨钕企业上调报价更多出于成本压力。东兴证券指出，稀土产品方面，除氧化镧外均有不同幅度的上涨，市场实际成交氛围回暖，上游商家存在挺价意愿。责任编辑：田原
东岳硅材IPO过会 高管借钱间接突击入股欲享资本盛宴,来源：壹财信作者：白羽11月28日，证监会官网发布《第十八届发审委2019年第188次会议审核结果公告》，港股上市公司东岳集团分拆的山东东岳有机硅材料股份有限公司（下称“东岳硅材”）首发终获通过。此前，《壹财信》已经关注到该公司或存在的一些问题。而随着研究的继续，《壹财信》还发现东岳硅材多次在当地质监部门的抽查中被“限期整改”，背靠集团关联交易不断，特别是在IPO前众多高管人员向银行“借钱”并通过间接方式的突击入股令人关注。被多次抽查要求限期整改首发上会时，发审委向东岳硅材提出了环保、安全等方面的询问。尽管招股书披露的报告期内，东岳硅材并未有曾因安全生产与产品质量问题受到过有关部门行政处罚的情况存在，但《壹财信》发现，在当地质监部门的抽查中，东岳硅材曾多次被要求“限期整改”。据国家企业信用信息公示系统官网的公开信息，报告期内，集中在2017-2018年间，东岳硅材多次受到淄博市桓台县质监部门以及淄博市桓台县人力资源社会保障部门的抽查，其中有六次被质监部门抽查结果显示为“限期整改”，具体需整改原因我们不得而知。（截图来自国家企业信用信息公示系统官网）东岳硅材或应加强相关的质量管理工作，减少缺陷与漏洞，避免类似情况的再次出现。与集团公司关联交易不断发审委在会上关注到了东岳硅材的关联交易。因东岳硅材与东岳集团有限公司（下称“东岳集团”）存在的隶属关系，导致东岳硅材产生了较大金额的经常性关联交易。东岳硅材的控股股东为东岳氟硅科技集团有限公司（下称“东岳氟硅”），其持有前者69，300.00万的股份，占股本总额的77.00%，而东岳氟硅为东岳集团的全资子公司，东岳硅材则成为了东岳集团的控股孙公司。东岳集团于1987年创立，2007年在香港主板上市，目前已是中国氟硅行业的龙头企业以及亚洲规模最大的氟硅材料生产基地。因此，作为东岳集团控股孙公司的东岳硅材在国内分拆IPO也受到了各方的关注。而从招股书披露的报告期内数据来看，东岳硅材与大股东东岳氟硅、同属于东岳集团的东岳化工等公司之间各种交易频繁且金额较大。报告期内，东岳硅材向东岳氟硅采购商品、接受劳务金额分别为17，456.89万元、26，398.78万元、32，635.31万元、16，127.22万元，同期向东岳化工采购商品、接受劳务金额分别为20.07万元、35.64万元、197.48万元、163.3万元。报告期内合计向两公司采购商品、接受劳务金额分别为17，476.96万元、26，434.42万元、32，832.79万元、16，290.52万元。在报告期前三个完整年报中，东岳硅材向同属于东岳集团的关联方采购金额逐年递增，最新一期2019年前三季度的数据也保持了较大金额，尽管已引起了发审委关注，但不知东岳硅材对关联交易的必要性、价格的合理性是如何回复的，未来能否保持独立性和规避利益输送值得关注。众高管“借钱”突击入股回溯历史，东岳硅材前身东岳有限最早是由东岳集团与宏达矿业（维权）联合设立的。2006年11月27日，东岳有限设立，注册资本为20，000.00万元，其中东岳集团以货币出资12，000.00万元，占注册资本的60%；宏达矿业以货币出资8，000.00万元，占注册资本的40%。2008年2月经过一次增资后，东岳集团出资比例提高到84%，宏达矿业出资比例被稀释为16%。随后由于受到行业市场环境因素，东岳有限的有机硅业务开展未能达到预期效益，宏达矿业拟退出，2010年6月29日，宏达矿业将其持有的东岳有限全部16.00%股权以14，800.00万元人民币转让给东岳集团的全资子公司山东东岳化工有限公司（下称“东岳化工”），此后东岳有限曾一度为东岳集团全资子公司，并再无外部新股东加入。2018年1月15日，东岳集团将持有的84.00%股权（对应注册资本54，600.00万元）作价54，600.00万元，原价转让给全资子公司东岳氟硅，因东岳集团系港股上市公司，此举显然是为了分拆子公司以筹备国内上市。而就在此次股权转让后，拟国内上市前夕，东岳有限引进了两家新的股东。2018年1月20日，东岳有限进行了增资，其中长石投资有限公司（下称“长石投资”）出资18，051.95万元，其中8，441.56万元计入注册资本，9，610.39万元计入资本公积；淄博晓希企业管理合伙企业（有限合伙，下称“淄博晓希”）出资23，467.53万元，其中10，974.03万元计入注册资本，12，493.51万元计入资本公积，原股东东岳氟硅、东岳化工放弃优先认购权。此次增资的价格参照截至 2017年10月31日东岳有限100%股权的评估值，最终确定为2.14元/出资额，上述出资完成后，长石投资持有东岳有限10.00%股权，淄博晓希持有东岳有限13.00%股权。根据东岳硅材的股本演变说明：长石投资、淄博晓希投资发行人的原因在于看好有机硅行业及发行人的未来发展前景，支持发行人把握市场机遇，快速扩大经营规模。但此次增资正值东岳硅材IPO前夕，未来东岳硅材若成功上市新股东必将身价大涨，淄博晓希与长石投资选择在此时突击入股可谓“慧眼识珠”，而这两家投资机构究竟是什么来历呢？值得玩味的是，淄博晓希成立于增资前不久的2018年1月16日，显然是为增资入股东岳有限而设立，共认缴出资23，469.00万元，仅实缴出资7，040.70万元，有十七位合伙人，且全部为东岳硅材及其关联方的高管。招股书中也没有披露淄博晓希为员工持股平台，其股票的锁定期自创业板上市之日起十二个月内。我们来看一下淄博晓希是如何以实缴出资7，040.70万元，认购增资23，467.53万元拿到东岳硅材的13%股份。在距离此次增资仅隔1个多月后，2018年3月，淄博晓希就与中国建设银行淄博分行签署《股权收益权转让协议》、《股权收益权收购协议》，向其融资14，061.00 万元；同时，淄博晓希与中国建设银行桓台支行签署《股权质押合同》，淄博晓希将其持有的发行人11，700.00万股股份质押给中国建设银行桓台支行。根据《股权收益权转让协议》，中国建设银行淄博分行向淄博晓希支付人民币14，061.00 万元收购淄博晓希持有发行人13%的股权（11，700.00万股）的收益权，包括但不限于：享有股息、分红及标的股权变现所得的权利，或标的股权产生的其他收益的权利。本股权收益权转让期限为三年，自 2018年3月29日至2021年3月29日。同时根据《股权收益权收购协议》，淄博晓希负有无条件按照协议约定收购中国建设银行淄博分行所持有的标的股权收益权的义务。收购标的股权收益权的收购价款，包括收购基本价款和收购溢价款两部分，其中，收购基本价款与中国建设银行淄博分行原支付的标的股权收益权转让价款金额（人民币14，061.00万元）相等，收购溢价款以收购基本价款为基础，按协议确定的收购溢价率进行计算。收购基本价款一次性支付，收购溢价款按季支付。收购价款自中国建设银行淄博分行支付的标的股权收益权转让价款划入淄博晓希指定账户之日起36个月内支付完毕。在淄博晓希合伙人从东岳集团或其控股子公司离职、退休、被辞退或主动辞职的情况下，经该等合伙人申请，东岳化工承诺按照该等合伙人投资淄博晓希成本的80%回购该等合伙人投资淄博晓希合伙份额或该等份额对应发行人的股权。另淄博晓希将其持有的发行人11，700.00万股股份质押给中国建设银行桓台支行，为依据上述收购协议形成的支付义务提供质押担保。上述的一番操作，不得不佩服淄博晓希及其背后的高管层，东岳化工也做了背书，可谓是资本腾挪高手。而长石投资则成立于2006年6月5日，注册资本20，000.00万元，共有四位股东，其中包含东岳硅材的实控人傅军和董事刘静，另两位自然人肖文慧、张建在招股书中并无介绍。《壹财信》通过查询网上公开信息获知，肖文慧与张建这两个名字曾多次出现在傅军控股和投资的企业股东或高管名单中。东岳硅材距离上市也指日可待，其管理层及关联方高管等通过银行“借钱”以间接方式突击入股，正大光明的分享这一资本盛宴也令人“叹为观止”。免责声明：自媒体综合提供的内容均源自自媒体，版权归原作者所有，转载请联系原作者并获许可。文章观点仅代表作者本人，不代表新浪立场。若内容涉及投资建议，仅供参考勿作为投资依据。投资有风险，入市需谨慎。责任编辑：常福强
NAB预计澳央行6月份也将降息 明年下半年QE风险增加,澳大利亚国民银行（NAB）首席经济学家Alan Oster周三在研报中表示，当前预计澳大利亚央行将在2月份和6月份降息，并认为如果劳动力市场恶化更加严重，明年下半年“采取‘非常规’政策的风险将会增加”。之前希望看到“来自财政政策的实质性支持，目前看来在所需时间框架内不太可能”。私营部门增长缓慢，可能会出现招聘步伐放缓、失业率上升，从而“加剧工资增长疲软势头”。“尽管我们对公共支出仍然更为乐观，但我们对家庭部门和商业投资的预测明显低于澳大利亚央行的预期。如果数据结果比我们的预测还要疲软，届时澳大利亚央行转向非常规政策的可能性真实存在”。责任编辑：魏雨
茅台来年业绩恐不及预期 飞天茅台短期难提出厂价,新浪财经上市公司研究院 白酒浪头/肖恩尽管1499元一瓶的飞天茅台仍然是一瓶难求，且根据招商证券杨勇胜团队调研数据显示，茅台酒的批价依然坚挺在2300-2350元的高位，近日京东商城更是有不少2017、2018的飞天茅台出售，价格直逼3000元一瓶。可以肯定的是，春节来临之际，消费市场上的茅台酒依然火爆，但形成鲜明对比的是，贵州茅台的股价近期却出现了较大的回撤。股价在11月19日达到历史巅峰的1241.61元（市值达到1.56万亿元）的历史新高之后，股价连续多日下跌，截止发稿，贵州茅台股价下跌至1125元，下跌幅度达到9.4%左右，市值缩水一千多亿。茅台股价下跌或许受到多个消息面的影响，包括白酒消费税征收环节的变动预期、贵州省内分销商的销售策略等，但是抛开这些短暂的影响因素，茅台的基本面的预期变化或起到了主要影响。自2006年以来，茅台酒的出厂价不断调升，已由268元/瓶升至2017年的969元/瓶，涨价幅度达到2.62倍，折算成复合年化提价率为每年11.3%。细看茅台出厂价变化的节奏，有快有慢，但整体的趋势是越调越慢，幅度也是越调越小。2006年，茅台酒的出厂价一年之内调了两次，而此后基本是一年一次，由于中间遇上几年的调整期耽搁的调价，而2017年调完价至今未能再提价。调价幅度方面，2007年的358元/瓶的价格较2006年268元/瓶的价格，提升幅度达到33.58%，而最近一次提价的2017年，由819元提升至969元，提升幅度仅为18.32%，考虑到这是贵州茅台间隔5年后的提价，这个幅度确实很小。今年来，茅台酒市场的火爆程度超出了茅台管理层的预期范围，逼近3000元一瓶的价格严重干扰了公司的渠道布局和消费者的消费体验。贵州茅台今年来多次强调平抑茅台酒的终端价格，建议终端零售价一直维持在1499元一瓶，且收回多家违规经销商的经销权，预计将有6000吨的茅台酒将转入直营渠道销售，另外，与物美、好市多、天猫等渠道合作投放茅台酒也是公司做出调整。因此，市场上、投资圈都预期茅台酒短期内提升出厂价的可能性不高，第一届新浪财经金麒麟最佳分析师食品饮料行业第一名董广阳认为，年底茅台提价可能性不大，公司将继续力促市场价格理性回归。原因主要包括以下几点：第一，公司对于市场价格态度继续保持理性，希望通过渠道多元化实现批价稳步回归。公司前期通过控市稳价措施实现批价回归，较好释放了之前价格一路疯涨带来的渠道风险，临近春节需求旺季，过去几年渠道价格出现冲高，今年公司借助省内渠道及新增商超电商直销渠道1499元稳步放量，有利于稳价的同时，通过购买政策也有效拉动了贵州当地特产食品产业发展。第二，当前通胀压力高企，舆论风险也较大。加之渠道基于当前价差及批价适度回归之后普遍有涨价预期，当前时点公司则会更重视稳定渠道预期，控制舆论风险。第三，明年定位基础建设年，业绩规划更加稳健理性。集团今年完成千亿目标之后，明确定位明年为基础建设年，预计业绩规划更加稳健理性，基于此提价时间点应有所靠后，但明年茅台在适度放量、需求平稳及直销稳步推进之下，业绩仍望保持高稳健性。尽管茅台系列酒的增速可观，但是在总营收的占比依然仅为11%，茅台酒依然是公司的主营，因此，茅台酒的量价情况将根本上影响贵州茅台的业绩预期。由于茅台酒的酿酒工艺，2020年出厂的茅台酒基本上取决于5年前的基酒产量，而公司在2013年至2015年的基酒产量情况则并不乐观，2015年的基酒产量较2014年甚至下降了13.46%。如2020年茅台酒的出厂价依然保持969元/瓶，则贵州茅台来年的业绩增速恐承压。资本市场是理性的，也是有预见性的，此次贵州茅台的股价调整或是出于来年业绩预期而做出的率先调整。责任编辑：公司观察
方正电话会：正努力筹措20亿兑付资金 但还未成功,新浪财经讯12月4日消息，近日北大方正集团，在上清所公告称，因流动资金紧张，“19方正SCP002”超短期融资券不能按期足够偿付本息。公告显示，该超短期融资券规模总计20亿元人民币，计息期债券年华利率为4.94%。与此同时，有央企将作为战投入股方正集团的消息，也在市场不胫而走。次日，包括方正科技（维权）、方正证券、中国高科（维权）在内的一众上市企业纷纷大涨。一时间令北大方正集团的未来走向显得扑朔迷离。为此，北大方正集团于昨日召开电话会议，就相关事项回答了投资者的提问。方正党委书记、董事长孙玉海以及北大经营董事长肖群出席了会议。从会议的主要内容来看，北大方能正集团整体回复口径较为谨慎，短期债务兑付仍然没有明确信息。对于引入战投事项方面，北大方正集团方面表示，引入战略重组合作对象，正在按照上级部署，和潜在意向方在密集沟通。目前，考虑从整体引入，但不排除各二级三级单位都有引战动作，但和集团整体引战不冲突。地方国资委、央企意向很多，中央正在协调大型央企参与。另外，北大方正集团称，战投的引入不会等到集团债务重组完成之后，正在抓紧推进，争取尽快达成协议。对于市场传言可能有华发集团参与，方正集团方面给予了否认。在超短融债的兑付问题上，北大方正称，目前20亿的本息全都没有兑付，之前有报道说筹集到资金，报道并不真实，昨天之前一直在努力筹措20亿资金兑付，但没能够实现。不过，北大方正也表示，会争取在15天宽限期内能够兑付，争取不触发交叉违约，希望债券投资者未来能够支持较低成本的续发或增发。对于其他债务的减息，目前沟通情况还是比较理想，包括达成存量的合作，大部分机构同意按基准或基准下浮10%。集团现金流方面，北大方正则表示，尽管9月份报表显示集团账上有450亿现金，但显示因素是，这其中有地产公司款预售监管，还有保证金，受限的大概260多亿；上市公司方正证券等140亿左右，还有中国高科，没法给集团本部用。本部之前有不到80亿资金，但后续存在银行抽贷。现在每月平均到期100亿负债，所以集团现金流压力很大。此外，北大方正集团认为，巨额应收也是集团现金流紧张的重要原因，尽管关于政泉控股案件的140亿应收法院已经判决，，但政泉控股案件非常复杂，执行较难，所以对公司下半年的资金安排影响非常大。目前正在组织抵押物拍卖，未来几个月应该能看到较大金额的执行资金到位。方正党委书记、董事长孙玉海认为，公司之所以会出现资金危机，主要源于历史原因，一方面03至04年间，个别高管通过信托借款支付政泉控股民族证券，支付巨额资金等，以上流出资金造成了巨额的财务成本。另一方面，集团内部管理本身也比较混乱。据了解，北大方正集团负债总规模3000亿左右，集团本部负债总体规模800多亿。其中有息负债1900亿，不到2000亿，成本年化平均8%。分布上，银行占比400多亿，非标500多亿，债券接近600亿，剩下的大部分是方正向同业的融资，到期年份集中在2020-2022年。（新浪财经 陈矿然 发自深圳）责任编辑：常福强
快讯：无线耳机板块走强 漫步者拉升封板,新浪财经讯 12月4日消息，无线耳机板块走强，截至发稿，漫步者拉升封板，惠威科技、佳禾智能、共达电声等跟涨。川财证券指出，近期电子板块整体回升，无线耳机概念个股仍表现突出。5G射频领域，移动端在移动通讯技术的不断变革与配套射频前端芯片的性能的优化下，将迎来先行机遇，带动天线、射频芯片数量提升，材质与封装升级。智能穿戴设备方面，据Counterpoint统计2019年3季度苹果无线耳机出货量占全球市场总量45%的份额，而10月苹果公司发布AirPods Pro以来，新产品销量亦不断跃升。据日经亚洲评论报道，苹果预期将AirPods Pro的订购量从100万副/月增加至200万副/月，叠加黑色星期五及12月圣诞节购物需求影响，苹果手机与穿戴设备产业链个股有望持续受益。责任编辑：田原
特朗普再度访英: 是“脱欧粉”不会插足英国医保,中新网12月4日电 据“中央社”报道，美国总统特朗普在英国大选前，到访伦敦参加北大西洋公约组织（NATO）峰会。他在受访时表示，无论唐宁街10号接下来的主人是谁，他可以和“任何人合作”。资料图：美国总统特朗普。中新社记者 陈孟统 摄英国大选即将在12日举行，特朗普在记者会上表明他不会插手选举，因为“不想让问题更复杂”，不过却自称是“脱欧的粉丝”，认为英国首相约翰逊担任首相“非常合适”。报道称，这是特朗普任内第3次访问英国，上次到访是在2019年6月的国是访问，刚好碰上保守党即将选出新党魁，特朗普当时力挺约翰逊，认为约翰逊会是保守党最佳的新党魁人选。为撇清与特朗普的关系，约翰逊先前已经表示，他希望特朗普不要干涉英国大选。据传特朗普访英3天期间，约翰逊不打算安排和特朗普一对一会面。另一方面，英国白金汉宫外聚集抗议人士，不满特朗普想要插手英国国家医疗保健服务（NHS）。特朗普之前访英时曾和英国前首相特蕾莎•梅会谈，承诺在英国脱离欧盟后，美国可与英国达成“很棒的贸易协议”，但条件是必定要让美国插手NHS，结果遭到英国民众的激烈反弹。不过，特朗普此次在记者会上表示，美国绝对不会碰NHS，即使是NHS“放在银盘子被端上来”，也“绝对没有想过（插手）”。然而，NHS员工依旧认为美国是NHS的一大威胁，高举“不要碰我们的NHS”和“NHS不出售”等标语抗议。敞开NHS让更多美国医药公司涉入，在英国是个非常具争议的议题。若在贸易协议里涵盖NHS，可能导致英国必须支付美国药厂比现在更高的药品费用。目前英国是以比美国国内医保体制更低的价格，从美国公司购买药品。英国工党党魁科尔宾表示，他会在晚宴上告诉特朗普“英国的NHS不出售”。据英国最新民调显示，保守党支持率领先工党多达12个百分点，科尔宾迫切希望把特朗普来访转化成一次进攻机会，借此缩小差距。责任编辑：孟然
港股午后跌幅轻微收窄 现跌289点报26101点,新浪港股讯，港股今早急挫，早上曾一度失守二万六关口，内房股及本地地产股领跌大市表现，恒指午后跌幅轻微收窄，手机设备股捱沽，舜宇光学（02382）虽有大和唱好兼提高目标价，惟股价仍急跌逾3%，暂为表现最差之蓝筹．现时，恒生指数报26101，跌289点或跌1.10%，主板成交422.78亿元．国企指数报10272，跌83点或跌0.80%。内地A股依然走势分化，上证综合指数报2876，跌7点或跌0.27%，成交932.47亿元人民币；深证成分指数报9679，升21点或升0.22%，成交1502.89亿元人民币。重磅股方面，汇丰控股（00005）跌1.47%，报57.1元；港交所（00388）跌0.81%，报245.4元；腾讯控股（00700）跌0.73%，报328.6元；中移动（00941）升0.67%，报59.8元；友邦保险（01299）跌1.52%，报77.8元。恒指十大跌幅股份表现如下：股份（编号）现价变幅------------------------------舜宇光学（02382）124.90元跌3.25%中海外（00688）26.85元跌2.54%华润置地（01109）34.75元跌2.25%新世界（00017）9.99元跌2.06%中国人寿（02628）19.50元跌1.91%万洲国际（00288）7.81元跌2.01%长和（00001）69.15元跌1.91%恒生银行（00011）156.60元跌1.82%长实集团（01113）50.95元跌1.74%九仓置业（01997）42.60元跌1.73%----------------------------责任编辑：卢昱君
快讯：三大股指午后盘整沪指跌0.37% 稀土板块拉升,新浪财经讯 12月4日消息，午后，三大股指维持震荡态势，盘面上，稀土、天然气板块小幅拉升，总体上，两市个股跌多涨少，资金情绪较为谨慎，做多意愿不强，成交量持续低迷。截至发稿，沪指报2874.15点，跌0.37%；创指报1670.79点，跌0.27%。从盘面上看，稀土、ST板块、黄金居板块涨幅榜前列，猪肉、水泥、汽车整车板块居板块跌幅榜前列。责任编辑：田原
水泥股续回落 中国建材跌逾2%暂最差国指股,新浪港股讯，中国建材（03323）现价跌2.49%，报7.43元，暂为最大跌幅个股；成交约1529万股，涉资1.14亿元。水泥股全线受压，亚洲水泥（00743）急挫4.2%，报10.04元；海螺水泥（00914）跌1.59%，报49.45元；西部水泥（02233）软2.42%，报1.21元。现时，恒生指数报26105，跌285点或跌1.08%，主板成交424.18亿元．国企指数报10269，跌86点或跌0.84%。上证综指报2876，跌8点或跌0.28%，成交938.11亿元人民币。深成指报9677，升19点或升0.20%，成交1510.91亿元人民币。表列同板块或相关股份表现：股份（编号）现价变幅-----------------------------山水水泥（00691）2.53元无升跌亚洲水泥（00743）10.04元跌4.20%海螺水泥（00914）49.45元跌1.59%华润水泥（01313）9.03元跌1.74%金隅集团（02009）2.13元跌0.93%西部水泥（02233）1.21元跌2.42%中国建材（03323）7.43元跌2.49%-----------------------------责任编辑：卢昱君
阿里巴巴现跌近2% 暂四连跌蒸发逾7%,新浪港股讯，阿里巴巴（09988）现价跌1.87%，报189元，盘中低见188.9元，失守190元大关；成交约1112万股，涉资21.19亿元．该股暂连跌四日，以现价计，累计蒸发约7.4%。阿里巴巴公布，于上日（3日），联席代表悉数行使15%超额配股权，涉及合共7500万股股份．每股作价176元，额外所得净额131.66亿元．超额配发股份预期本月6日开始买卖。现时，恒生指数报26094点，跌297点或跌1.13%，主板成交416.83亿元．国企指数报10267点，跌88点或跌0.85%。上证综指报2876点，跌7点或跌0.28%，成交913.87亿元人民币。深成指报9676点，升19点或升0.20%，成交1474.44亿元人民币。表列同板块或相关股份表现：股份（编号）现价变幅------------------------------阿里巴巴（09988）189.00元跌1.87%美团点评（03690）100.50元跌2.99%同程艺龙（00780）12.54元跌2.79%雷蛇（01337）1.20元跌2.44%阅文集团（00772）29.50元跌1.99%易鑫集团（02858）1.73元升0.58%小米集团（01810）9.04元升0.33%平安好医生（01833）52.00元无升跌------------------------------责任编辑：卢昱君
应收账款计提风波延续 中金下调当升科技目标价,原标题：应收账款计提风波延续，中金下调当升科技目标价 来源：新京报新京报讯（记者张妍頔）12月4日，受应收账款计提风波影响，中金下调了当升科技的目标价。12月3日当升科技公告显示，鉴于比克公司现阶段回款压力较大，且对保全资产变现存在一定的不确定性，当升科技决定按照谨慎原则对比克公司应收款项坏账准备单项计提提高到40%。截至本公告披露日，当升科技对比克公司应收账款余额为37834.62万元，计提坏账准备金额为15133.85万元，较此前坏账准备计提增加12199.29万元。12月4日中金研报显示，中金认为本次计提增加主要出于11月末还款计划不及预期、诉讼进度存在较大不确定性等因素影响下的谨慎考虑。考虑整体需求压力与今年计提影响，中金下调2019/20年净利润预测48%/23%至1.70/3.90亿元。中金下调目标价22%至24元，相比当前股价有12.7%的上涨空间，维持“跑赢行业”评级。深圳比克是当升科技的客户之一，近三年（2016年至2018年）销售金额依次为24323.58万元、22310.21万元和28218.52万元；2019年初至11月9日，当升科技对深圳比克的销售金额为2278.43万元。郑州比克是深圳比克的子公司，也是当升科技的客户之一，双方2016年至2018年销售金额依次为1798.40万元、9099.00万元和28550.86万元；2019年初至11月9日，当升科技对郑州比克的销售金额为9282.50万元。11月18日晚间，受比克动力影响，当升科技收到深交所下发的监管函。监管函显示，当升科技先后于2019年8月19日、9月18日对深圳市比克动力电池有限公司、郑州比克电池有限公司提起诉讼，要求其偿还拖欠货款及逾期利息，诉讼涉及金额合计4.07亿元，占当升科技2018年经审计净资产的12.33%。但当升科技未及时披露上述重大诉讼事项，直至2019年11月13日才在《关于重大诉讼及相关进展的公告》中补充披露。新京报记者 张妍頔责任编辑：常福强
避险资产集体爆发 山东黄金大涨7%中国稀土暴涨28%,来新浪理财大学，听肖磊讲《黄金投资必须要听的10节课》 ，轻松掌握黄金投资入门诀窍！新浪港股讯 12月4日消息，外围风险加大，避险资产、中国高端制造、稀土概念集体走高。黄金贵金属走高，中国白银集团（0815.HK）涨9.33%，山东黄金（1787.HK）涨逾7%，招金矿业涨5.07%。避险情绪升温支撑金价走高，黄金期货突破1480美元关口。截止收盘，COMEX 2月黄金期货收涨逾1%，报1484.40美元/盎司，创逾3周以来收盘新高。中国高端制造相关股票走高。其中，华虹半导体涨6%，中芯国际涨2.77%。稀土概念逆势走强，中国稀土午后涨幅扩大，截至发稿，中国稀土暴涨28%，报价0.465港元，五矿稀土涨4.4%，广晟有色涨4.01%。责任编辑：张海营
四环医药昨创逾八年新低后 现逆市升近5%,新浪港股讯，四环医药（00460）昨日低见0.8元兼创逾8年新低后，现价反弹4.71%，报0.89元；成交约1277万股，涉资1111万元，主动买盘84%。现时，恒生指数报26100，跌290点或跌1.10%，主板成交417.92亿元．国企指数报10272，跌83点或跌0.81%。上证综指报2876，跌7点或跌0.28%，成交918.06亿元人民币。深成指报9677，升19点或升0.20%，成交1481.36亿元人民币。表列同板块或相关股份表现：股份（编号）现价变幅------------------------------四环医药（00460）0.89元升4.71%白云山（00874）22.70元跌0.87%石药集团（01093）17.38元跌1.25%国药控股（01099）25.85元跌0.39%中生制药（01177）10.14元跌0.39%三生制药（01530）11.22元跌0.71%石四药（02005）6.00元跌0.17%复星医药（02196）21.75元跌0.68%药明生物（02269）88.20元升0.92%药明康德（02359）92.45元升0.43%------------------------------责任编辑：卢昱君
俄罗斯预计本周OPEC+会议具建设性 沙特寻求再减产,俄罗斯能源部长周二表示，俄罗斯预计本周与石油输出国组织（OPEC）产油国举行的会议具有“建设性”。与此同时，OPEC实际上的领导者沙特阿拉伯正敦促成员国和俄罗斯等盟友加大减产力度，以避免明年出现新的供应过剩。OPEC将于周四在维也纳召开会议，随后于周五与盟国举行会议。“我们仍在敲定我们的立场，”在被问及莫斯科在会谈前的立场时，俄罗斯能源部长诺瓦克表示，“让我们拭目以待……但我认为，与以往一样，这次会晤将具有建设性。一位熟悉俄罗斯想法的消息人士对路透表示，莫斯科“极有可能”在本周与OPEC达成共识，只是需要解决一些悬而未决的问题。产油国必须决定是继续维持当前的减产规模、还是缩小规模、还是加大减产力度，还是彻底放弃当前的减产协议，目前的协议设定的共同减产目标是120万桶/日，约占全球需求的1.2%。对俄罗斯来说，这一次的症结在于如何计算其产量-俄罗斯的产量数据中包括凝析油，而其它产油国没有。诺瓦克表示，“我们将与同事们讨论，考虑按照OPEC国家的方式来统计产量-将凝析油排除在外。”根据当前的协议，俄罗斯同意减产22.8万桶/日，至约1，118万桶/日，但该国产量超过了这一数字，路透计算显示，11月俄罗斯石油产量为1，244万桶/日。诺瓦克称，俄罗斯11月平均减产为19.5万桶/日，但若不计入凝析油，其12月减产幅度可能在为22.5-23万桶/日。莫斯科通常在OPEC会议前采取强硬立场。担心出现新供应过剩两名消息人士周一对路透表示，OPEC+正考虑至少再减产40万桶/日。消息人士称，OPEC最大产油国沙特阿拉伯正在游说进一步减产，因油价上涨将有助于该国平衡预算，并为其国有石油巨头沙特阿美上市提供支持。该公司定于周四为其首次公开发行（IPO）定价。摩根大通表示，预计产油国将同意在2020年底前减产150万桶/日，即增加减产幅度30万桶/日，因沙特阿拉伯需要将油价维持在60-70美元/桶。沙特阿拉伯还在向伊拉克和尼日利亚施压，要求它们更好地遵守限产配额，以此作为沙特进一步减产的条件。周一有关OPEC正考虑进一步减产的报导扶助推升油价。周二，指标布兰特原油价格稳定在每桶61美元附近。消息人士周一援引OPEC经济委员会最新的分析称，若不进一步减产，石油市场将在2020年上半年面临供应严重过剩和库存增加的风险。高盛分析师表示，OPEC+可能会将减产延长至明年6月，但表示再延长三个月对油价的支撑作用不大，他们预计到2020年油价将在每桶60美元左右。责任编辑：魏雨
汇银智慧社区现跌近11% 创历史新低主动沽盘64%,新浪港股讯，汇银智慧社区（01280）现跌10.96%，报0.065元，盘中低见0.057元，创历史新低；成交约702万股，涉资46万元，主动沽盘64%。汇银智慧社区公布，建议进行股份合并，按每20股每股面值0.001美元股份合并为1股每股面值0.02美元的合并股份，同时建议把公司名称更改为“奇点国际有限公司”，英文名称由“Huiyin Smart Community Co.Ltd．”更改为“Qidian International Co.Ltd．”。按昨日收市价0.073元，而每手买卖单位维持2000股计，每手股份市值将由146元改为2920元，从而遵守联交所买卖规定．至于建议更改公司名称，该集团指，有助更佳地体现其目前业务重心及未来发展方向，并认为新名称提供一个崭新企业形象，并于未来业务发展中提升其品牌形象。现时，恒生指数报26072，跌318点或跌1.21%，主板成交396.40亿元．国企指数报10257，跌98点或跌0.95%。上证综合指数报2873，跌10点或跌0.38%，成交854.40亿元人民币．深证成份指数报9664，升7点或升0.07%，成交1388.43亿元人民币．表列十大跌幅股份表现：股份（编号）现价变幅------------------------------天时软件（08028）0.033元跌21.43%利宝阁（02960）0.015元跌21.05%建禹集团（08196）0.690元跌17.86%顺龙控股（00361）0.044元跌16.98%国安国际（00143）0.055元跌14.06%亚太金融（08193）0.260元跌13.33%仁恒实业（03628）0.227元跌12.69%国联通信（08060）0.036元跌12.20%华信金融（01520）0.044元跌12.00%NEXIONTECH（08420）0.081元跌11.96%------------------------------责任编辑：卢昱君
波音遭“小伙伴”抛弃 美联航宣布订购50架空客飞机,原标题：波音遭“小伙伴”抛弃 美联航宣布订购50架空客飞机美联航订购50架空客飞机。（图源：路透社）海外网12月4日电 当地时间3日，美国联合航空公司宣布，将订购50架空客A321XLR飞机，取代即将达到寿命极限的波音757。综合路透社、法新社报道，美国联合航空公司表示，从2024年开始，A321XLR远程飞机将取代美联航的53架波音757-200飞机，为从美国东海岸枢纽飞往其他欧洲目的地的航班提供服务。一位不愿透露姓名的消息人士称，由于波音在中端飞机市场缺乏机型，美联航转而向空客寻求购买。该消息人士称，“目前波音提供的飞机没有可以取代757的机型。 ”并补充称，空客和美联航几个月前就开始谈判。美联航的波音757飞机将在10年内达到寿命极限，而波音公司将不再生产这种大型单通道飞机。波音正在考虑生产一种新的双通道飞机，但因发生两起致命事故后，该公司正在处理737 MAX飞机全球停飞一事，而将这种双通道飞机的发布时间推迟到了2020年。美联航首席运营官安德鲁·诺塞拉告诉记者，美联航与波音就新机型进行了密切合作，如果波音决定继续开发，美联航仍将接受订单。美联航表示，空客A321XLR的优点之一是，与上一代飞机相比，平均每个座位的油耗降低了30%。美联航还订购了更大的A350宽体飞机，将在2027年接收。此外，其他几家航空公司，包括美国航空集团（American Airlines Group Inc）、捷蓝航空公司（JetBlue Airways Corp）和精灵航空公司（Spirit Airlines Inc）也已经同意订购空客新型客机。（海外网 李芳）责任编辑：孟然
众安在线现跌4%跌穿10天线 惟摩通续予增持评级,新浪港股讯，众安在线（06060）现价跌4.44%，报26.9元，盘中低见26.55元，穿十天线（约26.870元）；成交约421万股，涉资1.16亿元。摩通最新维持该股“增持”评级，目标价32元。现时，恒生指数报26077点，跌313点或跌1.19%，主板成交398.72亿元．国企指数报10257点，跌98点或跌0.95%。上证综指报2874点，跌10点或跌0.36%，成交860.28亿元人民币。深成指报9667点，升9点或升0.10%，成交1397.43亿元人民币。表列同板块或相关股份表现：股份（编号）现价变幅------------------------------众安在线（06060）26.90元跌4.44%中国人寿（02628）19.40元跌2.41%中国财险（02328）8.98元跌2.07%中国平安（02318）88.55元跌1.61%新华保险（01336）29.65元跌1.33%中国太平（00966）18.00元跌1.32%中国人保（01339）3.09元跌1.28%中国太保（02601）27.65元跌0.72%中国再保险（01508）1.23元升0.82%------------------------------责任编辑：卢昱君
晶科电力IPO:在建工程通过协议转营收 3亿应收涉东旭,新浪财经讯 11月22日，晶科电力收到申报IPO反馈意见，证监会从规范性、信息披露和财务会计资料相关问题三方面提出共59个反馈问题。此外，晶科电力于11月27日更新了预披露招股说明书。究竟是晶科电力之前的招股说明书的内容不够详细完整，还是真有什么重大问题引起了证监会的关注，本文将沿着反馈意见的问题扒一扒晶科电力更新后的预披露招股说明书。大额政府补贴近两年到期根据其招股书介绍，晶科电力作为一家清洁能源服务商，公司主营业务主要包括光伏电站运营、光伏电站转让和光伏电站EPC 等，涉及太阳能光伏电站的开发、投资、建设、运营和管理、转让等环节，以及光伏电站EPC 工程总承包、电站运营综合服务解决方案等。光伏电站运营业务为晶科电力成立至今的核心业务，其开发的光伏电站项目包括领跑者光伏电站、普通地面电站（包括“农光互补”、“渔光互补”、“林光互补”等光伏复合电站）、屋顶分布式光伏电站等多种类型。截至2019 年6 月末，晶科电力已在浙江、江苏、河北、安徽、宁夏、青海等20 多个省份建成了光伏电站，并网装机容量约2.95GW，占2019 年6 月末我国光伏累计装机容量1的1.59%，居同行业前列。首先看看主营业务情况，晶科电力主营业务分为光伏电站运营和EPC 两大板块。报告期内，光伏电站运营业务收入分别为10.61 亿元、21.55 亿元、30.29 亿元和13.98 亿元，占营业收入的比重分别为57.10%、53.17%、42.86%和64.04%；光伏电站EPC 业务收入分别为7.97 亿元、18.98 亿元、40.37 亿元和7.85 亿元，占营业收入的比重分别为42.90%、46.83%、57.14%和35.96%。针对主营业务收入，反馈意见重点提及了光伏电站运营的项目具体情况、收入确认依据以及国家、省级补贴与市区县补贴会计处理不同的依据，光伏电站EPC的项目具体情况、收入确认方法和依据，收入较大变动的合理性，毛利率的波动合理性等。在更新的招股说明书中，问题基本已经得到回复，不过值得一提的是，市区县补贴的持续性及光伏电站EPC未来的前景却不容乐观。根据招股说明书披露的财务数据，2017 年、2018 年及2019 年1-6 月晶科电力收到的区补电费补贴分别为4168.21万元、7856.00万元和5933.62万元，而区补电费补贴的时间一般是3年左右，在招股说明书中显示的项目明细中，拥有区补电费补贴收入的电站剩余年限多为1-2年左右，换言之，晶科电力仅仅一两年之后就将因区补电费补贴到期直接减少约亿元利润（简单按2019年上半年数据*2折算）。除直接到期的区补电费外，为了实现2020年光伏发电平价上网的目标，国家、省级补贴的金额也是一降再降，虽然目前的存量项目不受补贴退坡影响，但是未来建成的项目，尤其是募集资金的投资项目，必然由于平价项目的到来，受到电价收入下降的不利影响。与此同时，另一大业务光伏电站EPC也将由于行业投资意愿的大幅下降而下降，从近几年晶科电力的EPC 业务订单金额来看，2016-2018 年，晶科电力光伏电站EPC 总承包业务新增订单合同容量分别为130MW、321.58MW、1046.79MW，新增订单量逐年提高，但是到了2019年1-6 月，业务新增订单合同容量仅145.79MW，大幅减少。虽然晶科电力招股说明书称主要是由于国内光伏电站竞价政策出台时间较晚、国内光伏电站装机市场2019 年上半年相对疲软等因素影响所致，但不可忽视的国内光伏电站竞价政策出台叠加补贴退坡，将极大的打击行业的投资意愿，进而降低晶科电力未来的增长空间。需要强调的是，光伏电站EPC对收入的贡献接近一半，如光伏电站EPC收入受到严重打击，将对晶科电力的前景产生极不利的影响。在建工程通过协议转营收不过相比于担忧未来光伏电站EPC收入的前景，更值得注意的却是光伏电站EPC应收账款的前5大客户。根据招股说明书披露的数据，晶科电力截至今年上半年的前5大客户分别为浑源京晶新能源公司/海兴京兴新能源公司/寿阳京寿光伏发电公司（同受北京京能清洁能源电力股份公司控制）、合阳县盛耀光伏电力公司/澄城县盛步光伏电力公司（同受陕西化工集团控制）、四川东旭电力工程公司、寿阳国科新能源科技公司和上饶市城市建设投资开发集团。查询天眼查后发现，京能清洁能源对浑源京晶新能源公司、海兴京兴新能源公司和寿阳京寿光伏发电公司的持股比例分别为49%、49%和30%，而持有对应51%、51%和70%剩余股份的公司股权穿透后，最终控制方都是晶科电力。以浑源京晶新能源公司为例，天眼查显示的持股过半的公司是横峰县晶源电力公司，穿透上去的控制人则是晶科电力。除此之外，同受陕西化工集团控制的合并第二大客户合阳县盛耀光伏电力公司/澄城县盛步光伏电力公司，陕西化工集团实际持有的股份都只有10%，剩余权益都归属于晶科电力间接享有，晶科电力间接持股高达90%。同上，第四大客户寿阳国科新能源科技公司也是这样，晶科电力间接持股高达70%。对此，晶科电力在招股说明书中披露的原因如下：2018 年下半年，晶科电力与以上客户新控制方签署的表决权授权行使协议及其补充协议以及变更后的公司章程规定，公司将其持有项目公司股权对应的表决权全部不可撤销地授权委托并让渡给新控制方行使，不再享有任何表决权及收益权，新控制方完全实现对领跑者项目公司独立经营管理，领跑者项目公司未来存续期间的经营以及经营所产生的一切收益或损失均与公司及下属子公司无关，同时各方一致同意，领跑者项目公司由其他第三方合并财务报表。值得注意的是，上述公司中标的EPC项目2018实现收入就高达31.37亿元，但是转让时间却是2018年下半年，且并不是股权转让，而只是将表决权和收益权转给对手方，换言之，晶科电力一手招标投资建设完成的项目，对手方无需付出额外对价就能获得全部收益和控制权，天底下竟有如此好事。答案或许是有，因为恰如晶科电力披露，2018 年，经过招投标，公司中标了上述领跑者项目公司的EPC 业务，实现EPC项目收入共计313701.51 万元；2019 年1-6 月，实现EPC 项目收入共计10340.51 万元。只有将子公司变为非合并范围内的客户，本应确认为在建工程的项目，则可以立即变成收入利润，大大提前了收益确认时点，并能更早通过工程款收回前期投资也是好处之一。EPC第一大客户乃东旭集团旗下除此之外，2019年新增的第一大客户，也是2019年上半年应收账款第三大客户的四川东旭电力工程公司也是值得关注的对象。招股说明书披露2019年1-6月，晶科电力从四川东旭电力工程公司获得收入50373.44万元，截至6月底，应收账款余额是32796.60万元，对应坏账准备为327.97万元，也就是坏账按1%比例计提。但是通过天眼查查询结果显示，四川东旭电力工程公司正是最近暴雷的东旭集团，根据相关会计准则，应收四川东旭电力工程公司如此巨额的账款，加上其关联的经营风险，晶科电力应该单独对其减值测试，并考虑整个存续期的风险损失，而仅仅按正常组合的固定计提比例是否恰当，值得商榷。土地合法性存风险另一个比较值得关注的问题则是土地问题，根据更新招股说明书披露的数据，晶科电力已办理房产证的自有房产仅8324.23平方米。公司所属光伏电站项目中，在自有土地上建成使用但尚在逐步办理房产权证的建筑物面积共计26736.60平方米；公司所属光伏电站项目中，部分房产建设于正在办理土地使用权证的土地上，导致暂时无法办理相关房产权证，涉及房产面积约28377.56平方米。对此，反馈意见也是重点对土地的法律风险进行了询问，虽然更新的招股说明书中在主管部门说明一栏中披露了主管部门认定不存在违法处罚的说明，不过从招股说明书披露的发行人最近三年违法违规情况来看，违规用地却是高频处罚事项。从近3年的处罚明细来看，除税务处罚外，剩下最多的就是违规用地问题导致的处罚，并且从罚金来说，主要罚金都来自土地问题，显然晶科电力并不像披露的那般，土地问题不存在重大处罚的可能性。（新浪财经上市公司研究院 逆舟）责任编辑：公司观察
300亿市值知名白马股中炬高新闪崩 姚振华是实控人,来新浪理财大学，听彭道富讲《龙头战法超长深度解析5讲》，揭秘最适合散户的股票投资战法！300亿市值知名白马股闪崩！半日缩水33亿，姚振华今年已成实控人万宇 中国证券报白马股闪崩再现。中炬高新今日早盘闪崩，一度触及跌停。截至午间收盘，中炬高新报39.55元/股，跌9.37%，成交额10.3亿元，半日市值缩水33亿元。发生了什么？12月3日晚间，中炬高新发布公告称，就子公司美味鲜公司收购朗天慧德公司持有的厨邦公司20%股权争议案，披露了中国国际经济贸易仲裁委员会的终局仲裁。根据裁决，该股权转让协议不具有法律效力，美味鲜公司的全部仲裁反请求被驳回。子公司收购厨邦公司20%股权失败，或是令中炬高新大跌的主因。中炬高新是A股市场有名的白马股，股价连续三年上涨，今年累计涨幅达35.31%。股价背后则是业绩的高速增长，2016年-2018年，中炬高新归母净利润增速均超过25%。中炬高新年K线图子公司收购厨邦公司20%股权失败12月3日，就全资子公司美味鲜收购朗天慧德公司持有的广东厨邦20%股权争议案，中炬高新公告披露了中国国际经济贸易仲裁委员会的终局仲裁。仲裁结果公告显示，中炬高新全资子公司美味鲜拟以现金3.4亿元收购厨邦公司20%股权转让被判决失败，与朗天慧德签署的《股权转让协议》不具有法律效力。本案本请求仲裁费为224.4万，双方各承担50%；反请求仲裁费为245.8万，全部由被申请人（美味鲜）承担。中炬高新在公告中表示，厨邦公司股权结构将保持不变，本次仲裁结果不会对公司经营业务造成影响。协议效力深陷“罗生门”2019年3月份，中炬高新刊登了关于变更实际控制人的公告，指出公司实际控制人由中山火炬高技术产业开发区管理委员会变更为姚振华。值得注意的是，就在宝能系占据董事会多数席位后不久，中炬高新公告，2018年12月，公司与厨邦公司股东朗天慧德公司协商一致，公司全资子公司美味鲜公司拟以现金3.4亿元收购朗天慧德公司持有的厨邦公司20%的股权；转让完成后，美味鲜公司将持有厨邦公司100%的股权。股权转让双方于2018年12月17日签署了《厨邦公司食品有限公司股权转让协议》。不过，厨邦公司的股权转让却陷入了一场“罗生门”。2019年1月30日，朗天慧德公司法定代表人李磊以办理股权转让双方核对有关工商过户文件等相关事宜为由前往公司，在核对工商过户文件的过程中自行撕毁双方已经签字盖章的《协议》，并向公司递交了《关于终止出让厨邦公司食品有限公司20%股权的函》。公司原总经理陈超强、副总经理张晓虹、现任副总经理张卫华在未经公司授权的情况下与朗天慧德法定代表人签署了《会谈纪要》，内容包括要求终止合同、另行洽谈等。当日， 美味鲜向朗天慧德发函明确表示对该《会谈纪要》不予认可。中炬高新认为，《协议》的签署系经股权转让双方签字并加盖公章，并经公司董事会审议通过方可生效；《协议》的终止或变更也应履行相同的程序。《会谈纪要》不具有法律效力。4月9日，美味鲜公司收到中国国际经济贸易仲裁委员会寄送的《DS20190520号股权转让协议争议案仲裁通知》，申请人朗天慧德公司就美味鲜与其签署的《厨邦公司食品有限公司股权转让协议》所引起的争议向仲裁委员会提出了仲裁申请，仲裁委员会于4月8日予以受理。朗天慧德公司仲裁请求为确认朗天慧德公司与美味鲜公司之间的《厨邦公司食品有限公司股权转让协议》不具有法律效力。4月29日，美味鲜公司提交了《仲裁反请求申请书》，要求朗天慧德公司继续履行《股权转让协议》。厨邦公司贡献利润占比近半“厨邦酱油美味鲜，晒足180天。”著名演员李立群的这句广告语格外知名，他乘着直升飞机眺望整个黄豆晒场的画面屡屡出现在多个频道的黄金档。天眼查数据显示，厨邦公司成立于2012年，股权结构为中炬高新全资子公司美味鲜持股80%，朗天慧德公司持股20%。作为中炬高新的核心业务板块，中炬高新去年开始谋求对厨邦公司的全资控股。以厨邦公司为核心的酱油业务是美味鲜公司的核心。中炬高新此前公告显示，前三季度公司主营收入合计33.36亿元，酱油产品收入21.39亿元。2016年至2018年，厨邦公司分别实现营业收入10.43亿元、13.02亿元、15.26亿元，净利润1.95亿元、2.66亿元、3.22亿元，分别为中炬高新同期净利润的53.87%、58.72%、53.05%。责任编辑：常福强
美联航宣布订购50架空客飞机 替代老式波音飞机,原标题：美联航宣布订购50架空客飞机 替代老式波音飞机中新网12月4日电 据路透社报道，美国联合航空公司（UAL.O）3日宣布，将订购50架空客SE A321XLR飞机，用于在美欧间的飞行。报道称，美国联合航空公司成为最新一家与这家欧洲飞机制造商的新型客机签署协议的美国航空公司。报道称，美国联合航空公司表示，从2024年开始，A321XLR远程飞机将取代53架波音757-200飞机，飞往葡萄牙等可能的新目的地。据信，美国联合航空公司的757飞机将在大约10年后达到寿命极限，而波音公司将不再生产这种大型单通道飞机。美国联合航空公司首席运营官诺塞拉（Andrew Nocella）说，该航空公司与波音公司就潜在的新飞机进行了密切合作，如果波音公司决定继续开发NMA，该公司仍将接受订单。美媒称，美联航这一决定出台之际，波音正因737Max飞机在两起坠机事件陷入危机，无法投入更多精力设计一款全新的中端市场飞机。据报道，美国航空集团、捷蓝航空公司和精灵航空公司已同意订购空客A320新型家庭客机。
8亿买下LOL总决赛独播权 B站怎么想的？,原标题：8亿买下LOL总决赛独播权，B站怎么想的？来源：36氪 作者：王莹花8亿拿下英雄联盟（LOL）的独家版权，这可真不便宜。12月3日，新京报消息称，哔哩哔哩（以下简称：B站）以8亿元价格拍得了英雄联盟全球总决赛中国地区三年独家直播版权，与B站一起参与竞拍的还有快手、斗鱼、虎牙等直播平台。36氪就此事求证B站，截至发稿，暂未收到对方回复。B站的用户在听到这个消息后无疑是欣喜的，有用户在网上留言称：小破站又争气了。不过，也有人在怀疑B站是不是花得太多了？如果从投入产出比来看，这笔内容投入远远高出了市场价格。有业内人士对36氪表示，市场传闻B站买下版权的价格可能是5亿，但即便这样，相对以往的市场价格来说，这也并不是一个小数字。一位游戏直播行业资深从业者对36氪表示，这看起来并不是一个性价比高的生意。英雄联盟的整体内容版权涵盖的非常多，包括中国LPL联赛、韩国区联赛、美洲区联赛以及报道中提及的S系列总决赛等等。通常来说，按照以往的情况直播平台是会购买不同的版权包，国内直播平台通常会买中国区的LPL联赛同时配上S系列总决赛，这是一个基础的标准，每年直播平台在LOL整个项目上的版权投入在4000至8000万左右，虽然每年都会有涨价，但不会太高。对比来看，B站的出价可以说是大手笔了。英雄联盟值得吗？定好闹钟，买好零食，瘫坐在沙发上……一切准备就绪，等着总决赛开播。当然，也有更多的用户选择抢票去现场观看。在电竞游戏影响力逐年加大的背景下，上述的用户行为早已经不仅仅是圈内人的自嗨了，他们不仅是游戏玩家，也可能是IG战队、FPX某位电竞选手的粉丝。去年王思聪的IG战队在英雄联盟总决赛中夺冠，为电竞出圈加了一把火，今年的FPX更是助添了这把燃得正盛的火苗。2020年英雄联盟全球总决赛将在上海举办，上海市副市长宗明女士还出现在了预告短片当中，欢迎全球“召唤师”和《英雄联盟》电竞选手的到来。在业内许多人士看来，这是《英雄联盟》赛事在国内受到的最高礼遇。其飙升的热度在今年的总决赛中可见一斑。当中国战队FPX夺得2019年英雄联盟全球总决赛冠军的那一刻，央视新闻、中国日报、陕西共青团都已经准备好在第一时间报道了，这场流量盛宴出圈了。有游戏公司从业者对36氪表示，现在有的电竞明星选手和演艺圈的许多明星所受到的关注程度差不多了，“动不动就多少钱的签约费啊，代言啊”。同时他也表示，现在电竞明星更像是在体育竞技明星靠拢，不过电子竞技对于其他体育运动来说，特点是用户在心理上会觉得与电竞明星的距离更近，毕竟开一局游戏的成本并没有多高。在此背景下，腾讯也在想办法最大化英雄联盟的商业收益。游戏直播行业资深从业者对36氪表示，腾讯互娱与拳头公司成立新公司曾定下了三年10亿的营收目标，平摊下来每年在3亿左右，这其中广告赞助商的收益一年就有1-2亿元，从虎牙、斗鱼、B站等平台收取的版权费每年也有1-2亿元的进账。实现这个目标并不是什么难事。不过该人士也提到，腾竞公司成立后其内部也对“版权要不要独家”这个事情进行过深入研究。对比NBA、英超、中超逐年上涨的版权费，游戏版权的费用仍有提升空间来实现利益最大化。作为游戏大厂，腾讯手握众多热门游戏版权，投资虎牙、斗鱼、B站，增持快手，授权触手成为腾讯全量游戏的衍生内容平台，以上动作形成了一套严密的组合拳。如今，将英雄联盟S系列总决赛拆分出来，进行独家授权，仅仅是一个开端。无论是传闻中的B站花费5亿还是8亿来单购一个系列的比赛，相比以往，这都是一个直接的、数量级的提升。B站的电竞目标和直播野望B站也在赌，赌的是未来三年中国战队仍会取得不错的成绩。对于B站来说，虽然出得起这笔费用，但也是笔大开销，根据B站公布的2019年第三季度财报显示，其本季度营收为18.6亿元，净亏损4.06亿元。B站现在要花钱的地方可不少，高价的版权支出又将给其现金流造成压力。B站究竟在打什么算盘？S系列赛事的时间只有一个月左右，每年的10月份至11月份举行。B站只有1个月的时间利用好这个赛事的黄金时期，时间紧任务重，B站需要在这段时间内做好用户服务，尽可能地让更多用户留下来。早在2018年，B站就已经成立了哔哩哔哩电竞公司，专注运营电竞业务。2017年12月，B站组建了自己的电竞俱乐部BLG，其英雄联盟分部代表B站征战LPL，并于2018年获得春季赛积分榜第五名和德玛西亚杯亚军。同时，B站也获得了2018 LPL、全球总决赛、洲际赛的赛事直播权和点播权。2018年9月B站还取得了OW联赛永久席位。B站此次重金买下英雄联盟总决赛三年的独播版权，也有在想在电竞领域做大的意味，同时，发展电竞也可以与自身业务进行联动。2019年Q3财报显示，B站直播和增值服务业务收入达4.5亿元，同比增长167%。B站表示，多元的内容品类吸引着直播观众的持续增长，尤其在人气和关注度日益增强的电竞领域，观看2019英雄联盟职业联赛全球总决赛的最高同时在线人数较去年同比翻番。在随后的财报电话会上，当有人提问“中国的直播市场已经接近红海，B站如何和现在领先的几个平台来竞争”时，B站董事长陈睿认为B站直播不是一个对外竞争型的业务，它是内容生态的一个自然延伸。随着B站用户量的增长，直播品类自然而然地在B站成长起来。B站的虚拟主播以及在游戏和泛娱乐品类的直播都是其从视频内容生态直接延伸过来的。陈睿表示，过去B站并没有去挖一些大主播、也没有花太多的经费在与其他平台直接进行竞争，不过也有很多直播公会愿意来和B站合作。有直播公会从业人员曾对36氪表示，其公司红人目前在微博的报价最高、其次是B站，快手次之。不过，在B站没有花太多经费去挖主播的真相是，做好游戏直播本身就是一个高成本的事情。目前头部游戏主播仍旧集中虎牙、斗鱼，B站虽未直接卷入“千播大战”中，但也是见证者，它深刻明白要付出的成本之多。如今重金买下英雄联盟总决赛的独家版权，也是B站在宣告以另一种方式参与进游戏直播竞争中来了。如今B站的竞争对手还有快手，根据后者公布的游戏直播数据显示，其移动端日活为3500万，已经超过“斗鱼+虎牙”。根据QuestMobile数据显示，截止2019年6月5日，斗鱼的日活数为1500万、虎牙的日活数为1100万。这是一个为期三年的赌约。B站押注的底气在于，英雄联盟总决赛已经从欧美玩家的自嗨，转变为核心玩家的盛会，现如今它已成为全球粉丝的狂欢了，其热度在高涨，电竞行业正处于发展的快车道上。责任编辑：刘玄逸
基建股受压 中国中铁走低近2%创逾三年半新低,新浪港股讯，中国中铁（00390）H股现价下跌1.53%，报4.51元，盘中低见4.50元，创逾三年半新低；成交约798万股，涉资3611万元。A股（沪：601390）现价5.57元人民币，下跌0.71%，成交7813万元人民币，涉及1403万股．现价A股对H股呈溢价37.7%。现时，恒生指数报26083，下跌307点或下跌1.16%，主板成交392.45亿元．国企指数报10262，下跌93点或下跌0.90%。上证综指报2874，下跌10点或下跌0.36%，成交846.35亿元人民币。深成指报9667，上升9点或上升0.10%，成交1377.23亿元人民币。表列相关或同板块股份表现股份（编号）股价变幅∥A较H溢价∥（折让）-----------------------------------------中国铁建（01186）7.88元下跌0.88%∥（沪：601186）9.61元人币下跌0.72%∥+35.97%∥中国中冶（01618）1.62元上升0.62%∥（沪：601618）2.67元人币无升跌∥+83.76%∥中国中车（01766）5.09元下跌0.78%∥（沪：601766）6.84元人币下跌0.58%∥+49.83%∥铁建装备（01786）1.21元下跌1.63%∥∥中交建（01800）5.96元上升0.17%∥（沪：601800）8.73元人币下跌1.58%∥+63.31%∥中国建筑（03311）6.28元下跌1.26%∥∥中车时代（03898）25.80元下跌2.09%∥∥中国通号（03969）4.09元下跌0.24%∥（沪：688009）6.28元人币无升跌∥+71.20%-----------------------------------------注：A股对H股溢价或折让率已反映汇价因素责任编辑：卢昱君
白酒板块因利好反弹 但并未支撑太久,汪友若白酒板块杀跌了一周多，终于因“重磅利好”反弹！但这一次反弹并未支撑太久。今日早盘，A股三大股指全线低开，白酒板块逆势走强，贵州茅台开盘涨幅近2%。但开盘后不久，白酒板块便冲高回落，整体涨幅收敛。截至午间收盘，白酒概念股中近三成个股收绿。除金种子酒开盘后迅速封死涨停，不少个股回吐早盘涨幅。青青稞酒涨逾3%，五粮液涨1.62%，贵州茅台涨0.66%。责任编辑：马秋菊 SF186
NRF：感恩节购物季美国消费者人均支出同比增16%,全美零售商联合会（NRF）周二表示，假日周末在网络和实体店购物的美国消费者数量创纪录新高，人均支出也有增加，购物范围则从服装到玩具无所不包。NRF的调查显示，从感恩节到网络星期一这五天的假日购物季，有近1.9亿人进行了购物，较去年的1.65亿人增加约14%。NRF称，经济状况良好且假日购物季密集是原因所在。NRF称，由研究公司Prosper Insights & Analytics周三至周一对6，746名成年人消费者进行的调查显示，在为期五天的假日购物季期间，每位购物者平均支出361.90美元，较去年同期的313.29美元增加16%。NRF是全球最大的零售商协会。黑色星期五当天，网络购物超过实体店，这影响了实体店的客流量和销售，很多零售商提前推出节日促销和年终折扣。NRF表示，有1.24亿人选择在实体店购物，同时有约1.42亿人进行网购。NRF并称，黑色星期五首次超过网络星期一，成为网购最繁忙的一天。NRF维持预估不变，认为今年假日季零售销售将较上年同期增加3.8%-4.2%，总额达7，279-7，307亿美元。责任编辑：魏雨
印度首富跻身全球十大富豪行列,新浪美股讯 北京时间4日消息，据《福布斯》实时富豪榜，亚洲首富、印度信实工业集团董事长穆克什·安巴尼（ Mukesh Ambani ）已跻身全球十大富豪行列。福布斯称，安巴尼目前在其全球富豪榜上名列第9位，较今年3月福布斯发布2019全球富豪榜时的名次上升四位，其净资产达604亿美元，自3月以来增加了104亿美元。安巴尼旗下的信实工业集团（Reliance Industry）是印度最有价值的公司，其股价上周四达到1，581.25卢比，市值接近1400亿美元。自那以来该股进一步上涨，周一收于1，586.90卢比。根据福布斯实时富豪榜，亚马逊创始人贝佐斯仍是全球首富，净资产为1108亿美元。比尔-盖茨位居第二，净资产为1065亿美元。责任编辑：于健 SF069
有色金属板块大涨 供求关系将决定股价走势,中国证券网 王文嫣今日开盘，有色金属板块涨势如虹。截至中午收盘，板块涨幅达到1.9%，居各板块涨幅榜第一。从消息面看，多个品种价格上涨或减产落实，促成了这次共振上涨。责任编辑：马秋菊 SF186
从招行财报出发 谈对于银行股的五个常见误区,原标题：从招行财报出发，谈对于银行股的五个常见误区作者：章圣冶来源： 老章价投很久没写银行股了，一是因为银行这门生意涉及的专有名词多，要兼顾深度和可读性不太容易；二是我持有的招商银行今年股价都走得挺稳，没有出现明显的错误定价，让我少了几分想表达的欲望。不过，在与朋友的日常交流中，我渐渐发现不少人对银行抱有一些偏见，这严重误导了他们对于银行股投资价值的判断。今天对照着招商银行的几份财报，聊聊这些偏见：（一）年轻人都开始用花呗，不用信用卡了不少人都有这样的担忧，近年来支付宝、微信、京东金融占据了大量交易场景，它们在支付环节切断了用户与银行之间的联系，引导用户优先使用自己提供的消费金融产品，这会不会对银行信用卡构成威胁？理论上讲，花呗VS信用卡的竞争确实是存在的，就像招商银行在2018年报里写的：“面对互联网巨头准信用卡产品的竞争及第三方支付的挑战，本公司深化移动互联网融合……”但与此同时，我们也该认识到一个事实，即信用卡（含“准信用卡”）市场当前是一个快速成长的增量市场，远没有到你死我活的惨烈地步。根据中国银行业协会发布的《中国银行卡产业发展蓝皮书（2019）》，全国信用卡交易金额正加速增长，2018年达到38.2万亿元，同比增长24.9%，该增速创下了5年新高。招商银行作为信用卡交易额的老大，2018年交易额3.79万亿，同比增长27.7%，随之产生的利息收入增长16.3%，非利息收入增长36.9%；2019上半年，这三个数字分别为12.0%、25.7%和48.1%。从增速上看尽管不是行业里最快的，但也足够令人满意了。（二）余额宝等产品对银行冲击很大严格来说，这一项不能被称为偏见，因为余额宝等“宝宝”类产品对银行的零售存款成本确实影响不小。在招行2018年报中就可以读到：“随着居民投资意识的持续觉醒，存款成本刚性上升压力不小”。到了2019半年报，又是一句：“资管新规出台后理财资金向存款转化，但客户收益预期仍保持高位，导致存款增长高成本化、定期化”。可见余额宝这类随存随取的货币基金产品，带给银行最大的冲击，就是使得零售存款的活期化率下降。2017、2018、2019H1，招商银行存款活期占比分别为61.8%、60.6%、59.0%（算的是日均，非期末），正不断走低（与同行相比已经是非常高了，这也为招行构筑了低成本存款护城河），虽然管理层对此做了不少努力，如“通过产品创新提升客户粘性，保持较优的存款结构”，不过目前看收效甚微。存款活期化率的下降，会抬高银行整体的负债成本，从而拖累净息差。这个问题确实值得我们关注，并在今后几个季度密切跟踪，但是人们对此的担忧明显有些过度了，因为银行可以通过资产端的结构调整，提高零售贷款的比例，来带动生息资产收益率的整体上行，使净息差不至于滑落。具体参见后面两问。（三）小微/个人贷款很容易出坏账与他们的认知恰恰相反，事实上零售贷款的坏账率远低于公司贷款。招行2018年报显示，在零售贷款中，小微贷款、信用卡贷款和其他（消费贷、装修贷等）的不良率分别为1.34%、1.11%、1.40%，均显著低于公司贷款的2.13%。为什么零售贷款的坏账率那么低呢？原因很简单，在如今这个信用社会，个人的违约风险极高，为了赖掉几万块钱沦落为失信人，闹得坐不了高铁飞机又无法高档消费，实在得不偿失。另外，中国还没有个人破产制度，银行对个人拥有无限追索权，向个人追债比公司容易得多。零售贷款的好处不只有坏账更少，还由于客户分散、金额偏低的特征，客户在银行面前议价能力弱，使零售贷款拥有更高的定价。招行2018年零售贷款的平均收益率高达6.02%，远超公司贷款的4.24%，考虑到零售贷款里近一半都是收益率较低的房贷，可见剩下的小微贷、信用卡贷、消费贷等收益率比6.02%的平均值还高出不少。你可能会问，既然零售贷款的收益率高，坏账率低，为什么银行以前都不去做呢？答案是，在金融科技还没有发展起来的那个年代，小微客户的微小融资额根本无法覆盖银行成本。比如一个小商户来问银行借3000元用于资金的周转，按2%的利差估计，银行能从这笔贷款中创收60元，而银行员工开个车去实地尽调，一趟汽油钱可能就不止60元了。只有在互联网环境下把这些“长尾”客户聚集起来，通过金融科技的手段实现低成本的信息收集和针对性的资产定价，零售业务才能成为一头“母牛”。金融科技这门重型武器的威力有多强，看看招行18年报：“零售金融通过综合客户设备、环境、交易对手等多个维度，监控超过4000个变量，实现毫秒级的风险决策和亿级数据计算以防控欺诈风险”。今年前三季报，招行的贷款结构继续向零售倾斜，零售贷款同比增长18.75%，远高于对公贷款5.75%的增速，于是我们可以再次印证问题一的那个结论：零售贷款市场是一个增量市场，它对银行而言不是威胁，而是礼物。（四）宏观环境疲弱时期，实体经济融资需求下降，叠加降息周期和存款成本上行，银行的业绩拐点或将出现对银行业不了解的人很容易得出类似的“拐点论”或“承压论”，今天需要纠正一下这个小白式的认知。银行收入分为净利息收入和非利息收入。其中的净利息收入又取决于两个方面——净息差和资产规模。活期存款比例下降、实体经济信贷需求疲软、利率市场化、央行降息，这些因素确实会让净息差腹背受敌。以招行为例，净息差今年一季度2.78%，二季度2.69%，三季度2.57%（2017年2.43%，2018年2.57%），尽管加大力度配置零售资产抵消了一部分，但还是没能避免逐季下行。但另一方面，招行实施以量补价，在资产规模上做了扩张。今年三季度，招行总资产同比增长12.25%，高于同期M2增速，再加上央行降准带来的增益，使得今年1-9月招行的净利息收入同比增长11.23%，维持住了不错的水平。需要注意的是，资产规模并不是想扩就能扩的，它受限于资本充足率和存款规模的制约。招行的过人之处，在于它是五大行之外唯一一家采用高级法而不是权重法来计算风险加权资产的银行，叠加招行零售为主的业务方向和极低的不良率，高级法可以极大的节省资本金——在前三季度资产规模大增，且贷款规模增速（同比+12.92%）高于存款（同比+10.71%）的同时，招行的核心一级资本充足率只下降了0.09%，远远高于监管红线。（解释一下信用风险内部评级高级法，即高级法。用高级法的银行，可以用银行内部的评估系统来为风险资产评级，从而更精准地为各类风险资产确定风险系数，而不是像权重法那样给个固定值，如国债风险系数为0，普通企业贷款100%，住房按揭50%。招行作为经营能力出色的银行代表，用高级法算出来的风险资产就会显著低于权重法，从而节约资本消耗。当然，想用高级法的门槛也非常高，这里不展开了。）接下来第二块，非利息收入，它包含了银行卡佣金、手续费、基金理财代销等，最大的优点是不消耗资本金。对于招商银行，非利息收入尤为不可忽视，今年前三季度它已经占到了总营业收入的35%。这是一个很高的比例，它既得益于招行信用卡的成功，也不得不提招行的另一大创新性举措，即从传统的以存款为导向的考核模式，转变成以AUM为导向的考核模式。招行自此走上了一条与其他银行高息揽储截然不同的道路——它试图通过创新的产品和优质的体验来吸引客户，把更多的用户行为圈入自己的花园。前三季度，虽然招行非利息收入的增长只有7.58%，但它是在资管新规影响下，受托理财收入、代理基金收入和托管收入大幅回落的基础上实现的，实属难能可贵。随着11月1日招行理财子公司的正式开业，非利息收入还将迎来加速增长。在净利息收入和非利息收入的双重加持下，我实在看不出招商银行这个所谓的“业绩拐点”在哪里。（五）招行10倍PE、1.6倍PB，太贵了，我还是去选那些破净的、PE只有五六倍的银行吧我向身边朋友们聊起招行时，经常会听到类似的言论，在我看来这真是有些雷人。没错，从市盈率或市净率看，招行确实比其他银行贵不少，但是我们必须先搞清楚一个最基础的问题，即各家银行报表利润的可靠性有几分。以北京银行、华夏银行、民生银行为例，它们的动态市盈率都只有5倍出头，估值水平远低于招行。可要是拿它们的拨备计提与招行比较，就可以明显看出报表利润含金量的差距：2019半年报，招行拨备覆盖率394%，而北京银行为212%，华夏银行为145%，民生银行为142%。再比较逾期90天以上/不良贷款余额的比例，招行是80%，而北、华、民分别为79%、96%和97%。上面两组指标分别反映了几家银行拨备计提的充分程度，以及不良认定的审慎程度，是我们能从财务报表上读出来的。不过除此之外，部分银行可能还会存在一些“雷”，在当期财务报表上我们甚至都发现不了。例如我有位朋友，他是某地A银行副行长（不是上述几家银行），他跟我说，前两年在他的城市，B银行迎来了一位新的分行行长。这位行长上任后非常激进，我朋友所在的A银行原本不敢做、或最多只批5000万额度的公司客户，B银行直接能批出来9000万。在那一年，B银行的规模和收入冲得很快，那位行长收获了丰厚的奖金，还被评为当年的明星行长。但我朋友觉得，这样的做法迟早会出问题。不出意外，一年多后，B银行的风险不断暴露，逼得他们使出各种“财技”补窟窿，但最后还是掩盖不了，昔日的明星行长彻底跌落神坛，还被总行问责。正是这个故事，让我对高成长的银行也多了几分警惕。在估值时，除了考虑利润的可靠性之外，还需要看资产盈利能力的差异。这就好比有两家火锅连锁公司，它们单店的利润相同，都是每年100万，但第一家火锅店由于租金便宜、品牌响亮、翻台率高，单店只需投入200万就可以；而第二家火锅店则人气平平，每家店需投入500万装修一个很大的店面才能实现。那你觉得，这两家公司的PE或PB不应该有所区别吗？在银行股中，资产盈利能力的差异主要源于①净息差，即手中1块钱的生息资产可以获得多少的净利息收入；②非利息收入，它不受资本金的制约，用户粘性越强、高端用户越多，其变现能力就越足。如前文所说，这两项正是招行的优势所在。我们看18年的ROE，招商银行达到15.79%，高于北京银行的10.89%、华夏银行的10.83%、民生银行的12.60%——再考虑到招行强大的内生性资产扩张能力，谁更像那家小投入、大回报的连锁火锅品牌，已一目了然。报表利润可靠性高且偏保守、手握优质客户盈利能力强、内生性资产扩张空间大、管理层高瞻远瞩经营稳健、每年利润30%拿来分红还能保持至少两位数的盈利增长，这么一家银行昨日收盘的股价按2019年业绩算PE还不到10倍，可是如此情形下，竟然还有银行股的投资者总嫌它估值太贵，转而选择其他“便宜”的银行，这多少让我有些费解。或许最后还是应该附上巴菲特在1990年致股东信里的下面这段话。值得我们思考的是，在中国最接近老巴口中“well-managed”的银行，究竟是哪一家呢？重要说明本文为个人投资记录及商业分析，其中观点可能充满了我个人的偏见和错误。对于任何股票在未来一个月、半年或一年的走势，我完全一无所知，更无法预料，涨跌多少都是有可能的。请坚持独立思考，切不可依赖文中内容作出买入或卖出决策！责任编辑：张恒
新能源子公司引战略投资者 长安汽车丧失控制权,原标题：新能源子公司引入战略投资者  长安汽车丧失控制权来源：每日经济新闻每经记者 孙桐桐12月3日晚间，长安汽车（000625，SZ）发布公告称，全资子公司重庆长安新能源汽车科技有限公司（以下简称长安新能源）拟引入南京润科、长新基金、两江基金、南方工业基金作为战略投资者，四方股东分别拟增资10亿元、10亿元、7.4亿元、1亿元。本次增资完成后，长安汽车持有长安新能源的股权比例将由100%稀释到约48.95%，丧失控制权，长安新能源将由长安汽车全资子公司变为联营公司。长安汽车预计放弃权利事项对公司合并报表产生的影响为增加净利润22.91亿元。今年9月30日，长安新能源在上海联合产权交易所公开挂牌，拟通过增资扩股引入不少于两家战略投资者，长安汽车放弃本次增资的优先认购权。截至2019年12月3日，共有四家战略投资者向上海联合产权交易所递交了投资意向登记材料，并缴纳保证金。增资完成后，南京润科、长新基金、两江基金、南方工业基金四方战略投资者所持长安新能源股比分别约为17.97%、17.97%、13.30%、1.80%。“因为长安是上市公司，我们需要融合社会资源来加快新能源的发展，且不让上市公司的投资者感到这是一个巨大的问题。”在2019广州车展期间，长安汽车总裁朱华荣在接受《每日经济新闻》记者采访时表示，采取挂牌增资扩股的措施得到了社会各界的支持。“新能源汽车属于新业务，势必要烧钱，长安汽车若持股比例小于49%，不会拖累其上市公司业绩。”一位不愿具名的汽车证券分析师向记者表示。在主流自主品牌中，长安汽车在新能源领域的成绩相对落后。数据显示，今年前9个月，长安新能源累计销量约为2.9万辆。相比之下，比亚迪新能源汽车累计销量为19.26万辆，而同为“后来者”的吉利新能源车型同期累计销量为7.87万辆。责任编辑：陈悠然 SF104
快讯：天然气板块走强 贵州燃气涨9%,新浪财经讯 12月4日消息，天然气板块走强，截至发稿，贵州燃气涨9%，新疆火炬、东方环宇、恒基达鑫、新天然气集体跟涨。消息面上，国家统计局：液化天然气（LNG）价格4264.9元/吨，与11月中旬相比上涨3.4%。责任编辑：田原
弹劾报告300页！特朗普被指滥用职权、妨碍调查！,当地时间12月3日，美国众议院情报委员会表决通过了弹劾美国总统特朗普的调查报告。报告详细描述了已经进行数周的弹劾调查取证工作，并声称特朗普滥用了他的行政权力。△ 资料图 美国总统特朗普弹劾调查报告长达300页 直斥特朗普滥用职权美国国会众议院情报委员会在3日公布的针对美国总统特朗普长达300页的弹劾调查报告中称，美国总统特朗普滥用职权，将“自身的政治利益置于美国国家利益之上”，危害国家安全。该报告同时强烈暗示特朗普存在妨碍司法公正的不当行为，这也将成为是否弹劾特朗普辩论的事实基础。众议院情报委员会：特朗普为谋求自身利益牺牲国家安全据报道，在报告发布当天的新闻会上，众议院情报委员会主席希夫表示，“这任总统愿意牺牲美国的国家安全……以谋求他想要的东西。”“这不是关于乌克兰，这是关于我们的国家安全。”希夫说，“美国民众应该深切关注，总统背叛了他们对他的信任。”△ 众议院情报委员会主席希夫报告指控特朗普全面妨碍众院弹劾调查报告还指控特朗普是美国史上首位寻求全面妨碍众院弹劾调查的总统，包括拒绝让他的高阶顾问提供文件和证词，阻挡职业政府官员做证以及恐吓证人等。报告揭示大量细节据报道，这份报告还向外界揭示了许多细节。比如2019年4月，特朗普的私人律师朱利安尼及其同伴，曾与众议院情报委员会的最高共和党议员努内斯进行了一连串的通话。当时，朱利安尼正在乌克兰挖掘拜登的黑料。报告还显示，在《纽约时报》5月份曝出朱利安尼打算前往乌克兰并敦促乌克兰领导人调查拜登一家之后，朱利安尼将电话打到了白宫战情室。△ 资料图 朱利安尼（左）情报委员会准备将这份报告转交给众议院司法委员会，为之后的弹劾调查提供事实依据。特朗普：民主党人都在浪费时间特朗普3日在伦敦参加北约领导人峰会时再度批评称，民主党人推动弹劾是“不爱国的”，他表示将不会观看众院司法委员会的听证过程，“全都不合理，他们（民主党人）都在浪费时间。”弹劾调查案将由众议院司法委员会接手据了解，关于针对特朗普的弹劾调查案未来将由众议院司法委员会接手，弹劾调查即将进入下一阶段。美国众议院司法委员会已定于12月4日举行首场弹劾听证会，多位法学教授将出席该听证会探讨弹劾总统的宪法基础。美国总统特朗普及其律师此前已表示拒绝出席该听证会。随后美国众议院司法委员会还将举行更多听证，从而决定是否提议弹劾特朗普、以什么“罪名”弹劾。此前有美国媒体引述内部人士的话称，美国司法委员会可能在今后两周内就是否提议弹劾特朗普进行表决。一旦通过弹劾案，可能在12月25日圣诞节前在众议院全体会议接受表决。在美国，弹劾总统分几步？美国总统弹劾流程简而言之就是“众议院具有发起弹劾的主要权力，而参议院具有最终决定权。”第一步，由众议院议员发起弹劾议案。第二步，由众议院议长决定启动正式的弹劾调查程序。第三步，众议院委员会——通常为司法委员会，将决定是否有充足的证据发起弹劾，并需超过半数投票通过。最后关键一步——由参议院全体投票决定是否弹劾成功。依据美国宪法，只有弹劾条款获得参议院三分之二参议员的支持，美国总统才会下台。目前弹劾调查程序即将进入第三步。▌本文来源：央视新闻综合中国新闻网责任编辑：孟然
英特尔或花费超10亿美元收购AI芯片公司Habana Labs,原标题：英特尔或花费超过10亿美元收购AI芯片初创公司Habana Labs来源：雷锋网雷锋网消息，以色列媒体Calcalist周二报道，美国科技巨头英特尔公司正在进行高级谈判，拟以10亿至20亿美元的价格收购以色列初创公司Habana Labs。Calcalist 报道指出，如果这笔交易得以通过，它将成为英特尔在以色列的第二大收购。第一大收购是英特尔于2017年收购了自动驾驶芯片公司Mobileye。去年，英特尔的投资部门对这家AI芯片公司Habana Labs进行了投资，也是该公司获得的7500万美元B轮融资的一部分。追踪以色列科技业的Start-Up Nation Central称，迄今为止，这家以色列公司已经筹集了约1.2亿美元。由David Dahan和Ran Halutz于2016年创立的Habana Labs致力于提高AI芯片的处理性能并降低其成本和功耗，其AI芯片主要针对深度神经网络训练的特定需求。这家AI初创公司的第一个处理器Goya（AI推理）已经出售给全球客户，该公司还在今年6月推出了其Gaudi AI训练处理器解决方案。Habana Labs是一家无晶圆设计公司，芯片的制造交由第三方，根据官方的信息，目前该公司全球拥有150名员工，在特拉维夫、加利福尼亚圣何塞、北京、波兰格但斯克设有办事处。对此传言，Calcalist报道称英特尔拒绝置评。Habana Labs没有立即回复寻求评论的电子邮件。英特尔目前的战略是以数据为中心，AI作为其中非常关键的一部分，英特尔已经拥有了从CPU、GPU、FPGA到ASIC的AI芯片。不久前，英特尔表示2019年的AI收入将达到35亿美元，并且公布了Nervana NNP-I/T的更多消息。雷锋网认为，英特尔完整的芯片类型的布局是其区别于其他AI芯片提供商的特色，并且此前已经通过收购获得了FPGA和AI ASIC。如今如果再花费巨资收购云端AI 芯片初创公司是否会和Nervana NNP产生产品上的重叠以及很好地整合是一个值得关注的话题。责任编辑：刘玄逸
谷歌三驾马车成历史 皮查伊兼任母公司CEO,原标题：谷歌三驾马车将成历史，创始人退位，皮查伊兼任母公司CEO曾经发誓要共同战斗到至少2024年的谷歌“三驾马车”都退出了领导者角色。美国当地时间周二，谷歌联合创始人拉里 · 佩奇（Larry Page）和谢尔盖 · 布林（Sergey Brin）宣布，两人分别卸任谷歌母公司 Alphabet CEO 和总裁职务。现任谷歌 CEO 桑达尔 · 皮查伊（Sundar Pichai）将同时兼任Alphabet CEO，总裁职务将被取消。拉里·佩奇和谢尔盖·布林于1998年创立谷歌。谷歌在2004年上市，到今年已经走过21个年头。“如果公司是人的话，它已经是一个21岁的年轻人，是时候离开家了。虽然如此长期深入参与公司的日常管理是一种极大的荣誉，但我们相信，现在是时候承担自豪的父母角色了：提供建议和爱，而不是日常唠叨”，佩奇和布林在官方博客中表示。谷歌曾在2015年进行重组。随着公司壮大成熟，该公司在 2015 年宣布资产重组计划，成立谷歌母公司Alphabet。谷歌成为其最大子公司，专注于搜索和广告业务，无人车、DeepMind等新兴业务从谷歌剥离开。就在这一年，皮查伊成为谷歌CEO。原谷歌CEO佩奇成为母公司Alphabet CEO，而联合创始人布林担任总裁。如今，佩奇和布林认为，随着Alphabet成熟，谷歌和其他分公司作为独立公司有效运作，很自然要简化公司管理结构，“Alphabet 和谷歌不再需要两位CEO和一位总裁。”不过，他们也指出，还将会积极参与Alphabet公司的董事会管理。在今年6月谷歌另一名元老埃里克 · 施密特（Eric Emerson Schmidt）宣布退出 Alphabet 董事会；如今两位联合创始人也离开了谷歌管理层，曾经驱动谷歌的三驾马车将成历史。在随后的公开信中， 皮查伊表示，将继续与他们合作，“尽管他们和我的角色不同，他们仍会为董事会成员和联合创始人提供建议。这种过渡不会影响Alphabet的结构和日常工作。我将继续关注谷歌。”不过，该公司目前面临内忧外患， 皮查伊要面对的挑战并不少。一方面，谷歌内部近年来面临员工抗议，例如抗议公司参与政府项目、对管理层和政策不满以及高管面临性骚扰丑闻仍获得高额离职赔偿。同时，该公司也面临外部调查。欧盟近日表示，已对美国社交网站Facebook以及谷歌收集用户个人信息的方式和用途展开初步调查。在此之前，谷歌已经多次被欧盟调查并罚款。另一方面，谷歌正面临激烈的外部竞争，例如主营业务广告面临来自亚马逊的竞争，云计算领域落后亚马逊和微软。调研机构Gartner发布的全球云计算市场数据显示，2018年亚马逊AWS依旧领跑，阿里云份额增长近一倍。据Gartner统计，2018年全球云计算市场向头部进一步集中，3A（亚马逊AWS、微软Azure、阿里云）占据七成市场份额。谷歌近年也在云计算业务上大力投入，包括工程师和销售团队的投资。去年11月26日，曾在软件巨头甲骨文工作22年的Thomas Kurian加入谷歌云，并于2019年初取代Diane Green，他曾在甲骨文担任产品开发总裁。在高盛科技与互联网大会上，Thomas 称：“我们将更积极地参与竞争！”亚马逊AWS是全球最大也是最先实现盈利的公有云厂商。在“移动为先，云为先”战略下，萨提亚•纳德拉（Satya Nadella）将微软重新送上全球市值第一的宝座。在今年第二季度，微软当前的三大业务中，智能云服务业务首次超过发家业务Windows所在的更个性化的计算业务。不皮查伊并未详细披露云计算的营收，不过他在今年二季度财报会上表示，该公司的云业务年收入达到80亿美元，即季度营收约20亿美元，并计划在未来几年将销售人员增加两倍。不过，这一数据包括了其云计算平台和工作应用G套件（G Suite）。
成都市成功出让2宗地块 金地集团摘得一宗,原标题：成都市成功出让2宗地块 金地集团摘得一宗12月4日，成都市以拍卖方式成功出让2宗住宅用地，总出让面积34062.37平方米（约51.09亩）。最终，陕西朗坤投资有限公司（金地集团）竞得JN04（251）：2019-04地块，楼面价14200元/㎡，溢价率为1.43%。资料显示，该地块位于金牛区抚琴街3号片区，净用地面积10724.5㎡，约合16.0867亩，楼面起拍价14000元/㎡，竞买保证金9100万元。出让条件显示，该地块采取“设置最高限价+竞配建并无偿移交租赁住房面积比例”方式拍卖。成都市兴城建置业有限责任公司底价摘得QY08（251）：2019-042地块，楼面价11900元/㎡，配建并无偿移交的租赁住房面积的比例为20%。资料显示，该地块位于青羊区苏坡街办清波村三组，净用地面积23337.87㎡，约合35.0068亩，楼面起拍价11900元/㎡，竞买保证金11200万元。出让条件显示，该地块采取“配建并无偿移交固定体量租赁住房面积比例+设置最高限价+续竞配建并无偿移交租赁住房面积比例”方式拍卖（原标题：成都市成功出让2宗地块 金地集团摘得一宗）
莎莎国际新加坡22店全线结业 170人被裁,"新浪港股讯 据香港商报报道，莎莎国际2日宣布，董事会决定关闭连续亏蚀6年的新加坡市场所有零售店铺，集中资源发展香港及澳门、内地和马来西亚市场，以及电子商贸业务。集团指出，截至今年9月底止六个月，集团在新加坡市场营业额为9,940万元，按当地货币计算，按年跌4.6%，占集团总营业额2.8%。莎莎续指，为改善新加坡业务，集团近年重整当地管理团队并优化店铺及产品组合，惟成绩仍远不及理想。集团合共经营265间分店，当中22间位于新加坡，是次关闭新加坡店铺而离职的员工数目约170名，终止新加坡的租赁合约预计不会对集团的经营产生任何重大影响。截至今年9月底，集团现金及银行结余为7.887亿元，足以应付业务所需。计及关闭新加坡业务所产生的各项亏损及支出，预计对集团的现金流没有重大影响。集团续指，集团于香港核心市场的经营环境因内地访港旅客数目锐减而变得十分严峻，面对前所未见的重大挑战，集团首要任务是将资源集中投放于核心市场及具增长潜力的业务，以保持盈利能力。集团亦有意整合线上线下业务，并会加快内地零售店铺网络及电子商贸的发展步伐，以望填补部分香港流失的人流和销售额。莎莎今日收报1.72元，跌2.27%，成交额1,333万元。责任编辑：张海营"
机构：前11月江苏省土地出让金达6116.7亿元,原标题：机构：前11月江苏省土地出让金达6116.7亿元据好地大数据统计，2019年1-11月，江苏省已成交地块1610宗，总建筑面积13136.34万方，同比去年增加1.81%；总成交金额6116.7亿元，同比上涨20.65%。目前，江苏省挂牌中地块为419宗（只统计12月将出让地块），总建筑面积4053.24万方，总起价1236.35亿元。若全部底价成交，全年合计总建筑面积为17189.58万方，相比去年全年涨幅约13.45%；全年合计总出让金为7353亿元，较去年全年涨幅约33.52%。2019年1-11月，成交建面排名前三的3个城市分别为徐州（2066.59万方）、南通（1577.62万方）、苏州（1466.06万方）；2019年1-11月，成交金额方面，苏州（1589.4亿）、南京（1320.34亿）、常州（595.43亿）分列前三甲。房企拿地方面，2019年1-11月，碧桂园以217.4亿元夺得江苏拿地金额冠军，2至10位分别为：招商、华侨城集团、保利、中海、新希望、华润置地、旭辉、新城、中国金茂；2019年1-11月，碧桂园以381.8万方夺得江苏拿地建筑面积冠军，2至10位分别为：绿地、富力、新城、美的置业、恒大、中南建设、弘阳、招商、保利。注：①统计时间：2019年1月1日-11月30日；②统计范围：江苏省13市住宅、商住和商业性质用地；③挂牌中地块按底价成交计算；④涉及多家房企联合拿地的情况，成交金额权益、土地建筑面积平均计算。一、江苏省2019年1-11月成交地块出让金6116.7亿元据好地大数据，2019年1-11月，江苏省已成交地块1610宗，总建筑面积13136.34万方，同比去年增加1.81%，相比去年全年（15151.33万方）差额在2014.99万方；总成交金额6116.7亿元，同比上涨20.65%，相比去年全年（5507亿元），已增加609.7亿元。目前，江苏省挂牌中地块为419宗（只统计12月将出让地块），总建筑面积4053.24万方，总起价1236.35亿元。若全部底价成交，则合计全年总建筑面积为17189.58万方，相比去年全年的15151.33万方，涨幅约13.45%；总出让金为7353亿元，相比去年全年的5507亿元，涨幅约33.52%；成交楼面均价4277.6元/㎡，相比去年的3251元/㎡，上涨了1026.6元/㎡，涨幅31.6%。二、苏州出让金1589.4亿元夺冠，徐州成交建面2066.6万方排第一2019年1-11月，苏州市土地出让金以1589.4亿元位列第一，紧随其后的南京，出让金达1320.34亿元，双双成为江苏省唯二的土地出让金破千城市。2019年1-11月城市土地出让金榜单而成交建筑面积最高的城市为徐州市，已达到2066.6万方；排名第二的是南通市，为1577.6万方；第三位则是苏州市1466.06万方。2019年1-11月城市土地出让建面榜单若计算上各个城市目前挂牌中地块，出让金排名前三分别是：苏州市（1783.53亿元）、南京市（1577.99亿元）和无锡市（741.24亿元）；成交建筑面积前三则分别是：徐州市（2918.76万方），南通市（2028.68万方）和苏州市（1868.18万方）。三、碧桂园依然是拿地金额、拿地建面双冠军房企拿地方面，2019年1-11月，碧桂园以217.4亿元夺得江苏拿地金额冠军，2至10位分别为：招商、华侨城集团、保利、中海、新希望、华润置地、旭辉、新城、中国金茂。2019年1-11月房企拿地金额前102019年1-11月，碧桂园以381.8万方夺得江苏拿地建筑面积冠军，2至10位分别为：绿地、富力、新城、美的置业、恒大、中南建设、弘阳、招商、保利。2019年1-11月房企拿地建面前10（原标题：机构：前11月江苏省土地出让金达6116.7亿元）
欧盟：将团结应对美拟对法商品加征关税 或求助WTO,据路透社报道，欧盟委员会3日表示，欧盟各国将团结一心，共同应对美国针对法国商品加征关税的计划，并认为求助于世界贸易组织（WTO）是解决此类争端的最佳途径。美国白宫2日曾表示，可能对价值24亿美元的法国香槟，葡萄酒，奶酪和奢侈品进口征收高达100%的关税，以回应法国对美国科技巨头征收的“数字税”。欧盟委员会一位发言人表示：“在这件事上，就像在所有其它与贸易相关的事情上一样，欧盟将团结一致，共同采取行动、做出反应。”该发言人补充称，负责协调欧盟28个成员国贸易政策的委员会认为，这类争端最好寻求通过WTO解决。据报道，委员会在与法国进行协调的同时，将寻求与美国立即对话。法国经济和财政部长勒梅尔4日还将在布鲁塞尔与欧盟新任贸易执委郝根举行会晤。“欧盟方面已经提出了解决方案，包括解决双方悬而未决的合规问题。到目前为止，美国方面还没有参与其中。我们进行磋商的决心没有改变。”委员会发言人说。责任编辑：魏雨
快讯：稀土板块午后拉升 德宏股份涨停,新浪财经讯 12月4日消息，稀土板块异动拉升，截至发稿，德宏股份涨停，金力永磁、银河磁体、五矿稀土等跟涨。消息面上，南方稀土今日公布的本周挂牌指导价显示，重稀土价格再上调。同上次相比，氧化钆报价15.8万元/吨，上涨0.1万元；氧化钬报价30.5万元/吨，上涨0.5万元。东兴证券指出，稀土产品方面，除氧化镧外均有不同幅度的上涨，市场实际成交氛围回暖，上游商家存在挺价意愿。责任编辑：田原
沪指低开震荡 隔夜美股大跌,"本页面动态更新，刷新可获得最新信息。以下为《线索Clues》13:10综述:【市场焦点】周三，亚太股市涨跌不一。继周二低开高走后，沪指低开0.27%后震荡，截至13:10，报2874.85，跌0.34%。深证成指领涨。恒指低开1.29%后小幅震荡，截至13:10，报26,079.8，跌1.19%。隔夜，美股三大指数收跌，美国总统特朗普（Donald Trump）的讲话削弱了市场信心。截至9:40，在岸人民币（USD/CNY）报7.068，较上一交易日贬值73点（pips）。反映境外投资者预期的离岸人民币（USD/CNH）报7.07。周三，人民币中间价报7.038，调降159点。亚太交易时段，截至9:40，美元指数（DXY）报97.7。基于美东时间周二17:55，美元指数（DXY）收报97.7，跌0.13%。美国10年期国债收益率周二收报1.72%，跌11BP。隐含市场对加息预期的2年期美债收益率收报1.53%。伴随着美债收益率大跌，美股银行股集体下跌。COMEX期金（GC）主力合约周二收报1483.5美元/盎司，涨0.97%。周二，国际基准ICE Brent原油期货（OIL）主力合约收于61.16美元，涨0.39%；美国NYMEX WTI原油期货（CL）主力合约收于56.32美元，涨0.64%。【亚太股市】亚太股市涨跌不一 沪指低开震荡A股：截至13:10，上证综指报2874.85，-0.34%；深证成指报9668.15点，+0.11%；创业板指报1673.05点，-0.14%；权重蓝筹代表上证50报2896.06点，-0.43%。板块涨跌不一，金属领涨，地产、电信等领跌。●12月3日，为了完善税收法律制度，财政部联合国家税务总局共同起草了《中华人民共和国消费税法（征求意见稿）》，向社会公开征求意见。《征求意见稿》将“加工、修理修配劳务”并入“服务”，将“销售金融商品”从“服务”中单列，即增值税的征税范围为，在境内销售货物、服务、无形资产、不动产和金融商品，以及进口货物。从整部征求意见稿看，最为核心的一点在于消费税税目、税率以及征收环节调整的权力归属。征求意见稿设置了对消费税税率的授权条款，明确国务院可需要根据经济发展、产业政策、行业发展和居民消费水平的变化等因素，对消费税税率进行相机调整。●工信部12月3日发布了《〈新能源汽车产业发展规划（2021-2035年〉（征求意见稿）》。意见稿提出，到2025年，新能源汽车市场竞争力明显提高，动力电池、驱动电力、车载操作系统等关键技术取得重大突破，新能源汽车新车销量占比达到25%左右，智能网联汽车新车销量占比达到30%，高度自动驾驶智能网联汽车实现限定区域和特定场景应用。2012年国务院发布实施了《节能与新能源汽车产业发展规划（2012-2020年）》，我国新能源汽车产业发展成效显著，《规划》衔接了2020年的发展和接续，目的是为了推动新能源汽车产业的高质量发展和加快建设汽车强国。中国汽车工业协会副秘书长姚杰表示，在此前很长一段时间里，新能源汽车市场主要是由政策主导，并高度依赖于补贴等传统扶持政策；而根据目前公布的《规划》意见稿，国家已经为传统补贴退坡后市场打下了一个重要的政策基调，为中国汽车产业提供了一个奋斗及创新的大方向。●瑞信（Credit Suisse）亚太区首席投资总监伍泽恩 (John Woods) 预计，中国股票将跑赢全球新兴市场综合指数。大国贸易战降温将显著利好与中国供应链紧密相连的国家或地区，更为重要的是中国的国内需求演变及其对该地区出口的影响。同时，随着政府实施的刺激经济政策发挥效力，中国领先经济指标与公司盈利也在改善。●12月4日公布的11月财新中国通用服务业经营活动指数（服务业PMI）录得53.5，高于10月2.4个百分点，为5月以来最高，显示服务业经营活动加速扩张。港股：恒指低开1.29%，截至13:10，报26,079.8，跌1.19%。点击查看香港市场ETF筛选器。其他亚太股市（IPAC）涨跌不一。日经225指数（513000）跌1.28%。点此查看亚洲股市行情。瑞信（Credit Suisse）认为，在贸易紧张局势缓解、全球各大央行放松货币政策，以及亚洲经济颓势呈现即将见底的迹象，均为支撑亚洲股市提供更加有利的环境。亚洲有望获益于2020年初全球工业增长势头的改善，且维持5.3%的全年增长率，接近2019年的5.4%。我们预计，工业生产当前的颓势将于12月份触底，并于明年第一季度开始反弹。此情况应能提振该地区的出口，改善一些国家的贸易收支状况及促进资本流入此地区。此外，中国内地、韩国等地的制造业采购经理人指数的新订单分项指数呈现企稳迹象，预示经济复苏，也支撑上述积极观点。盈利方面，继为期17个月的下调后，我们似乎已经来到拐点，分析师在近几周已开始上调企业盈利预测。受苹果供应链强劲需求及5G加速渗透的支撑，科技行业持续改善的前景也令人鼓舞。鉴于上述种种因素，我们认为亚洲股市有望于未来几个月逆转跌势。【美欧股市】美股三大指数收跌美股：周二，道指（.DJI）收报27,502.81点，跌1.01%；标普500指数（.INX）收报3093.20点，跌0.66%；纳指（.IXIC）收报8520.64点，跌0.55%。📅本周将公布的重要数据、事项及提示有：周三，美国ADP就业人数，11月美国ISM非制造业PMI；周四，石油输出国组织（OPEC）会议； 周五，美国非农就业报告（NFP）。据“ETF精选”数据，由标普500成分股组成的板块周二多数下跌。对贸易局势变坏的预期使避险情绪升温，衡量市场恐慌程度的CBOE波动率指数（VIX）大涨，盘中一度创7周新高。欧洲股市：周二，德国DAX 30指数（513030）（DAX）上涨0.19%，英国富时100指数（02847）下跌1.75%，法国CAC 40指数下跌1.03%。点此查阅英股实时行情。知情人士称，在欧洲央行官员与欧元区国家财长们的保密会议上，欧洲央行的负利率政策面临越来越多的反对。知情人士透露，一些欧元区国家的财长，尤其是北欧国家的财长，在有关经济的保密会议讨论期间，质疑欧洲央行的负利率货币政策立场，抱怨负利率对储蓄和养老金体系的不利影响。由于此事敏感，知情人士要求匿名。欧洲央行表示，如果政府采取更多措施刺激经济，负利率不会持续那么久。闭门会议上的紧张关系可能反映出央行官员之间的分歧，突显了新任欧洲央行行长拉加德（Christine Lagarde）所面临的挑战。她所引领的政策路径已经受到遗留争议的困扰。【汇率】美元指数持续下跌周三，美元兑人民币报7.038，调降159点（pips）。亚太交易时段，截至9:40，美元指数（DXY）报97.7。基于美东时间周二17:55，美元指数（DXY）收报97.7，跌0.13%。瑞信（Credit Suisse）预计2020年美国国内生产总值(GDP)的增长放缓至1.8%，并伴随着核心通胀上升。美元将继续受到支撑，但由于该货币相对大多数其他G10货币具有的利率优势减弱，美元年内可能会走软。欧元区货币政策进一步放宽的可能性较低，但极具弹性的信贷增长应支持经济持续扩张，预计GDP增长率为1%。财政刺激与英国脱欧不确定性的消退应能支持欧元。2020年夏季奥运会将在上半年产生强大的推动力，提振日本经济。总体而言，日本GDP增幅可能降至0.4%，但全球制造业预料之中的好转，应可以限制经济放缓的速度。瑞信认为日元兑美元（JPY/USD）现估值偏低，料为日元带来支撑。点此查看最近一周资金流入最多的外汇ETF。编者注：新浪外汇货币对行情的“收盘价”基于美东时间17:55的买方出价（bid）计算获得。【利率】10年期美债收益率周二大跌11BP投资者可以通过沪深交易所逆回购如GC001（204001）、R-001（131810）进行短期现金管理；通过交易型货币市场基金（511990）（511880）进行场内交易。在香港离岸市场，CSOP货币市场ETF（03053）跟踪3个月港元Hibor。截至11:30，据中国货币网数据，银行间市场存款类机构7天期质押式回购成交利率（DR007）报2.45%。点此了解回购利率。投资者可通过查阅上海同业拆借利率（Shibor）了解更多国内市场利率。美国10年期国债收益率周二收报1.72%，跌11BP。隐含市场对加息预期的2年期美债收益率收报1.53%。伴随着美债收益率大跌，美股银行股集体下跌。点此查看最近一周资金流入最多的固定收益ETF。【贵金属】期金周二上涨COMEX期金（GC）主力合约周二收报1483.5美元/盎司，涨0.97%。点此查看上海黄金交易所（SGE）贵金属行情。点此查看最近一月资金流入最多的黄金ETF。【大宗商品】美油期货周二上涨周二，国际基准ICE Brent原油期货（OIL）主力合约收于61.16美元，涨0.39%；美国NYMEX WTI原油期货（CL）主力合约收于56.32美元，涨0.64%。点此查看能源原油类ETF。周二，美国石油协会（API）公布的数据显示，美国截至11月29日当周API原油库存减少372万桶，预期减少179.8万桶；汽油库存增加293万桶；精炼油库存增加79.4万桶。EIA美国原油库存连续5周录得增加后，API原油库存录得下降，数据公布后，美油短线快速走高。Lipow Oil Associates总裁Andy Lipow指出，随着OPEC会议的临近，不仅将延长现有的减产计划，而且还将加大减产幅度，加上美元走软，这都对油价产生支撑。截至11:30，INE中国原油期货主力合约SC0报449元，跌0.66%。隔夜，该合约低开高走。编者注：1）《线索Clues》行情数据的NYMEX WTI原油期货、COMEX黄金期货合约“收盘价”基于交易日美东时间17:00前最后成交价；国际基准ICE布伦特原油期货“收盘价”基于交易日美东时间18:00前最后成交价。2）根据交易所规则，COMEX黄金期货、NYMEX WTI原油期货合约的结算价（settlement price）分别产生于交易日美东时间13:30、14:30；国际基准ICE布伦特原油期货合约结算价产生于交易日美东时间15:30。【加密货币】比特币在7000美元附近震荡交易平台Bitstamp数据显示，截至北京时间11:30，比特币现货价格（BTC）报7162.03美元。交易所交易基金BLOK、BLCN、BCNA含有区块链相关的行业敞口。（线索Clues/ 李涛 实习编辑 樊文佳）👉编辑精选：行情：伦交所环球板交易工具（CDI）Vanguard集团浦彦：解读债券ETF流动性的两大误区世界最大主权财富基金设计者揭秘思考视角美联储年内三度降息 鲍威尔释放暂停信号邓普顿基金：新兴市场股票仍具吸引力责任编辑：李涛"
前董事长承认占用资金 新开源急着开股东会意欲何在?,什么是任性？面对交易所的关注函警示，新开源仍坚持要在今天下午召开股东大会，对相关具有重大争议的事项进行审议！当然，公司也没有胆大到完全无视监管权威。今天一大早，新开源发布了对交易所关注函部分问题的解释，虽然事情还没有完全查清楚，但公司坚持认为，相关事实无需澄清或更正，股东大会无需取消或延迟。责任编辑：陈悠然 SF104
