火锅店橱窗内老鼠淡定啃食牛肉 市监局：已查封停业,火锅店橱窗内老鼠淡定啃食牛肉 市监局：已查封停业来源：广东广播电视台近日，广东省汕头市一火锅店内，老鼠吃牛肉的两段视频在网上广泛流传。从网友提供的视频可见，火锅店的橱窗内，有两只老鼠正在悠闲地啃食牛肉，看到有人驻足拍照也不怕，甚至还站立起来，啃得津津有味。执法人员随后对该店进行检查，现场发现，该牛肉店存在防鼠设施不全、有鼠迹、厨房脏乱等食品卫生问题。目前，执法人员已依法立案，对该火锅店采取查封强制措施，责令其停业整顿。案件仍在进一步调查处理中。责任编辑：阮璐阳
8批次太阳镜质检不合格 博柏利、DIOR等品牌在列,原标题：8批次太阳镜质检不合格 博柏利、DIOR等品牌在列新京报讯（记者张泽炎）12月3日，上海市市场监管局发布公告称，对浦东国金中心、正大广场、静安恒隆广场、徐汇恒隆广场、青浦奥特莱斯等商圈36家企业销售的40个品牌40批次太阳镜进行了质量抽检和市场检查。经检测，有8批次不合格，不合格检出率为20.0%，比去年上升了4个百分点。记者注意到，博柏利（Burberry）、H&M、ZARA、MICHAEL KORS、DIOR等品牌上了“黑榜”。上海市市场监管局表示，抽检进口奢侈品牌23批次，有6批次不合格，不合格检出率为26.1%；抽检国产品牌17批次，有2批次不合格，不合格检出率为11.8%。太阳镜不合格项目主要是镜架要求（抗汗腐蚀）、可见光透射比、光透射比相对偏差和标志4个项目。与去年抽检情况相比，可见光透射比、抗汗腐蚀和标志不合格情况依然存在。具体来看，海恩斯莫里斯（上海）商业有限公司黄浦第二分公司销售的标称由海恩斯莫里斯（上海）商业有限公司生产（或供货）的“H&M”牌遮阳镜（型号规格：均匀色/349937），被检出同时存在抗汗腐蚀、可见光透射比两项指标不合格。其中，抗汗腐蚀实测镜圈下缘有腐蚀点和变色（标准要求应无腐蚀点或变色，镀层不锈蚀、剥蚀或脱落），与标准要求不符。抗汗腐蚀不合格，一方面容易出现镜架褪色、镀层剥落等问题，另一方面镜架中的镍、铅等重金属析出，可能引起皮肤过敏。此外，博柏利（上海）贸易有限公司第六分公司在港汇恒隆广场销售的、标称由博柏利（上海）贸易有限公司生产（或供货）的“博柏利”牌太阳镜（型号规格：均匀色/B4277-F；生产日期或批号：4080391），可见光透射比企业明示为遮阳镜2类（18＜tv≤43），实测为右12.8、左13.0，未达到2类标准要求。迈克尔高司商贸（上海）有限公司浦东分公司在上海国金中心商场销售的、江苏东方光学有限公司上海分公司生产的（或供货）MICHAEL KORS迈克尔高司牌太阳镜（均匀色/10245A）被检出可见光透比不合格。飒拉商业（上海）有限公司销售的标称由其生产（或供货）的“ZARA”牌太阳镜（型号规格：均匀色/02727/012/250/039），光透射比相对偏差实测23.7（标准值应≤15），与标准要求不符。光透射比相对偏差不合格，左右眼进光量差异较大，容易发生视觉疲劳，影响视力健康。Christian Dior、菲拉格慕、MASSIMO DUTTI、LONGCHAMP、ZARA品牌在内的5批次产品存在标志不合格问题。据抽检结果，市场监管部门已责令相关经营者立即停止销售不合格商品，对库存商品、在售商品进行全面清理，督促公示的不合格商品经营者按照相关法律法规的要求主动采取措施，并依法对销售不合格商品的经营者调查处理。新京报记者 张泽炎责任编辑：赵慧芳
香港航空称将获注资 明日支付拖欠员工工资,新浪美股讯 北京时间4日消息，陷入困境的香港航空公司周三表示，已制定了一项初步的注入现金计划，并将于周四支付拖欠的员工薪水，但没有提供其现金注入计划的更多详细信息。此前香港监管机构要求该公司必须在12月7日前改善财务状况，否则可能被暂停或吊销营业执照。这家由海航集团控股的香港第二大航空公司在一份电邮声明中表示，一旦资金到位就将逐渐恢复正常运营。该航空公司上周曾表示，将推迟支付部分员工的薪水，并在明年削减更多航班。责任编辑：于健 SF069
市场监管总局详解 涉企经营许可事项清单管理制度,原标题：涉企经营许可事项清单管理制度为何？市场监管总局详解中新网12月4日电 涉企经营许可事项清单管理制度具体内容为何？针对此，市场监管总局登记注册局局长熊茂平4日予以了解释。国务院政策例行吹风会4日举行，介绍在自由贸易试验区开展“证照分离”改革全覆盖试点有关情况。有记者提问：在全国自贸试验区开展“证照分离”改革全覆盖试点，同时也建立了涉企经营许可事项清单管理制度，这项制度的具体内容为何？对此，熊茂平指出，通过清单管理实现对所有涉企经营许可事项全覆盖，清单以外一律不得违规限制企业进入特定行业或领域开展经营，营造稳定公平透明、可预期的市场准入环境。清单管理制度主要包括以下三个方面内容：一是涉企经营许可事项全部纳入清单管理。锁定涉企经营许可事项的范围，全部纳入清单。完善清单要素，对涉企经营许可事项逐项列明事项名称、设定依据、审批层级和部门，明确改革方式、具体改革举措、事中事后监管措施。清单向社会公开，并接受社会监督。二是清单内容定期调整。“证照分离”改革是一项长期工作，需要不断对涉企经营许可事项的改革方式、改革举措、事中事后监管措施等进行优化。法律法规也会根据实际情况不断进行立改废释。因此，对清单定期进行调整更新十分必要。三是清单实行分级管理。清单按照中央、省两级进行管理。中央层面设定的清单，由国务院审改办负责管理；地方层面设定的清单，由省级政府指定部门负责管理，以省为单位集中公布。责任编辑：蒋晓桐
美国再挥关税大棒 巴西官员：害人害己！,原标题：美国再挥关税大棒 巴西官员：害人害己！美国政府2日表示，美国将立即“恢复”对从巴西和阿根廷进口的钢铝产品加征关税。对于美国的关税威胁，巴西圣保罗州州长指出，美国的单边政策不利于双边关系的发展，只会带来伤害和担忧。巴西圣保罗州州长 若昂·多利亚：这是（美国）单方面强加的政策，而这种霸道的单边政策，对全球任何一种双边关系、经贸往来从来都不可能是积极的，它只会带来伤害和担忧。我呼吁通过对话协商来解决贸易分歧，只有这样，双边交往才有效，否则单边主义横行，就是一方强加政策，而另一方饱受折磨。巴西圣保罗州国际关系厅厅长 儒利奥·塞尔逊：在当下这样一个日益开放，竞争日益激烈的全球环境下，加征关税对巴西而言显然不是一件好事。我们希望该政策不会生效，或美方能撤回相关决定，因为这对于美国自己也没有任何好处，它也将破坏美国自身经济，它会使得相关商品价格升高，最终受到影响和买单的是美国自己的消费者。责任编辑：霍琦
中国电信回应六六投诉:已沟通解决 感谢继续使用业务,新浪科技讯 12月4日下午消息，针对作家六六投诉一事，中国电信方面回应称，已沟通解决，对由此带来的不便表示歉意。作家六六近日在微博上向投诉@中国电信，称存在霸王条款。根据她的描述，自己在购买中国电信的家庭宽带时，被强迫拿一部免费送十几个G流量的手机，但每个月不用完流量反而要扣款。在宽带年费一次缴纳完的情况下，经常因赠送手机流量没用完被停家庭宽带，甚至续费后也不即时开通。中国电信方面回应称，六六微博反映的问题已经沟通解决，对带来的不便表示歉意。中国电信还称，感谢机主继续使用中国电信业务，欢迎继续对服务提意见与建议。（张俊）以下为中国电信回应全文：对六六女士微博所反映的问题，我们已与机主取得联系，进行沟通并解决了问题。由此带来的不便，我们表示歉意。感谢机主继续使用我们的业务，欢迎继续对我们的服务提意见与建议。责任编辑：蒋晓桐
墨西哥对我国钢缆启动反倾销日落复审调查,原标题：墨西哥对我钢缆启动反倾销日落复审调查2019年12月2日，墨西哥经济部发布公告，应墨西哥Camesa公司和Deacero公司申请，对原产于中国的钢缆启动反倾销日落复审调查。涉案产品墨西哥海关税号为7312.10.01、7312.10.05、7312.10.07和7312.10.99。本案倾销调查期为2018年7月1日至2019年6月30日，损害调查期为2014年7月1日至2019年6月30日。所有利害关系方需在公告发布后第28个工作日的14：00前，根据调查机关要求提交完整填写的答卷、评论和相关证据。复审期间原反倾销措施有效。案件立案公告详见以下链接：http://www.contactopyme.gob.mx/upci/paginas/3263.pdf调查问卷可在墨经济部网站下载：http://www.gob.mx/se/acciones-y-programas/industria-y-comercio-unidad-de-practicas-comerciales-internacionales-upci?state=published应诉材料请递交至墨调查机关：Av． Insurgentes Sur 1940， Col． Florida， C.P.01030。责任编辑：鲍一凡
加拿大央行今晚迎来年内收官决议,原标题：加拿大央行今晚迎来年内收官决议！加元能否守稳最强货币宝座？来源：环球外汇网据彭博社报道。加元今年开局伊始便表现强劲，并一路维系强势至今。不过随着市场对明年加拿大央行降息的猜测逐渐浮出水面，未来可能会掀起一场风暴。今晚，加拿大央行将宣布年内最后的一次利率决议，交易员们将密切关注有关加拿大经济前景以及央行明年利率走向的每一个字句和细微差别。作为今年少数几个没有放松货币政策的央行之一，加拿大央行行长波洛兹（Stephen Poloz）是否很快将被迫效仿其他央行降息，已成为投资者面临的最大悬念。伴随着强劲的经济增长，加元成为了年内迄今涨幅最大的主要货币。在10月份时，波洛兹曾承认他和他的同事曾考虑过降息，但最终决定不降息，因为通胀率已达到目标水平，而降息将推高家庭债务水平。时间快进到上周，加拿大第三季度国内生产总值（GDP）数据显示，该国经济可能如同人们预期般出现放缓，原因是出口下降和企业库存下降掩盖了国内需求的反弹。期货交易员的定价没有反映出利率的变化，因此如果加拿大央行今晚采取更鸽派的措辞基调，加元可能会受到冲击。而考虑到贸易层面的僵局不会很快结束，在经济增长乏力、油价前景不确定的情况下，这种不确定性也可能限制加元的升势。目前，摩根大通（JPMorgan Chase & Co）策略师预计加元明年将走软，而高盛表示加元仍将维持区间波动。以Zach Pandl为首的高盛策略师在11月29日的报告中写道，美元兑加元汇率“将继续夹在谨慎的全球风险情绪和良好的国内增长前景之间摇摆”。他们说，“直到有一个更清晰的信号出现”。今年，拥有G7经济体中最高的收益率优势支撑了加元，因加拿大央行不愿像美联储和欧洲央行那样放松政策。就在周二，加拿大两年期国债收益率还超过了美国两年期国债收益率。不过，如果加拿大央行本周变得更加鸽派，这一息差优势可能会逆转。布朗兄弟哈里曼（Brown Brothers Harriman）策略团队在12月1日发送的一份报告中表示：“由于经济明显放缓，市场更倾向于利率将下行”，他们预计加元接下来将跑输美元。并暗示加元也容易受到油价下跌的影响。油价上周下跌了4.5%，是自10月4日以来的最大单周跌幅。根据美国商品期货交易委员会（CFTC）截至11月26日当周的数据，对冲基金和投机者对加元的信心已有所减弱，上周他们的看涨头寸降至10月中旬以来的最低水平，原因是经济增长出现放缓迹象。加拿大统计局的数据显示，第三季度加拿大经济增长1.3%，符合预期，但仍远低于上一季度3.5%的年化增长率。尽管如此，那些对贸易持乐观态度的人还是依然偏向于看涨加元。加拿大丰业银行（Scotiabank）首席外汇策略师Shaun Osborne表示，他仍然看好加元。“这主要反映了我们的预期，即贸易紧张局势将有所缓和，美元的避险溢价将缩水，而加元则将受益于经济增长和加拿大与美国的利率趋同，”他说。责任编辑：刘玄逸
空头环绕！澳洲联储的下一步被指“无法想象”,行长在极力遏制，空头在不断集结。澳大利亚的资产管理公司正在为曾经无法想象的事情做准备——澳洲实行量化宽松（QE）。他们仔细研究了其他地区的经验，得出了与澳洲联储主席洛威（Philip Lowe）不同的结论：洛威试图抑制人们对量化宽松可能在澳大利亚实施的预期，但资金经理们却认为宽松政策在澳无可避免。包括昆士兰投资集团（QIC Ltd． ）和日本日兴资产管理有限公司（Nikko Asset Management Ltd．）在内的一些公司已经在购买资产，押注澳洲联储的降息幅度将不足以应对经济增长放缓。他们认为，即使洛威设法将量化宽松计划限制在政府债券范围内，但资产购买的影响还是会波及整个债务市场。QIC的全球流动性策略总经理苏珊·巴克利（Susan Buckley）表示：“量化宽松甚至可能在经济衰退之前就出台，我们必须准备迎接‘非常规的货币政策’，大家都在谈论量化宽松。”自6月以来，澳洲联储已三次降息，将利率降至0.75%的历史低点，但同时经济增速下滑至十年来的最低水平。洛威在11月26日的演讲中表示：在考虑实行QE之前，利率必须降到0.25%，而且即便如此，资产购买的障碍仍然很大。他还暗示，澳洲联储对购买私营部门资产的兴趣不大。但是，由于失业率过高，无法推动工资和消费价格的温和上涨，因此投资者预期洛威将被迫走出舒适区。当然，没有任何一个市场参与者能够确定澳洲的QE最终将在何时以及如何实施，也有机构持不同看法。例如高盛集团表示，房地产价格回升可能刺激与住房相关的消费反弹，帮助澳洲联储明年继续实行已有的非常规政策就够了。花旗则逆转其对2020年出台刺激政策的呼吁，预测澳洲联储只需再降息一次就可按兵不动。而巴克莱银行（Barclays Bank）却预计，随着澳大利亚经济走向“温和转折点”，不可能实施QE。不过，对于某些人来说，还是安全第一，有备无患。以下是一些基金经理为应对澳洲联储意外祭出QE所做的准备：做多债券骏利亨德森投资（Janus Henderson Investors）旗下管理着140亿澳元（约合96亿美元）的Kapstream Capital驻悉尼基金经理Raymond Lee表示，随着澳洲联储作为默认买家的介入，澳大利亚主权债券收益率可能会下跌。这使得政府债券成为该基金相当引人注目的一笔购入。Lee透露道：“我们在今年年初增加了贷款期限，因为我们认为利率将在更长时间内保持较低水平。虽然距离实施QE政策可能尚有时日，但澳洲联储对非常规货币政策的评价恰恰证实了利率将保持低位的事实。”摩根大通则表示，作为量化宽松方案的一部分，澳洲联储最早可能在明年购买高达500亿澳元的澳大利亚政府债券。施罗德投资管理（Schroder）固定收益副主管Stuart Dear也对澳大利亚主权债务持乐观态度。他预计，如果澳洲联储开始实施QE，那么5年期以下的债券将表现出色。押注半政府债券日兴资产从去年开始购买以美元计价的澳大利亚半政府债券，押注10年后到期的票据定价颇具吸引力。这已经是一笔有利可图的交易，因为半政府债券与主权债券的收益率差已经缩小。日兴资产的投资组合经理Rands表示：“我们可以从美国学习到经验。美联储购买了政府债券，同时其他资产也都得到了支持。澳大利亚的情况可能也一样，QE会给半政府债券带来额外的推动力。”施罗德的Stuart Dear也增持了半政府债券，他说：“我们通过购买半政府债券和住房抵押贷款支持债券，增加了风险敞口。这次购入是在洛威发表讲话之前进行的，他的讲话随后肯定了我们的观点。”增加信贷包括QIC的巴克利在内的其他人还指出，即使澳洲联储最初的重点是政府债券，其他澳大利亚的企业债也都在上涨。巴克利认为，非常规刺激措施可能会惠及整个债券市场。最重要的是，主权债可能被澳洲联储买到无债可卖。洛威本人也指出，预计未来几年政府债总量将下降。而这些主权债的最大持有者——国内银行和外国央行都是长期持有者，可能不会愿意大量出售。通常情况下，经济衰退或放缓带来的风险上升会使巴克利撤出部分信贷敞口，但这次QIC却采取了新的策略。巴克利表示：“当无风险利率降低，投资者会突破信贷限制，我们已经在英国、欧洲看到了类似情况。”做空澳元加拿大CI金融服务公司（CI Financial Group）旗下GSFM的顾问米勒（Stephen Miller）表示，对于那些寻求更具流动性的澳元量化宽松交易方式的人来说，做空澳元是最好的选择。米勒认为：“如果QE政策即将出台，澳元将会走弱。在应对QE时，做空澳元是个好选择。而现在，我认为澳元汇率可能会跌至0.65左右。”澳元兑美元今年已下跌3%左右，因交易员对新一轮降息定价，澳元兑美元10月触及10年来低点，跌至0.6671。澳大利亚最大的养老基金AustralianSuper Pty．管理着价值1750澳元的资产。该基金已减持了澳元并做多主权债券，押注澳洲联储最早可能在明年推出QE。该基金的资产配置与研究主管阿斯托里（Carl Astorri）称，央行可能会在不损害银行体系的情况下，将利率压至尽可能接近零的水平：“这一过程将使收益率曲线趋平，并使澳元承压下行。”来源：金十数据责任编辑：孟然
美国全国零售商联合会:8成消费者担忧关税将推高物价,美国全国零售商联合会会长：八成消费者担忧关税将推高物价新华社华盛顿12月3日电（记者熊茂伶）美国全国零售商联合会会长马修·谢伊3日表示，尽管美政府加征关税举措并未对刚刚过去的感恩节长周末消费产生明显影响，但近期调查显示，八成美国消费者对加征关税对消费品价格的潜在影响感到担忧。谢伊当天在一场媒体电话会上表示，从感恩节到“网络星期一”这五天的假日购物季，参与购物的美国消费者人数达近1.9亿人，比去年同期增长14%，人均消费支出361.9美元，比去年同期增长16%。目前来看，消费者一方面依然在活跃地购物，另一方面正对关税措施和可能的价格上涨感到担忧。他表示，如果美国政府落实原定于12月15日对中国输美产品加征的关税，将对大量消费品价格产生影响。谢伊还援引美国游说组织“关税伤害美国腹地”的数据称，截至目前，美国政府对从他国进口的产品加征关税已导致美国消费者额外支付了近400亿美元 。与此同时，零售商也在苦苦挣扎。谢伊表示，自去年以来，美国零售商已采取了一系列措施，试图在短期和长期内减轻负面影响。关税及其带来的不确定性给中小型独立零售商带来的打击更为严重，因为他们在规模、资源、基础设施等各方面都处于不利境地。谢伊表示，美国政府加征新的关税会有“真正的风险”，将给这些企业带来很大“逆风”，会拖累经济发展，推高失业率。他希望美中双方能够通过谈判化解分歧、解决贸易争端，认为积极的解决方案对于美国经济、美国消费者和美国工人而言是“最好的结果。”责任编辑：刘万里 SF014
第一上海：宇华教育给予买入评级 目标价6.88港元,全年业绩概览宇华教育截至2019年8月30日止年度，公司实现收入人民币17.14亿元，同比增长43.5%，毛利10.00亿元，同比增长49.1%；经调整公司股权持有人应占纯利7.93亿元，同比增长30.1%，较我们的预测及彭博一致预期高出10%及5%，其调整项主要为可转债公允价值变化、股权激励及新收购标的的资产重估带来的折旧摊销增加。全年股息达到0.13港元，约50%的派息率。整合能力出类拔萃，超预期再超预期管理层在2017年上市时投资人的一致预期为核心净利润每年增长25%。目前核心净利润年复合增长率约36%，远超预期。我们认为公司如此优秀的业绩主要在于强大的并购能力及整合能力，以湖南涉外经济学院为例，公司在接管后，学校管理迅速改善，对于本年利润贡献保守估计超过两个亿人民币，较2017年增长超200%，同时，新生报到率提升至95%以上、校友会民办大学排行榜的排名有较大程度回升。现金充裕支持并购，并购理念一以贯之公司管理层秉承一贯的重质不重量的收购理念，确保每个并购标的都能够给股东最大化的效益，管理层并未给出市场未来的的收购预期，但管理层表明目前也有比较多的项目储备，在手总现金约28亿元人民币，若考虑19/20学年的预收学费，现金水平将进一步增加。以对于湖南涉外及山东英才的过往收购来看，我们相信管理层能够在收购速度及质量上作出良好的权衡，对未来的收购持乐观态度。目标价6.88港元，维持买入评级山东英才学院已经被公司接管，公司展现出的强大整合能力，山东英才学院的教育教学及财务状况将得到进一步的升华，助推公司继续高速前行。我们以DCF模型测算现有学校价值为5.98港元（WACC=10%，永续增长3%），但是由于公司优异的并购能力和投后管理能力，且未来还会有陆续的并购，我们给出6.88港元目标价（15%的并购能力和潜力溢价），较昨日收市价有34%的上升空间，维持买入评级。责任编辑：李双双
Peloton健身自行车广告被指“性别歧视” 致股价大跌,新浪美股12月4日讯，互动健身平台Peloton的一则健身自行车圣诞广告在社交媒体上被广泛嘲笑为“性别歧视”、“脱离现实”，甚至是“反乌托邦”。这则广告在YouTube上的点击量已超过100万次。广告中，一名女子收到丈夫送的一辆健身自行车作为圣诞礼物。然后，她把接下来一年的锻炼记录在视频日志里，并把它作为一种感谢的方式呈现给他。“一年前，我没有意识到这会给我带来多大的改变，”她说。外界对该公司的这则广告批评如此之多，以至于影响了Peloton的股价，该股周二收跌逾9%。Peloton出售配有触摸屏的健身器材——健身自行车的价格超过2000美元，然后用户可以根据需求购买订阅健身课程。这家总部位于纽约的公司于11月21日发布了这则广告，但最近几天社交媒体上的批评之声明显增多。一些人抱怨说，一个男人送妻子一辆健身自行车作为圣诞礼物是性别歧视，因为这表明他想让妻子减肥。喜剧作家杰西·德韦克在推特上写道：“欣赏Peloton广告的唯一方式就是把它当作某一集《黑镜》的第一分钟。”到目前为止，该公司的Twitter账户还没有参与到这场争论中，但该公司已经关闭了YouTube上有关这则广告的评论。责任编辑：刘玄逸
茅台掀反腐风暴：已有8位前高管落马,茅台掀反腐风暴！8位前高管落马贵州茅台已有8位前高管被查办。本报记者 党鹏 成都报道12月2日，黔西南州人民检察院官方微信发布公告称，贵州茅台（600519.SH）前副总经理、茅台酒销售公司董事长王崇琳涉嫌受贿一案，由贵州省黔西南州监察委员会调查终结，移送检察机关审查起诉。日前，黔西南州人民检察院依法以涉嫌受贿罪对王崇琳作出逮捕决定。记者注意到，自2019年5月22日，茅台集团党委原副书记、原董事长袁仁国被开除党籍开除公职，并随后被正式逮捕以来，贵州茅台已有8位前高管被查办，其中主要就是涉及销售渠道。由此，也引发了贵州省以及遵义市政界多位领导被查。“茅台反腐不仅仅是茅台的事也是整个酒行业的事，多年来的粗犷管理、管理缺失、利益输送都造成了酒业销售不同层面的腐败，其他酒业公司照样存在，反腐对净化行业是好事。”白酒行业专家、九度营销顾问机构总经理马斐告诉《中国经营报》记者，这对未来白酒行业的渠道规范化管理、合规化运行都是利好。“不用过多在人情上想办法、在拉关系上花心思，做好渠道、做好网络、做好服务才是王道。”就相关反腐问题，记者联系贵州茅台相关负责人进行采访，截至发稿未收到回复。8位前高管次第被查5月22日，袁仁国正式被“双开”。在贵州省纪委监委的通报中，明确提到袁仁国“将茅台酒经营权作为拉拢关系、利益交换的工具，进行政治攀附，捞取政治资本”。据中央纪委国家监委网站8月份披露的信息显示，袁仁国在担任茅台集团领导期间，奉行“我的地盘就应该我说了算”，把茅台酒各项审批权牢牢抓在手中，使其成为自家的摇钱树，批专卖店收钱、批经销商收钱、拆分经营权收钱、批条卖酒收钱。除自己收钱外，袁仁国还放任家人、亲戚及身边人利用其职权和职务影响谋利，其妻子、儿女、堂弟、远房侄子等，甚至家中保姆、司机，都在袁仁国的帮助下以酒谋私获得巨额利益。9月6日，贵州省贵阳市中级人民法院一审公开开庭审理了袁仁国受贿一案。与此同时，贵州茅台的反腐持续纵深推进，先后有多位袁仁国的部下被查。5月25日，茅台电商公司原董事、董事长、法定代表人聂永涉嫌受贿罪，被铜仁市万山区人民检察院依法逮捕。铜仁市万山区人民检察院经审查，于2019年8月30日决定以涉嫌受贿罪向铜仁市万山区人民法院提起公诉。8月1日，茅台集团党委原委员、原副总经理高守洪被开除党籍和公职。11月5日上午，贵州省黔东南苗族侗族自治州中级人民法院一审公开开庭审理了高守洪受贿案，高守洪当庭表示认罪、悔罪。9月17日，茅台集团原总经理刘自力被开除党籍。11月13日上午，黔南州中级人民法院一审公开开庭审理刘自力受贿一案。10月8日，茅台电商公司原副董事长、总经理肖华涉嫌受贿一案，由贵州省铜仁市监察委员会调查终结，移送检察机关审查起诉。11月19日，据黔西南州人民检察院消息，贵州茅台原总经理助理、茅台酒销售公司党委原副书记、原总经理马玉鹏涉嫌受贿罪一案，由黔西南州监察委员会调查终结，移送黔西南州人民检察院审查起诉。11月28日，茅台集团电子商务公司系列酒原负责人王静涉嫌受贿罪被铜仁检察机关逮捕。“实在想不到，一张胖乎乎、总是挂着笑容的王静也被查，凸显出贵州茅台在公司内部尤其是渠道上反腐的力度和决心。”一位熟悉王静的行业人士在看到上述通报时，感觉到吃惊的同时也为贵州茅台的反腐表示高度认可。记者注意到，12月2日通报的王崇琳，自2015年7月起，担任贵州茅台股份有限公司副总经理，此前还曾担任茅台酒销售公司董事长。但是自去年11月12日，贵州茅台正式宣布王崇琳调至贵州省交通建设集团有限公司工作，不再担任贵州茅台副总经理职务及控股子公司所有相应职务。渠道整肃进行时记者注意到，早在去年11月20日，贵州茅台官方微博发布消息称，撤销聂永的茅台集团电商公司董事长职务，免去其党支部书记职务。委派陈华任电商公司工作组组长，全面负责电商公司工作。茅台集团的一纸人事调整决定书，亦“揭开”了电商公司存在的乱象。当时，茅台集团方面介绍称，电商公司存在违纪违规甚至违法问题，而员工内外勾结、利益输送、以权谋私、关联交易、泄露商业信息等问题也普遍大量存在。在这篇官方发文中，茅台集团方面指出：“电商公司存在的问题主要表现在三个方面。一是党建基础薄弱，公司党的领导和党的建设‘弱化、淡化、虚化、边缘化’问题突出。二是廉洁风险管控不足，存在违纪违规甚至违法问题，员工内外勾结、利益输送、以权谋私、关联交易、泄露商业信息等问题普遍大量存在，管理层对此熟视无睹。三是内控机制松散，内部管理混乱，不按制度、不讲规矩、不守纪律、不维护企业利益的情况时有发生，‘四风’蔓延，严重影响了茅台的品牌形象，与当前全面从严治党的要求不相适应。”此外，在茅台的线下渠道方面，主要是11月19日通报被查的马玉鹏负责。马玉鹏之前曾担任茅台酒销售公司党委书记、副总经理职务，升任茅台酒销售公司总经理后主要对茅台酒销售进行管理和整顿。他在茅台酒销售公司任职时期，曾参与了2012年茅台股份第一家自营店在贵阳开业到自营店在全国的布局，可谓茅台酒销售的核心人物。针对销售渠道的问题，茅台集团董事长李保芳日前曾表示，在过去20多年，茅台酒传统营销体制为茅台发展起到了重要作用，但由于管理粗放、渠道单一、自由裁量权过大，资源分配不公开、不公正、不透明，形成了权力寻租的空间和土壤，导致了以酒谋酒、靠酒吃酒、利益输送、腐败滋生的现象存在。为此，贵州茅台正在进行营销渠道的变革，包括对传统经销商整顿，与天猫、京东、苏宁等电商加大合作的力度，线下相继开发华润万家、大润发、物美、永辉超市、上海Costco、合力超市等商超渠道。“在未来营销工作中，要致力于有效调控市场，规范市场环境，在管理好销售体系的同时，制定针对性措施；在发现问题时，保持定力，关注重点，及时处置。”今年11月22日，在茅台集团的专题会上，李保芳强调称，茅台酒2020年营销工作政策指导意见要具体，要为经销商指明方向。2020年，茅台将持续推进营销体制改革，在保障经销商的利益的同时，强化市场管理，加大执行力度，确保茅台酒营销环境持续向好；要加快组建电商公司，推动定制酒、海外市场健康发展；要做好经销商大会的筹备工作，确保把会开好，开出成效。（编辑：刘旺 校对：颜京宁）责任编辑：霍琦
第一上海：内房股继续有追捧 本地股压力又再浮现,12月3日，港股短期波动性出现加剧，恒指先跌逾380点后修复，最终跌了有接近55点，但是仍处于26800点好淡分水线以下，要提防后市有继续反复偏软、向下寻找支持的机会。最新公布的香港零售销售数据表现持续疲弱，本地股又再受压拖着港股的后腿，其中，煤气（00003）盘中创出了11个月新低。然而，资金分流情况继续有所改善，内房股再度获得追捧表现突出，中国海外（00688）再涨2.22%，是表现最好的恒指成份股。恒指出现先跌后修复，在盘中曾一度下跌382点低见26063点，其后跟随A股反弹，但是在跌穿了过去三周的波动范围下限26200点后，向下空间是有所打开了，估计后市仍有反复偏软的机会。恒指收盘报26391点，下跌53点或0.2%。国指收盘报10356点，下跌8点或0.07%。另外，港股主板成交金额有712亿多元，而沽空金额有109.5亿元，沽空比例15.37%。至于升跌股数比例是800：835，日内涨幅超过10%的股票有39，而日内跌幅超过10%的股票有24只。市况表现反复震荡，但是资金分流情况继续有所改善，仍有助个股行情的开展推动。三大互联网巨头的合计成交金额有96.7亿元，占大市总成交金额比例进一步回降至13.5%，资金过分集中的情况持续扭转，这个对于其他个股板块是相对有利的，而内房股则继续受惠连升第二日。其中，世茂房地产（00813）公布了最新的营销数据，今年首11个月的合同销售累计有2277.3亿元人民币，已提前完成今年全年目标2100亿元人民币，另外，中国奥园（03883）的11月合同销售金额亦见明显加速，按年增长了接近有1倍至126.5亿元人民币，建议都可以继续关注跟进。香港公布了最新的10月份本地零售业总销货额按年下跌24.3%，较预期的22.6%跌幅还要大，消息对早前反弹了一波小行情的本地股，再次构成压力，其中，香港公用股煤气（00003），在盘中再创出下半年来的新低。正如早前指出，在不明朗因素的持续困扰下，估计本地收租股、公用股以及房托股仍将难以摆脱弱势，资金有另找新高息股目标的倾向。而受惠于深圳以及大湾区新布局的形势背景下，业务稳定、高派息、兼且有潜在增长空间的，如深圳国际（00152）以及深高速（00548）等等，相信可望获得新资金的逐步流入。责任编辑：李双双
Zara老板靠囤房曾登顶世界首富 炒房真比卖衣服还赚?,原标题：靠囤房曾登顶世界首富，Zara老板的副业亮了！炒房真比卖衣服还赚？来源：环球人物中国人囤房子的热情全世界闻名，没想到还是被这位西班牙大佬的“暗箱操作”震惊到了。|作者：咖喱在家躺着收租，租户还是贝佐斯、扎克伯格这种世界顶级富豪，这样的体验你敢想象吗？一位83岁的西班牙商人做到了。11月初，Facebook在西雅图的办公楼被人以4.15亿美元（1美元约合7.06元人民币）的价格买下。没多久，同一城市“ Troy Block”（特洛伊街区）的一栋综合楼也被这位买家以7.4亿美元的价格收入囊中，该楼正是亚马逊第二总部的所在地。除此以外，人们发现，伦敦牛津街的大片区域，以及巴黎香榭丽舍大街上的多栋大楼，早已都是这位买家的“盘中餐”。而这位神秘买家的身份曝光时，也让大家为之一惊。他并非什么地产大佬或投资界巨鳄，而是世界服装业富甲、快时尚巨头Zara创始人——阿曼西奥·奥特加（Amancio Ortega）。不论是掌舵Zara，还是操纵地产帝国，奥特加最不喜见到的就是曝光度，“低调做人，高调做事”是他始终奉为圭臬的人生信条。囤了780亿元房产奥特加对地产的兴趣始于2001年。当时，全球最大的时装零售集团Inditex（Zara母公司）上市，给掌门人奥特加带来了强大的现金流。有了这笔资金，他先是成立了专业的地产投资公司Pontegadea，而后在全球各地搜寻目标对象，瞄准时机撒钱入手。等到2011年，75岁的奥特加从集团正式退休时，炒房正式晋升为他的主业。彼时，奥特加虽然卸任了集团所有职务，但凭借持有的Inditex的59%股份，每年光拿分红和利息就能拿到手软。拿着这么丰厚的退休金，颇有生意头脑的老奥特加自然不会做守财奴。他的发言人曾说，这些年，老板几乎所有的股息（2019年为16亿欧元）都砸到了地产业。也许你会说，全球经济形势来回波动，房价靠得住么？难道不怕被套牢？No，这些老百姓担心的事情，奥特加早就有了预判。他炒房最大的特点就是一个字——稳！首先，他的投资目光一直就没有放在收益显著但风险不可控的房地产市场，而是瞄准了有稳定现金流的商业地产项目，主要涉及的是办公室、商店及一些酒店。更重要的是，投资多年来，他一直把“黄金地段+优质租户”作为挑选投资目标的严格标准，而且只盯着“稳定的主要国家的首都”，尤其喜欢在享有声望的街区“下手”。伦敦的牛津街，作为欧洲最繁忙的购物街，那里有他的大片商区；在巴黎，他是苹果旗舰店所在的大楼以及香榭丽舍大街上诸多商铺的房东；在西班牙，马德里的地标建筑毕加索大厦是他的新宠……毕加索大厦在欧洲之外，他发现美国很容易达到自己的标准，于是近年来主要在西雅图、曼哈顿、旧金山、纽约和华盛顿买房。比如曼哈顿历史悠久的豪沃特大厦、迈阿密海滩边的整个街区、纽约百老汇大道上最古老的铸铁大楼E.V． Haughwout Building以及芝加哥的Esquire戏院等，全都被他一一拿下。目前，奥特加在9个国家拥有房产，分别是英国、加拿大、法国、意大利、墨西哥、葡萄牙、韩国、西班牙和美国。多元化的汇率组成，保证了不管哪个国家货币出现问题，都不会对他造成致命伤害。即使经历脱欧这样的“大波澜”，他手持的伦敦牛津街附近的商圈价格一直坚挺，不可撼动。据法新社最新报道称，截至2018年底，奥特加地产投资组合价值总计近100亿欧元（约合780亿人民币）。这个数字一曝光，马上冲上了微博热搜。中国人囤房子的热情全世界闻名，没想到还是被这位西班牙大佬的“暗箱操作”震惊到了。贫民窟走出的欧洲首富奥特加纵横地产界的成功看起来难以复制，而他创立Zara的故事更可称得上是传奇。看到如今靠收收房租就能赚得盆满钵满的奥特加，你恐怕很难想象他小时候一直是生长在贫民窟的。奥特加1936年生于西班牙北部贫困的加里西亚地区。爸爸是一名铁道工人，妈妈给富人家做帮佣。因为一再拖欠学费，他13岁时就辍学在一家裁缝店打工。见惯了有钱人对他一脸厌弃的神色，小小的奥特加很早就在心底暗暗较劲：“我一定得搞出些名堂！”凭借聪明好学，他很快掌握了基本的制衣技术。在发现了服装市场“中间商赚差价”的巨大利润空间后，他开了一家小工厂，专门生产价格低廉但款式时髦的浴袍，让女性用普通的价格就能买到最高端的设计。1975年，奥特加用30欧元做本钱，和妻子合开了一家名为Zorbas的服饰店，也就是此后蜚声国际的Zara。Zara成立之初，奥特加始终坚持的理念就是：让普通女孩和富家千金能够穿上同等格调的衣服。他太懂女孩子们的小心思了。她们爱慕虚荣，Zara就把店铺开到所有繁华的商圈，并选择与Gucci、Chanel 等奢侈品做邻居，以此来提高自己的段位。这样一来，即使平时“吃土”的女孩子也能到香榭丽舍大街逛一圈，在Zara买上自己心仪的衣服。同时，在把价格压到最低的情况下，Zara还不会在“时尚感”方面打折。奥特加聘请了260多名设计师穿梭于各种时装发布会，把当季最流行的设计理念迅速反馈回总部，然后将这些风格进行总结和重组，注入Zara自己的特色，形成Zara的新设计。而且整个过程速度惊人，别人用三到六个月才能上架的新款，Zara在两周内就可以让橱窗焕然一新。凭借着快、狠、准的独特营销模式，Zara很快风靡全球。刚在网络秀场上看到的流行款，马上就能在实体店看到类似的服饰，而且价格还相当友好，这让女孩子们怎能不爱？因为大批雷同的款式，奥特加被誉为“天下第一抄”，而且每年都要因此吃到几千万欧元的罚单。大牌设计师对他也颇有微词，路易·威登的前时尚总监丹尼尔·帕特就曾说：“Zara可能是最具创新意识的企业，但同时也是最具破坏性的。”不过，设计界的风风雨雨并没有对奥特加的客户造成什么影响。毕竟对于大部分女孩来说，这种“一流设计、二流面料、三流价格”的平民风让她们很知足。此外，30多年里，Zara一直坚持“零广告”的策略。奥特加认为，让更多女孩子穿在身上就是最好的广告。省下的广告费，他全部用在了增设店铺上。到目前为止，Zara已经在全球开店7000多家，2018年实现营收261亿欧元，净利润34亿欧元（约合人民币262亿元）。让名媛千金和普通女孩在Zara面前没有差距，这种理念正如奥特加从穷小子到欧洲首富的升级之路一样，阶层的飞跃，让一切变为可能。奥特加的女儿玛尔塔（右）经常身穿Zara衣服，为其代言。低调是最好的“保护伞”先是创立了一个服装业巨头，退休后又建立了一个地产帝国，向来喜欢低调的奥特加发现，如今越来越难做到不受瞩目了。退回到20年前，彼时Zara已经成为风靡全球的服装品牌，两年后即将迎来IPO，但人们对于它背后的掌门人奥特加还一无所知。即便全世界媒体都在费尽心思窥探他的私生活，也没有谁成功过。甚至在1999年之前，媒体从没能捕捉到他一张照片。直到2001年，公司上市后首次公布年报时，他才有了第一张官方肖像。在员工面前，他就像一个经验丰富的老大哥。没有自己单独的办公室，和员工挤在一张桌子上办公。即使退休了，他还是会时不时地光顾员工餐厅，在那里一如既往地啃着廉价的马铃薯，而且一定会把餐盘里的东西全部吃光。在奥特加的心里，石油大亨洛克菲勒的遗训早就成了他的座右铭——“在报纸上最佳的曝光模式就是刊载你的出生、结婚以及死亡的小小简述”。洛克菲勒对子女的培养上，奥特加也深信，低调是最好的“保护伞”。三个子女中，他最喜欢小女儿玛尔塔，原因无他，就是觉得这个小姑娘和自己最像，低调且踏实。玛尔塔初入职场时，隐姓埋名，在自家的零售店里做着最基础的工作，而且一做就是4年。如今，35岁的玛尔塔紧随父亲的脚步，在Zara Woman中担任领导职务，也是兄弟姐妹中唯一一个在集团任职的。不过，信奉低调的奥特加并不是清心寡欲之人。除了这次被挖出来的庞大地产帝国之外，人们发现，他还在买游轮、买电信公司。仅去年，他就入手了价值2700万英镑的超级邮轮Valoria以及西班牙电信巨头Telefonica的子公司。“闷声发大财”是对奥特加最好的诠释。大概对于这位超级富豪来说，那些捉襟见肘的儿时时光，始终是他人生难以抹去的注脚，这也让他的从商之路始终保持谨慎和低调。责任编辑：赵慧芳
中国稀土飙近18% 重稀土价格再上调,新浪港股讯，中国稀土（00769）现价升17.57%，报0.435元，盘中高见0.445元，破十天线（约0.385元）、廿天线（约0.380元）及五十天线（约0.410元）及百天线（0.458元）；成交约3497万股，涉资1438万元，主动买盘78%。据内地媒体报导，本周重稀土价格再上调．同上次相比，氧化钆报价为每吨15.8万元人民币，上涨1000元人民币；氧化钬报价每吨30.5万元人民币，上涨5000元人民币。现时，恒生指数报26104点，跌287点或跌1.09%，主板成交428.94亿元．国企指数报10267点，跌88点或跌0.86%。上证综指报2876点，跌8点或跌0.29%，成交951.84亿元人民币。深成指报9674点，升16点或升0.17%，成交1533.03亿元人民币。表列同板块或相关股份表现：股份（编号）现价变幅-------------------------------中国稀土（00769）0.435元升17.57%洛阳钼业（03993）2.700元跌0.37%铁货（01029）0.109元跌0.91%江西铜业（00358）9.080元跌0.98%俄铝（00486）3.350元跌1.18%中国铝业（02600）2.370元跌1.25%马鞍山钢铁（00323）2.940元跌1.34%中国宏桥（01378）4.040元跌1.46%五矿资源（01208）1.630元跌2.98%鞍钢股份（00347）2.830元跌3.41%-------------------------------责任编辑：卢昱君
"史玉柱能做到东山再起 罗永浩""老人与海""这次能吗",史玉柱能做到东山再起，罗永浩这次能吗？不出意外，罗永浩再次迟到，而且还是他复出后的第一场黑科技发布会——老人与海。似乎，罗永浩还是没改变。早在上个月下旬，罗永浩就在微博发布多条“求助”信息，希望“万能的微博”能够帮助他获得母婴、瑜伽垫、冰箱、旅行杯、卫浴等品牌的管理层联系方式，甚至还有与情趣用品相关的品牌，网友们就纷纷开始热议，罗永浩究竟又在搞什么“锤子”。其实，在11月初的时候，据丹阳市人民法院限制消费令，9月立案执行申请人江苏辰阳电子有限公司申请执行买卖合同纠纷一案，因北京锤子数码科技有限公司未按指定的期间履行生效法律文书确定的给付义务，北京锤子数码科技有限公司及罗永浩被限制消费，不得选择飞机二等以上舱位。根据天眼查数据显示，关于罗永浩本人的周边风险提示达654条，预警风险有95条。这也就意味着罗永浩上了所谓“老赖”的名单。也许是急于“洗白”，罗永浩发文章《一个“老赖”CEO的自白》解释了自己被“限高”的原因，并在其文章中表示，在过去的10个月时间里，罗永浩和团队已经还掉了3亿元左右的公司债务，他个人也以各种方式筹款帮公司还了其中的数千万元。他还表示：“即便公司因不可抗力被彻底关掉，我个人也会以‘卖艺’之类的方式把债务全部还完。马克·吐温和史玉柱能做到的，我也能做到。”今年初，罗永浩已经将原本的锤子手机业务卖给了字节跳动。随后不久，罗永浩又转身一变，成了小野电子烟的创始人。正欲引领一个新的潮流时，电子烟禁售令一出，罗永浩再次扑街，可谓流年不顺。所以，“老人与海”黑科技发布会可以算作是罗永浩的首次“卖艺”。为了这次发布会，罗永浩可谓做足了前期的宣传工作。11月21日，罗永浩就在自己的个人公众号发文宣布，“老人与海”黑科技发布会将于 12 月 3 日 19﹕30 在北京工业大学奥林匹克体育馆举行。罗永浩还表示：“此次发布会门票不对外出售，我们决定以赠票的形式发放给长年支持我们的老朋友。”门票不出售，但是昨晚发布会却有包括一直播在内的多家直播平台同时进行实时播报。原定于晚上7点30分就开始的发布会，罗永浩一如既往拖到了7点50分左右才登场。对于座无虚席的发布会场地，罗永浩首先连声道谢，然后似乎是颇感无奈：“有什么牛X？创业到现在，进了限制消费名单，虽然我刚刚又下来了。”似乎是一句无意，罗永浩却传达出自己已经不是“老赖”的身份了。罗永浩还半开玩笑地解释，自己是一位差点坐慢车硬座来北京开发布会的企业家。当初为着急还债权方的钱，也做了很low的叫聊天宝的东西，赶紧还了钱才是最不low的事。罗永浩这次发布会上的状态，感觉似乎并不是充满激情。在接下来长达近一个小时的时间里，罗永浩似乎都是在讲述着一些云里雾里的内容，略显沉闷。一直播的直播间里，不断有观众表示，并不知道罗永浩要卖什么，大呼这“不是我认识的老罗”了。直到晚上8点30分过后，罗永浩才将自己这次发布会的“包袱”抖了出来。他表示，这项技术不是卖给个人消费者的，而是卖给企业的。罗永浩表示，自己目前已经是Sharklet Technologies（“鲨纹科技”）全球合伙人，并正式发布了To B的Sharklet技术。据罗永浩介绍，他在这家公司里还扮演着一个重要角色——首席忽悠官。从To C转向To B，罗永浩赚了用户端的钱，又打起了企业端的主意？根据罗永浩会后的披露，自己此前预计2020年会有5~10家企业与Sharklet Technologies合作，目前来看很可能比这个要更多。那么，这到底是个什么技术呢？准确来说，“鲨纹”技术并不是一种新材料，而是一种新的表面处理技术。根据罗永浩本人的介绍，这是一种将合成革、塑料、硅胶表面做成仿鲨鱼皮结构的技术，该鲨纹抗菌技术的抗菌率达到94%。罗永浩解释道，这其实并不是一项新技术了，该技术源自美国公司Sharklet，其创始人为安东尼·布伦南博士。鲨纹技术的灵感来自于鲨鱼可以常年在大海中不受细菌和微生物的影响这一现象，并且由于安东尼年近70岁，这次发布会中的“老人”指的就是安东尼博士。成立10年后，Sharklet被Peaceful Union收购。Peaceful Union是中国杭州的一家医疗器械资产公司。收购之后，Sharklet“在江南找了一家老板没有带着小姨子跑了的皮革厂”（罗永浩语），生产了人造革。在这之后不久，Sharklet又遇到没有了锤子和小野的罗永浩，双方一拍即合。在发布会开始的3天前，罗永浩曾经放出了一张海报。海报上面写着：“洗屁股的马桶盖发明近30年后才流行开来，所以……”罗永浩当然不会忘记自己的忠实粉丝。罗永浩表示，这虽然是针对B端的材料，适用的场景主要包括需要抑菌的医疗环境等。但是，也有C端用户可以使用的产品，比如“地平线8号抗菌儿童背包”“地平线8号铝镁商务旅行箱”，原价分别为499元、1999元，发布会当晚在京东、天猫平台上预订，2020年1月1日发货，可分别享受折扣价399元和1699元。罗永浩在发布会上表示，“鲨纹”技术有一个至关重要的优势是，它所采取的抗菌手段是纯物理的方式，不改变原有材料的本质和特性。那么，一个问题来了，物理技术真的能够抗菌吗？12月4日，知名医学知识分享公众号丁香园发文《用了抑菌材料做的背包，就不会感染疾病吗？》表示，对于这个问题，首先要分清杀菌和抑菌定义的区别，其次，微生物并不一定需要接触才能传播。丁香园的文章还表示，虽然此类材料已经应用于医疗领域，但不同于医疗领域中大部分材料都是一次性使用，生活化场景中的物品往往是反复使用的。丁香园还强调，这种材料表面是膜片的话，就一定避免不了破损的问题。“就算用了抑菌材料做的书包，如果真的遇到病原体感染，该病还是会病的。真的生病了，也记得赶紧去医院看病遵医嘱治疗，可别听人瞎说……”那么问题来了，你相信“首席忽悠官”罗永浩的这次“忽悠”吗？责任编辑：蒋晓桐
12月起全国18个自贸试验区开展“证照分离”改革试点,原标题：12月起全国18个自贸试验区开展“证照分离”改革试点中新网12月4日电 国家市场监管总局副局长唐军4日透露，自今年12月1日起，在全国18个自贸试验区开展“证照分离”改革全覆盖试点。通过改革，进一步明晰政府和企业责任，完善简约透明的行业准入规则，加强事中事后监管，进一步优化营商环境，更大激发市场活力，推动经济高质量发展。资料图：市场监管部门办事窗口。胡哲斐 摄国务院政策例行吹风会今日举行，唐军在会上做出如上表述。唐军表示，改革试点的主要政策安排有三方面：一是建立清单管理制度。将所有涉企经营许可事项纳入清单管理，清单之外不得违规限制企业进入相关行业或领域，企业取得营业执照即可自主开展一般性经营活动。清单实行分级管理，定期调整并向社会公布。二是分类推进审批制度改革。所有涉企经营许可事项按照直接取消审批、审批改为备案、实行告知承诺、优化审批服务四种方式分类推进改革，我们把这四种方式称为“进四扇门”。其中直接取消审批13项，审批改为备案8项，实行告知承诺60项，优化审批服务442项。三是完善改革配套政策措施。规范企业经营范围与申办经营许可的衔接，强化涉企经营信息归集共享，持续提升审批服务质量和效率，创新和加强事中事后监管，坚持依法推进改革。责任编辑：刘万里 SF014
湖南浏阳一花炮厂发生安全事故 造成1人死亡1人受伤,原标题：浏阳一花炮厂发生安全事故 一死一伤12月4日上午7：50，位于湖南省浏阳市澄潭江镇达坪村的浏阳市碧溪烟花制造有限公司石下工区发生一起安全事故，造成1人死亡1人受伤，周边部分村民房屋窗户受损。事故发生后，当地政府立即启动应急响应，应急、公安、消防、卫健等单位第一时间赶往现场开展救援。目前，伤员已送往医院进行救治。后续处置和事故原因调查等工作正在进行中。（央视记者 李艳君）责任编辑：霍琦
全球96%的集装箱中国造 中国集装箱多式联运有啥短板,原标题：全球96%的集装箱由中国制造，中国集装箱多式联运还有哪些掣肘？记者|杨霞现场图（拍摄：杨霞）12月3日，中国集装箱行业协会在上海举办媒体发布会，宣布将于2020年3月17日至19日在上海世博展览馆举办2020集装箱多式联运亚洲展，届时还将发布最新的《中国集装箱与多式联运发展报告》。多式联运是一种高效的货运组织方式，而集装箱是目前应用最广的代表性标准化装载单元应用。中国集装箱运输市场占到全球的半壁江山，集装箱多式联运展在中国举办，也促进了中国集装箱多式联运产业的发展。发布会上，中国集装箱行业协会常务副会长兼秘书长李牧原介绍了集装箱和多式联运发展的总体形势。李牧原同时也是交通运输部、国家发展改革委多式联运发展专家组成员。据李牧原介绍，中国为全球集装箱生产和运输的大国，全球贸易90%由集装箱运输，而中国集装箱制造行业支撑着全球集装箱运输行业。在集装箱制造方面，中国正在向集装箱装备制造强国转变。从1993年开始，中国集装箱产量保持世界第一，至今占据世界集装箱市场主导地位，是保证全球贸易运行的重要力量。表格来源于中国集装箱行业协会2018年，集装箱生产进入高位运行周期，中国全年产量约425万TEU，较上年约增长12%，创集装箱生产规模历史最高水平，在全球市场占有率达到近96.1%。截至2018年底，中国集装箱产能约为550万TEU，较2017年增长约6.5%。中国集装箱生产工厂主要集中在环渤海地区、长三角地区和珠三角地区，其中长三角地区集装箱产能占中国总产能约45%。据中国集装箱行业协会的测算数据显示，中国集装箱装备的市场规模是百亿元级，多式联运装备业为五百亿元级，物流装备产业为两千亿元级，是中国制造的一大重要构成部分。在运输方面，过去半个世纪是全球集装箱多式联运迅猛发展的时期，我国集装箱运输从国际海运市场开始起步，目前港口集装箱吞吐量在全球港口中占了重要席位。近年来，中国政府积极推动多式联运发展，外贸集装箱市场继续扩大，内贸集装箱多式联运也提速发展，中欧班列为代表的国际铁路集装箱联运成为“一带一路”耀眼的名片。同时，在中国陆空联运、邮政快递业的联运市场、冷链、商品车、危化品的专项多式联运市场也在快速发展。从生产到运输，集装箱多式联运成为物流业供给侧改革的重中之重，多式联运成为我国物流业发展的头号工程。数据显示，铁水联运、公铁联运、国际铁路联运和陆空联运的集装箱运输量，连续三年都超过2位数字增长，铁水联运量连续三年平均增长24%，今年还将呈现历史性新高。尽管如此，现阶段我国集装箱多式联运仍存在明显短板。李牧原告诉界面新闻，目前短板主要体现在三个方面：首先是体制方面，在我国过去的运输体系中，公、铁、水、航等部门长期独立，2013年组建大交通部后才开始大力发展多式联运，而且在具体的环节，体制上还存在着一定约束。其次是基础设施方面，表现为不平衡、分散，主要是港口和铁路的现代化程度不一样。例如，在集装箱化率、装备自动化程度差距较大，铁路货运场站落后、采用人工方式。第三是规则方面，主要涉及合同、单证、理赔等。在货物运输服务中，两种运输方式的“中间一公里”、“最后一公里”中资源浪费、运输链不顺畅的问题尤为突出。中国集装箱行业协会会长黄田化则补充表示，中国的集装箱多式联运其实具有很大的优势，包括装备在全世界最好，远洋运输的码头在多式联运方面是全球最高效等。相较发达国家，我国集装箱多式联运在国际贸易海运方面已经较为成熟，目前最大的瓶颈依然是内陆运输方面，主要是卡在铁路这个关键点。例如，铁路没有到港、铁路的基础设施水平、管理较为落后。目前中国进出港主要依靠公路运输，尽管中国公路运输很发达，但是公路运输尾气污染高、成本高、不经济。数据来源于中国集装箱行业协会据中国集装箱行业协会数据显示，我国内陆运输集装箱化率仅为6%，发达国家水平则有75%；我国内贸集装箱占港口总吞吐量比为29%，发达国家水平则有80%；我国主要港口海铁联运占比仅为4%，发达国家水平则有30%；中国铁路集装箱运输占铁路总运量仅为7%，发达国家水平则有80%。在设备方面，我国现有铁路集装箱专用平车约1.2万辆，占货车总比重不足2%，而美国、澳大利亚等发达国家占比普遍在10%-20%。我国公路上运行的集装箱半挂车主要集中在沿海沿江港口，内陆地区集装箱半挂车数量较少，导致场站到库（门）的集装箱公路短驳成本较高，耗费了较高的全程运输成本。中国集装箱行业协会是我国集装箱和多式联运行业全产业链的社会团体，涵盖了集装箱生产、集装箱运输（多式联运）、集装箱金融和集装箱科技服务的国内知名企业。据悉，集装箱多式联运欧洲展已经有42年历史，从2014年开始，由中国集装箱行业协会与英国英富曼会展集团将其引进到国内，每年在中国上海举办亚洲展。集装箱多式联运亚洲展参展企业涉及集装箱技术、集装箱生产、集装箱运输、租赁服务等多个产业领域，已成为全球集装箱制造企业与集装箱运输业重要的会议，成为多式联运领域中国与世界的对话平台。责任编辑：赵慧芳
NAB预计澳央行6月份也将降息 明年下半年QE风险增加,澳大利亚国民银行（NAB）首席经济学家Alan Oster周三在研报中表示，当前预计澳大利亚央行将在2月份和6月份降息，并认为如果劳动力市场恶化更加严重，明年下半年“采取‘非常规’政策的风险将会增加”。之前希望看到“来自财政政策的实质性支持，目前看来在所需时间框架内不太可能”。私营部门增长缓慢，可能会出现招聘步伐放缓、失业率上升，从而“加剧工资增长疲软势头”。“尽管我们对公共支出仍然更为乐观，但我们对家庭部门和商业投资的预测明显低于澳大利亚央行的预期。如果数据结果比我们的预测还要疲软，届时澳大利亚央行转向非常规政策的可能性真实存在”。责任编辑：魏雨
美联航订购50架空客客机替代波音757 耗资71亿美元,原标题：美联航订购50架空客客机替代波音757，耗资71亿美元（观察者网 讯）据彭博社12月4日报道，美国联合航空公司（美联航）在当天确认，该公司已向法国空中客车公司订购了50家空客A321XLR客机，以替换目前正在运营的波音757-200客机。这笔订单价值约为71亿美元（约合502亿人民币），计划于2024年开始交付。波音757-200诞生于20世纪80年代，并在2004年随整个波音757机型一同停产。而空客A321XLR客机则在2018年首次亮相，是目前与波音757-200最为相似的客机。美联航在一份声明中称，对于在该公司一些重要航线上运营的“较旧、效率较低”的飞机而言，空客A321XLR是“理想的替代品”。他们计划在2024年将空客A321XLR投入国际航线的运营中，执飞从纽约和华盛顿的东海岸枢纽至欧洲其他目的地的跨大西洋航线。除了订购空客A321XLR以外，美联航还表示要将空客A350双通道客机的订单延期至2027年，以“更好地满足航空公司的运营需求”。彭博社指出，美联航此番订购空客A321XLR客机的做法相当引人注目，因为该公司此前已订购了超过100架波音737MAX10客机，是该机型的最大客户之一。然而，尽管波音737MAX10的设计目标与空客A321XLR相似，但却无法像后者那样进行长达9小时的飞行。此外，波音737MAX客机在2018年与2019年发生的两次坠机事故也严重影响了该系列乃至波音公司的声誉，截至目前，波音737MAX客机仍处于被全球停飞的状态，复飞时间也遥遥无期。责任编辑：鲍一凡
"女子花999元买APP监控丈夫？揭秘手机""授权""背后猫腻",女子花999元买app监控丈夫？焦点访谈揭秘手机“授权”背后猫腻从新闻资讯、购物出行到娱乐社交、移动支付，手机里安装的各种APP能够满足我们全方位的需求。但是，在使用APP的时候，经常要求我们进行“授权”，不授权就不能使用，这些“授权”背后有啥猫腻？责任编辑：李昂
何小鹏：企业盈利还需时间 车市寒冬要练好“内功”,原标题：小鹏冲刺月销万辆目标   何小鹏：车市寒冬要练好“内功”来源：每日经济新闻每经记者 赵成图片来源：车企供图国内车市正在“寒冬”中徘徊，新能源汽车市场出现的“四连降”更让形势变得严峻。尽管如此，小鹏汽车董事长兼CEO何小鹏仍认为，智能智造可以让车企迎接下一个“春天”的到来。继首款量产车型G3后，小鹏汽车第二款量产车型——小鹏P7正式启动预售，新车定位于互联网基因的智能轿跑，预售价格区间为27万-37万元。“小鹏汽车非常有信心在将来成为智能汽车的推动者和引领者。”何小鹏表示。值得一提的是，小鹏P7自今年上海车展首次亮相至今，订单已超过1.5万个。在何小鹏看来，用更少的人、更少的品牌费用和更好的成本控制做到更多的销量，考验的是一种组合能力。“如果仅是把单方面做得很好，我觉得还不够，产品、差异化、成本控制、规模、品牌、经营效率等方面都做好才算厉害。”何小鹏认为，在“冬天”的时候练好内功，才是最重要的。“寒冬”中也孕育机遇随着特斯拉和许多豪华品牌电动汽车入局，国内电动车市场的竞争将更加激烈，小鹏汽车也将面临更加严峻的挑战。在何小鹏看来，这是一个艰难的时间周期，但也孕育着机遇。“如果仅仅主打中低端或者低端市场，很容易将规模做起来，但小鹏汽车的产品和品牌很难有实现全球化的可能性。”何小鹏表示。实际上，相较于小鹏G3补贴前售价，P7与其两款高配车型之间相差近12万元。不难看出，P7已肩负起推动小鹏汽车“品牌向上”的重任。据了解，小鹏P7共推出5个主要版本车型，其中四驱高性能车型NEDC综合续航里程550km以上；后驱超长续航车型，NEDC综合续航里程650km以上。相比于小鹏G3，小鹏P7在高度自动辅助驾驶、语音交互、车联网、整车OTA等方面也向前跨进了一步。作为第二代智能汽车，小鹏P7基于SEPA平台架构，可实现架构内控制器100%联网，以及全面的整车OTA升级能力。据悉，新车可通过感知用户身份及状态，实现车辆个性化设置、人脸识别启动车辆、驾驶员疲劳/分神预警等多项功能；同时，用户可以通过手机蓝牙虚拟钥匙实现解锁、上锁、遥控开启后背箱、开闭充电口盖板、自动泊车、车辆召唤等功能。“因为本身硬件更好，小鹏P7可以跟手机交互、跟家庭交互、跟远程物体交互，现在我们还在开发更多的互联功能。”何小鹏说。月交付1万辆可实现盈亏平衡何小鹏说，他造车的目的并不仅仅是造出车然后卖出去，而是希望造出来的车能够改变人们的生活。“我们需要学习汽车的所有技术，这是我们的基础，随后是规模上量，只有这样才能把我们更多的想法和基因更好地展现出来，这需要一个过程，小鹏汽车的愿景是通过智能和制造把我们的出行生活做得不一样。”何小鹏表示。然而，美好的愿景需要规模支撑。在何小鹏看来，月交付1万辆，企业才能达到盈亏平衡点。“小鹏汽车现在已经有营收了，但是企业要盈利还需要一段时间。”何小鹏认为，交付到1万辆是一个新台阶，从1万辆到10万辆是下一个更新、更难的台阶。小鹏汽车正在1万辆到10万辆之间的路上，这也是其中挑战最大的一段路，跨过去下一步才能做出不一样的产品，提供不一样的服务。小鹏汽车官方数据显示，截至今年10月，小鹏汽车累计交付新车约1.19万辆，位居国内新造车企业单一车型交付量之冠，其中自动驾驶版车型占比为89%。如今，小鹏P7的加入将有效推动小鹏汽车尽早达成月销万辆的目标。即便如此，小鹏汽车若要达到盈亏平衡点，仍有很长的路要走。11月中旬，小鹏汽车已顺利完成C轮融资，融资金额为4亿美元（约合28亿元人民币）。有了资金之后，如何把钱“花”好决定企业能走多远。“汽车是一个很细化和复杂的产业，并非简单地减少费用就可以做好，要把资金投入到未来两年发展过程中更关键的地方。”何小鹏认为，关系到消费者利益的产品、营销和服务需要重点投入，这样才可以在长周期里取得好口碑。责任编辑：赵慧芳
马云：文凭只是你交学费的收据（视频）,原标题：马云：如果考试是唯一的KPI，教育就不会是正确的方向当地时间12月3日，经济合作与发展组织（OECD）举办的“世界教育论坛”在巴黎召开，马云受邀分享对未来教育的思考。马云表示，今天讨论教育的出发点，是希望孩子成为什么样的人。马云说：“我的第一个工作是老师，我希望我的最后一个工作也是教育。”阿里巴巴方面人士表示，在现场，马云回忆自己高考多次失败，最后大学只上了“四本”，但也很庆幸在社会这所大学里从没停止学习。对于教育，马云的建议是改变教育的KPI。“如果考试是唯一的KPI，教育就不会是正确的方向。文凭只是学费的收据而已，真正的文凭是你为自己生活奋斗中得来的，在自己七八十岁的时候得到证明。”马云在演讲中指出，很多发展中国家，喜欢比大学的排名是多少。马云认为，应该比的是幼儿园、小学、中学、排名，请大家把更多的教育资源投到前方去。很多高中生想读大学，唯一的原因是大学是找到工作的保证。马云的经验是： “大学不保证你肯定有工作。我们招人不取决于你是不是哈佛，而是你愿不愿意学习。我们需要有那些真正思考的人，社会是真正的学校。”在分享中，马云多次强调了老师的重要性。“我的英语是数学老师教的，那时候中国根本没有足够的英语老师，她上午去学ABC，下午就给我们上课。但是她跟我说，马云，你的发音很好，我倍受鼓舞。一个比我早半天学习英语的数学老师，她靠的不是知识，是智慧。”马云说，教育就是未来，我们应该给老师最高的认可、最好的待遇，这样他们就会尊重工作、尊重孩子。“好老师可以一辈子至少帮助200名学生，一个校长可以支持100个老师。我的第一份工作是老师，我希望我的最后一份工作仍然是从事教育。希望我可以和大家一起为教育的变革而努力。”马云说。责任编辑：凌辰 SF179
茅台来年业绩恐不及预期 飞天茅台短期难提出厂价,新浪财经上市公司研究院 白酒浪头/肖恩尽管1499元一瓶的飞天茅台仍然是一瓶难求，且根据招商证券杨勇胜团队调研数据显示，茅台酒的批价依然坚挺在2300-2350元的高位，近日京东商城更是有不少2017、2018的飞天茅台出售，价格直逼3000元一瓶。可以肯定的是，春节来临之际，消费市场上的茅台酒依然火爆，但形成鲜明对比的是，贵州茅台的股价近期却出现了较大的回撤。股价在11月19日达到历史巅峰的1241.61元（市值达到1.56万亿元）的历史新高之后，股价连续多日下跌，截止发稿，贵州茅台股价下跌至1125元，下跌幅度达到9.4%左右，市值缩水一千多亿。茅台股价下跌或许受到多个消息面的影响，包括白酒消费税征收环节的变动预期、贵州省内分销商的销售策略等，但是抛开这些短暂的影响因素，茅台的基本面的预期变化或起到了主要影响。自2006年以来，茅台酒的出厂价不断调升，已由268元/瓶升至2017年的969元/瓶，涨价幅度达到2.62倍，折算成复合年化提价率为每年11.3%。细看茅台出厂价变化的节奏，有快有慢，但整体的趋势是越调越慢，幅度也是越调越小。2006年，茅台酒的出厂价一年之内调了两次，而此后基本是一年一次，由于中间遇上几年的调整期耽搁的调价，而2017年调完价至今未能再提价。调价幅度方面，2007年的358元/瓶的价格较2006年268元/瓶的价格，提升幅度达到33.58%，而最近一次提价的2017年，由819元提升至969元，提升幅度仅为18.32%，考虑到这是贵州茅台间隔5年后的提价，这个幅度确实很小。今年来，茅台酒市场的火爆程度超出了茅台管理层的预期范围，逼近3000元一瓶的价格严重干扰了公司的渠道布局和消费者的消费体验。贵州茅台今年来多次强调平抑茅台酒的终端价格，建议终端零售价一直维持在1499元一瓶，且收回多家违规经销商的经销权，预计将有6000吨的茅台酒将转入直营渠道销售，另外，与物美、好市多、天猫等渠道合作投放茅台酒也是公司做出调整。因此，市场上、投资圈都预期茅台酒短期内提升出厂价的可能性不高，第一届新浪财经金麒麟最佳分析师食品饮料行业第一名董广阳认为，年底茅台提价可能性不大，公司将继续力促市场价格理性回归。原因主要包括以下几点：第一，公司对于市场价格态度继续保持理性，希望通过渠道多元化实现批价稳步回归。公司前期通过控市稳价措施实现批价回归，较好释放了之前价格一路疯涨带来的渠道风险，临近春节需求旺季，过去几年渠道价格出现冲高，今年公司借助省内渠道及新增商超电商直销渠道1499元稳步放量，有利于稳价的同时，通过购买政策也有效拉动了贵州当地特产食品产业发展。第二，当前通胀压力高企，舆论风险也较大。加之渠道基于当前价差及批价适度回归之后普遍有涨价预期，当前时点公司则会更重视稳定渠道预期，控制舆论风险。第三，明年定位基础建设年，业绩规划更加稳健理性。集团今年完成千亿目标之后，明确定位明年为基础建设年，预计业绩规划更加稳健理性，基于此提价时间点应有所靠后，但明年茅台在适度放量、需求平稳及直销稳步推进之下，业绩仍望保持高稳健性。尽管茅台系列酒的增速可观，但是在总营收的占比依然仅为11%，茅台酒依然是公司的主营，因此，茅台酒的量价情况将根本上影响贵州茅台的业绩预期。由于茅台酒的酿酒工艺，2020年出厂的茅台酒基本上取决于5年前的基酒产量，而公司在2013年至2015年的基酒产量情况则并不乐观，2015年的基酒产量较2014年甚至下降了13.46%。如2020年茅台酒的出厂价依然保持969元/瓶，则贵州茅台来年的业绩增速恐承压。资本市场是理性的，也是有预见性的，此次贵州茅台的股价调整或是出于来年业绩预期而做出的率先调整。责任编辑：公司观察
贵州省省长：今年要彻底撕下千百年来的绝对贫困标签,来源：贵州日报原标题：谌贻琴主持召开经济形势专家和企业家座谈会记者李薛霏12月3日，省委副书记、省长谌贻琴主持召开经济形势专家和企业家座谈会，就当前经济形势、下步经济工作听取意见建议。省委常委、常务副省长李再勇，副省长陶长海出席座谈会。会上，省社科院副院长黄勇，贵州大学管理学院党委书记王秀峰，贵州大学经济学教授洪名勇，贵州电网公司董事长尚春，贵州盘江煤电集团有限责任公司董事长张仕和，贵州东方世纪科技股份有限公司董事长李胜，贵州江楠农业科技开发有限公司总经理赵杰，省机场集团公司原董事长、省政府原参事申振东，省工业和信息化厅原副巡视员、省政府参事徐荣，国家开发银行贵州省分行行长李刚就宏观经济形势、“十四五”贵州发展思路、脱贫攻坚、乡村振兴、产业转型升级、新型城镇化、科技创新、减税降费等问题作了发言，为贵州发展建言献策。谌贻琴认真倾听发言，与大家深入交流。她说，各位专家和企业家的发言深入分析了当前我省经济发展的新形势新变化新挑战，提出了一系列富有创见、富有建设性的意见建议，我们将全面梳理、认真研究，充分吸纳和体现到政府实际工作中。谌贻琴指出，今年以来，全省上下坚持以习近平新时代中国特色社会主义思想为指导，认真贯彻党中央、国务院和省委、省政府决策部署，以脱贫攻坚统揽经济社会发展全局，牢牢守好发展和生态两条底线，深入实施三大战略行动，全省经济社会发展呈现出总体平稳、稳中有进的良好态势，成绩来之不易，必须倍加珍惜。当前，面对错综复杂的国内外经济形势，全省发展总体上机遇大于挑战。全省上下要更加坚定信心、奋发作为，始终保持战略定力、工作定力、作风定力，确保完成全年发展目标任务，确保明年继续保持经济社会发展良好势头。谌贻琴强调，要坚决按时高质量打赢脱贫攻坚战，在确保今年取得根本性胜利的基础上，集中力量攻克贫困堡垒，确保与全国同步全面建成小康社会，彻底撕下贵州千百年来的绝对贫困标签。要全力以赴稳增长，坚持稳中求进，以发展农业十二大特色优势产业为重点深入推进农村产业革命，以十大千亿级工业产业振兴为重点做大做强工业经济，以服务业创新发展十大工程为重点推动服务业提质升级，以推进“六网会战”为重点强化投资支撑，着力防范化解重大风险，坚持不懈优化营商环境，推动全省经济持续健康发展。要深入贯彻党的十九届四中全会和省委十二届六次全会的部署，着力提升政府治理能力，加强对经济工作的谋划研究，发挥好专家和企业家在政府决策中的重要作用，不断提高政府工作的战略性、系统性、前瞻性。责任编辑：陈永乐
方正电话会：正努力筹措20亿兑付资金 但还未成功,新浪财经讯12月4日消息，近日北大方正集团，在上清所公告称，因流动资金紧张，“19方正SCP002”超短期融资券不能按期足够偿付本息。公告显示，该超短期融资券规模总计20亿元人民币，计息期债券年华利率为4.94%。与此同时，有央企将作为战投入股方正集团的消息，也在市场不胫而走。次日，包括方正科技（维权）、方正证券、中国高科（维权）在内的一众上市企业纷纷大涨。一时间令北大方正集团的未来走向显得扑朔迷离。为此，北大方正集团于昨日召开电话会议，就相关事项回答了投资者的提问。方正党委书记、董事长孙玉海以及北大经营董事长肖群出席了会议。从会议的主要内容来看，北大方能正集团整体回复口径较为谨慎，短期债务兑付仍然没有明确信息。对于引入战投事项方面，北大方正集团方面表示，引入战略重组合作对象，正在按照上级部署，和潜在意向方在密集沟通。目前，考虑从整体引入，但不排除各二级三级单位都有引战动作，但和集团整体引战不冲突。地方国资委、央企意向很多，中央正在协调大型央企参与。另外，北大方正集团称，战投的引入不会等到集团债务重组完成之后，正在抓紧推进，争取尽快达成协议。对于市场传言可能有华发集团参与，方正集团方面给予了否认。在超短融债的兑付问题上，北大方正称，目前20亿的本息全都没有兑付，之前有报道说筹集到资金，报道并不真实，昨天之前一直在努力筹措20亿资金兑付，但没能够实现。不过，北大方正也表示，会争取在15天宽限期内能够兑付，争取不触发交叉违约，希望债券投资者未来能够支持较低成本的续发或增发。对于其他债务的减息，目前沟通情况还是比较理想，包括达成存量的合作，大部分机构同意按基准或基准下浮10%。集团现金流方面，北大方正则表示，尽管9月份报表显示集团账上有450亿现金，但显示因素是，这其中有地产公司款预售监管，还有保证金，受限的大概260多亿；上市公司方正证券等140亿左右，还有中国高科，没法给集团本部用。本部之前有不到80亿资金，但后续存在银行抽贷。现在每月平均到期100亿负债，所以集团现金流压力很大。此外，北大方正集团认为，巨额应收也是集团现金流紧张的重要原因，尽管关于政泉控股案件的140亿应收法院已经判决，，但政泉控股案件非常复杂，执行较难，所以对公司下半年的资金安排影响非常大。目前正在组织抵押物拍卖，未来几个月应该能看到较大金额的执行资金到位。方正党委书记、董事长孙玉海认为，公司之所以会出现资金危机，主要源于历史原因，一方面03至04年间，个别高管通过信托借款支付政泉控股民族证券，支付巨额资金等，以上流出资金造成了巨额的财务成本。另一方面，集团内部管理本身也比较混乱。据了解，北大方正集团负债总规模3000亿左右，集团本部负债总体规模800多亿。其中有息负债1900亿，不到2000亿，成本年化平均8%。分布上，银行占比400多亿，非标500多亿，债券接近600亿，剩下的大部分是方正向同业的融资，到期年份集中在2020-2022年。（新浪财经 陈矿然 发自深圳）责任编辑：常福强
6只战略配售基金首次集体出手 邮储上市“绿鞋”护航,来源：时代周报原标题：6只战配基金出手 邮储上市“绿鞋”护航罕见！6只公募战略配售基金首次集体出手。12月1日，中国邮政储蓄银行（601658.SH ）在上交所发布公告，A股IPO的8家战略投资者名单揭晓。该行A股IPO战略投资者阵容可谓豪华，8家战略投资者中，不但出现全国社保基金、央企基金面孔，市场上的6家战略配售基金均参与其中。据时代周报记者梳理，华夏、嘉实、汇添富、易方达、招商及南方6只战略配售基金，曾参与中国人保（601319，股吧）（601319.SH）、中国广核（003816，股吧）（003816.SH）的配售，但这次是首次集体出手开展战略投资，且均顶格申购。“战略配售基金一般会参与大型国企、央行的IPO，也被称为独角兽基金，这次集体出手，可能与看好邮储银行甚至银行股有一定关系。”12月3日，华南某公募基金人士告诉时代周报记者。11月，银行板块整体下跌1.3%，跌幅在所有行业板块排名第13。近期，银行股上市后表现普遍不理想，此次邮储银行IPO引入“绿鞋”机制，重重保驾护航之下，邮储银行上市后股价将呈现怎样走势，颇让外界期待。首次集体参与公告显示，邮储银行此次A股IPO战略配售对象共包括8家战略投资者，合计认购股数约占“绿鞋”行使前发行总量的40%，且均有12个月锁定期。配售结果显示，6只战略配售基金获配总股份18.9亿股。按照5.5元的发行价计算，此次共动用104亿元。这是6只战略配售基金第一次集体出手，且顶格申配参与的战略性投资。去年11月8日，易方达、南方、招商、汇添富等4家公募旗下战略配售基金曾获配中国人保战略投资；今年8月14日，中国广核也有5家战略配售基金获得配售。此次，邮储银行战略配售份额，易方达3年战略配售获配数量最多，达4.61亿股，获配金额高达25.36亿元；招商3年战略配售获配4.25亿股，获配金额23.37亿元；南方、汇添富、华夏旗下战略配售基金获配股数在2亿股以上，获配金额皆超过10亿。获配数量最少的嘉实3年战略配售，获配数量1.77亿股，获配金额9.75亿元。去年7月5日成立后，6家战略配售基金皆有不俗表现。按照中国人保战略配售投资者3.34元/股的成本来算，到12月2日战略配售投资人的收益率也近一倍。根据三季报，6只战略配售基金以固收为主，债券投资占比在90%左右。投资业绩方面，Wind数据显示，截至12月2日，6只战略配售基金自去年7月份成立以来，一年多的平均收益率为7.6%；6只基金收益率区间位于5.5%-9%之间，且全部斩获正收益。其规模也是水涨船高。截至三季度末，6只战略配售基金总规模为1141.76亿元，相比基金成立时规模增长近百亿元。另外，邮储银行两家战略投资者分别为全国社保基金一一三组合、中央企业贫困地区产业投资基金股份有限公司，两家获配股份分别为0.53亿股、1.24亿股，锁定期限同样为12个月。前者资金来源为中央财政预算拨款、国有资本划转及基金投资收益等；后者由国务院国资委牵头、财政部参与发起、多家中央企业参与出资，投资于贫困地区资源开发利用、产业园区建设、新型城镇化发展等。中签率创3年新高邮储银行本次发行引入“绿鞋”机制。“绿鞋”意味着新股发行后30天的后市稳定期内，如股价因市场波动出现“破发”，承销商将从市场上买入股票，稳定二级市场价格。这是近期发行的银行股所没有的。“绿鞋”因最早在美国波士顿绿鞋公司的股票发行中被使用而得名，在A股市场较为少见，在港股与美股市场，“绿鞋”是常态化机制。2001年，证监会发布的《超额配售选择权试点意见》就已提示，《证券发行与承销管理办法》中也有相关规定，今年《科创板股票发行与承销实施办法》亦有明确，也被市场期待为未来的常规操作。这也是A股近十年首单、历史上第四次引入“绿鞋”机制的IPO。中泰证券表示，邮储银行引入“绿鞋”机制，新股发行后30天之内，如果股价出现低于发行价的情况，将有43亿元的“绿鞋”资金入场。十余年来，A股仅有3单IPO设置“绿鞋”，分别是2006年的工商银行（601398，股吧）（601938.SH）、2010年的农业银行（601288，股吧）（601288.SH）和光大银行（601818，股吧）（601818.SH）。上述3单IPO设置的“绿鞋”，均在上市30天内全额执行。近期，银行股频频出现破发现象，A股部分投资者打新热情有所消减。11月28日晚间，邮储银行发布的网上发行申购情况及中签率公告显示，网上有效申购户数为888.2万户，回拨后网上投资者中签率约1.26%，创下2016年信用申购制度实施以来的最高纪录。面对投资者对银行股破发的担忧，此前邮储银行董事长张金良在网上路演称，A股历史上，仅有工商银行、农业银行、光大银行等三单在发行过程中引入“绿鞋”，这三家发行人在“绿鞋”行使期内股价均表现良好，平均股价涨幅超过10%。责任编辑：王妍
特朗普再度访英: 是“脱欧粉”不会插足英国医保,中新网12月4日电 据“中央社”报道，美国总统特朗普在英国大选前，到访伦敦参加北大西洋公约组织（NATO）峰会。他在受访时表示，无论唐宁街10号接下来的主人是谁，他可以和“任何人合作”。资料图：美国总统特朗普。中新社记者 陈孟统 摄英国大选即将在12日举行，特朗普在记者会上表明他不会插手选举，因为“不想让问题更复杂”，不过却自称是“脱欧的粉丝”，认为英国首相约翰逊担任首相“非常合适”。报道称，这是特朗普任内第3次访问英国，上次到访是在2019年6月的国是访问，刚好碰上保守党即将选出新党魁，特朗普当时力挺约翰逊，认为约翰逊会是保守党最佳的新党魁人选。为撇清与特朗普的关系，约翰逊先前已经表示，他希望特朗普不要干涉英国大选。据传特朗普访英3天期间，约翰逊不打算安排和特朗普一对一会面。另一方面，英国白金汉宫外聚集抗议人士，不满特朗普想要插手英国国家医疗保健服务（NHS）。特朗普之前访英时曾和英国前首相特蕾莎•梅会谈，承诺在英国脱离欧盟后，美国可与英国达成“很棒的贸易协议”，但条件是必定要让美国插手NHS，结果遭到英国民众的激烈反弹。不过，特朗普此次在记者会上表示，美国绝对不会碰NHS，即使是NHS“放在银盘子被端上来”，也“绝对没有想过（插手）”。然而，NHS员工依旧认为美国是NHS的一大威胁，高举“不要碰我们的NHS”和“NHS不出售”等标语抗议。敞开NHS让更多美国医药公司涉入，在英国是个非常具争议的议题。若在贸易协议里涵盖NHS，可能导致英国必须支付美国药厂比现在更高的药品费用。目前英国是以比美国国内医保体制更低的价格，从美国公司购买药品。英国工党党魁科尔宾表示，他会在晚宴上告诉特朗普“英国的NHS不出售”。据英国最新民调显示，保守党支持率领先工党多达12个百分点，科尔宾迫切希望把特朗普来访转化成一次进攻机会，借此缩小差距。责任编辑：孟然
皮查伊接任谷歌母公司CEO 佩奇和布林双双退出管理层,原标题：皮查伊接任谷歌母公司CEO 佩奇和布林双双退出管理层上证报中国证券网讯 谷歌3日发布声明称，其联合创始人拉里·佩奇（Larry Page）和谢尔盖·布林（Sergey Brin）将分别辞去母公司Alphabet CEO和总裁的职务。谷歌现任CEO桑达尔·皮查伊（Sundar Pichai）接任，并同时担任母公司和谷歌的CEO。佩奇和布林在一封告别信中称，公司经营需要更好的方式，母公司Alphabet和谷歌不需要有两位CEO和一位总裁。随着谷歌日益成长，现在是他们离开管理岗位的时候了。不过，拉里·佩奇和谢尔盖·布林会保留在Alphabet的董事会席位，未来仍将积极参与公司董事会相关管理工作。（汤翠玲）责任编辑：阮璐阳
全国林业产业大会在京召开 阿里巴巴牵手国家林草局,全国林业产业大会在京召开，阿里巴巴牵手国家林草局12月3日，第四届全国林业产业大会在北京召开。会议强调，尽快启动全国林业产业发展“十四五”规划编制，加快推进现代林业产业园区建设，着力培优育强一批国家林业重点龙头企业；积极培育林业生物质能源、林业新材料、林业碳汇、森林生物制药、森林食品等战略性新兴产业；培育一批区域性林产品交易市场；加快产权模式创新和金融创新，吸引社会资本和金融资本投资林业产业。会上，国家林草局与阿里巴巴集团签署战略合作协议。责任编辑：阮璐阳
港股午后跌幅轻微收窄 现跌289点报26101点,新浪港股讯，港股今早急挫，早上曾一度失守二万六关口，内房股及本地地产股领跌大市表现，恒指午后跌幅轻微收窄，手机设备股捱沽，舜宇光学（02382）虽有大和唱好兼提高目标价，惟股价仍急跌逾3%，暂为表现最差之蓝筹．现时，恒生指数报26101，跌289点或跌1.10%，主板成交422.78亿元．国企指数报10272，跌83点或跌0.80%。内地A股依然走势分化，上证综合指数报2876，跌7点或跌0.27%，成交932.47亿元人民币；深证成分指数报9679，升21点或升0.22%，成交1502.89亿元人民币。重磅股方面，汇丰控股（00005）跌1.47%，报57.1元；港交所（00388）跌0.81%，报245.4元；腾讯控股（00700）跌0.73%，报328.6元；中移动（00941）升0.67%，报59.8元；友邦保险（01299）跌1.52%，报77.8元。恒指十大跌幅股份表现如下：股份（编号）现价变幅------------------------------舜宇光学（02382）124.90元跌3.25%中海外（00688）26.85元跌2.54%华润置地（01109）34.75元跌2.25%新世界（00017）9.99元跌2.06%中国人寿（02628）19.50元跌1.91%万洲国际（00288）7.81元跌2.01%长和（00001）69.15元跌1.91%恒生银行（00011）156.60元跌1.82%长实集团（01113）50.95元跌1.74%九仓置业（01997）42.60元跌1.73%----------------------------责任编辑：卢昱君
工信部副部长：加速工业互联网解决方案的规模化推广,原标题：工信部副部长陈肇雄：加速工业互联网解决方案的规模化推广上证报中国证券网讯 据工业和信息化部12月4日消息，12月3日，2019首届中国工业互联网大赛在浙江余杭举行闭幕式。工业和信息化部副部长陈肇雄、浙江省人民政府副省长高兴夫出席闭幕式并讲话。陈肇雄指出，开展工业互联网大赛是加快推进工业互联网创新发展的一项重要举措，为汇聚工业互联网智力资源、技术资源、资本资源，促进优秀工业互联网解决方案的应用推广，提供了有效途径。通过大赛将对激发人才创新活力，选拔培养工业互联网创新发展“生力军”，形成一批可复制可推广的优秀解决方案，强化产业链、创新链、金融链有效对接，营造良好创新发展氛围，产生积极的促进作用。陈肇雄强调，工业互联网发展是一项复杂系统工程，需要久久为功，需要政产学研用各方的共同努力，汇众智、聚众力，探索更多新模式、新方案、新路径，推动实现高质量发展。要不断提高大赛高端化、品牌化、专业化水平，不断深化产教融合、产融互促、供需对接，加速工业互联网解决方案的规模化推广，将大赛构建成促进工业互联网创新发展和成果转化的重要平台。大赛由工业和信息化部、浙江省人民政府指导，国家工业信息安全发展研究中心、浙江省经济和信息化厅、杭州市人民政府、中关村信息技术和实体经济融合发展联盟等单位共同承办。大赛吸引了5134人、896支团队，共有1009个作品参赛。经过激烈角逐，大赛决出2个一等奖、6个二等奖、12个三等奖。参加闭幕式的还有工业和信息化部信息化和软件服务业司、浙江省经济和信息化厅、国家工业信息安全发展研究中心、杭州市人民政府，以及参赛团队、工业企业、工业互联网服务商、投资机构、媒体等400多名代表。责任编辑：阮璐阳
海南落实公积金贷款差别化 二次利率不低于首贷1.1倍,来源：海南日报原标题：我省将调整公积金个人贷款部分政策记者孙慧记者12月3日从省住房公积金管理局获悉，为继续严格落实“房住不炒”的调控目标和“放管服”改革要求，我省将调整住房公积金个人贷款部分政策，落实差别化贷款利率，缴存职工家庭现有一套住房或已经享受过一次公积金贷款的，第二套住房公积金贷款或第二次公积金贷款的贷款利率不得低于同期首套房公积金贷款利率的1.1倍。另外，我省将取消二手房公积金贷款房产估价报告，缴存职工办理二手房公积金贷款时，不再提供二手房估价报告。住房公积金管理机构在获得贷款申请人作出房产交易价格信息真实的书面承诺后，联合委贷银行内部核查房产价格等情况。对二手房房产价格认定，依据购房合同（协议）载明的购房价款、税务部门出具房产交易增值税发票载明的价税合计额，两者中的低值予以确认。二手房公积金贷款最长期限为20年，原则上要求不超过《不动产权证书》载明的用地使用权终止期限。对贷款最长期限超过土地使用期限的二手房屋，由住房公积金管理机构联合委贷银行现场核实后上报省住房公积金管理局审定，按个案情况予以相应处理。上述新政将从2019年12月9日起实施。责任编辑：陈永乐
水泥股续回落 中国建材跌逾2%暂最差国指股,新浪港股讯，中国建材（03323）现价跌2.49%，报7.43元，暂为最大跌幅个股；成交约1529万股，涉资1.14亿元。水泥股全线受压，亚洲水泥（00743）急挫4.2%，报10.04元；海螺水泥（00914）跌1.59%，报49.45元；西部水泥（02233）软2.42%，报1.21元。现时，恒生指数报26105，跌285点或跌1.08%，主板成交424.18亿元．国企指数报10269，跌86点或跌0.84%。上证综指报2876，跌8点或跌0.28%，成交938.11亿元人民币。深成指报9677，升19点或升0.20%，成交1510.91亿元人民币。表列同板块或相关股份表现：股份（编号）现价变幅-----------------------------山水水泥（00691）2.53元无升跌亚洲水泥（00743）10.04元跌4.20%海螺水泥（00914）49.45元跌1.59%华润水泥（01313）9.03元跌1.74%金隅集团（02009）2.13元跌0.93%西部水泥（02233）1.21元跌2.42%中国建材（03323）7.43元跌2.49%-----------------------------责任编辑：卢昱君
农业农村部：将进一步建立完善富硒功能农业标准体系,原标题：农业农村部：将进一步建立和完善富硒功能农业标准体系上证报中国证券网讯 据农业农村部12月4日消息，农业农村部答复政协十三届全国委员会第二次会议第1853号提案称，下一步，农业农村部将积极会同有关部门，以富硒农产品国家和行业标准为切入点，进一步建立和完善富硒功能农业标准体系，发挥标准的引领和带动作用。同时，充分依托中国农业技术推广协会富硒农业技术专业委员会以及与富硒产业密切相关的专业标准化技术委员会等技术机构，发挥其在组织研究制定富硒农业标准和技术推广方面的积极作用。同时，富硒功能农业标准化技术委员会，待条件成熟时将积极推动成立。此外，农业农村部鼓励富硒产区依托天然富硒资源发展富硒农产品，积极支持开展绿色、有机、地理标志等产品的认证和登记。农业农村部将积极配合科技部等有关部门，进一步加强富硒功能农业的科技创新，完善相关富硒农产品地方标准、行业标准及国家标准，推动富硒产业的科技投入，助力富硒功能农业健康发展。责任编辑：阮璐阳
席志勇：推动焦煤、焦炭期权上市 加快气煤期货上市,席志勇：尽快推动焦煤、焦炭期权上市 加快气煤期货上市进程中证网讯（记者 马爽）大连商品交易所（简称“大商所”）总经理席志勇12月4日在“2020年度全国煤炭交易会”上表示，下一步，大商所将紧密结合煤炭产业发展新需求，努力为煤炭行业提供高质量的产品和服务：一是按照“做全期货、期权、互换衍生工具，打通期货现货、境内境外”的“一全两通”发展目标，尽快推动焦煤、焦炭期权上市，加快气煤期货上市进程，扩大工业品保险+期货试点和基差交易试点，努力为行业提供更多的风险管理工具；二是持续做好市场监管，努力推进规则制度创新，按照“稳中求进”的原则，不断提高市场运行效率，着力打造高质量的期货市场；三是加强与行业协会、实体企业交流合作，共同搭建产融合作平台，深化共识、消除疑虑、加强合作、实现共赢。责任编辑：张瑶
海南：从患者等药到药等患者 特许药械启用缩至3天,来源：海南日报原标题：从“患者等药”到“药等患者”记者 刘梦晓“从主治医生告诉我，在乐城先行区可以申请使用巩膜镜，到通过审批并使用，前后才用了3天。现在，我的视力恢复得很好！”12月3日，曾在博鳌乐城国际医疗旅游先行区（以下简称先行区）相关医疗机构使用巩膜镜的患者林小飞（化名）激动地告诉海南日报记者。一年前，林小飞在角膜移植手术后眼睛出现了不规则散光和干眼症等症状。对此症状，此前国内的治疗手段和药械都没有办法有效缓解。直到今年11月份，林小飞的主治医生向她推荐，可以到先行区申请使用巩膜镜。该产品已经在欧美国家使用，可以提高干眼症患者的舒适度，让患者获得清晰的视力。11月26日，在林小飞通过先行区相关医疗机构提交使用巩膜镜产品申请的3个工作日后，她就在先行区内得到相关治疗，成为中国内地首例使用巩膜镜的患者。“通过极简审批改革，从递交申请，到经过省卫健委、药监局的审批，患者在先行区使用特许药械的等待时间由最初的6个月缩短至3个工作日以内。”先行区管理局招商部负责人代晓龙说。2013年2月28日，国务院批复设立先行区，赋予包括药品“急需、少量”进口政策在内的9条先行先试政策。2016年3月，先行区第一家医疗机构投入运营后，当月19日获得原国家食药监局批准进口肿瘤新药PD-1，该批药品到同年9月才进到医院，从患者申请用药到使用历时6个月之久。为了真正发挥先行先试的最大作用，缓解患者之急，先行区积极深化极简审批改革，于今年8月对原乐城管委会进行机构改革，成立先行区管理局，并采取一系列举措缩短患者用药等待时间。这一系列的举措就包括，先行区充分利用公共保税仓的仓储功能，通过海关总署支持单抗类低风险特殊物品获得允许“先审批入仓、后核销出仓”，特许审批进口的化学药品、医疗器械和单抗类低风险生物制品均实现病人申请前提前在公共保税仓囤货，节约了药械采购运输时间。“简单来说，就是将相关的特许药械先存放在公共保税仓里，再进行检验、检疫，等到患者提出使用申请时，立即就可以取出使用，省去了漫长的运输时间。”代晓龙说。同时，先行区管理局提前与国际新药械厂商进行采购谈判，省去了大量的采购谈判时间。而在省卫健委、省药监局和海关的支持下，当前的先行区已经建立特许药械追溯平台，实行特许药械线上审批。患者通过医疗机构提出申请，先行区管理局受理、省卫健委出具急需意见、省药监局批准、海关通关、保税仓入库等全程实现网上审批，审批时间可以控制在3个工作日以内。这也就是为什么林小飞能够在3个工作日内就使用上巩膜镜产品的原因。“接下来，先行区将深入贯彻落实十九届四中全会精神和省委七届七次全会精神，加快国际化步伐，邀请国际知名跨国药械企业到先行区布展，开展‘永不落幕的国际新药新械展’，加快推进海南自由贸易港建设。”先行区管理局局长顾刚表示，先行区计划在明年4月份前，引进至少50种新药新械、完成1000例特许手术，并将加速建设研究型医院、国际社区、产业中心，完善整体配套设施，以服务更多患者，提高先行区知名度。责任编辑：陈永乐
上海抽检太阳镜8批次不合格 H&M、ZARA等品牌在列,原标题：上海抽检太阳镜8批次不合格 “H&M”、“ZARA”等品牌在列中国网财经12月4日讯 据上海市市场监督管理局网站消息，近期，上海市市场监督管理局集中组织力量对浦东国金中心、正大广场、静安恒隆广场、徐汇恒隆广场、青浦奥特莱斯等商圈36家企业销售的40个品牌40批次太阳镜进行了质量抽检和市场检查。经检测，有8批次不合格，不合格检出率为20.0%，比去年上升了4个百分点，其中，抽检进口奢侈品牌23批次，有6批次不合格，不合格检出率为26.1%；抽检国产品牌17批次，有2批次不合格，不合格检出率为11.8%。太阳镜不合格项目主要是镜架要求(抗汗腐蚀)、可见光透射比、光透射比相对偏差和标志4个项目。与去年抽检情况相比，可见光透射比、抗汗腐蚀和标志不合格情况依然存在。一是镜架要求抗汗腐蚀不合格，有1批次。海恩斯莫里斯(上海)商业有限公司黄浦第二分公司销售的标称由海恩斯莫里斯(上海)商业有限公司生产(或供货)的“H&M”牌遮阳镜(型号规格：均匀色/349937)，抗汗腐蚀实测镜圈下缘有腐蚀点和变色(标准要求应无腐蚀点或变色，镀层不锈蚀、剥蚀或脱落)，与标准要求不符。抗汗腐蚀不合格，一方面容易出现镜架褪色、镀层剥落等问题，另一方面镜架中的镍、铅等重金属析出，可能引起皮肤过敏。二是可见光透射比不合格，有3批次，可见光透射比实测与企业标称不符。如博柏利(上海)贸易有限公司第六分公司在港汇恒隆广场销售的标称由博柏利(上海)贸易有限公司生产(或供货)的“博柏利”牌太阳镜(型号规格：均匀色/B4277-F；生产日期或批号：4080391)，可见光透射比企业明示为遮阳镜2类(18＜tv≤43)，实测为右12.8、左13.0，未达到2类标准要求。按照QB2457《太阳镜》标准，太阳镜可分为浅色太阳镜、遮阳镜、特殊用途太阳镜3个类别；按照GB10810.3《眼镜镜片及相关眼镜产品第3部分：透射比规范及测量方法》标准，太阳镜分为1类、2类、3类和4类。太阳镜类别不同、分类不同，太阳镜用途截然不同。可见光透射比不合格，直接影响消费者对太阳镜的正确使用。三是光透射比相对偏差不合格，有1批次。飒拉商业(上海)有限公司销售的标称由其生产(或供货)的“ZARA”牌太阳镜(型号规格：均匀色/02727/012/250/039)，光透射比相对偏差实测23.7(标准值应≤15)，与标准要求不符。该指标不合格，左右眼进光量差异较大，容易发生视觉疲劳，影响视力健康。四是标志不合格，有5批次，不合格商品未标太阳镜类别、分类、执行标准。如克丽丝汀迪奥商业(上海)有限公司第四专卖店在上海国金中心商场销售的标称由克丽丝汀迪奥商业(上海)有限公司生产(或供货)的“christian Dior”牌太阳镜(型号规格：渐变色/DiorSostellaire2)，未标太阳镜类别和分类，可见光透射比实测为右61.8、左63.2，属于浅色太阳镜1类，遮阳效果不明显。该指标不合格，影响消费者正确选购、使用太阳镜。根据抽检结果，市场监管部门已责令相关经营者立即停止销售不合格商品，对库存商品、在售商品进行全面清理，督促公示的不合格商品经营者按照相关法律法规的要求主动采取措施，并依法对销售不合格商品的经营者调查处理。同时，市场监管部门提醒消费者在选购、使用太阳镜时要注意以下几点：一、选购太阳镜时，应索要包装和吊牌，避免发生质量问题时，举证困难，并在发票上要求注明品牌、类别和型号。二、目前在市场销售的太阳镜主要有两类，一类是“遮阳镜”，遮挡阳光，减轻眼睛过度调节造成的疲劳或强光刺激造成的伤害；另一类是“浅色太阳镜”，主要是装饰作用，阳光不强烈时可以使用。如果消费者误把“浅色太阳镜”当作“遮阳镜”使用，不但起不到遮阳效果，还会损伤眼睛。三、太阳镜配戴不当易患眼疾，阴天和在室内没有必要戴太阳镜。有些人不分场合，不论太阳光强弱，甚至在黄昏、傍晚以及看电影、电视时也戴太阳镜，必然会加重眼睛调节的负担，引起眼肌紧张、疲劳，使视力减退、视物模糊，严重时会出现头晕眼花、不能久视等症状。责任编辑：阮璐阳
阿里巴巴现跌近2% 暂四连跌蒸发逾7%,新浪港股讯，阿里巴巴（09988）现价跌1.87%，报189元，盘中低见188.9元，失守190元大关；成交约1112万股，涉资21.19亿元．该股暂连跌四日，以现价计，累计蒸发约7.4%。阿里巴巴公布，于上日（3日），联席代表悉数行使15%超额配股权，涉及合共7500万股股份．每股作价176元，额外所得净额131.66亿元．超额配发股份预期本月6日开始买卖。现时，恒生指数报26094点，跌297点或跌1.13%，主板成交416.83亿元．国企指数报10267点，跌88点或跌0.85%。上证综指报2876点，跌7点或跌0.28%，成交913.87亿元人民币。深成指报9676点，升19点或升0.20%，成交1474.44亿元人民币。表列同板块或相关股份表现：股份（编号）现价变幅------------------------------阿里巴巴（09988）189.00元跌1.87%美团点评（03690）100.50元跌2.99%同程艺龙（00780）12.54元跌2.79%雷蛇（01337）1.20元跌2.44%阅文集团（00772）29.50元跌1.99%易鑫集团（02858）1.73元升0.58%小米集团（01810）9.04元升0.33%平安好医生（01833）52.00元无升跌------------------------------责任编辑：卢昱君
应收账款计提风波延续 中金下调当升科技目标价,原标题：应收账款计提风波延续，中金下调当升科技目标价 来源：新京报新京报讯（记者张妍頔）12月4日，受应收账款计提风波影响，中金下调了当升科技的目标价。12月3日当升科技公告显示，鉴于比克公司现阶段回款压力较大，且对保全资产变现存在一定的不确定性，当升科技决定按照谨慎原则对比克公司应收款项坏账准备单项计提提高到40%。截至本公告披露日，当升科技对比克公司应收账款余额为37834.62万元，计提坏账准备金额为15133.85万元，较此前坏账准备计提增加12199.29万元。12月4日中金研报显示，中金认为本次计提增加主要出于11月末还款计划不及预期、诉讼进度存在较大不确定性等因素影响下的谨慎考虑。考虑整体需求压力与今年计提影响，中金下调2019/20年净利润预测48%/23%至1.70/3.90亿元。中金下调目标价22%至24元，相比当前股价有12.7%的上涨空间，维持“跑赢行业”评级。深圳比克是当升科技的客户之一，近三年（2016年至2018年）销售金额依次为24323.58万元、22310.21万元和28218.52万元；2019年初至11月9日，当升科技对深圳比克的销售金额为2278.43万元。郑州比克是深圳比克的子公司，也是当升科技的客户之一，双方2016年至2018年销售金额依次为1798.40万元、9099.00万元和28550.86万元；2019年初至11月9日，当升科技对郑州比克的销售金额为9282.50万元。11月18日晚间，受比克动力影响，当升科技收到深交所下发的监管函。监管函显示，当升科技先后于2019年8月19日、9月18日对深圳市比克动力电池有限公司、郑州比克电池有限公司提起诉讼，要求其偿还拖欠货款及逾期利息，诉讼涉及金额合计4.07亿元，占当升科技2018年经审计净资产的12.33%。但当升科技未及时披露上述重大诉讼事项，直至2019年11月13日才在《关于重大诉讼及相关进展的公告》中补充披露。新京报记者 张妍頔责任编辑：常福强
避险资产集体爆发 山东黄金大涨7%中国稀土暴涨28%,来新浪理财大学，听肖磊讲《黄金投资必须要听的10节课》 ，轻松掌握黄金投资入门诀窍！新浪港股讯 12月4日消息，外围风险加大，避险资产、中国高端制造、稀土概念集体走高。黄金贵金属走高，中国白银集团（0815.HK）涨9.33%，山东黄金（1787.HK）涨逾7%，招金矿业涨5.07%。避险情绪升温支撑金价走高，黄金期货突破1480美元关口。截止收盘，COMEX 2月黄金期货收涨逾1%，报1484.40美元/盎司，创逾3周以来收盘新高。中国高端制造相关股票走高。其中，华虹半导体涨6%，中芯国际涨2.77%。稀土概念逆势走强，中国稀土午后涨幅扩大，截至发稿，中国稀土暴涨28%，报价0.465港元，五矿稀土涨4.4%，广晟有色涨4.01%。责任编辑：张海营
奇瑞增资扩股落定 青岛五道口斥资144.5亿成最大股东,编者按：本文来自36氪‘未来汽车日报’（微信公众号ID：auto-time），作者：张一。作者 | 张一编辑 | 李欢欢奇瑞控股和奇瑞股份的新一轮增资扩股项目终于落定。12月4日，长江产权交易所发布公告称，奇瑞控股集团有限公司、奇瑞汽车股份有限公司增资扩股项目成交，青岛五道口新能源汽车产业基金企业（有限合伙）（以下简称青岛五道口）成为奇瑞控股、奇瑞股份的新股东。公告显示，青岛五道口对奇瑞控股投资75.86372336亿元，持股比例30.99%，对奇瑞股份投资约68.63217664亿元，持股比例18.5185%。增资扩股交易全部完成后，青岛五道口在奇瑞控股和奇瑞股份的持股比例将达到51%。公告期为2019年12月4日至2019年12月10日。天眼查显示，青岛五道口成立于2019年8月，执行事务合伙人为北京五道口投资基金管理有限公司，经营范围包括投资与资产管理、股权投资及投资咨询等。公司共有两位股东，分别为北京五道口投资基金管理有限公司和王娟。最终受益人为北京五道口投资基金管理有限公司。按此次增资扩股公告信息，增资扩股完成后，此前奇瑞控股集团第一大股东芜湖市建设投资有限公司的持股比例将从40.1084%下降至27.68%，低于新资方持股比例；华泰资管将向投资方转让其持有的奇瑞控股15.78%股权；瑞创投资将根据投资方需求（若需）将向投资方转让其持有的奇瑞控股4.23%股权。这是继去年混改方案“流拍”后，奇瑞第二次启动混改。今年9月2日，奇瑞控股和奇瑞股份在长江产权交易所发布增资扩股预公告，双方拟同时通过增资扩股方式引入同一投资方，分别募集金额不低于75.33亿元和68.15亿元资金。从目前结果来看，奇瑞控股和奇瑞股份已经完成了募集目标。近年来，奇瑞的经营状况始终不佳。在2016年到2018年3年间，奇瑞汽车营业收入从329.64亿元下滑至252.31亿元，负债总额从581.2亿元增长至605.65亿元。截至2019年6月30日，奇瑞控股营业收入104.22亿元，净利润-1.56亿元，资产总额904.18亿元，负债总额685.08亿元。据公告信息，奇瑞股份募集资金将用于偿还对金融机构的借款，以及奇瑞股份现有业务、新业务的发展及日常经营。免责声明：自媒体综合提供的内容均源自自媒体，版权归原作者所有，转载请联系原作者并获许可。文章观点仅代表作者本人，不代表新浪立场。若内容涉及投资建议，仅供参考勿作为投资依据。投资有风险，入市需谨慎。责任编辑：凌辰 SF179
四环医药昨创逾八年新低后 现逆市升近5%,新浪港股讯，四环医药（00460）昨日低见0.8元兼创逾8年新低后，现价反弹4.71%，报0.89元；成交约1277万股，涉资1111万元，主动买盘84%。现时，恒生指数报26100，跌290点或跌1.10%，主板成交417.92亿元．国企指数报10272，跌83点或跌0.81%。上证综指报2876，跌7点或跌0.28%，成交918.06亿元人民币。深成指报9677，升19点或升0.20%，成交1481.36亿元人民币。表列同板块或相关股份表现：股份（编号）现价变幅------------------------------四环医药（00460）0.89元升4.71%白云山（00874）22.70元跌0.87%石药集团（01093）17.38元跌1.25%国药控股（01099）25.85元跌0.39%中生制药（01177）10.14元跌0.39%三生制药（01530）11.22元跌0.71%石四药（02005）6.00元跌0.17%复星医药（02196）21.75元跌0.68%药明生物（02269）88.20元升0.92%药明康德（02359）92.45元升0.43%------------------------------责任编辑：卢昱君
俄罗斯预计本周OPEC+会议具建设性 沙特寻求再减产,俄罗斯能源部长周二表示，俄罗斯预计本周与石油输出国组织（OPEC）产油国举行的会议具有“建设性”。与此同时，OPEC实际上的领导者沙特阿拉伯正敦促成员国和俄罗斯等盟友加大减产力度，以避免明年出现新的供应过剩。OPEC将于周四在维也纳召开会议，随后于周五与盟国举行会议。“我们仍在敲定我们的立场，”在被问及莫斯科在会谈前的立场时，俄罗斯能源部长诺瓦克表示，“让我们拭目以待……但我认为，与以往一样，这次会晤将具有建设性。一位熟悉俄罗斯想法的消息人士对路透表示，莫斯科“极有可能”在本周与OPEC达成共识，只是需要解决一些悬而未决的问题。产油国必须决定是继续维持当前的减产规模、还是缩小规模、还是加大减产力度，还是彻底放弃当前的减产协议，目前的协议设定的共同减产目标是120万桶/日，约占全球需求的1.2%。对俄罗斯来说，这一次的症结在于如何计算其产量-俄罗斯的产量数据中包括凝析油，而其它产油国没有。诺瓦克表示，“我们将与同事们讨论，考虑按照OPEC国家的方式来统计产量-将凝析油排除在外。”根据当前的协议，俄罗斯同意减产22.8万桶/日，至约1，118万桶/日，但该国产量超过了这一数字，路透计算显示，11月俄罗斯石油产量为1，244万桶/日。诺瓦克称，俄罗斯11月平均减产为19.5万桶/日，但若不计入凝析油，其12月减产幅度可能在为22.5-23万桶/日。莫斯科通常在OPEC会议前采取强硬立场。担心出现新供应过剩两名消息人士周一对路透表示，OPEC+正考虑至少再减产40万桶/日。消息人士称，OPEC最大产油国沙特阿拉伯正在游说进一步减产，因油价上涨将有助于该国平衡预算，并为其国有石油巨头沙特阿美上市提供支持。该公司定于周四为其首次公开发行（IPO）定价。摩根大通表示，预计产油国将同意在2020年底前减产150万桶/日，即增加减产幅度30万桶/日，因沙特阿拉伯需要将油价维持在60-70美元/桶。沙特阿拉伯还在向伊拉克和尼日利亚施压，要求它们更好地遵守限产配额，以此作为沙特进一步减产的条件。周一有关OPEC正考虑进一步减产的报导扶助推升油价。周二，指标布兰特原油价格稳定在每桶61美元附近。消息人士周一援引OPEC经济委员会最新的分析称，若不进一步减产，石油市场将在2020年上半年面临供应严重过剩和库存增加的风险。高盛分析师表示，OPEC+可能会将减产延长至明年6月，但表示再延长三个月对油价的支撑作用不大，他们预计到2020年油价将在每桶60美元左右。责任编辑：魏雨
京张高铁（含崇礼铁路）进入运行试验阶段,来源：河北日报原标题：京张高铁进入运行试验阶段记者方素菊从中国铁路北京局集团有限公司获悉，12月3日8时30分，随着55001次试验列车从北京北站驶出，京张高铁（含崇礼铁路）正式转入运行试验阶段。此次运行试验在京张高铁北京北至张家口、崇礼铁路下花园至太子城段、张呼高铁张家口至怀安段同步进行，并分别在北京北至张家口、太子城，北京北至乌兰察布、阳高南间进行运行图参数测试。京张高铁是国家《中长期铁路网规划》中“八纵八横”京兰通道的重要组成部分，是京津冀协同发展的重要基础工程，是2022年北京冬奥会的重要交通保障设施。京张高铁起自北京北站，途经清河站、昌平站、八达岭长城站、东花园北站、怀来站、下花园北站、宣化北站、张家口站，全长174公里；新建崇礼铁路位于张家口市，南起京张高铁下花园北站，向北至太子城站，全长52.2公里，主要服务于冬奥会崇礼赛区，将与京张高铁同步开通运营。通车后，乘京张高铁从北京到张家口的时间将缩短到1小时内，并与张呼和大张两条高铁线路相连，对于促进京津冀协同发展、连通西部地区具有十分重要的意义。责任编辑：陈永乐
汇银智慧社区现跌近11% 创历史新低主动沽盘64%,新浪港股讯，汇银智慧社区（01280）现跌10.96%，报0.065元，盘中低见0.057元，创历史新低；成交约702万股，涉资46万元，主动沽盘64%。汇银智慧社区公布，建议进行股份合并，按每20股每股面值0.001美元股份合并为1股每股面值0.02美元的合并股份，同时建议把公司名称更改为“奇点国际有限公司”，英文名称由“Huiyin Smart Community Co.Ltd．”更改为“Qidian International Co.Ltd．”。按昨日收市价0.073元，而每手买卖单位维持2000股计，每手股份市值将由146元改为2920元，从而遵守联交所买卖规定．至于建议更改公司名称，该集团指，有助更佳地体现其目前业务重心及未来发展方向，并认为新名称提供一个崭新企业形象，并于未来业务发展中提升其品牌形象。现时，恒生指数报26072，跌318点或跌1.21%，主板成交396.40亿元．国企指数报10257，跌98点或跌0.95%。上证综合指数报2873，跌10点或跌0.38%，成交854.40亿元人民币．深证成份指数报9664，升7点或升0.07%，成交1388.43亿元人民币．表列十大跌幅股份表现：股份（编号）现价变幅------------------------------天时软件（08028）0.033元跌21.43%利宝阁（02960）0.015元跌21.05%建禹集团（08196）0.690元跌17.86%顺龙控股（00361）0.044元跌16.98%国安国际（00143）0.055元跌14.06%亚太金融（08193）0.260元跌13.33%仁恒实业（03628）0.227元跌12.69%国联通信（08060）0.036元跌12.20%华信金融（01520）0.044元跌12.00%NEXIONTECH（08420）0.081元跌11.96%------------------------------责任编辑：卢昱君
OPPO CEO陈明永：将不会再有纯粹意义的手机公司,原标题：OPPO CEO陈明永：将不会再有纯粹意义的手机公司中证网讯（记者 张兴旺）12月4日，OPPO创始人兼首席执行官陈明永发布微博称，他将出席12月10日举行的OPPO未来科技大会并发表演讲。据悉，陈明永上次公开现身已是6年前的产品发布会，这也将是他时隔6年再度在OPPO举办的公开活动中亮相。在OPPO未来科技大会海报中，陈明永表示，万物互融时代，将不会再有纯粹意义上的手机公司。责任编辑：赵慧芳
波音遭“小伙伴”抛弃 美联航宣布订购50架空客飞机,原标题：波音遭“小伙伴”抛弃 美联航宣布订购50架空客飞机美联航订购50架空客飞机。（图源：路透社）海外网12月4日电 当地时间3日，美国联合航空公司宣布，将订购50架空客A321XLR飞机，取代即将达到寿命极限的波音757。综合路透社、法新社报道，美国联合航空公司表示，从2024年开始，A321XLR远程飞机将取代美联航的53架波音757-200飞机，为从美国东海岸枢纽飞往其他欧洲目的地的航班提供服务。一位不愿透露姓名的消息人士称，由于波音在中端飞机市场缺乏机型，美联航转而向空客寻求购买。该消息人士称，“目前波音提供的飞机没有可以取代757的机型。 ”并补充称，空客和美联航几个月前就开始谈判。美联航的波音757飞机将在10年内达到寿命极限，而波音公司将不再生产这种大型单通道飞机。波音正在考虑生产一种新的双通道飞机，但因发生两起致命事故后，该公司正在处理737 MAX飞机全球停飞一事，而将这种双通道飞机的发布时间推迟到了2020年。美联航首席运营官安德鲁·诺塞拉告诉记者，美联航与波音就新机型进行了密切合作，如果波音决定继续开发，美联航仍将接受订单。美联航表示，空客A321XLR的优点之一是，与上一代飞机相比，平均每个座位的油耗降低了30%。美联航还订购了更大的A350宽体飞机，将在2027年接收。此外，其他几家航空公司，包括美国航空集团（American Airlines Group Inc）、捷蓝航空公司（JetBlue Airways Corp）和精灵航空公司（Spirit Airlines Inc）也已经同意订购空客新型客机。（海外网 李芳）责任编辑：孟然
