罗斯-布朗：法拉利本赛季理应收获更多,F1管理机构负责运动事务的总监罗斯-布朗曾在1997年至2006年担任法拉利车队的技术总监，他对法拉利本赛季的表现进行了回顾，他的结论很中肯：“这是一个法拉利本应获得更多的赛季”。“他们一个赛季充满了起伏，”布朗在阿布扎比赛后的评论中写到。当然在布朗效力法拉利的时期，法拉利是统治F1的。站在罗斯布朗的地位和成就，批评现在的法拉利一点问题也没有。“冬季测试的西班牙，一切似乎都很有盼头，但到了春天，乐观就消失了，失望随之而来。最终，法拉利的2019赛季是一次错过很多次机会的集合，”布朗写到。“赛季的前半部分，梅赛德斯处于统治地位，但夏休之后，我们看到了法拉利从比利时开始连续六个杆位，法拉利还有三连胜的纪录，勒克莱尔在蒙扎的冠军是高光时刻；“夏休之后的强势伴随着是很多场困难的比赛，包括阿布扎比的收官战。法拉利最积极的一面是勒克莱尔。在他的第二个F1赛季，他拿到了七次杆位，比任何车手都多，他10次站上领奖台，赢得2场冠军，我们无需讨论他的天赋。似乎他将成为未来10年的诸多明星中的一员，”罗斯-布朗对维特尔显然并不感冒，“当然，他还有提高的空间，这毕竟只是他的第二个赛季。但查尔斯能够让四届世界冠军维特尔陷入麻烦，我确定塞巴还记得2014年遇到过类似的情况，当时是里卡多；“法拉利最重要的任务是给两位车手一台在所有类型的赛道都有竞争力的赛车。法拉利也必须处理好可靠性问题，”布朗最后写到。（考拉）
比诺托：燃油称重本赛季已至少10次,针对阿布扎比大奖赛勒克莱尔的赛车因为燃油申报出错被罚款5万欧元一事，法拉利车队的比诺托表示：车队今年接受了至少10次FIA的燃油抽查。近期法拉利引擎的争议使得外界对燃油这个词尤为敏感，不过比诺托强调，这不是车队本赛季第一次接受燃油重量的检查。“这不是我们第一次接受检查，本赛季我们已经被检查了至少10次，”比诺托强调，“燃油检查重量的程序众所周知，车队也完全了解。你可以在比赛开始之前申报特定数量的注入赛车的燃油，他解释说，FIA有时候仅仅通过称重赛车来检查你的申报是否合法----把油排空，再称重，然后来确定中间是否有差异以及差异有多少。”这次事件引发争议的背景是，比赛开始之前，车队要求两位车手使用节省燃油的引擎模式。但比诺托没有解释省油模式与燃油称重出错之间是否存在关联。比诺托表示：车队不压榨引擎主要出于可靠性的考虑。对于为何在比赛的大部分时间中使用引擎模式4，比诺托对《赛车运动》澄清说：“在奥斯汀，查尔斯的引擎出现了故障，我们知道从里程数的角度考虑，这台引擎可能存在风险。我认为我们必须节省轮胎，至少在使用硬胎的时候，要做好一停的准备，总体来说我们相信简化引擎模式、节约轮胎以管理比赛的方式是正确的。”（考拉）
视频-李宇春入选2020倍耐力年历 感受当代朱丽叶,
图集-李宇春入选2020倍耐力年历,
视频-“车王”舒马赫夺冠赛车亮相拍卖会,
官宣：FE电动方程式将纳入FIA世界锦标赛体系,今日，国际汽联（FIA）在巴黎总部宣布，FE电动方程式锦标赛将从下个赛季（2020-2021赛季）起正式纳入国际汽联世界锦标赛体系。国际汽联主席托德（Jean Todt）说：“FE电动方程式的创立和发展是一次伟大的冒险。“我很自豪今天我们确认了它的国际汽联世界锦标赛的地位。“自从我们开始这段旅程以来，FE电动方程式毫无疑问已经变得越来越强大。在很短的时间内，该系列已证明与汽车行业相关，另外两家主要汽车制造商已在本季初加入该系列。”梅赛德斯和保时捷今年首次进入冠军行列，与奥迪、DS、捷豹、日产、宝马、NIO、彭斯克和马欣德拉联手。托德说：“这些制造商和他们各自的车队的承诺和专业精神反映在车手名册的质量上，而车手名册的质量每季都在提高。”“自从2014年在北京举行第一场比赛以及此后的每一场EPrix比赛以来，FE电动方程式已经证明了尖端电动赛车的概念是有效的。我衷心欢迎FE电动方程式成为最新的国际汽联世界锦标赛。”（新浪赛车）
图集-F1阿布扎比季后试车第1日,
奥康因身高问题错过F1阿布扎比大奖赛,已经正式代表雷诺车队出赛的法国车手奥康透露，他本来可以顶替拉塞尔参加阿布扎比大奖赛，但由于身高太高做不进拉塞尔赛车的座舱告吹。拉塞尔在最后一场大奖赛之前遇到了个人问题，威廉姆斯车队找到了奥康。“乔治生病了，我是唯一能够顶替他的人，”奥康对法国《费加罗报》表示，“但我无法坐进那台赛车，这肯定不可能。奥康的身高达到了1米86。”奥康认为，他的身高在F1中是个问题，但这种情况将在2021年得到改善。“座舱的宽度不会变，但腿部的长度会增加，这对我来说是个好消息。”（考拉）
F1评论员抨击威队只认钱：带钱就可以开一天,阿布扎比大奖赛结束之后，F1车队将参加为期两天的倍耐力2020款轮胎测试，但这两天却被威廉姆斯车队分配给三位车手：明年的正牌车手拉塞尔和拉提菲各获得半天的测试，以色列车手罗伊-尼萨则有一个完整的测试日。一位F1评论员对威廉姆斯车队的这种安排进行了吐槽，“拉塞尔只完成了一个赛季，拉提菲则只有六次周五的练习赛机会，但他们却只获得了半天的试车，因为尼萨带来了钱，”阿莱克西-波波夫评论到，他现在担任MatchTV的解说嘉宾，“他们疯了吗？他们的上一个世界冠军是雅克-维伦纽夫，却被威廉姆斯车队的motohome拒之门外，只是因为他说了实话？”确实，维伦纽夫经常批评威廉姆斯车队近年来的运营方式。“你们到底是车队还是做生意？”波波夫问到。“迈凯伦也在做大生意，生产很多民用车。他们可能没有达到法拉利或者保时捷的程度，但他们走在正确的道路上。威廉姆斯似乎并不清楚自己在做什么。他们在卡塔尔出售工程服务，然后每年公布财报，说自己处在困境中。好吧，钱其实被分割掉了，就这么简单，”波波夫说。波波夫甚至对威廉姆斯签下拉提菲提出了批评，这位加拿大车手的老爸是一位亿万富翁，也是迈凯伦车队的股东，迈克尔-拉提菲。“我并不是针对拉提菲，”他说，“他可能是一个好小子，但他在F2待了四年，没有拿过冠军，最后还差点丢了第二名。”（考拉）
罗斯伯格谈汉密尔顿转会法拉利可能性,前F1世界冠军尼克-罗斯伯格认为：汉密尔顿很可能在2020年之后做出改变。“法拉利显然是一支传奇的车队，刘易斯已经在梅赛德斯赢得了很多冠军头衔，接下来唯一合乎逻辑的就是代表法拉利赢得冠军。”罗斯伯格还表示：汉密尔顿要视明年法拉利的表现而定，如果有一部能够争冠的赛车，那么前往法拉利对汉密尔顿来说，唯一的问题就是薪水了。“我相信他会考虑的，这取决于法拉利能付给他的薪水，以及下赛季他们的表现是否足够好。我认为可能性是存在的。”（新浪赛车）
大众宣布停止研发燃油赛车 为电动赛车让路,作为传统汽车公司，大众在赛车领域也颇有建树，旗下的奥迪、保时捷、捷克斯柯达等车型在赛车场上创下了优秀的成绩，但是最近大众却宣布停止开发活塞驱动赛车，为电动汽车业务让路。这样的变动意味着如高尔夫GTI TCR等优秀车型将会逐渐消失，为更新的、电动驱动的赛车腾出空间来。对于高尔夫GTI TCR的退休，我们早已预料，但是我们没想到的是活塞驱动赛车的淘汰。现款的高尔夫GTI TCR将于2019年年底退休，它是由旧款第七代的高尔夫车型改装而来的，但是大众早已宣布了第八代高尔夫不会被改装为新的赛车，我们最初认为会是新车型来接替这个位置，却没想到会是一辆电动汽车。虽然对于活塞驱动赛车的开发逐渐停止，但是对于现有车型的维护却不会停止，大众依然会在其德国汉诺威工厂为其客户建造Polo GTI R5和可更换配件。来自于大众的汽车技术开发董事会成员弗兰克·韦尔希表示，接替大众赛车位置的是全新ID.R车型。虽然我们不会在短期内看到成品车型的出现，不过由于大众目前电动汽车技术的成熟以及MEB平台的逐渐完善，相信这并不会花费太长的时间。同时为了弥补ID.R车型和现款赛车之间的差距，韦尔希表示大众正在开发第二个品牌支柱，虽然更多的细节尚未公布，但是相信为了不丢掉大众赛车现有的荣誉，这辆新车在性能上不会让人失望。这也证明了大众MEB平台的灵活性。这个灵活的架构，无论是掀背车或是SUV都能在这个平台上很好的打造，而且还能在这个基础之上延伸出更多的车型。虽然大众停止了对燃油赛车的开发，但是对于普通车型的开发依然会继续，同时第八代的高尔夫车型会带上GTI和R的标志，满足那些对于高性能燃油车的消费者需求。电动汽车已经成为了大众汽车的主要项目，一些不重要的东西都需要为其让步。在如此之大的资源加持之下，加上成熟的MEB平台支持，相信大众带来的电动汽车不会让消费者们失望。虽然燃油赛车的淘汰让我们失去了一部分比赛乐趣，但是电动汽车的加入会让我们见识到更快速度记录的诞生，而这也是赛车场上注定的潮流。（本文来自于盖世汽车网）
戴姆勒计划到2022年底至少裁员10000人,（新浪汽车 11月29日讯）据彭博社报道，戴姆勒计划到2022年底在全球裁员逾10000人，以提振因大举投资电动汽车和自动驾驶汽车而受到挤压的利润率。戴姆勒在一份声明中表示，这次裁员规模相当于至少其全球员工总数的3.3%，将在2022年底前完成。这是公司将人员支出削减14亿欧元努力的一部分。该公司计划扩大提前退休计划，并提供买断，并减少在德国的管理人员。戴姆勒人事主管威尔弗里德•波思（Wilfried Porth）在电话会议上告诉记者，全球范围内裁员总数处于“五位数”，其中包括削减10%的管理职位。而与劳工委员会达成的排除2029年强制裁员的协议仍然有效。戴姆勒裁员早有计划。10月，该公司新任首席执行官康林松（Ola Kaellenius）在第三季度财报电话会议上表示，“为了在未来几年把控转型，需要加大努力，因此必须大幅降低成本，持续增强现金流。”当时他没有详细说明具体的成本削减计划。本月早些时候，康林松（Ola Kallenius）再警告称，未来两年的销售回报率可能依然低迷。梅赛德斯-奔驰部门2020年的运营回报率目标至少为4%的目标令投资者失望，这一回报率不到标致雪铁龙集团（PSA ）今年上半年的一半。戴姆勒预计，奔驰2019年的息税前利润率（EBIT）将会降至3%至5%。随着全球汽车需求疲软，戴姆勒别无选择，只能削减成本，将奔驰的利润率恢复到8%至10%的长期水平。但实现这一利润目标将是漫长的。戴姆勒集团为奔驰设定的2022年销售回报率目标是6%。戴姆勒今年前两个季度开局不利，利润呈现两位数下滑，但到了第三季度才略有好转。在刚刚过去的第三季度，尽管戴姆勒营业利润小幅上升，息税前利润（EBIT）增长8%至26.9亿欧元，高于上年同期的24.9亿欧元，这主要是受到奔驰销售增长8%的提振。然而，尽管本季度乘用车销量增长了8%，但梅赛德斯-奔驰汽车的销售回报率却从上年同期的6.3%降至6%。第二季度，戴姆勒营业收入为426.5亿欧元，同比增长5%，息税前亏损15.6亿欧元，去年同期利润为26亿欧。这是时隔九年后，戴姆勒集团首次出现季度亏损。梅赛德斯-奔驰的汽车销售回报率从2018年同期的8.4%跌至今年的-3%。在该季度，奔驰柴油车排放造假问题使得戴姆勒损失了10.7亿欧元。同时，戴姆勒将柴油车的法律和政府诉讼费用成本拨备提高了16亿欧元。第一季度，戴姆勒营收为397亿欧元，较去年同期的398亿欧元有小幅下降；息税前利润降至28亿欧元，低于分析师预计的28.9亿欧元，营业利润为21亿欧元同比下降16%。梅赛德斯-奔驰第一季度利润率由去年的9%下降至6.1%销量下降4%。总体上，戴姆勒最盈利的业务梅赛德斯-奔驰部门的利润率在连续三个季度下滑。11月14日，戴姆勒已经宣布，计划削减梅赛德斯-奔驰汽车部门的员工数量，以节约成本，实现向自动化和电动化的转型。戴姆勒称，这次裁员的目标是在2022年底之前节省10亿欧元（约合11亿美元）。实际上，早在4月，德国《经理人杂志》（Manager Magazin）就曾报道称，康林松正推动成本节约计划。今年5月22日，戴姆勒集团正式宣布，蔡澈将正式卸任戴姆勒股份公司董事会主席，以及梅赛德斯-奔驰汽车集团全球总裁的职位，现任戴姆勒股份公司董事会成员、负责集团研发及梅赛德斯-奔驰汽车集团研发的康林松将接替蔡澈，任期为五年。当时《经理人杂志》称，康林松计划裁员10000人，从而让戴姆勒和梅赛德斯-奔驰的结构更加精简，并寻求到2021年节省60亿欧元（约合67.5亿美元）的成本，以提高效率BBA全部裁员在全球汽车市场低迷，特别是中国这一最大市场汽车销量持续下滑，以及电动化、自动化需要巨额投资的背景下，各大车企都在寻求“开源节流”的措施。日前，奥迪也宣布，计划于2025年前在德国裁减95，00名员工，相当于员工总数的15%，并精简在德国的两家主要工厂，以节约60亿欧元（约合66亿美元）的成本。宝马则表示，争取在2022年之前节省120多亿欧元（约合132.3亿美元）的成本。该协议包括基于公司利润减少员工奖金以及改变一些员工的圣诞节和其他奖金。这些措施将从2020年起生效。尽管宝马没有宣布具体的裁员信息，但9月份德国《经理人》杂志曾报道，宝马计划到2022年裁员5000至6000人，其中大部分裁员将在德国慕尼黑总部进行。戴姆勒计划减少每周工作时间，并让大多数行政职位的临时工提前退休。但戴姆勒劳资委员会在另一份声明中表示，根据该公司现有的劳资协议条款，明年的加薪计划，仍未受裁员影响。（李树生）
本田对维斯塔潘遭遇引擎小故障深表歉意,尽管红牛车手维斯塔潘在阿布扎比大奖赛上拿到了亚军，但赛后本田仍然对维斯塔潘比赛中遇到的引擎问题表达了深深的歉意。完成首次停站后，维斯塔潘向车队报告了引擎问题，本田引擎的输出对油门踏板的响应出现了问题。这个问题没有影响到维斯塔潘追赶并超越勒克莱尔，但这个问题当时的确无法解决。本田F1技术总监田边丰治赛后对《汽车运动》表示，初步的分析指向了本田引擎的动力控制单元。“首次停站之后，我们尝试通过不同的设置来改善这个问题，”他说到，“之后车手自己适应了这个问题，但我们对比赛期间让他遭遇引擎的麻烦感到深深地歉意。”维斯塔潘的能力让的外界也对本田本赛季的可靠性留下了深刻的印象，两台红牛赛车都没有出现过退赛。相比迈凯伦时代，本田引擎取得的进步是巨大的。“我们实现了周日正赛零退赛，这是好事。但就像我们今天遇到的情况，我们仍然不能停下来，我们仍然有提高的空间。另外，我们在自由练习赛中也遇到过一些问题，我们需要在比赛周末排除掉所有问题。”首次进站完成后，维斯塔潘报告称，在出弯时很有很大的油门延迟，在有些弯道他报告称“有些东西不对头”。随后车队告知维斯塔潘“冷静并集中精力”，当时他需要全力追赶勒克莱尔。两圈之后，车队向维斯塔潘推荐了新的引擎模式，但还没完成这圈维斯塔潘便告诉车队没有效果。半圈之后维斯塔潘按照车队要求尝试了第三种引擎模式，车队希望了解情况是否更早，但维斯塔潘只是告诉车队“进站之后就这样了，发生了一些问题，但我不知道。”沉默了几圈之后，维斯塔潘告诉车队，油门延迟已经影响了他的速度。之后他超过了勒克莱尔，向车队报告称，在油门频谱的开始阶段，扭矩会丢失。车队告诉他：“了解，我们无能为力，麦克斯。眼下我们什么都做不了。你只需要适应这个现象，你的速度已经足够快了。”（考拉）
挥别霍肯伯格：2019阿布扎比大奖赛的最佳车手,2019赛季最后一场阿布扎比大奖赛，车迷投票选出的本场比赛最佳车手不是夺冠的汉密尔顿，也不是刷新个人职业生涯排名新高的维斯塔潘，而是仅仅获得第12的雷诺车手霍肯伯格。因为这是霍肯伯格代表雷诺参加的最后一场F1大奖赛。结束这场比赛后，霍肯伯格将暂别F1。赛后霍肯伯格承认，在可能是个人职业生涯具有特殊意义的大奖赛，这样的成绩并不理想。2020赛季开始，奥康将接替霍肯伯格的车手席位。全场比赛还剩下半圈的时候，霍肯伯格仍然在与塞恩斯、队友里卡多争夺第十。霍肯伯格带着一个尴尬的纪录离开了F1：参赛次数最多但未登上领奖台，他一共参加了177场大奖赛。“很不幸我距离那个积分只差了半圈，”霍肯伯格说，“但无论如何这仍然是一场有价值的比赛，我全力以赴很享受，事实上这场比赛并没有什么亮点。为积分而战的感觉很好，我的感觉是----享受它。”在F1官方网站公布的最佳车手中，车迷们选择了这位德国车手。这一结果无疑让霍肯伯格的F1告别之战更让人动容。霍肯伯格2011赛季在印度力量车队转正，他在印度力量效力了五年，2017年加入雷诺车队，2018年拿到了职业生涯的最佳排名----第七。霍肯伯格并非无冠车手，2015年他代表保时捷车队获得了勒芒24小时的冠军。雷诺对霍肯伯格的告别给予了最大的尊重，里卡多也戴上了象征霍肯伯格的金色假发。“非常感谢，这是美妙的三年，”霍肯伯格的比赛工程师马克-斯莱德在霍肯伯格的回场圈通过TR向这位德国人说到。“我多希望我们能够一直这样，伙计，”霍肯伯格回复到，“开个玩笑，感谢你为我所作的一切。”（考拉）
图集-加斯利女友赞妮妮,
图集-汉密尔顿出席2019时尚颁奖礼,
维特尔对赛季表现自我批评:有能力也必须做得更好,2019赛季，维特尔获得了自加盟法拉利以来最差的车手排名——第五。对于2019赛季，维特尔对自己的表现提出了批评，认为“自己必须做得更好”。距离维特尔上一个总冠军已经过去六年，本赛季他获得了车手积分榜的第五，落后于自己的队友勒克莱尔。在评价自己本赛季的表现时，《赛车运动》援引维特尔的话表示，“这一年的表现不是我们所希望的，完全不是。””我认为原因很清楚，教训也很深刻，现在是我们确保一切都就绪的时候了，”维特尔对天空体育表示，“作为团队我们必须表现得更强，作为个人，我认为我可以也必须做得更好，我可以做得更好，在我看来这不是表现很好的一年。“尽管对自己本赛季的表现提出了批评，但维特尔强调，他不认为情况和外界看起来的一样糟糕。“有很多小事可能会导致最终没有一幅漂亮的图景，但我还是那个观点，我必须首先承认自己的问题，我知道我可以做得更好。这当然是明年的目标----再进一步。希望我们能够拥有一台更强的赛车，能够与梅赛德斯和红牛车队竞争第一。“维特尔总结到。对于年底就将退役的传言，维特尔以玩笑地口吻回应到：“一直在传我已经在为明年的假期做准备。我想在我真正退役之前会一直听到这种说法。”（考拉）
沃尔夫：汉密尔顿加盟法拉利的可能性只有25%,意大利《米兰体育报》透露汉密尔顿2019赛季已经与法拉利的主席埃尔坎接触两次之后，汉密尔顿在2021赛季转投法拉利的传言在本赛季末成为了一个热门话题。不过梅赛德斯车队的领队托托-沃尔夫认为：汉密尔顿在2021赛季离开梅赛德斯加盟法拉利的可能性只有25%。“对于机率，我给出的数字是，有75%的可能他留下来，我认为是从双方继续合作的理性角度看。但同样有25%的可能性，这种情况我们无法掌控。我们只能看看未来几个月会发生什么，”沃尔夫接受BBC采访时说到。“我们已经非常坦诚地讨论过法拉利和这个品牌所代表的内容。但在我看来，只要我们能够制造一台快的车，提供一台强大的引擎，我们总是有权力决定车手。毫无疑问刘易斯是首先，我也会尝试与他继续共事，但最重要的是我们必须有一台好的车，接着我们才有能力决定车手。我们需要对成功保持饥渴，这不是说说而已，我真的是这么想的。”“如果你从理性的角度看，那么所有的因素都指向我们应该继续合作，但也可能有其他的因素：新的挑战、一份难以抗拒的合同，但我认为，这种可能只有25%。”（考拉）
罗斯伯格：同代车手中维斯塔潘有望最先问鼎,2016年F1世界冠军罗斯伯格认为：在所有年轻车手中，维斯塔潘最有机会成为新的世界冠军。在阿布扎比赢得亚军之后，维斯塔潘带着个人职业生涯最佳的锦标赛第三结束了2019赛季。在下一个10年中，维斯塔潘的对手们将包括勒克莱尔、兰多-诺里斯、阿尔本和乔治-拉塞尔。不过在罗斯伯格看来，维斯塔潘最有可能率先问鼎总冠军。“这是一个简单的问题，我会选择维斯塔潘，因为他是一位史诗级的车手，”罗斯伯格在最新的Vlog上表示，“是的，我当然认为红牛能够在2020年赢得一个世界锦标，他们的引擎现在非常棒，他们有一台很好的赛车，甚至在赛道上，红牛赛车的速度与梅赛德斯的汉密尔顿差距不愿，红牛明年有机会，”罗斯伯格说到。（考拉）
比诺托小结2019：自由竞争将延续 尽力了但仍不够,法拉利领队比诺托对勒克莱尔的赛季表现给予了表扬，他表示：下赛季勒克莱尔和维特尔将延续本赛季的格局----自由竞争。比诺托为勒克莱尔的评分是“优异”，且2020年勒克莱尔继续与维特尔展开自由竞争。本赛季开始时，勒克莱尔作为只有一个赛季经验的新秀车手与四届世界冠军维特尔搭档，因此2019年初，比诺托明确维特尔将受到“更多地关照”，但情况一直在发生变化。“本赛季我们已经结束了，从现在开始到明年的澳大利亚大奖赛还有一段时间，现在的状况与我们开始2019赛季时已经发生了巨大变化，比诺托在阿布扎比大奖赛结束之后对天空体育表示。勒克莱尔在阿布扎比大奖赛收获了第三名，这也是法拉利车队本赛季的最后一个领奖台。赛季开始时我们拥有一位新秀和一位经验丰富的车手。如果你回顾最后几场比赛就会发现，他们之间的竞争是自由的，我认为这也是我们下赛季的起点。查尔斯的表现让所有人惊讶，不仅是我自己，比诺托说，他非常快，他证明了自己能够管理压力，证明了自己能够管理整个赛季。他在轮对轮的较量中非常棒，他非常善于比赛，他的表现让我们高兴，我认为这个赛季他的表现是优异的。获得七个杆位，两场胜利，在他的第二个赛季能够跑在维特尔之前，这仍然是一个成就，”比诺托说到。对于本赛季，比诺托承认法拉利仍然诸多问题，但这些问题不值得去后悔，在他看来，过程似乎比结果更为重要。“每次我们都竭尽了全力，但我们显然不能对赛车的表现而满意，为我们犯的错误而满意，为我们赛车的可靠性（差）而满意，也可能为一些我们所作的决定而满意，”比诺托承认，“但我不认为这些东西可以懊悔----我们总是向前看；“我只能说我们尽力了，但这还不够。我们清楚赛车不够快、不够可靠，但必须说有些时候我们处在领先的位置，我们至少为车队打下了一些还算稳固的基础，我们的组织架构，明年我们最终将尝试以更好的方式来挑战对手，“他总结到。（考拉）
霍肯伯格女友伊戈尔：喜欢旅行的立陶宛商人,现年31岁的德国车手尼科-霍肯伯格与女友伊戈尔（Egle Ruskyte）自2015年开始交往，伊戈尔是一名立陶宛人，在立陶宛上完大学之后，她现在经营着自己的服装品牌，专门研发编织服装以及沙滩装。关于她的私生活人们知之甚少，但是她的Instagram有着1万多粉丝。她并没有分享太多与霍肯伯格的照片，但是她很享受与他的生活。她喜欢环游世界，经常伴随霍肯伯格征战F1分站赛。她喜欢喷气式飞机，最近几年她去泰国、阿布扎比以及圣特罗佩旅行。两人没有孩子，但他们最近养了一只博美犬。霍肯伯格在与伊戈尔交往之前，曾经与警花劳拉（Laura Zinnel）交往过8年，2006年至2014年。在霍肯伯格的F1早期阶段，劳拉经常来到F1现场伴他左右。（小科）
图集-霍肯伯格女友Egle Ruskyte,
ESPN：里卡多仍然是最好的车手之一,ESPN评论称：尽管2019赛季让人倍感挫折，但里卡多仍然是F1中最好的车手之一。本赛季是里卡多代表雷诺车队的首个赛季，但雷诺并未拿出一台令人信服的赛车。最终他只获得了车手积分榜的第九，这是他2013年离开红牛二队以来的最差成绩。但出去三大车队的车手之外，只有迈凯伦车队的塞恩斯比里卡多排名更高。这表明澳大利亚车手仍然是精英车手之一。“当我签约的时候，我的目标是2020，至少在2020完成一次领奖台，”一个月之前里卡多说，“迈凯伦是一个例子，你真的可以在一个赛季内取得巨大的进步。”如果2020仍然没有领奖台，也不会是灾难，因为F1的焦点很快会转向规则大改之后的2021赛季。ESPN认为，这相当于给F1按下了“重启键”。（考拉）
“头哥”阿隆索对2021年重返F1敞开大门,两届F1世界冠军费尔南多-阿隆索表示：“我们对未来保持开放态度，也许2021年重返F1，也许会在WEC开超级跑车。我认为2021年会有可能性，也许新规则的引入会让事情变得复杂，所以让我们看是否有机会来临吧。”小塞恩斯在巴西拿到了季军，但阿隆索表示他并不后悔离开迈凯伦，并坚称他的生活比在F1更愉快。“不，我们都希望去年的情况在今年会有改变，”阿隆索表示，“迈凯伦一直是一支顶级车队，我认为他们有所建树是迟早的事情。幸运的是今年它来了。这是一场奇怪的比赛，并非一帆风顺，但希望明年是朝着正确的方向迈进。”“我一直很忙，参加各种比赛，并没有太多空闲。这是另一种生活。F1要求很高。你从早餐到晚餐，还有晚上，都生活在F1世界。远离F1，你会更加放松，享受生活。”（小科）
法拉利因未“准确”申报燃油重量被罚款5万欧,据《赛车运动》报道称，阿布扎比大奖赛开赛前一小时，FIA的技术代表乔-鲍尔报告称：勒克莱尔赛车实际燃油的重量与车队报告的不符。鲍尔称他测得的燃油重量比法拉利自己申报的多了4.88公斤。这一结果被报告给了赛会干事。比赛结束后，赛会干事对法拉利车队处以5万欧元的罚款，勒克莱尔保住了成绩，也保住了领奖台的位置。法拉利，感觉全世界都在帮你，除了你自己。（考拉）
F1阿布扎比站成绩表/积分榜：维斯塔潘年度季军,2019F1阿布扎比站正赛，梅赛德斯车队汉密尔顿杆位发车获胜，拿到本赛季个人第11个分站冠军。红牛车队维斯塔潘亚军。法拉利车队勒克莱尔季军。维斯塔潘力压两位法拉利车手勒克莱尔和维特尔，锁定年度季军。汉密尔顿距离舒马赫的91个分站冠军还差7个，距离7个世界冠军还差一个，下个赛季，他能成为F1历史第一人吗？车迷们，明年见！2019F1阿布扎比站正赛成绩表：2019F1车手/车队积分榜：（露娜）
F1阿布扎比站汉密尔顿夺冠 2019赛季收官,2019F1阿布扎比站正赛，梅赛德斯车队汉密尔顿杆位发车获胜，拿到本赛季个人第11个分站冠军。红牛车队维斯塔潘亚军。法拉利车队勒克莱尔季军。车手积分榜：维斯塔潘锁季军车手积分榜，梅赛德斯车队的汉密尔顿和博塔斯包揽冠亚军，红牛-本田车队的维斯塔潘锁定年度季军。法拉利车手勒克莱尔和维特尔分别获得年度第四第五名。至此，2019F1赛季大幕落下。本场前三名车手赛后感言：汉密尔顿：“我为车队感到骄傲，并且非常感激，感谢在赛道和英国的每一位团队成员，这辆赛车就是一台艺术品。”维斯塔潘：“我今天遇到了一点小问题，但并没有影响到最终结果。刘易斯和梅赛德斯今天太快了。最终能够取得积分榜第三名很好，我很满意。”勒克莱尔：“我对今年的表现非常高兴，当我还是个孩子开始，驾驶法拉利就是我的梦想。今年我学到了很多，感谢我的队友塞巴斯蒂安。”本场最佳车手：霍肯伯格本场比赛最佳车手办法给了尼科·霍肯伯格，霍肯伯格本赛季结束后将离开雷诺车队，明年他留在F1赛场的机会非常渺茫。2020赛季再见！汉密尔顿距离舒马赫的91个分站冠军还差7个，距离7个世界冠军还差一个，下个赛季，他能成为F1历史第一人吗？2020赛季F1锦标赛将于3月15日在澳大利亚揭幕，车迷们，明年见！2019F1阿布扎比站正赛成绩表：2019F1车手/车队积分榜：（露娜）
图集-2019F1阿布扎比站正赛,
汉密尔顿：感谢法拉利13年来第一次赞美我,刘易斯-汉密尔顿说，他对法拉利车队老板马蒂亚-比诺托对自己能力的评价表示“感谢”，但他认为法拉利车队“13年来的第一次称赞”是“说说而已”。法拉利车队负责人比诺托在阿布扎比大奖赛前被问到，作为明年合同到期的几名车手之一，汉密尔顿是否对车队2021年及以后的比赛感兴趣。他的回应包括称汉密尔顿是一位“杰出”的车手，他在2020赛季后留在F1只能“让我们高兴”，而来自意大利的米兰体育报报道称，汉密尔顿今年已经两次与法拉利主席约翰·埃尔坎会面。当被问及他对比诺托评论的看法时，六届世界冠军汉密尔顿说：“嗯，这是我第一次听说这个。”“我想这是这13年来法拉利给我的第一次赞美！我真的不记得他们提起过我，所以谢谢你们，我会接受的。”“其实没什么意思，都是说说而已，不过不错。也许他们花了这么多年才认识到这点，但我很感激。”汉密尔顿，他的梅赛德斯车队队友博塔斯，法拉利车手维特尔和红牛车队的维斯塔潘，几位车手的合同都是到2020年底。法拉利的另一位车手勒克莱尔本赛季签下的长期合同的期限还不清楚。当被问及比诺托的话是否是在浪费时间时，汉密尔顿说“对某人表达称赞从来都不是浪费时间”。他补充道：“这是一个很长很长很长的时间，一支我一直很欣赏的车队，所以从这里赢得对方的尊重显然不是坏事。”“我认为他们现在有两个很好的车手，谁知道明年车手市场会有什么变化。”“如果我很诚实的回答的话，此时此刻我并没有真正的专注于这一点：我在努力确保我能以强势结束本赛季。”“我有一群令人难以置信的同事们，我觉得我应该感谢他们，把我的心和精力100%献给他们，特别是因为我还在合同中，谈判还没有开始。”“我真的不知道我的下一阶段的合同方面会怎么样。非常奇怪的是，你必须在合同结束前大约一年的时候完成它（搞定新合同），而在他接近结束时则不能做，但这就是它的方式。”（露娜）
重磅！F1计划2021年后部分冻结引擎,F1一级方程式引擎制造商计划在2021年后冻结引擎的部分研发，以期待其性能表现进一步趋同。虽然新的主要技术规则将在下个赛季后出台，但它们将重点放在赛车车身上，2014年推出的V6涡轮增压混合动力引擎规则将在下一个规则周期内保留。梅赛德斯-奔驰、法拉利、本田和雷诺这四家制造商成功地反对放弃原先考虑的MGU-H，法拉利老板马蒂亚·比诺托说，他们“确信”在未来几年内，同一种发动机规格将实现融合。比诺托说：“将有限制，因此我们认为，将不再有必要像今天这样研发，甚至会有一些冻结的机会。”“事实上，我们正在开始冻结某些组成部分，我们认为，在发展的某个阶段，只有非常微薄的好处。开始冻结和减少活性对可持续性有好处。”“因此，是的，我们都相信，它将趋于一致。我们已经在趋同，在下一个周期肯定会出现这种情况。”梅赛德斯和雷诺与车队有长期的供货协议，但本田正在讨论是否继续将红牛的合约从只续约一个赛季至2021年而延长下去。本田F1技术总监Toyoharu Tanabe告诉Motorsport.com：“我们希望这样做（冻结引擎）。“但是我们比他们起步晚一点，也许他们的进步曲线更直，这就是为什么马蒂亚可以这样说，但我们仍然在学习和进步。”“此外，我们还需要降低成本。本田和所有的制造商都在花费（很多钱），但我们试图让引擎更便宜。”“当然，有些方面我们可以保持现状，所以要设计一切。”梅赛德斯和雷诺认为，制造商之间的表现已经趋同，但在法规保持一致的情况下，差异化的程度仍存在分歧。梅赛德斯车队老板托托·沃尔夫说：“从长远来看，引擎性能的趋势是稳定下来。”“我认为我们已经看到了引擎性能的异常，我们已经看到了与法拉利之间非常好的竞赛，我们已经看到雷诺做了一个进步，然后同样的方式，使我们捉襟见肘。”“因此，我认为，从多年的周期来看，这些收益将变得越来越小，就像任何成熟的行业一样。”“边际收益趋于减少，我毫不怀疑这会发生。”然而，雷诺的西里尔·阿比特伯尔（Cyril Abiteboul）认为，“新工艺、新材料将带来突破性进展”。他补充道：“有很多创新。有点不幸的是，我们不能真正谈论，因为所有的秘密，所有涉及的知识产权和所有相关的投资。”“很高兴看到我们的工程师一直有很多想法。”“我们招募了很多来自大学的年轻人。他们不一定对一级方程式充满激情，但我可以告诉你，他们对在内燃机和动力领域所做的工作充满激情。”（露娜）
沃尔夫：汉密尔顿与法拉利会谈完全ok,梅赛德斯F1车队领队托托·沃尔夫说，如果刘易斯·汉密尔顿接受法拉利的会谈，他将“完全ok”。有报道称，汉密尔顿已经与法拉利母公司菲亚特-克莱斯勒的董事长约翰·埃尔坎进行了会谈。据《米兰体育报》报道，汉密尔顿和他的大多数F1同龄人一样，在2020年底合同到期，在2019年，汉密尔顿与法拉利的母公司主席埃尔坎见过两次面。34岁的汉密尔顿倾向于淡化未来的猜测，但沃尔夫承认，在就汉密尔顿与梅赛德斯的续约谈判中，法拉利的座位对任何F1车手的吸引力已经成为一个话题。在阿布扎比，本赛季最后一场F1比赛周末，当被问及他会如何看待汉密尔顿会见法拉利的报道，沃尔夫说：“我完全ok。”“我认为这是一个自由的世界，我认识到每个人都需要探索职业选择，为自己做出最好的决定。包括车手和其他人。”“所以，我没有问题，一个赛车手总是试图坐在最快的赛车里，最快的赛车总是试图拥有最好的赛车手坐在那里。”“因此，我们（在）努力实现的目标中达成了良好的共识。”法拉利车队负责人马蒂亚·比诺托（Mattia Binotto）上周五表示，他的车队“只能为汉密尔顿感到高兴”。汉密尔顿在过去6个赛季中赢得了5个车手总冠军，他与梅赛德斯的合同将在2020年底到期。沃尔夫说：“在记者会上，马蒂亚这么说的时候，我坐在他旁边，有人问他对刘易斯的看法，他说他对刘易斯的评价最高。”“你也可以打赌，如果他的主席和他会面，他也不会说汉密尔顿的坏话。”“所以，我对这种情况完全放松。我们需要大力推进，以便为车手提供最快的汽车。“如果我们能做到这一点，我百分之百的相信我们会有最好的车手阵容。”“一切都表明我们（和汉密尔顿）的关系将继续下去，但在生活中你永远不会知道。”“因此，正如我之前所说，我对此非常坦率。我开始接受这样一个事实：每个人都有自己的目标，都需要为自己的职业生涯提供最好的机会。”“在这方面，我绝对愿意让所有人探讨各种选择。”“但很明显，我个人对于车队的首要任务是继续（与汉密尔顿）成功的征程。”（露娜）
F1阿布扎比站排位赛：汉密尔顿杆位 梅奔1-2,刘易斯·汉密尔顿在F1阿布扎比大奖赛的排位赛中夺得杆位，终结了连续九站比赛没有杆位的尴尬。这是这位梅赛德斯车手在本赛季比赛中的第五个杆位。梅赛德斯车队的博塔斯是排位赛第二名，但由于赛前更换引擎将在正赛中末尾发车。排位赛第三的红牛车队的马克斯·维斯塔潘将晋升头排发车。塞巴斯蒂安·维特尔在在Q1最后一个弯角失误，他的赛车在大直道上失控旋转。两位法拉利车手排名P4-P5，正赛占据第二排发车。车手赛后谈：汉密尔顿：“这个杆位等了很久，我们一直努力工作其他车手在周六也表现得非常好。但我们从不会停止努力，永不放弃去追求每一毫秒的提升。”博塔斯：“我们是一直非常强大的队伍，我们的节奏很好。我肯定是从最后一位起步了，但我还是全力以赴。”维斯塔潘：“第三应该是我们能期待的最好成绩了，梅赛德斯在这里是统治级别。但我们的位置还是很不错，明天应该有机会。”2019F1阿布扎比站排位赛成绩表：（panda）
图集-2019F1阿布扎比站排位赛,
沃尔夫：迈凯轮或在2020年赶上第一集团,梅赛德斯车队的老板托托·沃尔夫对迈凯轮在正确的方向上可能再迈出一大步持谨慎态度，并怀疑可能在2020年将从目前的“三巨头”变成“四巨头”。迈凯轮，将从2021年起再次搭载梅赛德斯引擎。本赛季，迈凯轮获得了“余下车队”中的最高位置，在本赛季他们完成了自2012年以来的最佳成绩。沃尔夫在国际汽联车队负责人的记者会上说：“可以公平地说，今天有三支车队有能力赢得比赛，如果把事情放在一起的话，可能会赢得冠军。”“迈凯轮已经赶上来了，在我看来，它将在2020年左右开始冒头。”“所以，是的，我认为这是一个非常艰难的赛季。我不认为明年我们会看到一支车队拿到10场比赛或12场比赛的胜利，但显然我们会尽一切努力改进我们的弱点，继续保持良好的表现。”（panda）
意媒：汉密尔顿在2019年曾两次与法拉利会晤,据意大利《米兰体育报》报道，刘易斯-汉密尔顿在2019赛季曾两次与法拉利主席约翰·埃尔坎会面。汉密尔顿与梅赛德斯的合同直到2020赛季结束，整个赛季都在流传谣言和疑问，关于这位六届世界冠军是否会在他结束职业生涯之前穿上法拉利的红色。法拉利车队老板马蒂亚·比诺托说，他很高兴汉密尔顿这样的优秀车手能在2020年后留在F1，这引发了更多关于这一潜在举措的讨论。现在《米兰体育报》认为汉密尔顿和法拉利之间已经展开了讨论。文章说，法拉利总裁埃尔坎（John Elkann）和汉密尔顿本人在2019年曾举行过两次会晤。埃尔坎是汉密尔顿的忠实粉丝，法拉利副总裁皮耶罗·法拉利也是，他本周末也会在阿布扎比。文章写到：“这是一段持续多年的求爱。即使是从蒙特泽莫罗和多梅尼卡利时代起，人们对这位英国冠军的兴趣就一直存在，直到今天仍然非常浓厚。”报道还称，汉密尔顿方面也有向往，甚至在2017年法拉利签下塞巴斯蒂安·维特尔并签下三年合约时，他对法拉利表示失望。文章接着说：“刘易斯对法拉利的历史有着深刻的钦佩，他对伟大的恩佐法拉利的故事（除了买了几辆车外）很着迷，还秘密地去了几次马拉内洛工厂，与皮耶罗·法拉利共进午餐。”“或许在2017年，维特尔与法拉利的合同即将到期之际，就已经表明了态度。刘易斯在给法拉利发信息时很沮丧：‘三年？我不明白。’”“在随后的新闻发布会上，汉密尔顿说：‘既然维特尔已经签约了，那我也知道里该怎么办。’”《米兰体育报》还表示，在维特尔的合同到期后，法拉利不太可能在下赛季结束后继续保持维特尔+勒克莱尔的阵容组合。勒克莱尔被认为签约到2022赛季结束。（露娜）
F1阿布扎比站FP3：维斯塔潘最快 梅奔二三,在2019F1赛季的最后一次练习赛中，马克斯·维斯塔潘以不到十分之一秒的成绩击败了刘易斯·汉密尔顿和瓦特里·博塔斯。亚历山大·阿尔本排名第四，击败了两辆法拉利，塞巴斯蒂安·维特尔和队友查尔斯·勒克莱尔。三人之间的距离也不到十分之一秒，然而阿尔本在他最快的一圈尝试中遇到了慢车。法拉利将他们最快的圈速设定在中性轮胎上。就像上周五的情况一样，所以本节成绩并不是最具代表性的，因为今天晚些时候排位赛开始时，天气情况会好得多。赛道消息：《汽车运动》的资深技术编辑/记者乔治-皮奥拉拍摄到了红牛车队在RB15侧箱上安装的摄像机，用于搜集竞争对手2020年设计的影像资料。阿布扎比大奖赛的自由练习赛，很多车队都拿出了2020的套件用于概念验证和测试。迈凯伦宣布与英美烟草公司（BAT）在2020年F1赛季“加强合作”，并将在美国印地赛事中展开合作。迈凯伦和BAT是在今年初开始联手。根据扩大的合作协议，BAT将在迈凯伦F1赛车上大大增加其品牌地位，包括新的侧翼位置，前翼位置，Halo的内圈位置，尽管烟草品牌的logo在大部分国家不允许公开露出。2019赛季的最后一场排位赛将于北京时间21：00开始。2019F1阿布扎比站FP3成绩表：（panda）
图集-2019F1阿布扎比站FP3,
红牛赛车安装间谍摄像机 搜集竞争对手的影像资料,《汽车运动》的资深技术编辑/记者乔治-皮奥拉拍摄到了红牛车队在RB15侧箱上安装的摄像机，用于搜集竞争对手2020年设计的影像资料。阿布扎比大奖赛的自由练习赛，很多车队都拿出了2020的套件用于概念验证和测试。（考拉）
比诺托：汉密尔顿留在F1只会让我们高兴,法拉利车队的领队比诺托表示，汉密尔顿在2021年仍然留在F1“只会让我们高兴”。有几位F1顶尖车手的合同将在2020年底到期，其中包括汉密尔顿。尽管汉密尔顿表示尚未准备开启续约，但他已经表达了留队的愿望。博塔斯、法拉利两位车手以及维斯塔潘都需要一份2021年开始的新合同。比诺托在回答是否会签下汉密尔顿的时候，比诺托说：“刘易斯肯定是一位极为优秀的车手，一位难以置信的车手。知道2021年他还在F1只会让我们高兴，但老实说，现在做决定还太早，我们对现在的车手感到满意。下赛季的某个时点我们肯定会开始讨论这个问题。”汉密尔顿之前曾与法拉利产生过关联，尽管梅赛德斯退出F1的可能性不大，但汉密尔顿表示，他希望等待托托-沃尔夫确定未来之后再决定。沃尔夫接受采访时曾表示，汉密尔顿和自己在过去的七年中非常密切，两人之间建立了深厚的信任。（考拉）
视频-F1阿布扎比战：博塔斯第二次练习赛圈速最快,
迈凯伦F1赛车涂装明年大变样 迎合烟草赞助商,迈凯伦首席执行官扎克布朗说，由于与英美烟草公司（BAT）加强了赞助协议，车队的F1赛车涂装将在2020年明显不同。BAT将在明年成为迈凯伦的“主要合作伙伴（principal partner）”，并在2019年初与迈凯伦签署了一份协议。这项交易引发了对烟草产品禁令的一些审查，尽管英美烟草公司在MCL34的制服上大多使用了其“更好的明天（A Better Tomorrow）”商标。英美烟草公司表示，该品牌“专注于加速转变烟草议程”。新的赞助协议将包括迈凯伦在2020年的F1和Indycar参赛行动，但视觉冲击很可能是来自感受最敏锐的MCL35新赛车。关于这个主题，布朗说：“我们的涂装设计，我们不会透露，直到我们在2月份推出我们的赛车，它看起来会相当特别。”“我想你会喜欢赛车的外观，BAT将在赛车上使用各种类型的表达。所以我不想破坏这个处女作。但我会说，它将看起来相当有影响力，并会在赛道上非常引人注目。”（panda）
F1阿布扎比站FP2：博塔斯再夺最快 并与哈斯撞车,在阿布扎比，瓦尔特里·博塔斯再次展示了自己的速度，在泛光灯下，他在2019年阿布扎比大奖赛第二次练习赛中高居榜首，领先梅赛德斯车队队友刘易斯·汉密尔顿和法拉利车队的查尔斯·莱克莱尔整整0.3秒。博塔斯在还剩20分钟时与哈斯车队的罗曼·格罗斯让相撞，赛会打出了红旗。。。这场关键的练习赛在日落时开始，在亚斯湾赛道上投射出灿烂的光芒——这里的条件比第一场练习赛更能代表周日的比赛。车队为他们的排位赛测试软胎。博塔斯以1分36.256秒的速度创造了一个飞行圈，这是本周末迄今为止最快的一圈，使自己的圈速领先汉密尔顿0.310秒。芬兰人还背靠背地为梅赛德斯测试了前翼，这看起来是一个非常有成效的环节——直到博塔斯试图超过哈斯车队的罗曼·格罗让，当他冲入11号弯，在剩下20分钟的时候，梅赛德斯的前翼和哈斯的底板都撞碎了。红旗虽然很短暂，但却中断了参赛队伍的比赛，赛会将对事件进行调查。至于汉密尔顿，他希望赢得第五届阿布扎比大奖赛，他开始时抱怨自己的W10降档有问题，但最终以0.076秒的优势领先法拉利的勒克莱尔。法拉利的周末并不是一个理想的开始，因为塞巴斯蒂安·维特尔撞向了19号弯的外墙而结束了FP1。莱克勒克几乎复制了19号转弯的撞车事故，好在最终只是轻微擦碰。2019F1阿布扎比站FP2成绩表：（panda）
图集-2019F1阿布扎比站FP2,
F1阿布扎比站FP1：博塔斯最快 维特尔撞墙,在阿布扎比大奖赛的第一场练习赛中，瓦特丽·博塔斯轻松地领先，他的梅赛德斯奔驰赛车配备了全新的动力装置。博塔斯的赛车更换了新的发动机和涡轮，他将在周日正赛中退到队尾发车。由于维特尔在19号弯处失控撞到护墙，左后轮和悬架损坏。赛会出示红旗，FP1提前结束。里卡多的雷诺引擎在一圈结束时熄火。由于他有一个旧的动力装置，所以更换引擎不会接受处罚。本周六F1世界发生一项重要新闻——本田官方宣布与红牛续约一年，已承诺至少在2021赛季前留在一级方程式锦标赛。本田已确认将在2021年继续与红牛车队和红牛二队合作。本周早些时候，据Autosport报道，本田必须削减开支，以确保其F1计划的长期前景。本田正等待着2021年F1新规则的公布，然后才做出决定，因为本田需要评估成为下一个规则周期一部分的成本。本田与迈凯轮车队在经历了三个糟糕的赛季后，在2018年与红牛二队联手。本田重建了与红牛二队的声誉，并以此说服红牛车队从2019年起放弃雷诺的动力，并于本田达成两年的合作协议。与红牛的合作使本田再次成为F1比赛的赢家，马克斯·维斯塔潘在奥地利大奖赛上结束了本田13年的冠军荒。本田F1总经理山本正彦（Masashi Yamamoto）在巴西接受Autosport采访时说：“取得好成绩是积极的。但更重要的是平衡成本。我们必须投入大量的预算来加速我们的发展，以赶上领先者。现在我们正在计划如何在保持现状的同时降低成本。”2019F1阿布扎比站FP1成绩表：（panda）
图集-2019F1阿布扎比站FP1,
迈凯伦与英美烟草续约一年 合作涉及F1与Indycar,迈凯伦宣布与英美烟草公司（BAT）在2020年F1赛季“加强合作”，并将在美国印地赛事中展开合作。迈凯伦和BAT是在今年初开始联手。根据扩大的合作协议，BAT将在迈凯伦F1赛车上大大增加其品牌地位，包括新的侧翼位置，前翼位置，Halo的内圈位置，尽管烟草品牌的logo在大部分国家不允许公开露出。新政将使BAT从2020年起成为迈凯伦的主要合作伙伴。这两家公司还将共同创建营销内容，以提高人们对迈凯伦与英美烟草公司合作的认识。迈凯伦车队的CEO扎克-布朗说：“我们很高兴宣布，在一个成功的第一个赛季之后，我们加强了与BAT的合作。BAT的转型议程仍然是这一伙伴关系的核心，对技术和创新的共同关注也是如此，我们期待着从2020年及以后继续我们的合作。随着2019赛季的结束，我们感谢BAT的持续支持。”（panda）
外媒：阿布扎比幕后的F1车手秘密会谈,这是来自外媒《The National》的一篇文章，意淫成分居多，车迷们随便看看就好。摘译如下：刘易斯·汉密尔顿开法拉利？梅赛德斯的马克斯·维斯塔潘？阿布扎比将发生一系列关于F1领先车手未来的秘密会谈，这必将带来巨大的变化。在一次罕见的财富碰撞中，这项运动的所有主要车手，都在一年后合同到期，因为他们看到了雄心勃勃的2021年F1规则重新启动的戏剧性新视野。会谈可以是在走廊、贵宾休息室、跑道或私人飞机上进行的匆忙讨论，在餐厅进行的详细会谈，深夜酒店的安排，或是在温顺的围场聊天。汉密尔顿承认他想有一天为马拉内洛开车。这是他的偶像塞纳（Ayrton Senna）无法实现的主要抱负之一。34岁这可能是他最后的机会。到那时，他完全有可能成为七届冠军，他真的会在如此重要的十字路口离开梅赛德斯吗？有人说，他也在等待车队领队托托·沃尔夫的未来，传闻称沃尔夫将出任F1首席执行官，但理论上法拉利的否决权不太可能让这种情况发生。不管怎样，他的谈判团队肯定会利用汉密尔顿的处境，把他天文数字般的薪水推到5500万美元以上。但是，马拉内洛会考虑让一个车手沉浸在这么多梅赛德斯的舆论中吗？伯尼·埃克莱斯顿，举个例子，不这么认为：“如果法拉利需要在刘易斯或者马克斯之间选择，我想他们会像选择勒克莱尔一样选择马克斯。”“与塞巴斯蒂安维特尔或刘易斯签约，他们只会得到未来几年，但与年轻的两个人签约，他们可能会得到未来10年。“我不确定麦克斯是否是目前最好的人选，包括刘易斯。”维斯塔潘已经公开表示，他并不急于为任何人签约，因为他试图解读权力的平衡（技术上）将在哪里。他比汉密尔顿更可能掌握着钥匙。也许维斯塔潘和莱克勒克的合作关系才是金票？或者梅赛德斯会考虑与维斯塔潘合作，作为进入后汉密尔顿时代的一种途径？对F1车迷来说这是个多么令人垂涎三尺的提议啊。潜伏的黑马是雷诺车手里卡多，在雷诺的合同到期后，法拉利会及时考虑，但也许他更适合银箭。再一次，在传奇评论人默里·沃克的古老智慧中，重要的是要记住：“这是F1，任何事情都可能发生，也可能会发生。”（panda）
布利尔：任何车手都很难成为维斯塔潘的队友,任何车手都很难成为马克斯·维斯塔潘在红牛本田的队友。这是前迈凯轮车队老板埃里克·布利尔的观点，他被《Ouest France》问及皮埃尔·加斯利2019赛季的上下起伏。布利尔说“红牛是一个特殊的结构。他们的战略是性能表现围绕着任何价格和一个车手来构思的。”“因此，一旦一切就绪——一个高绩效团队、一个工厂引擎和一个像马克斯·维斯塔潘这样的领头羊——那么就没有其他人的空间了，”他说。他说：“对于任何一个车手，更不用说一个年轻的车手，都很难适应如此困难的地方。”“一切都将集中在维斯塔潘身上。特别的是他们把皮埃尔降级到红牛二队，我们现在看到他的表现甚至比去年更好。他现在已经成为红牛二队的领头羊，和维斯塔潘在红牛的表现很相似。”（panda）
阿尔本：本田引擎已经追平梅赛德斯,就在本田于2015年重回F1的糟糕表现仅仅四年之后，这家日本供应商终于赶上了其他发动机制造商。红牛车手阿尔本认为本田引擎现在“和梅赛德斯不相上下”。阿尔本在阿布扎比说：“我认为海拔高度起了重要作用。在我看来，法拉利仍然有优势，但我们与梅赛德斯不相上下，即使我们不知道他们的尾翼设置到底是什么样。我的观点是，这不仅仅是海拔和赛道的特点，本田正在认真对待研发。”就连梅赛德斯车手博塔斯也不否认这一点。“我们的底盘非常好，”芬兰人说。“在机械方面或空气动力学方面几乎没有什么可抱怨的。但我们在直道上确实缺乏最高速度，这与效率和发动机功率有关。我们必须变得更好。”维斯塔潘周四表示，看起来红牛-本田已经准备好挑战2020年的冠军。维斯塔潘说：“我们离法拉利和梅赛德斯越来越近了。我们只需要再进一步，就可以真正与他们平等竞争。”“我们对此都感觉很好，”同样是本田动力的红牛二队车手科维亚特表示赞同。（panda）
法拉利仍然允许两车手相互竞争,法拉利的两位车手仍然可以在赛道上竞争，尽管他们在巴西站的碰撞激怒了车队。查尔斯·勒克勒克在阿布扎比表示，“不幸的是，我们之间的一次小小的接触让这出戏变得轰动一时。我们必须少一点攻击性，这样才不会再发生这种事。”“我们还能够相互竞赛，”勒克勒克补充说。“我们都想赢，必须找到妥协方法。”法拉利车队的领队比诺托不打算采用梅赛德斯式的车手之间的“交战规则”来对待维特尔和勒克莱尔。这也是巴西站的法拉利车手“双退”之后，比诺托首次就两位车手的管理方式表态。比诺托认为，巴西站的事件是一次“愚蠢”的行为。梅赛德斯也曾面临两位车手之间的尖锐矛盾：2016年的汉密尔顿和罗斯伯格。为了限制两位车手可能的“赛道火并”，领队托托-沃尔夫制定了所谓“交战规则”，但比诺托否认法拉利也会采取类似的“交战规则”。巴西站结束之后，比诺托召集两位车手在马拉内罗召开了一次类似“正风气”的会晤，似乎这三人在最后一站阿布扎比站之前都已经将巴西站的“悲剧”抛在了脑后。“上周以来，比诺托每天都和车手沟通，他们会和以往一样正常行事，”法拉利车队的发言人告诉BBC，“没有正式的碰头会，也没有视频会议，”发言人强调，“现在气氛已经恢复正常，我们聚焦于阿布扎比。”（panda）
