切尔西迎回伟大队长！兰帕德:这是特里的动情时刻,北京时间今夜明晨，英超第15轮切尔西在主场迎战阿斯顿维拉，斯坦福桥将迎回他们昔日的传奇队长约翰-特里，后者目前是维拉队的助理教练。谈到特里的回归，切尔西主帅兰帕德十分期待，两人曾在蓝军并肩拼搏，如今各自为战。兰帕德说：“对我来说没什么不同，去年我在德比郡和他交过两次手。这次的关注点是约翰，切尔西球迷们将会欢迎他，他是这里最伟大的队长，赢得过一切。每个人都知道他和切尔西的情感纽带，我确信球迷们肯定会展现出他们的爱戴，我还确信，这会是约翰一个很动情的时刻，他配得上这样的时刻。”兰帕德如今是蓝军主帅，特里则担任维拉的助教，两人的教练生涯起步不同。对此，神灯表示，这只是每个人选择的道路不一样。“每个人都有自己的道路，他和迪恩（维拉主帅）在一家非常好的俱乐部一起合作，这是他最后一年在那里踢球时获得的纽带，这是很正常的选择，我确信他会有很长久、很成功的教练生涯的，无论他是如何起步的。”“在没有主教练经验的情况下去执教德比郡（兰帕德自己），绝对是一个冒险，不过在足球圈里找工作，总会是冒险，因为这里的竞争如此激烈。约翰去维拉当助教，也是某种冒险，因为我们都想要成功，老板也想要成功。无论约翰选择的道路是什么，我们两人时刻都在冒险，这就是我们工作的性质。”（Kata）
前央视名嘴：C罗本该6个金球 某大佬买女人毁他,梅西获得个人第6座金球奖，在金球总数上超越了C罗（5座）。对此，前央视解说王涛在微博上称，C罗本该也有6个金球的，但被幕后黑手给毁了。王涛在微博上说：“基耶利尼说，去年C罗的金球奖被皇马偷了。我想说的是，梅西今年的金球奖是实至名归的，就像去年的C罗一样！本来C罗和梅西可以各自坐拥6座金球，继续这个梅罗时代，可惜，某大佬一手摧毁了这个时代的一半。国际足联和欧足联其实没啥责任，有人幕后设计，买了一堆女孩告C罗，我就想问，这些女孩呢？怎么C罗去年丢金球后集体消失了？按说C罗该入狱呀！期待梅西和C罗的时代再延续几年，别管金球不金球的。”尤文图斯后卫基耶利尼的观点是，C罗去年的金球被人抢了。基耶利尼说：“去年C罗的确被抢走了，当皇马决定让他无法获奖，这真的很奇怪。恕我直言，即使莫德里奇处在职业生涯的最棒时刻，他也配不上金球奖。”“这是皇马的一则信号，因为他们想阻止C罗获奖。莫德里奇赢得了欧冠冠军，按照这个逻辑，范戴克今年也应该赢得金球奖，还有去年格列兹曼、博格巴或者姆巴佩，他们在世界杯发挥出色。相比之下，莫德里奇拿奖完全说不通。”（Kata）
巴萨官方夸赞魔笛为梅西颁奖：真正的绅士,今年的金球奖增加了一个新的细节，那就是由上一届金球奖得主将奖杯颁发给新一届得主。莫德里奇是2018年金球奖得主，西班牙《马卡报》表示，他将奖杯送到梅西手上制造了一张珍贵的照片，那就是皇马和巴萨这两大死敌的球员，这一刻放弃了敌对性，因为足球而和谐地联系在一起。在颁奖典礼之后，莫德里奇在社交网站上放上了自己给梅西颁奖的画面，并写了一段话，表示了对梅西的尊重，“体育和足球不仅仅关系到胜利，还事关对队友和对手的尊重。”而对于C罗缺席金球奖颁奖典礼的事情，莫德里奇表示：“你们给我的第一个问题就带来争议。我来说说自己的情况，我对能来这里感到满意。足球是相互尊重，哪怕不能得奖，为了尊重也必须来这里，因为这是在庆祝足球本身。正因为如此我来到了这里，为了庆祝足球，为了表示尊重，足球就是这样，非常简单。”对于莫德里奇表现出的对梅西的尊重，巴萨俱乐部也心存感激，巴萨官方转发了莫德里奇的那段话，并写道：“真正的绅士。”巴萨同时还艾特了莫德里奇，同时将这个话题列入“公平竞赛”的主题中。（塞尔吉奥）
穆帅：为什么一个人住酒店？我生活自理能力一般,当有记者提问称，穆里尼奥执教曼联时长期住酒店，是一种奇怪的生活方式时，穆帅回答说，那是因为我生活自理能力比较一般。穆里尼奥在曼联执教两年多，他没有找一栋房子搬进去，而是一直住在曼彻斯特的洛瑞酒店，前后共计895天。穆帅所住高级套间，每晚的房费是816英镑，除了居住品质上乘，提供的各种服务也很适合穆帅。“住酒店很奇怪吗？你知道吗，如果我住在自己的房子里，我会生活不愉快的。”穆帅说，“我不得不自己打扫，而我不想这样做，我不得不熨衣服，可我不知道怎么熨。我必须自己做饭，煎蛋沙拉是我唯一会做的。我的生活会很不开心。”“我住在一套超棒的套间里，不是一个房间，而一整套都是我的。我并不是住一周就走，不，就像是我的房子一样。我的一切都在那儿，电视、书籍、电脑。这是个套间，可以打电话，‘一会请给我一杯咖啡’，或者‘我不想下楼吃饭，把我的饭送上来’。”“我在看足球比赛，或者和我助手工作，我会要求‘给我们来点吃的’。我什么都有，如果我一个人住在一套房子里，那会不方便的多。我住酒店很好，非常好。”（Kata）
梅西想退役？他还早着呢！一堆纪录等着他来破,梅西在金球奖颁奖典礼上的一番话引发了热议，那就是表示自己已经接近退役。“上帝希望我还有几年可以继续享受足球的时光。我清楚自己的年龄，我现在前所未有地享受足球，因为接近退役时刻了，这很难。我确实还能踢几年，但现在感觉时光在飞，一切都转瞬即逝。”在一些人看来，梅西这是放出了要退役的信号，部分球迷也为此担心起来。不过这只是梅西表达时光飞逝的一种感觉，他现在距离退役还很远。周三的西班牙《每日体育报》打出了“梅西来日方长”的大标题，表示这位阿根廷巨星没有这么快就考虑退役，他会继续在巴萨享受足球。梅西对《法国足球》表示：“我并没有感觉处在职业生涯末期。”数据显示，梅西仍然处在巅峰期，就在上周日对马竞的比赛中，梅西还发挥了决定性作用，打入了一个世界波。如今的梅西非常全面，他在场上组织、助攻、突破、进球，任意球水准也大大提升。他连续10个赛季进球超过40个，最佳射手、最佳助攻手，各种荣誉拿到手软。2019年，他已经打入了46球，看不出任何下降的趋势。和传奇们的退役年龄比，梅西也距离退役也还早。贝利在距离37岁生日还有22天时退役，克鲁伊夫和马拉多纳都是过37岁才退役，贝肯鲍尔38岁退役，迪斯蒂法诺到39岁才退役，匈牙利球星库巴拉更是一直踢到40岁。西班牙《世界体育报》的封面标题和《每日体育报》一样，也是梅西还会继续踢下去。该报表示，虽然梅西打破了各式各样的历史纪录，他依然对荣誉充满饥渴感，他还有可以完成的挑战。《世界体育报》列举了梅西的一些挑战，比如成为欧冠夺冠次数最多球员，他现在4个奖杯，亨托有6个；成为西甲夺冠次数最多球员，他现在10个奖杯，亨托12个；成为单个俱乐部进球最多球员，梅西在巴萨打入614球，贝利在桑托斯打入643球；成为冠军奖杯最多球员，梅西34个奖杯，阿尔维斯39个；成为巴萨上场次数最多球员，梅西上场701次，哈维767次；成为欧冠历史最佳射手，梅西打入114球，C罗127球；成为欧冠出场最多球员，梅西出场140场，卡西利亚斯181场。（伊万）
曼城前锋压力大啊！因为阿圭罗在 我上场必须进球,曼城前锋热苏斯终于爆发了，在4比1击败伯恩利的英超联赛中，他打破进球荒，而且一进就是两球。对此，巴西人坦言，都是阿圭罗逼的。“当我出场时，我必须进球，因为塞尔吉奥（阿圭罗）每次都进球，”热苏斯说，“有时候就是这样，我知道自己的实力，我知道我有能力每场都进球，但这有难度。”“这是我的志向，我想打比赛，想每场都进球。”对巴西人来说，阿圭罗的存在，既是竞争，也是良师益友。“我有塞尔吉奥和我一起，我必须向他学习，因为他是俱乐部和足坛的一个传奇。”热苏斯还表示，曼城不会放弃争夺英超冠军的希望。“英超如此艰难，利物浦打出了一个出色的赛季，但这是挑战，我们必须为了能够参与的所有奖杯而战。”（Kata）
梅西已经火了足足10年 他到底还能火多久,西班牙《马卡报》在最新的评论中指出，梅西的才华似乎没有到期的日子。他在2009年拿到了自己的第一个金球奖奖杯，十年之后，他赢得了个人的第6个金球奖。十年过去了，梅西仍然在巅峰，这让我们不禁要问：他的黄金岁月还能持续多久？一些人认为他最好的时光已经过去了，但就在上周日，他在对阵马竞的比赛中表现出了超强的决定胜负的能力，那些质疑他的人也再次沉默了。十年来保持着这种超凡脱俗的能力已经是惊人的，但看上去他还可以再坚持几年。那么，其他一些巨星在差不多的年龄情况如何呢？马拉多纳在1986年赢得了世界杯，并在那不勒斯赢得了两个意甲冠军，成为一大偶像，但30岁的时候他的状态开始下降。克鲁伊夫走下坡路开始于27岁，那是他最后一次获得金球奖之后。之后他在巴萨的表现开始变得不稳定。贝利的黄金期长了一点，他在1958年（18岁时）赢得了第一个世界杯冠军，12年之后，他赢得了第三个世界杯，然后就开始走下坡路。但其他的运动项目却不一样。迈克尔·乔丹一直等到28岁才拿到他在NBA的第一个总冠军，他的最后一个总冠军是在35岁时拿到的。费德勒、纳达尔和德约科维奇仍在掌控网球。瑞士人现在38岁了，西班牙球星33岁了，塞尔维亚人也已32岁，他们仍然处于很高的水平。这三个网球运动员的旅程还没到终点，就像梅西一样，谁也不知道他何时抵达终点。（伊万）
梅西承认：C罗金球数追平我时 让我感到受伤,梅西承认，2017年看到C罗在金球总数上追平自己，确实感觉有点受伤。梅西荣膺2019年金球奖，金球总数达到6个，再次超越了C罗（5个）。阿根廷人承认，他还是喜欢独领风骚的感觉。“当我是唯一一个拥有5个金球的人时，那种感觉是很好的。当克里斯蒂亚诺追平我的时候，我必须承认，这有点让我受伤，”梅西说，“我不再是独自领跑了。但这也是可以理解的，毕竟之前以5个金球领跑的感觉很美妙。”“这次我会和家人一起享受金球荣誉，这样的时间并不会长，因为明天我们又要专注于别的事情了。我一直专注于未来，这给我很大的能量，去继续我的工作。”“我从未停止梦想，依然和小时候一样享受足球的快乐。”（Kata）
这个问题你怎么看：奥巴梅杨和凯恩打架谁会赢？,拳击名将安东尼-约书亚认为，如果阿森纳前锋奥巴梅杨和热刺前锋凯恩打起来，他认为后者会赢，这个回答让奥巴梅杨本人有点失望。约书亚在BBC一档节目的趣味问答中被要求回答，当一些足球明星打架时，他认为谁会赢。当奥巴梅杨VS凯恩的选项出现时，约书亚在犹豫了一会儿后说：“OK，这很难选，但我想我会选凯恩。”对于约书亚的回答，奥巴梅杨本人在社交网络上回复称：“我感到失望啊，大人物。”球迷们则在网上议论纷纷：“他只是在哄凯恩高兴，因为你去年拿了金靴”“他觉得凯恩能打过你？一定是他被鲁伊兹打的那一拳，让他脑子依然还不清醒”“凯恩踢球和打架都能赢过奥巴梅杨”“凯恩在拳击台上也会假摔的”（皮特洛赫里）
曼联天才攻击手恐无缘战热刺 英媒:索帅将变阵352,据天空体育报道，曼联的法国前锋马夏尔可能会缺席与托特纳姆热刺的英超大战，主帅索尔斯克亚为此可能会重新考虑排兵布阵。天空体育称，马夏尔目前正在受到肌肉伤情的困扰，在周日战平阿斯顿维拉的比赛中，他在最后阶段被换下。能否赶上周三与热刺的比赛，存在很大疑问。因为伤病，马夏尔这个赛季曾缺席过两个月之久，至今只为曼联出场过12次。10月份他在同利物浦的比赛中复出，而最近6场英超联赛他都获得了首发。天空体育还分析称，马夏尔如果缺阵，索尔斯克亚可能考虑变阵352，由拉什福德和丹尼尔-詹姆斯出任双前锋，图安泽贝与林德洛夫、马奎尔组成三中卫搭档。除了马夏尔，博格巴本场对热刺也无法出场，索尔斯克亚明确表示，法国人尚未完全做好出场准备。（皮特洛赫里）
如此超级爆射太吓人！曼城球星:差点把我打回老家,曼城客场4比1大胜伯恩利，球队新援罗德里打出一脚精彩的世界波。对这个球，曼城球星斯特林开玩笑称，幸亏他身手敏捷躲开了罗德里的爆射，不然可能会受重伤。罗德里的这脚凌空抽出了十足的劲道，重重的撞入球门上网。球运行途中，斯特林弯腰低头，躲开了皮球。赛后，斯特林在网络平台上开玩笑说，自己真是好险。“很走运，罗德里的射门没有打中我的脸，否则这一下直接就把我打回牙买加了。”（皮特洛赫里）
齐达内坚持要买博格巴！皇马高层：没这个必要吧,“齐达内仍坚持要收购博格巴！”周三的西班牙《马卡报》在头版头条报道，皇马主帅仍固执己见要引进博格巴，他想在明年1月份或者6月份引进自己中意的球员。不过皇马高层不太同意这一设想，在小将费德里科·巴尔韦德爆发的情况下，就更认为引进博格巴没必要。齐达内和皇马高层还是没能达成一致。《马卡报》报道，虽然目前皇马在西甲和欧冠成绩都不错，而且中场小将巴尔韦德表现十分出色，但齐达内坚持要求俱乐部引进博格巴，认为这位法国同胞是他阵容建设上画龙点睛的一笔。如果皇马明年1月引进博格巴，那今冬还得先清洗球员以腾出位置。齐达内认为，自己为重返皇马付出了努力，俱乐部也应该有所表示，在组建阵容方面，自己唯一的要求就是引进博格巴。齐达内和博格巴之间的接触从未停止，公开和私底下，齐达内都表达过对博格巴的欣赏，10月份，两人还曾在迪拜交流。而博格巴现在也在对曼联施压。博格巴目前处境微妙，半个赛季他都在迪拜和迈阿密养伤，而曼联方面对他的伤病表示怀疑，认为他这是在故意推迟复出，以对俱乐部施压，从而实现转会皇马的目的。博格巴与曼联的合同2021年6月30日到期，他拒绝与曼联续约。不过齐达内现在面临两个问题。首先是高层在对引进博格巴的计划不热心。高层认可博格巴的能力，但认为引进他不是必须的。因为球队有巴尔韦德这样的球员，而且俱乐部还打算回收厄德高。此外，对皇马高层来说，引进博格巴也非常困难，价格可能超过1.2亿欧元，而高层认为博格巴的转会费不能超过阿扎尔。还有，博格巴的年薪高达税后1600万欧元，这对皇马来说会是非常困难的操作。第二，曼联方面也不想轻易放走球员，他们一直拒绝谈判。但齐达内表示，博格巴和巴尔韦德并不一样，“我不认为巴尔韦德就是博格巴。”齐达内和博格巴都没有放弃希望，到明年6月，情况可能有很大不同，因为博格巴与曼联合同只剩下1年。博格巴和皇马能占据主动，皇马有望复制引进阿扎尔的手法。博格巴已经表示，皇马是他的首选。但范德贝克和埃里克森也在皇马计划中，皇马高层很喜欢范德贝克，另外明年夏天皇马能免费引进埃里克森，高层认为这样的机会不能错过。但齐达内的想法依然不变，那就是不管怎么样，都要博格巴。皇马引进替代品也不能让他满意，甚至可能被齐达内弃用，那俱乐部那还不如直接引进博格巴。（塞尔吉奥）
体坛最吸金10大人妻：小贝老婆只排第2,
范戴克:梅西C罗是最伟大球员 荣幸和他们相提并论,梅西获得第六座金球奖奖杯，范戴克则在金球奖评选中排名第二。在颁奖典礼上，范戴克就当面盛赞了梅西。如今颁奖典礼结束后，范戴克又在社交媒体上表达对梅西的恭喜，以及能和梅西、C罗相提并论的荣幸。以下为范戴克长文：能参加昨晚的2019金球奖颁奖典礼，对我来说是一种莫大的荣幸。我对我在巴黎所收到的热情款待感到受宠若惊。我想对每一位让我们感到宾至如归的人们说一声感谢。首先，我要祝贺梅西，祝贺你赢得了历史性的第六座金球奖。正如我在昨晚颁奖典礼上所说的，坐下来赞美面前的伟大球员，是一件很重要的事。祝贺你又度过了不可思议的一年。对我个人而言，能被提名就是一种荣幸，能成为第二名，能和梅西、C罗两位足坛最伟大球员相提并论，我更是尤感荣幸。这一年中，我们享受了很多非常棒的对决，我也希望未来能有更多这样的机会。我很自豪于我所走过的这段旅程，我希望我所走过的路可以帮助、激励其他人，让他们相信自己，让他们永不放弃梦想。我渴望在球场上获得更多的成功，我也会竭尽所能去努力工作，保持进步，继续奋斗，直到达到自己的极限。到目前为止，这是一个难以置信的2019年，但是如果没有我家人的爱和支持，这些都不会实现，谢谢我的家人们一直陪在我身边。我必须对我的利物浦队友和国家队队友说一声大大的感谢。最后我要感谢足球世界的所有人，感谢你们的支持，这对我和我的家人来说意义重大。（长歌）
C罗女友收入超梅西妻子 动手发发照片就赚这么多,媒体对梅西与C罗进行全方位比较，就连他们的另一半也不放过。据统计，C罗未婚妻乔治娜的媒体影响力以及相应的收入，要比梅西的妻子安托内拉大不少。《Golf Support》统计称，在Instagram平台上，乔治娜拥有1400万粉丝，而她通过发发照片，就能有不菲的收入进账。平均每在这个平台上发一条帖子，乔治娜就能拿到29587英镑的收入，相比之下，安托内拉平均每条帖子的收入是23915英镑，比乔治娜少了近6千。在Instagram上发帖最挣钱的球员妻子，是巴萨球星皮克的另一半夏奇拉，平均每条有123355英镑的收入，当然，夏奇拉的身份不光是球星伴侣，她本身就是演艺名人，自带独立的吸粉功能。贝克汉姆的妻子维多利亚排在第二，平均每次发帖可收入55991英镑。（皮特洛赫里）
阿森纳新帅不屑曼联名宿挑刺儿 一句话化解这攻击,面对曼联名宿斯科尔斯的挑刺儿，阿森纳新帅永贝里半开玩笑的予以了回应。斯科尔斯在评球时给永贝里挑毛病，称后者执教枪手首秀，没有穿西装打领带，缺乏仪式感和自豪感。斯科尔斯当时说：“你会觉得，他出来的时候应该穿西装，来显示出一点得到这份工作的骄傲感。穿衬衫打上领带，会显示出一定的纪律性，我认为那才是好的开端……我不认为他是适合阿森纳帅位的人。”对此，永贝里并不在意，当被记者问到这个话题，瑞典人半开玩笑的说：“西装在甩干机里，所以我没得穿。”“我见过教练穿运动服、西装或者衬衫的，比赛日我穿什么，我自己决定。我穿俱乐部套装可能不太合体，至于我穿什么，我会让你们看到的。”对于斯科尔斯的挑刺儿，英国媒体翻出了老照片。斯科尔斯出任奥尔德汉姆主教练，在新闻发布会和见面仪式上，也是敞开领口没打领带。（皮特洛赫里）
穆帅：我办公室仍摆着曼联照片 其中有这两个时刻,穆里尼奥表示，自己的曼联经历已经成为了过去，不过仍留下了一些美好的记忆。“对我来说，感觉就像是昨天才离开曼联一样，”穆帅说，“并不是昨天，是一年前。现在我在热刺，如果你们想谈论曼联，那么让我们谈论作为对手的曼联。这已经是结束的一个章节了。”“至于我在那里的历史，去我楼上的办公室，我依然有几张我在曼联时的照片，但仅此而已。其中一张是在斯德哥尔摩，我和儿子以及欧联杯奖杯在一起。另一张是在温布利的顶层看台举起联赛杯。”当被问到这是否是他在曼联值得珍惜的记忆时，穆帅回答：“当然是。”（皮特洛赫里）
索帅：曼联不会中途换帅的 看到下课传闻我都笑了,在前阿森纳主帅埃梅里下课后，曼联主帅索尔斯克亚也成为英超现任主帅下课大热之一。如今索帅谈到了有关的问题。索帅称：“我和伍德沃德（曼联副主席、CEO）一直都有交流，所以现在并不是说我们需要一场急切的、突然的谈话。每周哦我们都会交流几次，我们一直保持着这样的沟通。我们已经制定了合理的计划，我们都清楚曼联的重建正在进行，我们会一起做一些必须去做的决定。当然了，我们队现状都不太满意，不过我们会去努力的。”“我现在很不错，完全没有什么问题。有时候我会看到一些关于我的消息和报道，我可能会笑出声，因为最起码我知道消息来源是捏造的，那都是彻彻底底的谎言。”“上赛季穆里尼奥下课时曼联的位置？那我可不记得了，但是从他离开之后，我已经带队踢了50场比赛了，现在我们并不该处在这个位置，这不是我们想要的结果，我们还要提升。我们要努力去做正确的事，赛季中途更换主帅可不是我们想要的。”“担心自己被解雇？不，我可不会更多操心这种事。我只会专注于自己的工作，我要尽量做到最好，要把目光放在下一场比赛和一些长期计划上。”“在一年中的这个时候，看到有同行丢掉工作的心情肯定不会好。你可以用一整天去讨论VAR的问题，但在这些被解雇的主帅中，有一些你都不知道他们为何被不同的俱乐部解雇。”“不过这不会让我在12月就担心自己被解雇。”（长歌）
2020美洲杯抽签:卡塔尔遇巴西 澳大利亚遇阿根廷,北京时间12月4日，2020年美洲杯抽签完毕，巴西、卡塔尔、哥伦比亚分在一组，阿根廷则跟澳大利亚、智利等球队分在一组。本届比赛一共有12支球队参加，分为两个赛区，每个赛区6支球队，单循环积分制，前四名晋级八强，北部赛区东道主为哥伦比亚，同组的有巴西、厄瓜多尔、秘鲁、委内瑞拉和一支邀请队，南部赛区东道主为阿根廷，同组的还有玻利维亚、智利、巴拉圭、乌拉圭和另一支邀请队。具体分组如下：A组：阿根廷、玻利维亚、智利、巴拉圭、乌拉圭、澳大利亚。B组：巴西、哥伦比亚、厄瓜多尔、秘鲁、委内瑞拉、卡塔尔。2020年美洲杯将由阿根廷和哥伦比亚共同主办，比赛将在2020年的6月12日到7月12日进行。（亚瑟）
索帅：欢迎穆帅！曼联记得你！球员对他没啥反应,前主帅穆里尼奥即将率热刺到访，曼联主帅索尔斯克亚也在赛前发布会给出了回应：欢迎！索帅称：“我们非常欢迎穆里尼奥回到老特拉福德，这是对这家俱乐部和球迷们做出证明，我们记得他执教的那两年半时光，记得那些奖杯，我100%确定我们的球迷、俱乐部的员工都会欢迎穆里尼奥。”“上赛季穆里尼奥下课时曼联的位置？那我可不记得了，但是从他离开之后，我已经带队踢了50场比赛了，现在我们并不该处在这个位置，这不是我们想要的结果，我们还要提升。我们要努力去做正确的事，赛季中途更换主帅可不是我们想要的。”“穆里尼奥回来会让球员们有什么反应？我不知道有哪个对手球队的主教练能带来我们赢球动机上的改变。现在曼联的动机只有为俱乐部贡献出色的发挥，球员们都知道那是关于每天都在训练中令人印象深刻的事，那时关于每次踏上球场都要成为长远计划一部分的事。当你穿上球队的球衣，你就要拼尽全力。周六时小伙子们有点沮丧，但是他们现在已经着眼于周三的比赛了。”（长歌）
曼联新秀：曾向俱乐部投诉穆帅 他当时近乎虐待我,前曼联青年球员约书亚-博胡伊（Joshua Bohui）称，在穆里尼奥手下他受到不公的对待，他曾对此向俱乐部投诉。博胡伊在2016年8月从布伦特福德加盟曼联，在今年夏天离开红魔，转会荷兰的布雷达NAC队。谈到自己的曼联时光，博胡伊称，遭到了穆里尼奥的近乎虐待。“那时候很难，因为我面对的是，我不会说是虐待，但确实遭到那时候的主教练一些不公平的对待。”“他对待我的方式，让我感到沮丧，他使用的一些言辞，我感觉是不必要的，而我当时向俱乐部投诉了很多次。我拒绝了他们的续约，因为以我当时被对待的方式，我不认为我会进入一队，他们根本就不在意我。”谈到如今的曼联，博胡伊认为，索尔斯克亚对年轻人很不错。“看到我的一些队友进入一队，我真的很高兴，看到他们进步真是好事。我确信奥勒是信任年轻人的，我认为他干的很好。”“看看威廉姆斯进入了一队，格林伍德、加尔纳，他们得到了首秀，我为他们感到高兴，我希望他们能继续得到机会。我猜我是有点不走运，但我不后悔自己的决定。”（皮特洛赫里）
梅西C罗数据荣誉全对比！到底谁更强,
索帅：曼联能击败更强的球队 对阵穆帅我已有计划,曼联即将迎战穆里尼奥率领的热刺，赛前曼联主帅索尔斯克亚信心满满。本周曼联将连续对阵热刺和曼城，对此索帅称：“三四天的时间不会改变什么东西。这两场比赛对我们来说是非常好的机会，我们要有所提升，我们要证明我们是可以同一些更出色的球队对抗的，证明我们是可以在对阵这些更好的球队时取得不错的结果的。”“对阵热刺的比赛，我们已经有了计划。”（长歌）
西媒：足球只有一个上帝 他就是梅西,梅西创纪录的第六次获得金球奖，西班牙媒体予以了高度赞誉。《马卡报》登载了梅西每一次拿到金球奖的照片，从22岁的青涩面庞，到今年留起胡子的老将，展现出梅西在这10年里的成长与统治力。《阿斯报》和《每日体育报》想到了相同的创意，他们都登载了梅西与六个金球的合影，并且用阿根廷球星的名字来做文章，《阿斯报》写的是“M6SSI”，而《每日体育报》则是“MESSIX”，都是把梅西的名字和“6”这个数字融合在了一起。《世界体育报》也在封面上登载了梅西与六座金球奖的合影照片，大标题干净利索：“足球只有一个上帝”。（皮特洛赫里）
瓜帅夺生涯第450胜！胜率太高 争冠反击现在开始,在欧洲足坛，“穆三年”是媒体和球迷津津乐道的话题，看起来“瓜四年”现在似乎也开始流行起来。作为世界上获得冠军荣誉最多的主帅，瓜迪奥拉总共只执教过巴塞罗那、拜仁慕尼黑和曼城三支球队，红蓝生涯四个赛季后离队，在拜仁执教也只经历了三个赛季就离开，欧冠成为了最大命门。如今，瓜迪奥拉的曼城执教生涯也进入一个特殊的时期，由于伤病不断加上球队状态下滑，蓝月亮14轮过后已经落后竞争英超冠军的最大对手利物浦11分，英超三连冠的梦想渐行渐远。11月6场比赛仅取胜2场，关于瓜帅赛季后离队的传闻也开始蔓延。在这样的背景下，曼城用对阵伯恩利的一场大胜击碎质疑。曼城本赛季深受伤病困扰是真实存在的，本来拉波尔特、萨内和津琴科三名重要的常规主力已经是因为重伤长期缺阵，近期阿圭罗又是在对阵切尔西的比赛中不幸肌肉受伤，再加上萨内依然在养伤之中，在多线作战的背景下几乎已经无人可用。与伯恩利的比赛，瓜迪奥拉不得不启用贝尔纳多-席尔瓦、热苏斯和斯特林的攻击组合，正是这样的安排起到了奇效，热苏斯打破球荒梅开二度，罗德里完成破门，替补上场的马赫雷斯也有所斩获。值得一提的是，4比1击败伯恩利是瓜迪奥拉执教正式比赛的第450场胜利，完成这一里程碑数据，瓜帅总共用去了605场比赛，胜率达到74%。执教巴萨期间，瓜帅取得179场胜利，执教拜仁时取胜124场，蓝月岁月则取得147场胜利。办法总比问题多，在接受采访时谈到与利物浦的争冠，瓜迪奥拉就说道：“现在思考迫近利物浦是不明智的，12月的赛程会非常疯狂，我们要一场场踢下去。”上赛季，曼城曾在落后7分的情况下以一波14连胜逆转夺冠，现在他们面临更艰难的形势。正如瓜迪奥拉所说的，球队最需要的是做好自己，回到正轨的曼城依旧是“宇宙队”。在大胜之后，曼城暂时将与利物浦的分差缩小到8分，反击，会从此刻开始吗？（南看台）
皇马一块璞玉明夏重返球队 他用2年时间征服德甲,西班牙媒体《马卡报》指出，明年夏天阿什拉夫将结束他的租借生涯，重返皇马，而他也将冲击卡瓦哈尔的位置。本赛季卡瓦哈尔拥有一个出色的赛季，他也让奥德里奥索拉多次无缘比赛，不过下赛季可能面临更大的挑战。那就是租借于多特蒙德的阿什拉夫要回来了。阿什拉夫目前效力于多特蒙德，发挥十分出色，正如当年卡瓦哈尔2013年效力于勒沃库森那样。阿什拉夫不仅能踢右后卫，同时也能踢右边锋。如果阿什拉夫回归，那么奥德里奥索拉在皇马的未来陷入了疑问。本赛季阿什拉夫为多特出场21场比赛，打进6球助攻4次，其中欧冠赛场打进4球。（亚瑟）
克洛普：梅西拿金球奖实至名归 他比马拉多纳还棒,梅西击败范戴克拿到金球奖，引发一些争议之声。但在利物浦主帅克洛普看来，梅西获奖实至名归。克洛普称：“金球奖结果？这就是人们的选择，绝对没有任何问题。梅西可能是我一生中见过最棒的球员。马拉多纳可能也是，但我看梅西的表现看得更多。梅西理所应当地赢得他第六座金球奖。”随后克洛普也为范戴克发声：“不过我也不记得有哪名后卫有过比上赛季的范戴克更令人印象深刻的表现了。我们完成了一个高光的赛季，我们赢得了欧冠冠军，在英超中拿到97个积分，没有这些表现优异的球员，我们不可能做得到。”“那些成就都很美好，但那都是上赛季的事儿了。我敢肯定现在所有的奖项都颁发完了，如果小伙子们还想拿，那他们可以去争取新的奖杯了。”（长歌）
孙兴慜：穆帅很和善总带着笑 要为他拿下曼联,托特纳姆热刺的韩国球星孙兴慜称，新帅穆里尼奥给他的印象很好，是一个和善的人。本周在《442》杂志的访谈中，孙兴慜说：“他（穆帅）非常和善，他带着笑容，和球员们开着玩笑。当然，我很喜欢这一点。”穆帅上任后，热刺取得了各项赛事的三连胜，孙兴慜说：“我想我们的成绩改变了很多，向着积极的方向。”“在比赛之前，所有人都很积极。主教练干的很好，我们对他都很满意。球队的气氛朝着积极的方向改变了很多。”谈到穆里尼奥重返老特拉福德，孙兴慜说：“我想他在曼联有两年吧（注：两年半）。我们想要为他拿下一个最好的结果，当然也是为了我们自己。等到比赛后，当我们和球迷见面时，希望我们是笑着去的。”（皮特洛赫里）
穆帅不敢盲目自信：热刺争四？劣势时要看人脸色,穆里尼奥率领热刺挑战曼联，赛前穆帅谈到了热刺争四的话题。穆帅称：“争四？这不是我们能控制的，我们还要看对手们的比赛结果。我们要做好自己的工作，我们赢下了过去两场比赛，剩下的我们就控制不了了。切尔西丢了6分，阿森纳丢了4分。我们可控制不了这些情况的发生。”“想象一下，我们赢下来所有比赛，但切尔西也全胜了，那我们还是会落后12分。我们无法控制竞争对手，这就是当你处于劣势时要面对的困境。”（长歌）
穆帅引用曼德拉名言：我从未失败 要么赢要么成长,在回顾自己执教曼联的这段经历时，穆里尼奥引用了纳尔逊-曼德拉的名言：我从未失败。北京时间明天凌晨，穆帅将带领热刺出征老特拉福德，与老东家曼联交锋。谈到这段历史，穆帅引用了这句伟人名言，他说：“有点像曼德拉所说的，我从未失败，我要么胜利，要么学到东西。（I never lose， I either win or learn）”曼德拉一生都在与种族隔离政策作斗争，曾经在监狱里度过27年时光，1994年，他成为了南非历史上第一位黑人总统。穆帅接着说：“在曼联，我赢过，也学到了东西，老实说，曼联是我的经验手册，已经在我的历史书里了。”当被问到如今的曼联哪里出了问题时，穆帅说：“现在不该由我来分析曼联的情况。我分析他们是作为对手，他们如何踢，我们如何可以击败他们，他们有可能怎么击败我们。”“明天我回到老特拉福德，是作为一支想要击败曼联的球队教练。当然，在比赛过程中，我希望他们忘记我的存在。”（皮特洛赫里）
尤文高官：C罗该拿金球奖 冬季曼朱基奇可以走,尤文图斯俱乐部体育总监帕拉蒂奇表示，克里斯蒂亚诺-罗纳尔多不会在明年夏天转会离队，下个赛季葡萄牙球星还会在尤文效力，并为金球而战。此前有传闻称，C罗和尤文主帅萨里不和，有可能寻求明年夏天离开球队，但帕拉蒂奇否认了这种可能性，他说：“在我们看来，他本该得到金球奖。下赛季他会在尤文图斯，毫无疑问。”“他想在我们这里拿一个金球，而我们支持他。”谈到尤文图斯的冬季转会计划，帕拉蒂奇明确表示，曼朱基奇是可以出售的。“在一月份我们不会买任何人，甚至不会有球员出售，也许曼朱基奇是一个例外。”（皮特洛赫里）
穆帅：曼联有机会拿这3冠军 我执教时早就拿过了,穆里尼奥将作为热刺主帅对阵曼联，赛前被问到有关曼联的问题，穆帅做出了回答。穆帅称：“执教曼联的经历，对我来说是已经结束的篇章。我已经离开了曼联俱乐部，我也花了一些时间去处理已经发生的一切。我又花了时间去让自己准备好迎接新的挑战。实话实说，曼联对我来说就是我经验之书的一部分，那段时光已经成为历史了。”“过去执教曼联时达成过的成就？这些也是曼联这个赛季可以去争取到的。他们有机会赢下欧联杯，他们已经在这项赛事中晋级到淘汰赛了。他们还能赢下联赛杯，他们也有机会获得足总杯冠军，他们要在第一轮遭遇狼队了。他们能达成这些目标。”“对你们（记者）来说，仿佛我昨天才离开曼联一样。然而并不是昨天，而是将近一年的时间。我是热刺主帅，如果你们想把曼联说成是我的对手，那让我们来聊聊我的对手。”（长歌）
梅西进球幕后画面曝光:西蒙尼服了 带头给梅西鼓掌,梅西有多么出色？就连对方名帅都会给他鼓掌。巴萨击败马德里竞技，梅西在最后阶段绝杀。如今一段进球关联的视频在网上热传，马竞主帅西蒙尼从紧张关注到无奈叹息、再到为梅西鼓掌，显现出对手对梅西的服气。巴萨发动快攻，梅西一路与队友配合推进，并在最后射出刁钻的一脚。整个过程中，场边指挥的西蒙尼神情紧张，身体时不时微微摇摆，还大声喊着球员赶紧回防。可当看到梅西破门时，西蒙尼也服了，他无奈的点头，然后为梅西鼓起掌来。网友评论说：“他早知道会发生什么”“经典一幕。对梅西，有时候你只能鼓掌”“他的反应令人称道。努力去防守，然后鼓掌，仰慕梅西的才华。”（皮特洛赫里）
穆帅：曼联曾给我最温柔款待 但现在他们热爱索帅,穆里尼奥即将率领热刺前往老特拉福德挑战自己的前东家曼联。赛前，穆帅在接受采访时谈到了自己面对曼联的心态。穆帅称：“我感觉很棒。我喜欢这些重要的比赛，我喜欢去对阵那些最好的球队，这是最重要的事情。”“重回老特拉福德，意味着我回到了一个曾经让我开心的地方。我可以大声说出来，曾经的我在这里非常开心。我和曼联的球迷有着非同寻常的情感联系。我在作为评论员回到这里时，他们给了我最温柔的对待。”“不过这一次我是以对手身份回来的，这又给了我不一样的视角。我真的希望曼联拥趸能给我以尊重，但我知道他们肯定会站在我的对立面，因为我希望热刺赢下比赛，而他们希望曼联赢。”“我认为他们会对我的回归有一些非常友善的反应，但在比赛中他们还是会支持索尔斯克亚。他们热爱俱乐部，他们也热爱索尔斯克亚。在比赛中，我期待他们忘掉我，然后支持他们的球队去拿到他们期盼的结果。”（长歌）
穆帅否决热刺买当红中场杀神：我们买不起他,托特纳姆热刺主帅穆里尼奥终结了球队与布鲁诺-费尔南德斯之间的转会传闻，他称热刺无法买下这位葡萄牙当红中场。此前有传闻称，费尔南德斯成为了热刺和曼联的引进目标，最近和里斯本竞技的续约，让他的违约金提升到了一亿欧元。对此，穆里尼奥说，这类球员是热刺目前买不起的。“在这个水平线上，我们俱乐部是有些不同的。”穆帅说。“我们不是一家在转会市场上花大钱买人的俱乐部，也不会买一些已经成名或者达到某种预期的球员，从经济上也是如此。”“我绝对会说不，因为布鲁诺是一个水平和价值都不适合我们的球员。”（皮特洛赫里）
国米当红妖星遭曼城巴萨挖角 1.11亿违约金也怕,直播吧12月4日讯 迪马济奥消息，曼城加入国米前锋劳塔罗-马丁内斯争夺战，他们将与巴萨进行竞争。22岁的劳塔罗本赛季19场比赛打入惊人的13球3助攻，他与卢卡库的默契搭档让国米暂时领跑意甲。据悉，巴萨一直保持对劳塔罗的兴趣，梅西希望俱乐部签下这位年轻的阿根廷前锋。劳塔罗的合约内有1.11亿欧元的解约金条款，但只在明夏的特定时间内有效，且适用球会只限定国外俱乐部。国际米兰一直在与劳塔罗经纪人协商，希望去除这条解约金条款。（直播吧）
尤文曝想与迪巴拉续约至2024年 年薪900万欧元,直播吧12月4日讯 米兰体育报记者Nicolò Schira消息，尤文图斯加紧与迪巴拉续约进程，斑马军团已经开出了第一份报价：续约五年，年薪900万欧元外加奖金。26岁的迪巴拉近来发挥出色，尽管自己并不是铁打首发，但阿根廷人只要站上球场就能制造不同。迪巴拉现在的合约2022年到期，本赛季他出场17次打入7球4助攻。（直播吧）
曼城天才妖锋终于复活！靠他撑起瓜帅争冠之梦,曼城终于赢球了。在过去的11月，瓜迪奥拉的球队只赢下了6场比赛中的2场，英超积分榜被利物浦拉开差距到两位数，形势不容乐观。而在12月的开始，蓝月亮找回了久违的状态，客场4比1大胜伯恩利，收获近三场比赛的首胜。比赛中，梅开二度的巴西天才热苏斯无疑是最大功臣。事实上，在10月19日曼城2比0击败水晶宫的比赛中进球之后，热苏斯遭遇了长达一个半月的进球荒，由于阿圭罗近来伤缺，巴西人临危领命顶在前面，过去一段时间，瓜迪奥拉不止一次地表达“希望热苏斯长留曼城”的信任，他也最终用表现证明了自己。比赛第25分钟，热苏斯左路得球，推进到禁区之后一脚搓射完成破门。下半场开场不久之后，他又在禁区内接到伯纳多-席尔瓦的助攻扩大了比分。本场比赛，热苏斯3次射门和2次射正都是全队最高，射正后的进球转化率是100%！正因如此，巴西人也获得了whoscored网站8.6分的赛后最高评分。值得一提的是，本场比赛打进两球的热苏斯英超进球数达到了32球，超越威廉成为英超历史上进球第三多的巴西球员。在他身前的是打进52球的菲尔米诺和打进41球的库蒂尼奥。如今热苏斯也只有22岁而已，在国家队和俱乐部都经历过起伏的他会更快地适应顶级联赛的成长。在赛后接受采访时，热苏斯说道：“我必须向阿圭罗学习，他每场比赛都能进球，这就是我的目标。我们要为联赛冠军而战，这是一个挑战。”是的，年轻无极限，困境之中曼城在攻防两端都要有人站出来。想要逆转利物浦？热苏斯或许是那重要的一环。（南看台）
博格巴无缘对阵穆里尼奥！索帅亲承：他还没伤愈,曼联即将在主场迎战穆里尼奥的热刺。但赛前，索尔斯克亚确认博格巴将无缘对阵穆里尼奥。索帅称：“博格巴还没有准备好出场，他还需要一些时间才能复出。我们会继续观察，看看他还需要多长时间。”此前博格巴遭遇脚踝伤势，球员本人在养伤期间经常在社交媒体发出恢复训练的视频，近日他晒出医疗团队的合影，意思接近复出。但索帅此番表态，令博格巴这一次无法直接面对上任主帅穆里尼奥。（长歌）
迪马济奥：AC米兰对伊布报价远低于其他俱乐部,直播吧12月4日讯 据意大利天空体育转会专家迪马济奥透露，米兰对伊布的报价远低于其他俱乐部。伊布与洛杉矶银河的合同将在年末到期，这位38岁的瑞典前锋正在寻求重回欧洲踢球的机会。据悉米兰有意签回瑞典神塔，但迪马济奥指出，米兰在运作过程中过于依赖伊布对红黑军团的感情纽带，他们的报价远远低于其他俱乐部。米兰原本计划与伊布签下6个月的合同，外加一个赛季的续约选择权，但伊布想要18个月的合同。而且伊布对米兰提供的合同待遇并不满意，加盟米兰的乐观情绪也在迅速消退。除了米兰之外，曼联、博洛尼亚、那不勒斯和罗马都对引进伊布感兴趣，而来自中国和阿联酋的俱乐部也在关注他的动向。（直播吧）
即将重返意大利！伊布宣布：加盟要重新获胜球队,直播吧12月4日讯 伊布在接受采访时确认自己即将加盟意大利球会。伊布说：“我会加盟一支必须重新获胜的球队，一支必须更新自己历史的球队，一直寻求对抗所有人所有事的球队。”“只有这样，我才能找到必要的动力来使你们重新惊讶。”“这不仅仅是选择球队的问题，这还包括其他很多因素，包括我家人的兴趣。”“很快会在意大利见到你。”根据此前多家媒体的报道，AC米兰和博洛尼亚均都伊布有意，瑞典人拥有最终决定权。（直播吧）
穆里尼奥表白孙兴慜：刚来10天我就深深爱上他,穆里尼奥入主热刺后，韩国天王孙兴慜迅速用表现征服了穆帅，如今在客战曼联前，穆里尼奥忍不住表白：我已闪电爱上孙兴慜。穆帅称：“首先，我要向孙兴慜表示祝贺，他第三次拿到了亚足联最佳海外球员奖。”“我来到热刺也就10或12天，就已经深深爱上了这个小伙子，所以我能想象到你们这些已经在这里4、5年的人会有多爱他。他是个了不起的球员，是个无与伦比的小伙子。俱乐部里的所有人都是那么、那么喜欢和他在一起。”（长歌）
[英超]伯恩利1-4曼城,
英超-热苏斯双响破荒 罗德里爆射 曼城4-1客胜,"北京时间12月4日04:15(英国当地时间3日20:15)，2019/20赛季英超第15轮一场焦点战在特富摩尔球场展开争夺，曼城客场4比1大胜伯恩利，热苏斯梅开二度破球荒，罗德里和马赫雷斯得分。曼城上赛季3次对阵伯恩利取得全胜，其中2次均5-0大捷。曼城近8战伯恩利取得7胜1平保持不败。曼城在双方近22次交锋仅负1场，其余21场取得15胜6平。双方历史交锋102场，曼城47胜25平30负占据上风。曼城上轮客平纽卡斯尔，近3个客场未尝胜绩。罗德里、贝尔纳多、奥塔门迪和安杰利诺轮换出场。开场仅6分钟，德布劳内角球直接开至外围，安杰利诺禁区前劲射打中热苏斯偏转入网，但热苏斯越位在先，进球被判无效。席尔瓦传球，德布劳内从中场突破至禁区弧边缘低射被没收。曼城第24分钟取得领先，席尔瓦斜传，热苏斯切入禁区左侧15码处弧线球射入远角。巴西人终结了近期8场进球荒，他各项赛事近10粒进球均在客场(含中立场)打入。曼城持续施压，德布劳内禁区右侧边缘传中，斯特林近距离捅射被波普奋勇扑出。半场结束前，麦克尼尔禁区内射门被封堵，塔尔科夫斯基混战中头球攻门偏出。贝尔纳多禁区右侧的射门被波普用腿挡出。曼城第50分钟扩大比分，贝尔纳多大禁区右上角斜传，热苏斯近距离抢在巴德斯利之前凌空弹射上角入网，2-0。安杰利诺传球，热苏斯禁区左侧小角度射门滑门而过。德布劳内远射飞出。麦克尼尔任意球射门被埃德森救下。[FIFPro授权足球经理！争夺英超至高荣誉]曼城第68分钟锁定胜局，安杰利诺禁区左侧传中被本-米勉强头球解围，席尔瓦禁区边缘射门被亨德里克封堵挡回，罗德里禁区弧顶半凌空爆射上角入网，3-0。随后斯特林被马赫雷斯换下。第87分钟，贝尔纳多传球，马赫雷斯禁区弧内低射左下角入网，4-0。这是他个人第50粒英超入球。伯恩利第89分钟挽回颜面，亨德里克突入禁区右侧，安杰利诺匆忙中捅出皮球，跟进的布雷迪10码处推射入网，1-4。伯恩利(4-5-1)：1-波普；26-巴德斯利，5-塔尔科夫斯基，6-本-米，23-皮特斯；25-列侬，4-科克，13-亨德里克，8-德林沃特(59',19-杰伊-罗德里格斯)，11-麦克尼尔(75',12-布雷迪)；9-克里斯-伍德(59',10-巴恩斯)曼城(4-3-3)：31-埃德森；2-沃克尔，25-费尔南迪尼奥(85',50-加西亚)，30-奥塔门迪，12-安杰利诺；21-席尔瓦，16-罗德里，17-德布劳内(80',47-福登)；20-贝尔纳多，9-热苏斯，7-斯特林(72',26-马赫雷斯)水晶宫主场1比0小胜伯恩茅斯。第19分钟，水晶宫后卫萨科飞铲亚当-史密斯被红牌直接罚下。第76分钟，麦克阿瑟传球，舒鲁普从中场突入禁区左侧12码处劲射入网。(斯科)"
视频-梅西六夺金球奖 成足坛史上第一人,
名宿：C罗状态不该首发 我是布冯的话会选择退役,直播吧12月3日讯 意大利足坛名宿格拉齐亚尼在接受采访时表示：“C罗目前的状态不适合打首发，如果我是布冯的话，我会选择退役。”在被问到对于目前尤文的看法时，他提到：“这支尤文所表现的并不像萨里的风格，萨里清楚自己必须去适应这支尤文图斯，而不是让球队来适应他。尤文给人感觉很疲惫，布冯的失误也印证了运气并不站在他们这边，贝纳德斯基则并不会踢前腰。”“C罗目前破门乏术，竞技状态不佳，在对阵萨索洛的比赛中几乎形同虚设，我不理解为什么还要坚持让他打首发，而将迪巴拉放在替补席上。”“毫无疑问，布冯是世界最佳门将之一，在足球比赛中，失误不可避免。不过如果我是他的话，我可能早就选择退役了。”（直播吧）
穆帅打曼联住70镑廉价酒店 执教曼联时一晚816镑,热刺虽然是欧陆准豪门，但行事风格却有点小扣，这在穆里尼奥和热刺球员住的酒店标准中就可以看出来。《每日邮报》透露，穆里尼奥此番带队前往曼市打曼联，可能会提前一晚入住当地酒店，原因是避免当天到达的堵车风险。穆帅和球员入住的将会是一家廉价酒店，一晚房费仅仅70英镑，别看这换成人民币价格也不低，但以英国的消费标准，这就是低价酒店。值得一提的是，穆里尼奥当初执教曼联时，住的可是曼市洛瑞酒店，狂人住在这家五星级酒店的一间套房里，一晚的房费高达816英镑，而穆里尼奥在曼联时一住就是两年时间，当真财大气粗。（小九）
抠！阿森纳选帅闹出笑话 想要省钱导致请人受阻,埃梅里因为带队成绩糟糕，而被阿森纳解雇。如今枪手满世界寻找名帅，但如事情进展却很不顺利，原因是阿森纳太抠门了。《每日邮报》透露，阿森纳在选定新帅时，并不想给出英超big6级别的工资。当初阿森纳给埃梅里开的年薪，也才400万英镑。而瓜帅的年薪是2000万英镑，穆里尼奥的年薪是1500万英镑，克洛普的为700万英镑，就连没有任何成绩傍身的索尔斯克亚，在曼联也拿到了高达700万英镑的年薪，克洛普也是700万年薪。很显然，阿森纳并不想砸出big6级别的薪水，这让枪手的选帅工作受到了严重影响。阿莱格里、波切蒂诺、安切洛蒂等名帅候选，工资待遇都是阿森纳不想接受的。就连罗杰斯、努诺这类实力教练，待遇也不会低。阿森纳不想花钱，肯定请不来真正的好教练。过去三年里，阿森纳连续无缘欧冠赛事，这让球队的收入受到大幅影响，这也是阿森纳紧缩财政的主要原因。如果阿森纳真的不想砸钱选名帅，那他们最终恐怕只能选择阿尔特塔、永贝里这种有DNA没经验的年轻教练了。（小九）
曝穆里尼奥重回曼联比赛 要和红魔老同事聚一聚,去年12月，穆里尼奥因为和更衣室关系破裂，而被曼联解雇。如今时隔一年之后，穆里尼奥终于又要回到老特拉福德了，不过他和曼联方面的关系却没有想象的那么紧张。北京时间本周四凌晨，曼联将坐镇主场迎来英超焦点战——VS热刺，而白百合的主帅正是穆里尼奥。《每日邮报》透露，穆里尼奥届时将利用这个机会，和曼联一些关系不错的老同事见一见，聊一聊。穆里尼奥和曼联厨师麦克-唐内利、医疗团队、队务和地勤部门的部分工作人员关系不错，他们也是穆里尼奥此次想会面的主要人员。在穆里尼奥正式出任热刺主帅时，他收到了曼联工作人员50多条祝贺短信。看起来穆里尼奥当时离开曼联，也只是和一些关键球员闹翻，曼联很多工作人员，对穆里尼奥并没有意见。（小九）
富在深山有远亲？弟媳门后 吉格斯弟弟成孤家寡人,曼联传奇球星瑞恩-吉格斯的弟弟罗德里-吉格斯称，自从弟媳门之后，他和自己的家族疏远了，自己的母亲甚至和他断了来往。2011年，弟媳门曝出，瑞恩-吉格斯竟与弟弟罗德里的妻子娜塔莎秘密保持了八年不正常关系，当时曝出这件事的是娜塔莎，因为她发现瑞恩-吉格斯同时与演艺界女星伊莫金-托马斯有染。事件曝出后，兄弟俩的关系破裂，罗德里和娜塔莎也离了婚。如今，罗德里形单影只，而家里人却都和瑞恩-吉格斯关系亲密。自从2011年后，罗德里和母亲莱尼就没怎么说过话，整个家族也与他疏远了。罗德里说：“就好像是我偷了情一样。”“我有三个孩子，一个五岁，我母亲从未见过，另一个13岁，她也七八年没见了。怎么会这样？他们只住在一英里之外。”“瑞恩有个儿子，差不多也这个年龄，孩子们本该一起，彼此照顾，但实际上，他们甚至根本不认识，这令人难过。”“我和家里任何人都没有往来了，他们也不和我往来，他们都和瑞恩往来，都住在威尔士，去看威尔士的比赛，一起享用美食，享受瑞恩给他们的招待。这就是他们，我真的做不来，绝对的，都是浮夸的垃圾。”谈到哥哥瑞恩-吉格斯，罗德里说：“他小时候是一个谦逊、努力的孩子，现在工作也很努力，但现在却变得傲慢自大，他觉得自己做什么都能逃掉。”（皮特洛赫里）
