厌跑成绩一直上不去 原来你少了这种训练！,相信大多数跑友都知道一个常识，那就是跑步不能一味的只跑步，还要进行，核心、力量训练，这些训练会让你变得更强壮，更有力量，从而也就跑的更快，更安全！但是，对很多跑者而言，单单只是跑步就已经很累了，根本没有精力在跑步后还去进行一些其他的训练，那么，该怎么解决这一问题呢？  请往下看！挪威学者曾做过一次研究：精英长跑运动员训练中，把30%的跑步时间转换为交叉训练之后（这种转换并不影响已在进行的交叉训练），他们的3000米成绩都大大提高！有跑者开始疑惑了，那么交叉训练到底是什么，真的有这么神奇吗？我们通常将训练项目分为力量训练、有氧训练和柔韧性训练。交叉训练，就是在训练过程中涉及了不同类型的运动项目，我们将这种训练称为“交叉训练”。交叉训练可以避免一味跑步所产生的枯燥感，交替肌群的锻炼不仅避免了单一肌肉的过度使用，也平衡了我们身体肌群的发展。对于普通跑者来说，可以拿出10%的跑步时间，或是每周至少进行1- 2次的交叉训练。要记住磨刀不误砍柴工，不要小瞧这些练习，它可以大大提升你的跑步水平！01游泳游泳是非常棒的一种交叉训练方式。因为它不需要承重，能让在跑步的时候承受了很大的压力的关节休息。人在游泳时，水对肌肤、汗腺、脂肪腺的冲刷，起到了很好的按摩作用，促进了人体血液循环，是一种很好的放松方式。游泳既能增强力量和耐力，又能改善灵活性，甚至还可以帮助降低炎症风险，预防因此而导致的心脏动脉硬化等疾病，降低炎症风险还能缓解其他疾病的恶化进程。02骑行“骑单车增强肌肉耐力，打造强壮的股四头肌、腿筋、臀部——这些都是跑者爬坡时需要的肌肉”，拉维齐奥说，“经过单车爬坡训练的跑者会在跑步上坡的时候品味到甜头，他们在上坡时所需时间会更短。”03跳绳在跑步中有触地时间这个关键数据，我们发现，往往越是跑的越快的精英跑者，他们的触地时间也会越短，普通跑者每步触地时间为250毫秒，大众精英跑者能达到200毫秒，一步就相差了50毫秒。所以如果你想提高速度的話，缩短触地时间会是非常重要的训练方向！训练方法之一的跳绳就能让触地时间变短，让你跑步成绩提升！跳绳训练，对跑者的跟腱强度，和缩短触地时间都很有帮助！04瑜伽你也许能跑得又快又远，但弯腰系鞋带呢？这又是另外一回事儿了。要想在适当的动作幅度下跑得流畅，跑者们需要足够的柔韧性。瑜伽和力量训练达到的效果有些相似之处，因为都要把体重当做阻抗来增强肌肉。但你还能从瑜伽中得到更多灵活性，因为瑜伽里有很多的拉伸运动。很多跑者发现，长距离跑或者艰苦训练后练段瑜伽会很放松。（42195m）
中国田径协会实体化后 马拉松市场化之路的思考,10月28日，中国田径协会实体化改革推进仪式在北京举行，经过一年多的筹备，田协工作将正式开始按照实体化运作机制运转。当下除了面对2020年东京奥运会的严峻形势之外，田协的发展也遇到了全新的挑战，但实体化改革无疑是着眼于未来田径市场的大势所趋。其中，以马拉松为代表的全民健身运动更是急需步入市场化的节奏。近年来，国内各地的马拉松赛事氛围依旧火爆，“一票难求”的局面在这项融合竞技体育与全民健身运动的中更是屡见不鲜。作为城市活力的全新带动方式，体育赛事——尤其是城市马拉松——对推动城市的经济、基础设施建设和文化的发展有着越来越重要的作用。伴随着各地区赛事的日益沉淀，马拉松赛事的发展同样呈现出了两大阶段的显著特征：在路跑赛事初创的时代，处于对全民健身和运动普及程度的要求，政府通过政策和资金两方面的扶持，来帮助各大赛事站稳脚跟；随着赛事通过良好的服务、超值的性价比获得了更大程度发展之后，政府搭台、市场唱戏，越来越多的赛事运营成本需要组委会通过市场开发和报名费收入共同解决。作为我国马拉松赛事发展历史上最具影响力的赛事之一，北京马拉松通过三十余年的发展之后，也已形成了相对成熟的组织管理结构模式，赛事的各个环节都能够有条不紊推动进行，已经逐渐步入到马拉松2.0时代。不过在前不久公布的首批国际田联白金标赛事中，中国的马拉松赛事无一入围，包括此前呼声颇高的厦门马拉松在内，都没有获得更高的认证。究其原因来看，无非在于品牌定位、品牌推广和品牌延伸三大内容，其中赛事的市场化运作日益丰富、立体的当下，到底如何才能打造一项“白金标赛事”？在2019年初的中国马拉松年会上，中国田径协会公布的数据显示，去年全国举办的800人以上规模马拉松及相关赛事共计1581场，累计参赛人次583万。全民参与程度依旧保持在较高水准的当下，2018年的马拉松年度总消费高达178亿元，带动总消费288亿，年度总产出746亿元，所有的数据似乎都在进一步烘托路跑市场的火热和“壕气”。这其中，作为马拉松赛事的领头羊，有多达68项赛事斩获了中国田协金牌赛事的称号，比去年增长了55%。中国田协副秘书长水涛在接受采访时曾表示，“标牌赛事的大幅增长标志着中国马拉松赛事品质的提升，代表着中国马拉松逐步向专业化、规范化、国际化的方向发展。”诚然，随着各地层出不穷的赛事创建与消失，市场对于马拉松赛事的筛选也逐年见效，更多的精品赛事受到了各地跑友的认可。北京马拉松、上海马拉松无疑是行业内的翘楚，另外包括华东地区的无锡马拉松、扬州半程马拉松，华南地区的厦门马拉松、广州马拉松等一批赛事，也继续保持良好的口碑。但想要长期屹立于中国马拉松赛事之林，只依靠报名费和目前相对有限的市场开发恐怕远远不够。低价报名费搭配优质的赛事服务，只是诸如上述赛事开拓市场的行为，毫无疑问是马拉松这项运动在中国初期发展的必由之路。经过多年的积累与沉淀之后，以政府大力扶持、组委会低价收费、参赛选手“超性价比”参赛象征的马拉松1.0时代即将翻篇，政府更多转向给予政策支持，组委会需要开拓更大市场，而选手也不应无度的索取低价同时优质的服务。当下，无论是开篇提到的田协实体化改革，亦或是如今多个城市的马拉松赛事0元中标，一线马拉松赛事报名突破十万大关且进入抽签时代，这也是马拉松赛事开启市场化运作时代的强烈信号。在跑者需求、市场物价都保持高速增长的当下，赛事需要通过更深层次的市场开发来继续呈现高品质的服务，而跑者自然也需要为所享受到的服务承担应有的成本。以北马为例来看：北京马拉松2019年参赛人数30000人，每名选手的报名费200元，倘若不考虑赞助商名额及一些免费名额的因素，赛事的报名费总收入达到600万。赛事官网显示，目前北马的所有5个级别赞助商数量为22家，在各大赞助企业现金流相较于往年有所下滑的情况下，大量的物资赞助和权益置换加入期间，无疑减小了赛事的赞助现金收入。国内大型的马拉松赛事目前基本只有上海马拉松“特立独行”，依旧保持在多年前开始至今的100元报名费。但论及市场开发的深度和广度，上马无疑走在前沿。对比国内一些“0元中标”的赛事组委会，报名费始终处于低价，但它们提供的赛事服务质量、赛事本身市场开发程度都与国内大型赛事有着显著的差异，这自然说明了在一场赛事长时间的留存于中国马拉松之林时，为跑者提供的服务，以及自身进行市场开发，都是其中的关键要素，低价吸引人气的时代已经进入到末期了。著名跑者、媒体人、前新浪高级副总裁魏江雷曾表示，跑者在占用大量社会公共资源的当下，享受着“超值”的服务，应该要支付更加对等的费用，来“回报社会和城市”，因此他曾建议北马涨价到500元。消息一出立即引发全网热议，观点迅速分裂为两派：一派声音表示可以接受涨价，毕竟是一个市场的行为，其中更是结合到当下生活必需品的物价相较于前几年都有了攀升；另一派虽占少数，但其观点认为城市和赛事需要拿出更大诚意来满足跑者需求。英国《金融时报》曾将跑步定义为“中国中产阶级的新信仰”，在一身跑步装备动辄几百、几千，往返比赛地交通成本同样高昂的情况下，几百元的报名费对跑者而言恐怕也只是凤毛麟角罢了。当然，对于赛事而言，即便报名费收入能够提抵消掉部分办赛成本，但想要确保一个已经深入人心的赛事品牌持久、创新的传承和发展下去，依旧还要从品牌定位、品牌推广和品牌延伸三大角度来重新审视和布局。在市场化运作进行到相对成熟阶段时，马拉松赛事的发展更是应该进入到第三阶段，通过赛事运营的盈利来反哺城市。尽管外界一度将中国马拉松市场化冠以“泡沫”的名号，相信随着中国田径协会实体化改革的发展与推进，“泡沫”终会消失，今后的马拉松赛事会逐渐向市场化运作演进，自负盈亏毫无疑问将成为赛事运营的主要经营模式。来源：光明网 作者：纳贺伊普
这场比赛全马仅180人完赛 女子全拿奖金！,你可能错过了跑马生涯唯一一次拿奖金的机会。上周末，2019五华马拉松在梅州五华粤东农批广场开跑。来自乌克兰、意大利、埃塞俄比亚等15个国家和地区的逾万名跑者参加。据了解，五华地处广东梅州，五华马拉松共设置全程马拉松、半程马拉松、全民健康跑、迷你4个项目8个奖项。经过紧张激烈角逐，来自埃塞俄比亚选手以2小时24分09秒的成绩夺得全程马拉松男子组冠军，来自甘肃的李彩霞以3小时04分54秒的成绩夺得女子组冠军。五华马拉松奖金幅度很高，全马男女分别奖励前50名。男子全马一共160多人完赛，其中一名全马300兔子还拿到第六名，获得2000元奖金。全马女子一共有35人报名，只有23人完赛，全部拿到奖金。相比北上广动辄十万多人的报名数据，很多小赛事选手招募十分困难。比赛确实多了，但跑者没有同配比的增长。于是，有些比赛面临一个尴尬境遇：即便奖金幅度再大，人招不上来。你参加过哪些小赛事呢？作为“跑渣”，我们还真有机会拿到比赛奖金。（跑马去旅行）
为了母校来一场跑步比拼吧 中国大学生越跑越快了,四年前，当中国高校百英里接力赛（下称“高百”）第一次举行时，主办方还要打着“中国版箱根驿传”的头衔在学校里宣传；四年后，当全国最强的高校跑团聚集上海，没有人再提“箱根驿传”，他们奔跑只为争取那份“高百”的荣耀。上个周末，历经上海、西安、北京、成都、武汉、广州六个分站赛，全国26支优秀参赛队从百余支跑团中出线晋级总决赛，最终北京大学-博雅少年队摘得年度总冠军。日本长跑之所以在亚洲强盛，很大一部分原因源于“箱根驿传”培养的校园跑步人口；如今，“高百”这项中国的高校跑步赛事也肩负起了相同的使命。复旦大学在比赛中。中国的学生跑者越来越快“今年明显感觉强队太多了，咱们这叫不进则退！”在今年“高百”决赛的现场，特意前来为复旦参赛队加油的老学长潘景峰为学弟学妹们做了一番总结。潘景峰之所以发出这样的感慨，多少也是因为曾经在第一和第二届斩获冠军的复旦大学-日月光华队在今年的决赛上直接跌出了前三，爆出了一个不小的冷门。事实上，并不是复旦的参赛学生们变慢了，而是中国各大高校的学生都变快了。数据不会骗人。在第四届决赛当天，夺冠的北京大学-博雅少年队总成绩为9小时50分41秒（总共10人成绩相加，其中包括两位女选手），要比3年前的冠军成绩整整快了34分钟，换句话说，参赛队伍里的每一位选手平均快了3分多钟。“前几届男子选手一棒（约16公里）跑进64分钟也算过得去了，今年能跑进60分大关在某些队伍里只能当替补。”经历了这几年的发展，“越来越快”同样是赛事组织者们感受到的最大变化，“女子最快的选手一棒能跑到61分钟，比过往几届大部分男子选手都要快。”成绩快速攀升的背后原因不难发现——高水平的新队伍更多了，老队伍的重视程度更高了。就以上届冠军清华大学-无体育不清华队来说，今年一共组织了两次为其近两个月的阶段性集训，集训期间一周至少三训，由校内的专职教练带队；为保证最强阵容，队伍在经过多次选拔后才敲定最终参赛名单；而且“清华选手”比赛当天清一色装备最新款的“高科技跑鞋”，一双价值2000多元人民币。与国内其它高校赛事相比，“高百”有着更大的包容度——任何学校任何对跑步有热情的学子、校友都可参与，而不是各名校间体育特长生互相PK的“小众舞台”。因为这样的特质，“高百”才能在短短四年里，从只有1个赛站、20多所高校参与，到今年全国范围内设6个分站和1场年度总决赛、超过200所高校参与。现场大屏幕时时更新赛况。学习日本长跑，让更多在校学生参赛如果那些热爱跑步的大学生可以越跑越快、越跑越好，那么精英竞技层面的跑步能力也会稳步提高，这就是拥有百年跑步历史的日本长跑正在践行的理念。更重要的是，学生跑者不仅仅活跃在“箱根驿传”之上，日本的各种长跑比赛都能看见他们的身影。这就像今年的日本上尾半马，57人跑进64分钟，120多人跑进65分钟，180多人跑进66分钟，350多人跑进70分钟，而且绝大多数都是在校学生……一如前几年，这项赛事的优秀成绩都被日本在校学生垄断。而如今，“高百”也同样意识到了在校学生的跑步能力对于中国长跑的影响和帮助。正因如此，主办方制定了一条看似不合理的赛规——“每支总决赛伍里，第一棒和第五棒年龄上限为30周岁。年龄每高出一岁，则团队总成绩增加30秒。”换句话说，谁上老将谁吃亏。“这主要缘于过去大部分队伍中，校友们的实力和参赛热情普遍强于在校生，我们是希望鼓励更多的在校生能够上场。”赛事组织者的“良苦用心”其实希望刺激更多在校学生的运动热情。不久前，上海体育学院院长陈佩杰就提到，“我国青少年体质健康水平‘增龄递减’现象存在，从2016年、2017年、2018年3年调查数据来看，随着学段升高，学生体质下降的趋势很明显。2017年的调查数据显示，小学生体质健康达标率为92.1%，中学生为88.0%，大学生为74.4%。”幸运的是，经过三年的培养和宣传，“高百”确实用这种循循善诱的方式让越来越多在校大学生爱上了跑步，直接体现就是：今年总决赛在校生的参赛比例大大上升。“我们现在每年都能挖掘在校生加入我们，团队氛围好，大家干劲足。”同济大学-同跑济天下队在本届总决赛创历史最佳地夺得团体第三，学校95级的老学长卞云州说自己今年从队员变成了拉拉队的一份子，“‘新鲜血液’加入让我这样实力不足的老队员退居二线了。”高科技赛事团队。重视科技的“高百”，值得国内借鉴或许，四年的时间维度对于校园跑步热情的培养和在校学生跑步能力的提升还太短了，但这场“高百”对于中国跑步的帮助远不止于此。其中最重要的一点就是，赛事组织者对于科技办赛的执着。在今年总决赛现场，起跑检录点和终点观赛区的一幕幕场景就是最好的缩影——一位迟到的选手，因为马上就要登场的他手忙脚乱起来，谁知工作人员用手机朝他按下了快门键，“检录完成了，上赛道等候即可”；而在终点硕大电子地图上，每一支队伍每一位选手的比赛轨迹正在实时显示，“咱们的队员在哪儿一目了然。”的确，“高百”能成为全国高校圈子里的热门话题，靠的不仅是“母校情结”，还有办赛方每步科技推崇的“专业体育+互联网思维+科技基因”的全新方式。每一年，“高百”赛事的技术升级都会让参赛者和观众眼前一亮，今年也是如此——首创性的实现了人脸识别选手运动轨迹追踪，在不给选手增添额外硬件负担的基础上实现了精准轨迹描绘及选手运动状况预判；人脸检录从PC端优化到移动端，整个流程更加快速便捷。此外人脸识别技术也应用于现场照片的分类检索，通过选取多张照片可生成短视频进行即时分享；场外观众可通过高百小程序实时了解场上选手的跑步状况及赛事的实时数据分析；每步科技自主研发的专业计时系统具备接力赛等复杂计时环境的算法，可实现精准计时……这种“用科技服务赛事IP”的理念，其实在国内的大部分路跑赛事中还没有运用，但它对于赛事的帮助确实不言自明的，就比如提升赛事服务体验、组织专业度等。“通过技术手段不断提升赛事品质是我们一直以来努力方向，今年赛事运营和服务方面引入了更多的技术手段，对赛事组织，管理，服务信息化，智能化、赛事传播等方面进行了整体升级。”每步科技CEO马京伟在接受采访时，透露出了希望赛事更加科技化的一份野心。
村上春树：跑步这几年 我收获的不止是身材,摘自《当我谈跑步时我谈些什么》我33岁那年秋天决定以写小说为生。为了保持健康，我开始跑步，每天凌晨4点起床，写作4小时，跑10公里。我是那种容易发胖的体质。我妻子却无论怎么吃也胖不起来。这让我时常陷入沉思：“人生真是不公平啊！一些人无需认真就能得到的东西，另一些人却需要付出很多才能换来。”不过转念一想，那些不费吹灰之力就能保持苗条的人，不会像我这样重视饮食和运动，也许老化得更快。什么才是公平，还得从长计议。几年之后，我终于步入小说家的行列，还成功减掉了多余的体重并戒掉了烟瘾。说起坚持跑步，总有人向我表示钦佩：“你真是意志超人啊！”说老实话，我觉得跑步这东西和意志没多大关联。能坚持跑步，恐怕还是因为这项运动合乎我的要求：不需要伙伴或对手，也不需要特别的器械和场所。人生本来如此：喜欢的事自然可以坚持，不喜欢的怎么也长久不了。在这期间，我坚持每年都参加一次马拉松比赛，不过100公里长的“超级马拉松”只跑过一次。那次经历真是终身难忘。那是1996年6月23日，我报名参加了在日本北海道佐吕间湖畔举行的超级马拉松大赛，全程100公里。清晨5点，我踌躇满志地站在了起跑线上。比赛的前半段是从起点到55公里休息站间的路程。没什么好说的，我只是安静地向前跑、跑、跑，感觉和每周例行的锻炼一样。到达55公里休息站后，我换了身干净衣服，吃了些妻子准备的点心。这时我发现双脚有些肿胀，于是赶紧换上一双大半号的跑鞋，又继续上路了。从55公里到75公里的路程变得极其痛苦。此时的我心里念叨着向前冲，但身子却不听使唤。我拼命摆动手臂，觉得自己像块在绞肉机里艰难移动的牛肉，累得几乎要瘫倒在地。一会功夫，就有选手接二连三超过了我。最让人心焦的是，一位70多岁的老奶奶超过我时大喊：“坚持下去！”“怎么办？还有一半路，如何挺过去？”这时，我想起一本书上介绍的窍门。于是我开始默念：“我不是人！我是一架机器。我没有感觉。我只会前进！”这句咒语反复在脑子里转圈。我不再看远方，只把目标放在前面3米远处。天空和风、草地、观众、喝彩声、现实、过去——所有这些都被我排除在外。神奇的是，不知从哪一秒开始，我浑身的痛楚突然消失。整个人仿佛进入自动运行状态。我开始不断超越他人。接近最后一段赛程时，已经将200多人甩在身后。下午4点42分，我终于到达终点，成绩是11小时42分。这次经历让我意识到：终点线只是一个记号而已，其实并没有什么意义，关键是这一路你是如何跑的。人生也是如此。当时的我只有30多岁，但也不能称为“小伙子”了。这是耶稣死去的年龄。在这个年纪，我正式站在文学的起跑线上——虽然已不再年轻。作者简介：村上春树，日本后现代主义作家，代表作品有《骑士团长杀人事件》《挪威的森林》《海边的卡夫卡》《舞舞舞》《1Q84》等。本文原标题《人生马拉松》，摘自村上春树《当我谈跑步时我谈些什么》。（kyrie）
冬天停止跑步后 身体会发生什么变化?,寒风凛冽，大雪纷飞，气温冰点，真是太冷了，一出门跑步身体成了冻僵的状态，还是屋里舒服啊。这成了一些人不去跑步的绝佳理由，甚至有跑者到了冬天选择冬眠，几乎不怎么跑步了。一般来说，停止跑步多长时间，就需要多长时间来恢复体能。可能有一天你会暂时或长时间的无法进行跑步，毫无疑问这将给我们的身体机能带来一些倒退。三天不运动之后，自己健康状况已经开始下降了。不过，在在这个阶段损失是非常少的。如果你在之前的训练里非常刻苦，那么三天的休息，反而会增强你的体能。这是因为在这三天里，你的肌肉得以完全的恢复；肌肉碳水化合物（糖原）水平已经爆棚，由于之前艰苦训练而破坏的肌肉纤维已经完全修复，肌肉有足够的时间去完成有利的代谢变化。一周不跑步之后，你身体内开始发生变化，并最终导致体能的流失。跑步停止1周后运动能力下降，配速、心肺、肌肉力量都会呈现15~30%不等的下降。乳酸更容易堆积，重新开始跑步，乳酸阀值由于之前下降，当再次进行高强度跑步时，原本不酸痛的肌肉更容易酸痛，这也就是为什么我们每隔一周运动，肌肉更容易酸痛的原因。在这一点上，你的最大摄氧量（最大摄氧量，你的有氧技能的主要指标）将下降4%到20%。这部分源于心脏输出量减少，在三周不运动后，心脏泵室的肌肉质量会下降大约20%。另一个原因是肌肉发生的生理和化学变化。通过耐力训练所建立的良好的毛细血管网络开始减退。其结果是，肌肉摄氧量下降高达8%。如果你是一个常年的跑步者，两周不跑步不会让你的体能损失很多，别担心。但是，对于那些新近加入跑步的人或者体能水准较低的人，体能损失的比例更大。以上所有不跑步导致的变化在继续发展，但是基础肌肉的变化此时开始显著。到目前为止，你的肌肉将会回到你未训练前的基线。但是，它可能比从不训练的人要高。你的肌肉正发生着生化学的改变。跑者的肌肉燃烧脂肪供能的生化途径开始变得低效，跑步的时候会更难燃烧脂肪，这将减弱你的续航能力。一段时间不跑步，会导致深度睡眠减少，由此导致烦躁不安，并进一步影响睡眠质量。两个月不跑步之后，你的心肌会明显的减少，心壁厚度会减少25%。肌肉中的线粒体在使用氧气转换能量的过程中也会明显的效率下降。停止跑步两个月后，这种效率会下降25%到45%。因此，还是建议小伙伴们停止训练的时间不要太长，特别对于初跑者来说，停止训练八周后就相当于重新开始。三个月后，你开始经历“激素减少”。激素是调节人体生物化学特征的信使。跑者激素分泌减少时，在运动时更多的应激激素会被释放，这简单来说意味着同样的运动强度，将会对身体产生更大的压力，也会增加恢复的时间。六个月之后，跑者体能下降已经趋于稳定。但是，仍会有意料之外的变化发生。你每单元肌肉含线粒体的数量进一步下降，这导致在训练中你利用氧气的能力更低了。体重增加的情况会渐渐变得明显，也就是说会发胖，如不恢复运动，却保持同样的饮食习惯，你肯定变胖了，体重会增加5-10kg，还伴有健康的风险。停止跑步并不可怕，可怕的是永远放弃跑步。你可以因为工作繁忙、身体疲惫而稍微休息一下，给自己充分的休息时间，但是，跑步的习惯，不能放弃，哪怕稍微快走一下，也是极好的。一天不练，自己知道；两天不练，跑友知道；三天不练，全世界都知道……比如刚结束长时间的熬夜加班，身体太累了，你可以在充足的睡眠后，进行些低强度的运动，比如慢走、快走、爬楼梯、瑜伽、游泳、骑骑车等。生命不息，跑步不止，只要这样坚持下去，相信你的大脑、身体、身材都会保持在一个较好的状态。（跑步吧）
改善上半身跑姿的6个动作 让你跑起来轻松不累,跑姿对于跑者来说，总是一个避不开的话题。因为理想的跑姿不仅可以减少伤病，还可以提高跑步经济性。为什么能够减少伤病呢？先来看一下达子的跑姿，可以用6个字来形容：流畅，有力，舒展。数据显示，跑步的时候每次迈步，身体都要承受自身重量8倍的冲击力。如果跑步姿势不够好，那么就不能很好的缓冲这些冲击力，久而久之就不可避免的产生伤病。比如足底筋膜炎、跟腱疼、大腿拉伤、髂胫束综合征、跑步膝和下背部疼等伤病。那什么又能提高跑步经济性呢？跑步经济性简单来说就是你跑步的时候能量浪费少，用最小的能量驱动步伐，就好比一台车，你用最少的油耗去行驶。而良好的跑姿能够减少能量浪费。这样你跑起来就会更轻松，而且节省出来的能量可以让你在跑马拉松后半程时仍可以保持配速，甚至提速。所以理想的跑步姿势应该是这样的：1、舒适：即使提速也不会感觉不适和疼痛2、高效：用最小的能量驱动步伐3、缓冲：每次迈步时，冲击力都能很好地被缓冲掉。从表面看，跑步是一项下肢参与为主的运动，但其实跑步是一项全身都会参与的运动，从头到脚，每一个部位都会参与。所以，跑步不光要注意腿部的动作，更需要注意上半身的动作。因为跑步时身体并不是割裂开的，是一环扣着一环，当其中一个环节没有做好，那么就会影响到下一个环节，进而影响整体的跑步姿势。比如很多跑者的步幅打不开，很重要的一个原因是摆臂幅度不够大。下面这个动作就可以很好地练习摆臂，增加你的摆臂幅度。正确动作演示错误动作演示那理想的上半身跑姿是什么样的呢？我们从5个方面来分别说明。跑步对头部的要求是：别低头看脚下，要平视前方。说起来很简单，但是当你疲劳的时候，就容易低头，这个时候就要时刻提醒自己。两眼平视前方，能提高你的专注度，保持理想的姿势。如果四处看的话，颈部与脊柱，耳朵与肩膀都不会保持在一条直线上，从而增加消耗。当你跑步的时候，肩部是打开的状态。试着做一下这个动作，张开双臂，用力往后伸展，感觉肩胛骨收拢能夹住一只笔。如果你的肩部打得不够开，那么将会影响你的速度和耐力。而且打开肩部也就意味着胸腔被打开，因此呼吸能够更顺畅，跑起来也就会更轻松。肩部的运动与躯干的运动方向是相反的。当你踏出右脚的时候，左肩超前运动，因此右肩向后的时候，左腿也是向后的。一开始跑步的时候，肩部的运动姿态可以做到很好，但是随着跑步时间的延长，肩部会变得紧张，这个时候你很容易出现耸肩的情况。耸肩将会增加身体能量的消耗，所以要时刻提醒自己放松肩部，比如甩甩手臂，耸耸肩等。记住一句话：前不漏肘，后不漏手。什么意思呢？跑步的时候，手臂是呈90度弯曲的，往前摆动的时候，肘部不能超过躯干侧面，往后摆动的时候，手不能超过躯干侧面。手掌或者拳头摆动的位置是从下巴到髋关节。手臂应沿着身体两侧摆动，这样的摆动方式能更好的推动你前进。如果摆动的时候手肘朝外，意味着手臂是沿着胸前摆动的，这样不仅会增加消耗，而且也会拖慢速度。记住，跑步的时候，手掌不要超过身体中心的横切面。很多人可能不太注意手的姿势。手应是非常放松的状态，呈半握状态。你可以想象一下，手里握着鸡蛋的那种感觉，就是很放松的状态。如果你握的越紧，那么能量就越快会从手里溜走。慢跑时，手是微微握拳的状态，而冲刺跑时，手几乎是打开的状态。对于任何运动来说，核心都是非常重要的，因为核心是你力量的来源。所以跑步的你需要经常进行核心力量训练。很多人跑步时总是会不自觉地弯腰驼背，这样你不仅不会利用到从地面传导过来的反弹力，还会越跑越累。所以跑步的时候，核心是应该是收紧的，躯干呈直线状态。但这并不意味着你的躯干不能动。当你踏出左脚的时候，躯干不应该仍保持在中心位置，因为这样不能顺畅地让扭力转移，从而降低能量的使用效率。下面给大家介绍6个改善上半身跑姿的动作，让你跑步时双臂和肩部再也不会酸痛。注意：需要用到弹力带这个小工具。为什么要做这些练习动作呢？因为现在社会，人们经常坐在电脑桌前就是一天，所以肩膀和后背等部位会变得僵硬，所以你要进行锻炼，加强上半身的力量，提高灵活性。1。跪姿开肩找一面墙或者其他平面，弓箭步侧向跪地，右臂180度旋转，同时转动脊柱，让胸部紧贴平面。每个手臂做20-30次。这个动作可以很好的提高肩部灵活性。2。肩部&背部拉伸找一个能够双手握住的圆柱体或者一面墙，双脚分开站立，将肩部往下沉，直到后背与双臂呈一条直线。将这个动作坚持30-60秒。3。弹力带肩部画圈提高肩部灵活性的动作。双手握紧弹力带，手臂伸直举过头顶，画圈至臀部，然后回到初始位置。每次做20-30次。上面三个动作是提高上半身灵活性的动作，接下来这三个动作是上半身的力量训练动作。4。跪姿弹力带Y型提拉这个动作可以锻炼到斜方肌。弓箭步跪姿，手握弹力带，右臂斜向上方提拉。每个手臂做20-30次。5。弹力带双臂外展这个动作可以锻炼到肩袖、中斜方肌和菱形肌。站立姿势，双手紧握弹力带，然后向外展。每次做20-25次。6。弹力带划船这个动作可以锻炼到中斜方肌和菱形肌。需要找一个地方固定住弹力带。站立姿势，双臂紧贴肋部，做划船动作。每次做30次。建议在这个冬训期间，在力量训练的动作中加入这些动作，强化上半身的力量以及灵活性。如果你总是跑步后疼痛或者受伤，或者你想跑得更快更有效率，那么你应该改变一下你的跑姿。。不过要想改善自己的跑姿，是需要花很长时间来学习和感知的。如果你很难掌握好理想的跑姿，那么你就需要强化身体力量，增加移动性。当你的跑姿逐渐靠近理想状态，那么你就能够成为一位很少受伤的跑者，跑起来轻松不累的跑者，更优雅自信的跑者。（马拉松助手）
一路相伴领跑梦想 2019广马官方领跑员正式亮相,2019广州马拉松赛共有来自全国各地的75位官方领跑员为选手们服务，其中全程马拉松45人，半程马拉松30人。全程马拉松领跑员共分为8个组别，依次为3小时、3小时10分、3小时30分、3小时45分、4小时、4小时30分、5小时和6小时15分收尾组。半程领跑员分为6个组别，依次为1小时30分、1小时45分、2小时、2小时15分、2小时30分和3小时15分收尾组。2019广州马拉松赛采用全程、半程赛事分枪起跑，能够有效的让半程选手充分发挥速度，避免出现赛道中选手拥挤的情况。在起点及途中，请选手们留意领跑员标识，除收尾组别使用方形气球外，其余组别均为圆形气球，领跑员身后同时佩戴注明各自领跑时段的号码布。为了更好的为选手们提供服务，在官方领跑员选拔过程中，过往的官方领跑员经历作为被优先考虑的候选条件之一。在最终入选的官方领跑员中，每个组别均有多名领跑员拥有在国内金牌赛事中担任领跑员的经历。比赛过程中，选手们可根据自己的能力选择适合的时段进行跟跑，如果出现身体不适等突发情况，也可以及时向领跑员寻求帮助。2019广州马拉松赛开赛在即，祝愿选手们安全完赛、顺利PB！我们赛道见！（kyrie）
备战2020马拉松赛季 今年冬训该如何练？,俗话说：“得冬训者、得天下”，意思是说：“冬天练的好，第二年比赛不会差”。苦练冬训不仅能有效提升运动员的体能、心肺功能、速度、耐力和力量，更能磨练运动员的意志力。冬训（Winter Trainning）的概念最早出现在竞技体育运动发达的欧美国家。一方面欧美地区由于冬季寒冷并且伴随雨雪天气，不便开展户外运动训练和竞赛。另一方面到了冬天，大部分室外竞技体育赛事结束，赛季结束也就意味着新一轮训练周期的开始！随着11月17日“上马”结束，98跑俱乐部会员本赛季的比赛任务也已完成。目前98跑俱乐部会员正处在赛季身体调整训练阶段。98跑俱乐部“备战冬训”开始时间为：12月09日，结束时间：2020年3月22日（锡马、重马、徐马），整个冬训周期训练时间共计：十五周。新赛季首场比赛：2020无锡马拉松/2020重庆马拉松/2020徐州马拉松第一阶段周期训练2019年12月09号~2020年01月19号，共计：6周第一阶段周期调整2020年01月20号~2020年01月26号，共计：1周第二阶段周期训练2020年01月27号~2020年03月01号，共计：5周第二阶段周期调整2020年03月02号~2020年03月08号，共计：1周第三阶段赛前训练2020年03月09号~2020年03月22号，共计：2周第一阶段周期训练——训练重点：提高有氧耐力水平有氧耐力是马拉松运动员最重要的素质之一，而冬天又是储备和提升运动员耐力水平的最好季节。所以，冬训第一阶段的训练重点主要是围绕有氧训练做文章。同时，还会增加一些核心力量训练，重点加强下肢力量训练。训练安排：前3周以适应性训练为核心，每周4-5次训练。训练内容：有氧和核心训练，基本不安排混氧和无氧训练。根据全马水平（300/310/330/400）将周跑量控制在（70公里/65公里/60公里/55公里），平均运动强度：心率135-145次/分钟。后3周逐渐提升运动负荷，将周跑量控制在（75公里/70公里/65公里/60公里），平均运动强度：心率145-155次/分钟。第一阶段训练期间：每隔2周安排一次30~32公里长距离训练。第二阶段周期训练——训练重点：强化混氧训练和专项能力训练混氧训练是马拉松运动员为提高专项训练强度经常采用的训练方法之一。对于处于北方的跑友，由于气温过低，冬训准备期间不宜进行大强度间歇训练，最好的训练手段就是通过混氧训练来提高运动员的训练强度。专项能力训练主要是指以比赛强度完成接近于比赛距离的训练刺激，是冬训周期训练后期采取提升训练强度的最佳训练手段。训练安排：前2周以有氧和混氧结合训练为核心，每周4-5次训练。训练内容：有氧和混氧（1次/周）。根据全马水平（300/310/330/400）将周跑量控制在（80公里/75公里/70公里/65公里），平均运动强度：心率150-155次/分钟。后3周适当降低运动负荷，提升训练强度，将周跑量控制在（70公里/65公里/60公里/55公里），平均运动强度：心率155-160次/分钟。第二阶段训练期间：每隔2周安排一次32~34公里长距离训练。推荐三种混氧训练方法：1、有氧和混氧相结合2、混氧训练3、混氧间歇跑第一种：20公里，前10公里按照有氧节奏跑，强度要求：心率145-150次/分；后10公里按照混氧节奏跑，强度要求：心率160-165次/分；第二种：准备活动：2公里，混氧跑：18公里，强度要求：心率160-165次/分。第三种：准备活动：4公里，间歇跑：2000米x8次，间歇时间：6分钟/个，强度要求：心率170-175次/分。第三阶段赛前训练——训练重点：赛前训练监控和诱导赛前训练主要是指教练员为运动员接下来的比赛专门准备的训练阶段，赛前训练与竞技状态的关系是非常密切的。科学合理的赛前训练是形成最佳竞技状态的基本保证，而最佳竞技状态又是赛前训练成功与否的重要体现。训练安排：赛前训练“练得少而精”是赛前训练阶段的主要特点。通常，赛前20天左右将完成最后一次32公里长距离课（比赛强度），然后进行为期一周左右的身体调整训练。赛前8~10天再进行一次20公里混氧训练（按照比赛配速进行），其他时间基本是按照10~12公里慢跑训练就可以。“冬训”周期训练调整策略对于竞技体育运动训练而言，阶段性调整训练很重要，冬训也不例外。冬训期间，当运动员完成一个周期训练后，身体恢复质量是机能水平能否继续提高和完成下一阶段周期训练的关键。从运动训练角度讲，没有恢复，就没有训练。周期训练调整手段主要是：慢跑、交叉训练以及营养、生化指标监测等训练手段（1）——慢跑慢跑的目的是通过低强度训练来积极恢复。一般来说，高强度运动对身体的负荷刺激比较深，恢复时间长，而低强度运动刺激比较浅，恢复时间短。调整期间，进行低强度训练可以促进体内代谢与修复，保持训练规律和生物钟，但又避免强度过大给身体增加损耗，从而达到更好的恢复效果。例如：每周3~4次低强度训练，每次10~12公里。训练手段（2）——交叉训练周期调整期间，可以适当进行交叉训练（如：游泳、慢速自行车），这样在保证一定运动负荷、运动规律的同时，也可以帮助消除长期跑步训练中积累的疲劳，还可以平衡身体的综合能力，同样达到积极恢复的效果。另外，也可以减少在田径场训练的次数，增加一些草地、沙滩、土路训练，改变长期单调的跑步节奏，达到交叉训练类似的效果。恢复手段（3）——加强饮食营养、高质量睡眠从恢复的角度看，饮食营养和睡眠质量非常重要。马拉松运动员的饮食，除了需要大量补充碳水化合物外（馒头、米饭），也要多摄入牛肉、海鲜、蛋白质、豆制品、蔬菜、水果、牛奶、蜂蜜等营养价值高的食物。睡眠时神经系统兴奋度降低，体内合成代谢则相对较高，充足的睡眠是身体消除疲劳、恢复体力的最好方式之一。监测手段（4）——生化指标周期调整阶段，大众马拉松跑者可以去医院测一个“血常规”指标，主要关注：血红蛋白、白细胞、红细胞和红细胞压积四个指标。主要是与自己不同时期的指标做对比。通常，这四个指标数值越高，说明身体状况越好。总之，冬训是提升专项能力最好的季节，当然冬训也是受伤高发期。希望大众跑者在制定和执行训练计划时，要切合实际，不能急于求成，要根据自己真实的运动能力按部就班地进行系统训练。（98跑）
频频亮相马拉松比赛 “不老跑男”的精彩人生,衢报传媒集团记者 方俊 通讯员 吴凯媚11月24日，2019衢州马拉松火热开跑，谢晓民虽然没有参赛，但在比赛现场担任裁判员的、今年65岁的他同样心潮澎湃，他说，这种共鸣是不由自主产生的。2017年春天，谢晓民（右）与妻子一起登上白石尖。图片由采访对象提供人称他“不老的跑男”在人才济济的衢州跑步运动协会，谢晓民被会员们封为“不老的跑男”，毕竟，3小时内能跑完“全马”的，目前整个衢州也只有10来位。更何况，2015年上海国际马拉松那场赛事上，谢晓民还以2小时56分的成绩成为全国60岁以上男子组跑进3小时的唯一选手。这是什么概念？也就是说，即便是身体机能较佳的90后，也不一定跑得过他。如果圈子放得更大一些，谢晓民在衢州体育圈也有不小的知名度，他酷爱游泳，擅长骑山地车，曾经扛着十几公斤重的山地车爬到绿春湖顶峰，也曾在20分钟内登顶柯城区境内的灵鹫山。跑步已然成了他的生活习惯谢晓民是柯城人，由于父母工作缘故，他的青少年时期是在常山度过的。他和体育项目结缘还得从初中时光说起，那年他13岁，学校要举办运动会，没人报名1500米长跑，“老师对我说，‘要不，你去吧。’”11月29日下午，谢晓民回忆说。既然老师要求，谢晓民不敢推托，他试了试，轻松拿了个第一，于是被选入校队，很快又拿到全县第一，并且在省运会上大放异彩。学生时代的小试牛刀，对谢晓民的影响非常深远，他说，自己虽然没有走上专业运动员之路，但却和运动结下不解之缘。比如跑步，已然成为他的一种生活习惯，基本上每隔一两天就要跑一跑，以十几公里的短途跑为主，有时候时间充裕、状态佳，也会跑个二三十公里。初次参赛就跑完“全马”不过，参加马拉松也就这几年的事。谢晓民说，2012年10月，他在网上看到厦门马拉松即将开跑，想到自己跑了这么多年，如果一次马拉松都没参加说起来总有些遗憾，就计划：训练一年，进军马拉松。没想到，才训练一个多月，跃跃欲试的感觉越来越强烈，2013年1月，谢晓民最终忍不住报了名，那一次，他顺利地跑完42.195公里（全程）。今年11月，谢晓民参加杭州马拉松。图片由采访对象提供从此之后，谢晓民再也停不下来：上海、北京、杭州，甚至是日本东京、京都，国内和国外知名马拉松赛事，他总是积极参加。跑步军团中的夫妻档这几天衢州冷意十足，很多人裹上了羽绒衣，但谢晓民仍然一件薄外套，“这是经常运动的成果，身上总是热乎乎的，抗冻，不容易生病。”运动也让人心情愉悦，尤其是看到满意成绩的时候。这两年，谢晓民都参加了“10公里基础赛”，今年用时比去年快了2分10秒，成绩出来后，他说自己的自信心瞬间大增。因为运动，谢晓民还结识了一群志同道合的朋友，关系从跑步延伸到日常生活，有时间就约着吃个饭，或者一起爬爬山。说到这，他有点感慨：“这两年衢州跑步圈可是越来越热闹，最开始我到外地参加马拉松，总是孤零零的几个人，现在一大客车都坐不下。”在谢晓民的影响下，原本就喜欢运动的妻子徐伟丽，对跑步也是越发青睐，和谢晓民组成衢州跑步军团中的夫妻档。擅长半马的徐伟丽，曾在2017杭州马拉松赛事上，以1小时50分46秒的成绩跑完半程，成为该届杭马常山女选手中的成绩最佳者。最近，她又拿到2018-2019浙江马拉松赛季积分50岁以上女子组前50名。不是每个老人都适合剧烈运动已过花甲之年的谢晓民仍然坚持跑步等运动，频频在马拉松赛事上亮相，这样的生活的确精彩，不过，在衢州市人民医院康复医学科康复治疗组组长林瑜看来，不是每个老人都能活成谢晓民这个样子。“经常有患者或家属问我，老年人适合什么样的运动？跑步、爬山这样相对剧烈的运动要不要尝试？我的答复是因人而异。如果你一直在坚持，而且身体无碍，适当做些应该没什么关系，但如果你是新手，这么干风险比较大。”林瑜说，对大多数老人而言，游泳、太极、散步等运动更具有大众性。像时下流行的马拉松，老年人最好跑个迷马体验一下即可。老年人的运动量虽然没有固定模板，但基本上微微出汗就差不多了。过度运动的风险有哪些？ 林瑜举了几个例子：最常见的是骨质疏松，容易造成骨折、关节脱位等情况。如果患有心脑血管病，过度运动还会造成心肺超负荷运转，危险性很大。很多老人喜欢一早出门锻炼，对此，林瑜表示，这个时间其实并不恰当，“像现在这个季节，清晨温度低，运动后出汗比较容易生病；还有一点，老年人晨起后短时间内肌肉、四肢等运动器官处于松弛状态，心跳和呼吸比较缓慢，身体代谢水平较低，这时候急匆匆出门锻炼，对身体健康反倒不利。”什么时间运动最合适？林瑜说，天冷的时候，下午二三点左右运动比较好，因为温度是一天中比较高的，身体也进入到最佳状态。而天热的时候，上午9点进行运动比较好。对于林瑜的观点，谢晓民也很赞同，采访中他数次提到，运动因人而异，关键要看自己适不适合。
治疗足底筋膜炎的4种方法 你get到了几条？,对于一个爱好户外运动的人来说，跑步、爬山、快走等等这些都是家常便饭，除了锻炼身体还能欣赏沿途的风景，在大家追求极致美景、追求速度的同时，一些健康问题也悄然出现。足底筋膜炎是一种常见的运动损伤，又称足跟痛。研究表明，足底筋膜炎在运动和非运动人群中均普遍存在，尤其在跑步人群中高发，是最常见的足部疾病。当我们跑步时，如果足底骨头直接撞击是非常疼痛的，足底筋膜就是位于足底的软组织，它起自脚跟处的跟骨，向前止于脚趾，由于脚趾头有五个，所以足底筋膜向前分叉为五束。足底筋膜的主要功能是缓冲，同时也协助维持足弓。跑友出现足底筋膜炎通常会感到靠近足跟的位置疼痛。（图片来源于网络）足底筋膜炎的病因可以归为以下三类：1。 先天因素，行走时脚过度内翻，下肢力线异常，高弓足或扁平足，脚踝柔韧性差，跟腱或小腿肌肉过于紧张；2。 活动量过大或者活动方式不当，比如长时间的行走、跑步和站立，特别是在坚硬的地面和陡峭的山坡上，突然增加跑量和速度；3。 超重或者鞋子不合适，体重过大使得人体最低处足底承受更大压力，足底筋膜容易受到过度牵拉造成损伤。（图片来源于网络）1。 足底筋膜炎疼痛的具体位置在脚后跟靠内侧处，患者在充分活动后，例如行走或跑步后，脚后跟疼痛减轻。2。 但是在长距离跑步的后程，可能再次出现疼痛甚至被迫停下脚步，还有患者在夜间脚后跟疼痛会加剧。3。 休息一段时间，例如看电影、久坐后，或者脚部在不负重一段时间后，站起行走会有隐痛。4。 早晨下床，脚落地时，脚后跟疼痛最为明显，走动一会后疼痛又会减轻。足底筋膜炎的治疗方法有很多，现在认为最有效的方法就是：选用脚型鞋垫，根据足型、步行形态量身定制的鞋垫，可以纠正下肢力线异常，足底受力异常。1。 拉伸拉伸不光是缓解肌肉酸痛，同样也是改善柔韧性。充分地拉伸小腿和足底筋膜，也是缓解足底筋膜炎的有效方法，因为小腿过紧是足底筋膜炎的危险因素。反复拉伸小腿，对于改善足踝柔韧性，减少足底筋膜张力非常重要。2。 理疗去医院康复科，0.4%地塞米松或5%醋酸应用离子导入法局部治疗，冲击波治疗等等都可以在短期（2-4周）缓解疼痛。体外冲击波治疗的技术（ESWT）使用脉冲声波增加血流量，能够促进骨和肌腱交界处新生血管增生、局部血运增加、加快局部炎症的消退，可以用于治疗足底筋膜炎。3。 夜间夹板由于在晚间睡眠时，足底筋膜炎患者会发生足底筋膜挛缩，这是导致第二天早上晨起下床时，足底剧痛的直接原因。因此，采用特制的夜间夹板可以防止睡眠时足底筋膜挛缩，对于患该病6个月以上仍无改善的患者，可以采用夜间夹板。（图片来源于网络）4。 贴扎技术跑友们还可以在跑步前尝试使用low-Dye贴扎法，研究表明，贴扎可使功能得到改善，减轻疼痛。至于手法治疗，跑友还得咨询医院康复科治疗师。事实上强有力的小腿和足踝肌肉，不仅可以增加跑步的推进力，让你跑得更轻松，也可以充分发挥肌肉在腾空落地时的缓冲作用，减少对于足底筋膜的过度牵拉，所以无论是预防，还是更快地康复足底筋膜炎，小腿和足踝力量训练都十分重要。以下五个动作帮助你强化小腿和足踝：1。 小腿后群肌肉练习——提踵找台阶或者凳子，脚前掌踩在上面，做快起慢落的练习，向上提踵1-2秒，而还原落下6-8秒，找一台阶的目的是让脚跟悬空，下落时可以让脚跟落至低于脚前掌，每组12-16个，做4-6组；2。 小腿前群肌肉练习——快速勾脚双脚快速做勾脚动作30-40次，做4组，直至小腿前方肌肉疲劳，小腿前方肌肉过度薄弱和缺乏锻炼，往往是跑友存在的普遍问题，只有小腿前方与后方肌肉均衡拮抗，才能最大程度保证脚踝稳定；3。 落地缓冲练习落地缓冲对于训练肌肉缓冲能力，减少足底筋膜受力具有重要意义，关键动作要领是从脚前掌着地过渡到脚跟落地，落地时没有声响说明缓冲良好，同时落地后要保持单脚站立稳定2秒，这样也可以训练脚踝稳定性；4。 抓毛巾练习抓毛巾训练是足底筋膜炎康复的经典方法，因为这一动作可以增强足底肌肉扒地能力，从而维持足弓，减少筋膜负荷，动作要领是先张开脚趾，下压毛巾再用力抓起毛巾，动作速度不可过快；5。 脚踝稳定性练习通过睁眼及闭眼单脚站立，可以有效训练脚踝稳定性，减少脚踝不稳对于筋膜的过度牵拉，同时增强神经肌肉控制；足底筋膜炎是一种常见的运动劳损，出现上文中提到的症状，首先要注意休息，给予软组织足够的时间修复损伤的筋膜；严重情况下向运动医学医生请求帮助。（慧跑）
基普乔格除了跑步还练些什么？训练原来这么有趣,奥运会冠军，柏林、伦敦等世界顶级马拉松赛冠军拿到手软，2：01：39马拉松世界纪录保持者，在非标准比赛情况下首次实现人类全马破2小时大关，恐怕短期内都没有人能够超越基普乔格所取得成就。基普乔格能取得如此成就，跟天赋、刻苦、自律、团队都有关系，但这一切最终都要落实上扎实的训练中，只有科学训练，唯有科学训练，才是基普乔格始终保持高水平的根源所在。对于马拉松选手来说，跑步训练当然是第一位的，除了跑步训练以外，其他体能强化训练，比如力量训练、核心强化等等也是高水平选手并不可少的。我们来看看基普乔格在跑步以外还做了哪些训练？基普乔格在用迷你训练带进行臀肌训练基普乔格在用瑞士球进行核心强化训练没错，基普乔格在进行瑞士球和迷你训练带辅助训练，瑞士球和迷你训练带作为最为简单实用的训练工具，是身体自重训练的重要辅助，有了他们，相比纯粹身体自重训练，不仅训练难度增加，也大大强化了训练效果。今天，我们就给大家介绍一下这两大简单但却特别实用有效的训练工具。（瑞士球、迷你训练带）所谓大肌肉训练一般就是指臀部肌肉、大腿前侧肌肉、大腿后侧肌肉、小腿肌肉等等这些肉眼可见的大肌肉训练。跑者做的下蹲、提踵、弓箭步、硬拉等等负重或者自身体重练习，就是针对这些肌肉的训练，练好这些肌肉可以直接帮助我们提高肌肉收缩力量，让你跑起来更有劲、更快。因此，这些大肌肉训练当然是十分重要的。那么为什么还需要训练深层小肌肉呢？深层小肌肉通常位于小腿足踝、臀部、腹部深层、肩部深层等部位，顾名思义，这些肌肉体积较小或者位于身体深层，通常被浅层大肌肉所覆盖，肉眼看不到。由于这些肌肉比较小，所以这些肌肉的功能通常不是产生很大的力量，那么其功能是什么呢？它们的功能是保持动作的稳定，实现动作的精细控制，说白了，就是让动作更加精准，大肌肉训练跟能力高低有关，而小肌肉训练跟防伤有关。有些时候，大肌肉力量过强，而小肌肉太弱，容易产生错误的动作模式，这样的动作反而是有害的。因此，大肌肉必须与小肌肉配合，才能实现完美准确的运动动作。臀中肌就是典型的深层小肌肉，臀中肌位于臀部外侧，由于它是深层肌肉，大部分被更为发达的臀大肌所覆盖。发力靠臀大肌，稳定靠臀中肌，臀大肌没力最多就是跑得慢，而臀中肌没力则是导致跑姿出问题。有些跑友，特别是女性跑友，跑起步来，膝内扣，脚外翻，这就是臀中肌无力，膝关节不稳的重要表现，而这样的跑姿将会对膝关节产生极大压力，并且引发髌骨运动轨迹的异常，从而诱发髌骨与对应股骨关节面的过度磨损，导致膝前痛。有研究表明膝痛患者与健康组相比，臀中肌力量明显减弱，大约相差20%—35%。因此，膝盖内扣的错误跑姿将直接引发膝痛，是危害最大的跑姿，而罪魁祸首之一就是臀中肌无力。当臀中肌无力或者未被充分激活时，骨盆就会伴随跑步而出现上下来回晃动。由于下肢都是起自骨盆，骨盆可以被认为是下肢发力之源，没有稳定的骨盆，下肢发力效果当然大打折扣，尽管已经拼命用力了，但由于骨盆不稳，好不容易产生的力量又被人体自身松懈掉了，事倍功半。臀中肌属于人体深层小肌肉，通过简单的身体自重练习很难达到很好的训练效果，而迷你训练带可以很好地胜任这一角色。一根小小的迷你训练带究竟是如何有效地加强臀中肌力量的呢？废话不多说，训练动作先睹为快。1、魔鬼步这一动作是臀中肌训练的经典动作，将迷你训练带放至于膝盖上方，抬头挺胸，身体处于半蹲位，手脚协调侧向跨步，行进过程中，脚尖始终处于身体正前方，同时膝盖始终处于脚的正上方。一组16次，来回算一组，共2组。该动作核心要领是避免膝盖内扣，要有意识地让膝盖正对脚尖2、怪兽走将迷你训练带置于膝盖上方，抬头挺胸，身体处于半蹲位，手脚协调向前跨步，行进过程中，左右脚分别向外侧跨步。一组16次，共2组。同样，该动作核心要领是避免膝盖内扣，要有意识地让膝盖正对脚尖。上述两个动作是训练臀中肌的经典动作。3、徒手下蹲将迷你训练带置于膝盖上方，双脚自然分开与肩同宽，下蹲至大腿与地面平行，下蹲过程中，膝盖不能内扣，始终指向脚尖方向。12个为一组，做2组。该动作对于训练正确动作模式，改变常见的膝盖内扣的错误动作很有帮助。4、双（单）膝开合将迷你训练带置于膝盖上方，身体处于半蹲位，双膝做并拢打开动作，既可以双腿一起练习，也可以单腿交替练习。16个为一组，做2组。5、单脚站立腿外展将迷你训练带置于双脚脚踝处，身体自然站立，以训练右侧臀中肌为例，右腿向外摆至最高点，注意保持骨盆稳定。一边12次，左右为一组，做2组。6、大腿前屈+外展+后伸将迷你训练带置于双脚脚踝处，身体自然站立，以训练右腿为例，右腿向前、向外、向后摆至最高点，保持骨盆稳定。前外后为一次，一边6次，左右为一组，做2组。7、单腿下蹲将迷你训练带置于双脚脚踝处，在一侧腿外展用力情况下，另一侧腿做下蹲，12个为一组，左右脚为一组，做2组。该动作既可以锻炼臀中肌，也可以有效提高单腿稳定性，是一个跑步专项康复训练。8、勾脚高抬腿该动作不是针对臀中肌的训练，但却可以有效提高跑步抬腿能力以及勾脚能力，对于跑步也是一个十分重要的专项练习。将迷你训练踩在脚底，单脚勾住前脚掌，在保持勾脚（迷你训练带不滑落）情况下，单腿提膝屈髋，同时协调摆动。一边12次，左右为一组，做2组。9、仰卧髋外展将迷你训练带置于脚踝处，身体处于侧卧位，以右侧臀中肌为例，右腿向上摆至最高点，同时保持骨盆处于中立位，一侧12次，左右为一组，做2组。当然可以将迷你训练带放置于膝盖处。脚踝处难度大，膝盖处难度小。10、贝壳式侧卧屈髋屈膝，将迷你训练带置于膝盖上方，以右侧臀中肌为例，右膝上抬至最高点，避免骨盆转动。一侧12次，左右为一组，做2组。11、小狗式采用四点跪位，将迷你训练带置于膝盖上方，以锻炼右腿臀中肌为例，右腿向后外侧上抬。一边12个，左右为一组，做2组。以上动作都是针对臀中肌的训练，本质上说，所有这些动作，其实都是通过弹力带被迫让大腿内收内旋，进而通过外展外旋动作，提升臀中肌锻炼负荷，从而有效增强臀中肌力量。需要注意的是在动作完成的过程中，需始终保持骨盆的稳定，避免膝盖内扣。当然，并不是说一次训练需要将上述动作都做一遍，跑友可以从中选择3-4个动作进行训练。至于迷你训练带重量，要根据个人能力和动作选择，一般小阻力的迷你训练带就够用了。瑞士球（Swiss Ball）其实有不下十几种称谓，包括平衡球、健身球、体操球、理疗球、普拉提球、瑜伽球、稳定球、治疗球等等，不一而足。瑞士球早期应用于医疗康复领域，而近二十年以来，成为大众健身、体能训练等领域一个十分重要且有用的训练工具。瑞士球是由EVA材料制造成球形，充气而成的，因此富有弹性。同时，由于瑞士球是球体，球体所具有的滚动性使得想要控制它，保持不动就成为一种特殊的、增加难度的训练方法。——那么，瑞士球训练可以带来哪些好处呢？● 瑞士球重点训练腰腹部，也即身体核心，同时也可以训练上肢和下肢；● 瑞士球可以有效训练身体平衡能力和神经肌肉协调能力；● 因为充气球体使得支撑表面不稳定，需要身体动员更多肌群来帮助维持平衡，提高锻练效果；● 将传统训练动作在瑞士球上进行，在不增加负荷的情况下提升训练难度；● 由于所有动作对于平衡都有要求，所以不像其他练习你是在稳定情况下训练，因此训练起来你需要全神贯注，保持平衡，平衡训练都是充满乐趣的；总体而言，我们将瑞士球视作一种不增加阻力或者负荷，而提升训练效果的训练工具，它对于身体核心控制、平衡能力和协调能力的训练尤为突出，这样就大大弥补了徒手训练的不足。1、静力性练习首先我们可以将普通的平板支撑、侧平板、臀桥等静力性练习改为在瑞士球上进行，这样相比之前的练习，大大增加了训练难度。肘撑瑞士球平板支撑手撑瑞士球平板支撑该动作对于手腕压力相对较大，跑友练习敬请注意安全双脚撑瑞士球平板支撑单脚撑瑞士球平板支撑夹球侧平板支撑2、俯卧撑由于需要保持平衡，对于核心力量和控制提出更高要求3、俯撑勾球要求保持核心稳定，练完后你会感觉腹肌深层强烈的酸胀感4、仰卧挺髋5、仰卧挺髋接提膝这是一个跑步专项力量训练动作，模拟一条腿后蹬，一条腿前摆6、仰卧举球这是一个下腹肌训练7、仰卧卷腹这是一个上腹肌训练，该动作腰椎压力较小，适合腰痛人群8、球上卷腹9、俯卧交替蹬腿这同样是一个跑步专项力量训练动作，模拟跑步双脚动作10、俯撑提膝这也是一个跑步专项力量训练动作11、跪姿祈祷这是一个经典的瑞士球训练动作12、两头起传递瑞士球13、仰卧旋转这个动作对于核心控制要求极大14、有趣的平衡训练瑞士球训练的乐趣是在于平衡，你可以尝试以下练习四点支撑平衡单手三点支撑平衡单脚三点支撑平衡跪姿平衡除了迷你训练带，基普乔格还会做一些轻负重、长时间的踏板操训练，用来提升下肢协调性、快速协调性力量和力量耐力。看看这段有趣的视频，这也是基普乔格在159计划之前的训练内容之一。迷你训练带和瑞士球作为跑者强化力量、增强核心稳定性的重要训练工具，每一名跑者都应该家中必备，基普乔格都在用它们做训练，你也赶紧操练起来吧！（慧跑）
2020建发厦门马拉松分区 你是哪一枪？,2018建发厦门马拉松首创国内单一全马赛事3枪发令、分时起跑的起跑方式。起跑方式依照参赛选手个人成绩水平排序，将集结区域、出发时间进行阶段性分配，缓解赛前集结、寄存衣物、赛中补给、赛后服务等环节压力，有利于跑者发挥实力，提高完赛成绩。根据赛后跑者反馈，分枪、分区取得了较为明显的效果。2019建发厦门马拉松赛事规模由3万人增加为3.5万人，保持3枪发令、分时起跑的起跑方式，同样大受好评。2020建发厦门马拉松参赛的大众精英选手数量大为增加，为了精细化管理并提升参赛体验，组委会将3枪发令改为5枪发令，现将选手分枪、分区说明及参赛号码编排方案公布如下。分枪分区说明参照本届赛事竟规，起跑顺序为按优秀选手在前，其他选手个人成绩顺序分区排列。据数据统计，获得参赛资格的中国籍（含港、澳、台）男子选手成绩在2：30：00以内，共53人；女子选手2：45：00以内，共10人。厦马对国内优秀选手都予以充分的尊重及关注，组委会将为上述选手提供指定热身区域和专属通道进入赛道，安排在优秀选手方阵出发，为国内外的高手提供公平公正竞争的平台，获得更好的比赛体验。2020建发厦马预报名结束后，组委会通过中国马拉松网对所有报名选手成绩进行比对，具体为2017年1月1日至2019年9月30日期间，在中国田协认证为“A类”的赛事可查询到的马拉松个人最好完赛成绩。在获得参赛资格的选手中，按照选手个人最好成绩，由快到慢依次分为A、B、C、D、E、F、G、H、J、K等10个区域，方便赛事当天选手找到相应的检录口。分枪分区设置如下：5个枪次及10个分区的分布情况如下图所示：（本图仅为图示，以现场安排为准）第1枪将于7：30鸣枪。参赛号码编排方案按竞赛规程的相关规定，通过赞助商及其他合作单位渠道报名的选手无论成绩如何，予以分布在K区，其余查无成绩的选手则在最后部分随机排序编号。参赛号码查询方式微信端：关注赛事官方微信公众号“厦门马拉松赛”，通过菜单直达，如下图所示：或扫描识别以下二维码，登录后在个人中心进行查询完整的报名信息和状态：电脑端：通过电脑浏览器访问赛事官方网站（www.xmim.org），同样可以登录之后在个人中心查询完整的报名信息和状态；或者点击首页的“成绩/参赛号”按钮，在查询页面输入姓名和证件号即可，如下图所示：在微信端也可长按识别以下二维码直达“成绩/参赛号”查询页面，输入姓名和证件号即可查询当前赛事的参赛号和基本状态：另外，对通过手机号码进行注册的选手，还将发送短信做为辅助通知；对通过邮箱进行注册的境外选手，还将通过邮件进行通知。如对分配的分区有疑义，请发送邮件至厦马报名处邮箱：bmc@xmim.org，详细说明情况，将在核实情况后予以答复。严正声明2020建发厦门马拉松赛继续采取严格分枪分区检录和管理，组委会原则上要求所有参赛选手按照号码布上的信息，检录入场参赛。特殊情况下，允许前区（A-J区）选手至最后区（K区）检录起跑；但不允许后区选手至前区起跑，如B区选手至A区起跑，依此类推。如违反则取消该选手成绩和排名，并追加禁赛一年的处罚。务请所有参赛选手遵守。未尽事宜，组委会将补充通知。
大快人心！他靠马拉松名额诈骗跑友 已被警方抓获,前几天，多家马拉松自媒体以及多位跑友爆料：一个深圳名叫“青梅煮酒”的人用深马名额进行诈骗，某个群就有十几个人被骗，并且不止一个群的跑友，因为他加了很多群，据了解，有多个跑群的多位跑友被骗。昨天，此事有了进一步结果，深圳龙岗分局一警官在媒体文章后台留言：你好，我是深圳市公安局龙岗分局柳警官，您推文中反映的跑圈诈骗嫌疑人“青梅煮酒”，我局已抓获。目前需要联系受害人的情况，请您跟我联系。如下图本着负责任的态度，小编也与截图中留言的柳警官所属龙岗分局核实，龙岗分局确有此名警官，信息无误。在此，我们提示如您与犯罪嫌疑人“青梅煮酒”有金钱交易，请速与深圳市公安局龙岗分局联系。目前，各个跑群中已经广发提醒，部分受害者已经抱团向警方反馈涉案信息。网络诈骗手段越来越多，万一不幸中招，该怎么办呢？保持冷静、固定证据当遭遇了网络诈骗，我们需要尽量保持冷静，切莫慌张。网络诈骗者一般都是通过媒介与被害人接触联系，如QQ、手机短信、电子邮件和网络游戏等。首先受害者应保存所有证据，如交易记录、网络聊天记录以及对方账号或联系方式。确定损失、尽快报案我们还要确定自己的损失，如钱财、物品等，可以的话，可列出损失清单，供报案所用。确定了损失之后，我们应该尽快报警，切不可再联系网络诈骗者或其他号称能够挽回损失的所谓“网络高手”，防止二次受骗。有的受害者为挽回损失，未经报案便私下联系网络诈骗者或号称能够帮人追回损失“网络高手”，并且轻信了其提供的退款、退物的谎言，二次受骗，使损失进一步扩大。想方设法、尽快止损报警之后，我们应想办法进行止损，如尽快联系银行等。若为网银诈骗，且有保存诈骗者开户行及帐号等信息的话，可立即登录网银和电话银行，输入对方账号后，故意输错三次登录密码，这样对方的网银转账跟电话银行转账功能就会被暂时冻结24时，为我们联系银行、报警，进行进一步止损工作争取宝贵时间。在哪报警？被害人可以向案发地、诈骗行为实施地、诈骗结果发生地、嫌疑人住所地报案。就是你可以选择在你的所在地报案，如若你清楚犯罪嫌疑人在哪，也可以去其所在地报案，两地警方任何一方接到报案后均应受理（受理并非立案）。网络诈骗的立案标准诈骗公私财物价值三千元至一万元以上、三万元至十万元以上、五十万元以上的，应当分别认定为刑法第二百六十六条规定的“数额较大”、“数额巨大”、“数额特别巨大”。对因数额较小没有达到2000元，尚不构成诈骗罪的报案只予以登记报案。当然，如果受害人众多，骗子的手段恶劣也可能予以立案。根据司法解释的规定：刑法第二百六十六条，诈骗公私财物，数额较大的，处三年以下有期徒刑、拘役或者管制，并处或者单处罚金；数额巨大或者有其他严重情节的，处三年以上十年以下有期徙刑，并处罚金；数额特别巨大或者有其他特别严重情节的，处十年以上有期徒刑或者无期徒刑，并处罚金或者没收财产。本法另有规定的，依照规定。被骗金额小，该怎么办？如果网络诈骗分子每次只骗几十块钱，那么被害人报案又不给立案，诈骗分子不就可以逍遥法外了吗？当然不是这样。如果受害人被骗金额不满足立案条件，受害人可以前往网络违法犯罪举报网站（www.cyberpolice.cn）填写详细资料进行举报。如果受害人的举报属实，公安机关会跟进进行线索串并。如果串并发现作案人员累计诈骗额度达到立案标准公安机关会立即立案调查。（本文授权转载自慢跑先生）
为了明年PB是时候冬训了 16周精准备赛计划请查收,对于还没有参加过马拉松的跑者，是否打算开始准备人生第一场马拉松呢？小编想说，对于跑者而言，是时候开启自己的冬训备赛了。夏练三伏冬练三九，主要是指利用酷热和严寒时节，在严酷的环境下进行训练：一方面：这个季节马拉松赛事较少，可以有充分的时间系统地提升自己的跑步能力，有效提高耐力，增加体能储备；一方面：冬季充分地磨练自己的意志品质，在这样严苛的环境下都能很好的跑步训练，那么可以想象，当进入舒适的春季，信心满满地参加一场马拉松自然不在话下。也就是说，利用好冬季，比较系统地进行跑步训练，那么当春季来临，你会发现自己成绩大踏步前进，这就是冬训给你带来的脱胎换骨的变化。当然，对于身处南方的跑者来说，冬季不冷不热，这个季节恰恰是十分舒适的备赛时节，此时不练更待何时？为健康而跑步你只需要保持规律地适量跑步就足矣，而为了马拉松比赛而跑步，除了坚持，你还需要更加系统全面的训练。因为马拉松比赛是长时间高强度的极限运动，同时充满了很多不确定性的，如果你没有足够的能力储备，那么抽筋、撞墙、受伤、退赛将极有可能发生；即便你拼尽全力挣扎着达到终点，即使你被坚持、信念等溢美之词裹挟，这种不太愉快的体验也只有自己打掉牙往肚里吞。如果你不想那么不堪地完成比赛，如果你想健康无伤、不那么痛苦地完赛，亦或是在在比赛中PB，那么系统科学地备赛就显得至关重要。我们常说的一句话是“没有金刚钻别揽瓷器活”，没有足够训练、没有足够跑量就不要轻易尝试马拉松。那么，究竟需要经过多长时间的准备才能参加马拉松呢？1、备赛时间● 从科学角度出发对于初次跑马者而言参加全程马拉松前需要具备8~12个月的持续性系统训练；对于已经参加过马拉松且长期坚持跑步的资深跑友，至少也需要6个月的系统训练，最短备赛时间不得少于3个月；● 如果你计划参加半程马拉松对于初次跑马者而言，需要持续性系统训练3~6个月，对于资深跑友，至少也需要2个月的系统训练，最短备赛时间不得少于1个月；2、备赛跑量● 为全马而备赛，理想月跑量应当达到250-300公里，多一些相对更好，至少也需要达到180-250公里；●  为半马而备赛，理想月跑量应当达到180-250公里，至少也需要达到120-180公里；●  跑全马前的1-2个月至少应当跑过一次30-35公里；跑半马前的1-2个月至少应当跑过一次10-15公里；冬训备赛最科学严谨的你要用周期训练的思想为自己制定训练计划。什么是周期训练？它是由前苏联著名运动训练学专家马特维耶夫（Matwejew）在20 世纪60 年代中期提出了著名理论。他认为人体竞技状态不可能一直处于良好状态，而是具有周期性、阶段性的规律，在备赛初期往往运动量比较大，但强度较低，到备赛后期，则减少运动量，突出运动强度，这样就能不断提高能力，最终让最佳状态出现在比赛的时候。初步了解了周期训练理论，跑友们应该就大体明白了，原来每天坚持跑步，每天只做LSD训练基本只能属于锻炼的范畴。而想要在艰苦的马拉松比赛中健康无伤的完赛或者PB，就得用周期训练的思想，系统地、以一定逻辑、循序渐进的开展训练，这样才能确保经过训练，能力得到实实在在地提高。想要更高效的进行马拉松备战，除了积累必要的跑量，金字塔训练是最佳模式。所谓金字塔训练：就是要把不同配速的训练有机组合，轻松跑位于塔基，表明其是训练的主体，但是不能只有轻松跑，再往上是马拉松配速跑、乳酸阈跑、间歇跑和冲刺跑。速度越慢的训练，往往安排在备赛初期，占的跑量大，而速度越快的训练，往往安排在备赛中后期，占的跑量越少。不同速度的跑法合理安排，就可以全面发展人的体能能力，从而帮助你真正高效地备赛。所以，如何安排接下来大约3-4个月的训练也就成为备战上半年跑马季的重中之重。一般来说，为一场马拉松比赛进行认认真真地准备，需要经历四个阶段。依次为基础期→进展期→巅峰期→竞赛期。马拉松备赛四阶段之所以将训练划分为四个阶段，目的是通过循序渐进的训练，从不同方面对全马跑者所需要的能力进行刺激，以达到全面提升跑者水平的目的。那么每个阶段的训练意义和目的又是什么？（手机斜90°查看图片）1、基础期训练这一阶段对于全体跑者来说非常重要，很多跑者在跑步的前期都能够快速提升耐力，并且不会出现较为严重的运动损伤，但是随着训练时间越来越长和训练越来越频繁，将会遭遇瓶颈。基础期训练的主要目的：就是为即将到来的赛季奠定良好的基础，在该阶段主要是发展身体的有氧能力，防止在比赛中出现撞墙现象。这一时期主要利用低强度，长距离训练强化身体机能，尤其是让下肢肌肉肌腱逐渐得到强化，避免后期因跑量增加和配速提升带来运动损伤。这一时期的跑者，无论是心肺还是肌肉亦或是从跑步经济性来看，都处于一个相对比较薄弱的状态，所以训练以低强度慢速跑为主，让身体有一个逐渐适应的过程。——基础期训练要点● 训练强度可控制在平时跑LSD时的强度，一般为最大心率的65%~78%；● 训练频率在每周3~4次，隔天一次，周末可安排一次长距离LSD拉练；● 每次的训练时间在30~150分钟之间；● 在长跑中途可以穿插多组15秒左右的冲刺跑，用以发展速度能力，这样可以平衡有氧和无氧训练，消除LSD训练的副作用，如导致节奏变慢，心肺趋于适应；2、进展期训练经过基础期训练，跑者的有氧能力已经形成，身体已经得到强化，之前LSD训练为身体所带来的收益已经在逐渐递减。此时，在训练中需要加入新的刺激才能进一步提升整体的跑步能力。而最大摄氧量能力的提升在该阶段将变得尤为重要，最大摄氧量的提升可以很好地为后期大强度训练提供保障。所以在该阶段主要是在进一步提升跑者有氧能力的情况下加入能够对自身的最大摄氧量进行一定刺激的间歇训练，通过间歇训练一方面让一组训练导致的疲劳得到一定程度恢复，同时又不让疲劳完全恢复就进入下一组训练，以进一步提升我们的有氧代谢能力。进展期并不代表该阶段只进行间歇跑，该阶段仍然要保持足够的轻松跑，轻松跑与间歇跑的月跑量比例大约为8：2。比如☟你的月跑量是200公里，那么间歇跑总跑量可以达到40公里，这里可以每周平均分配，也可以根据身体条件以及训练情况，在某2-3周集中进行。3、巅峰期训练经历了前两个阶段的训练，跑者身体处于一个相对来说比较良好的状态，此时如果想提升比赛时的配速，那么就需要训练其在高配速下抗疲劳的能力。在高配速时，乳酸生成增多，身体就会开始进入到疲劳状态，如果将配速正好保持在乳酸产生量与分解量相等的那个区间内，那么跑者将会以最快的速度进行奔跑，而且能够避免身体因乳酸堆积而造成的疲劳。久而久之，临界速度就会跟着提升，有氧区间也会跟着扩大，配速也会相应进行提升。——因此，巅峰期训练以乳酸阈跑为主：● 训练强度：以最大心率的89%~92%进行训练，如果配速达到要求了，但心率较高，那么应当降低强度，以心率为准；● 训练时间：连续至少奔跑20分钟。如果你觉得刚开始强度太大，可以把一次训练拆分成几次来做，每次的训练时间介于5~20分钟之间，训练和休息时间比为5：1。如今天乳酸阈跑的训练时间为40分钟，可以采用训练20分钟休息4分钟，再跑20分钟的方法，也可以采用，跑4个10分钟每组组间休息2分钟的方式进行；● 同样的道理，在巅峰期除了乳酸阈跑，轻松跑、间歇跑同样要继续保持● 轻松跑：乳酸阈跑：间歇跑的月训练量比例为5：3：2；4、竞赛期训练该阶段的训练应当紧紧围绕比赛和适应比赛展开，此周期为了让体能达到巅峰状态，并适应比赛的强度，为即将到来的比赛做好身体和心理上的准备。——该阶段应当加强马拉松配速跑训练，从而适应马拉松专项强度：● 训练时间：马拉松配速跑的训练时间控制在40分钟~110分钟（1小时50分钟）；● 训练强度：心率控制在最大强度的80%~88%，以马拉松比赛PB目标或略低于PB目标的配速进行训练，以充分掌握比赛速度节奏；● 该阶段还可需要配合适量的乳酸阈跑以及轻松跑；● 轻松跑：乳酸阈跑：马拉松配速跑的月训练量比例为5：3：2；对于广大跑者而言，要为自己制订一份系统的马拉松备赛计划显然颇有难度，而市面上大多数训练计划无法提供精细的配速、训练量指导，无法实现个性化和精准训练。距离明年的3月22日无锡马还剩16周，不知道大家是否已经开始备赛？训练进展怎么样了？（慧跑）
年终收官之战 请收好这份2019广州马拉松参赛攻略,还有4天，年终马拉松收官大战-2019广州马拉松即将鸣枪开跑，作为双金赛事+国内大满贯赛事+阿迪参赛服及六福珠宝完赛奖牌，广州马拉松赋予了跑友无限的期待，2019年12月8日，广马7年，如期而至！关于领物，看这里2019广州马拉松领物地点依旧设在广州琶州展馆，距离领物点最近的地铁站为地铁8号线琶洲站，建议选手乘坐地铁前往领物点，另外广马已在周五延迟领物截止时间，请本地跑友尽量选择周五错峰领物哟~领物时间：12月5日（周四）：9：30-16：3012月6日（周五）：9：30-19：3012月7日（周六）：9：30-20：00（特别注意：2019广州马拉松参赛物品领取须本人持报名时所用有效身份证件原件前往领取地点，不可他人代领）广州南火车站/广州站：建议乘坐地铁2号线，至昌岗站换乘地铁8号线（万胜围方向）至琶洲站，出站口步行直达领物点（约50分钟）。广州东火车站/广州白云机场机场：建议乘坐地铁3号线北延段，至体育西路站换乘地铁3号线（番禺广场方向）至客村站，换乘地铁8号线（万胜围方向）至琶洲站，出站口步行直达领物点。广马博览会惊喜依旧2019广州马拉松参赛装备包含：阿迪达斯参赛服一件、参赛包一个、号码簿、盐丸、康师傅牛肉面一盒。另外在领物结束后，广州马拉松依旧设置了赞助商博览会，但博览会展商规模相对北京马拉松和上海马拉松略小，现场可继续薅羊毛。比赛当天，如何到达起点2019广州马拉松比赛起点依旧设置在天河体育中心，参赛选手可乘坐地铁1号线或3号线至体育西路站，或APM线至林和西站下车，步行前往赛事起点。（注意：比赛当天早晨体育中心南站将不停站）另外特别注意的是2019广州马拉松将采取分枪起跑的方式，马拉松选手将于7：30开跑，半程马拉松选手将于8：00开跑，请参赛选手务必进入正确分区起跑，否则成绩无效。比赛线路不变，留意赛道提前解封2019广州马拉松继续延续经典的比赛线路，起点为天河体育中心，全马选手将途径猎德大桥、琶洲展馆、广州塔、滨江东、海珠桥、花城广场等广州标志性地标，而半马选手终点设在广交会展馆北广场。值得留意的是，往年广州马拉松全程均出现了赛道提前解封的尴尬，去年甚至在25公里就解除封路、30公里提前十多分钟拆掉计时毯、关门兔一起被关门，所以请参赛选手务必留意今年广马赛道解封等情况是否和官方公布相符。比赛天气晴朗，温度适宜根据目前的天气预报显示，2019广州马拉松比赛当天晴，气温为10-22度，整体气温较为适宜，有利于选手奔跑。完赛奖牌继续镶金，真香2019广州马拉松全马完赛奖牌继续镶金（半马不镶金），另外选手在完赛后还可获得赛事完赛物资一份。2019年12月8日，广州马拉松年终奔跑，如期而至，你准备好了吗？（马拉松报名）
为保命放弃比赛美女哭的梨花带雨 上收容车也优雅,冲过终点线，这是每个马拉松赛事选手的目标。然而，每场比赛都有不少在赛事规定关门时间未能撞线的选手。伴着冬日暖阳和飞翔的海鸥，2019上合昆明马拉松在昨天鸣枪开赛。一名女选手在坚持了一小时后，上了收容车。昆明市中心海拔约1891米，大部分地区海拔在1500至2800米之间，通常中度海拔高度为1500到2500米，所以此次马拉松算是亚高原跑马。“为了保住小命不得不弃赛，但是上了收容车以后上吐下泻的症状更具体，强忍坐了五个小时后整个人都虚脱了。”在收容车上，这位美女手捧热饮，眼角湿润，让人动容。不少人认为，马拉松上收容车很丢脸。其实，在坚持和放弃之间，放弃也需要很大的勇气。弃赛和坚持完赛一样都值得我们尊重。人生也如一场马拉松赛，但人的生命仅有一次，所以人生马拉松没有第二次机会！每个人都不可能说放弃这一次的人生征途，幻想着去寻求下一次重新开始。在上个月的重庆女子半马，有位姑娘单手掩面，先是仰头流泪，后来又席地而坐，埋头痛哭起来。被“关门”未能完赛，这位哭得梨花带雨的姑娘引起跑圈热议。姑娘名叫冉红霞，27岁，是一名小学教师，2018年开始跑步。2018年3月是她第一次参加跑步比赛，去年重庆女子半程马拉松赛，均顺利完赛。冉红霞表示，当天自己跑之前吃了一点面条，前5公里的状态很不错，因为早上没有喝水，因此在补给点喝了些水，“谁知道肠胃开始痉挛，不舒服，只能压着跑，速度非常慢，一旦快起来就特别难受。”“之前也想过跑不动了就放弃，但真到了那个时候，无论如何都是不甘心的，想着过一会就能缓解。”但冉红霞表示，一直慢慢跑到最后5公里仍然疼痛不止。“明知道会超时了，收容车也在旁边跟我招手，看到只有两三百米了，旁边的小哥哥举着牌子告诉我比赛关门时间到的时候，我实在忍不住崩溃了，心里特别难过。”自己报的马，哭着也要跑完。前年广州马拉松，一位身穿红色紧身短袖，下身黑色压缩裤的姑娘在赛道上边跑边哭，不知道是因为42公里的赛道太虐，还是跑步的途中想起了什么伤心往事，痛苦的表情让人心碎。人生要懂得坚持和放弃。经常参加的马拉松的人常调侃，没有上过收容车的马拉松是不完整的。你上过收容车吗？（跑马去旅行）
涨报名费才能走更远？算一算马拉松的经济账,近年来，国内各地的马拉松赛事氛围依旧火爆，作为城市活力的全新带动方式，体育赛事——尤其是城市马拉松——对推动城市的经济、基础设施建设和文化的发展有着越来越重要的作用。在2019年初的中国马拉松年会上，中国田径协会公布的数据显示，去年全国举办的800人以上规模马拉松及相关赛事共计1581场，累计参赛人次583万。全民参与程度依旧保持在较高水准的当下，2018年的马拉松年度总消费高达178亿元，带动总消费288亿，年度总产出746亿元，所有的数据似乎都在进一步烘托路跑市场的火热和“壕气”。然而作为运营方，要举办一场马拉松并不是那么轻松的事情，需要经过数月乃至数年的精心准备，包括但不限于设计路线、用尽浑身解数去招商引资、在体育交通安保医疗环卫媒体等业务口之间长袖善舞、在物资场地设备等做到万无一失，对不同岗位的志愿者和现场工作人员进行高标准培训，烧脑挖掘设计赛事特色并进行包装推广宣传，绝对保证赛事安全有序，最终要让跑者获得良好的参赛体验，让各路赞助商获得满意的商业回报，为举办地产生理想的广告效应并带来旅游餐饮等行业的经济效益……然而，要打造这样一场各方都满意的马拉松赛事，必须有充足的经费做支撑。当前国内马拉松赛事的经费主要来源是政府通过政策和资金两方面的扶持，然而随着赛事通过良好的服务、超值的性价比获得了跑友和市场认可后，想要实现可持续发展，再像过往一样由政府将财政资金用于补贴马拉松运营成本就显得不合时宜了，用商业资金和社会资金支撑办赛成本才是成熟赛事运营的大趋势与发展方向。国内赛事中，商业开发最成功的无疑是北马，北京马拉松2019年参赛人数30000人，每名选手的报名费200元，倘若不考虑赞助商名额及一些免费名额的因素，赛事的报名费收入仅600万。虽然金额不低，但与一场3万人的马拉松需要的成本相比只能说还是显得单薄。而北马从官网上可以看到有22家赞助商，提供的各方面的权益，让北马在商业化上走的更远，能够实现自身的盈利，但并不是所有的马拉松都可以依靠赞助金额来覆盖成本，更多的赛事还处于运营初期，赞助商的赞助金额有限，而作为主要收入来源之一，报名费无疑是一个收入的增长点。既然市场化运营是大势所趋，那么各个环节的市场化定价同样是必然的。因此，合理的价格——不论是赞助商权益列表，还是报名费，不仅是供求关系的体现，而且是对消耗各类资源的必要反映——尤其是在考虑到自然资源耗费和生态环境影响的条件下。第一，在供求关系中，需求越是旺盛，价格上升空间越大；第二，价格必须反映出办赛消耗各类社会资源的真实成本。从跑者体验出发，越是周全细致的赛事服务，越是精益求精的物料供应，就越是需要投入庞大的各类优质资源，而优质资源的成本是刚性且难以改变的，你能看见的，比如租用更大会展场地和更多流动厕所、发放质量更好的参赛服和含有更多贵金属的的奖牌、在会展和赛道上加派更多更有经验的志愿者、安保急救力量、摄影师和分拨更多饮食降温物资；你看不见的，比如为辛苦的急救人员和警察购买菜量更大营养搭配更合理的盒饭，雇请更多清洁工人加快赛后清理，邀请更多重量级的媒体，制作更精美的影像素材等等。这自然也对应着更合理的价格。对比国内一些“0元中标”的赛事组委会，报名费始终处于低价，但它们提供的赛事服务质量、赛事本身市场开发程度都与国内大型赛事有着显著的差异。这自然说明了在一场赛事长时间的留存于中国马拉松之林时，为跑者提供的服务，以及自身进行市场开发，都是其中的关键要素，低价吸引人气的时代已经进入到末期了。著名跑者、媒体人、前新浪高级副总裁魏江雷曾表示，跑者在占用大量社会公共资源的当下，享受着“超值”的服务，应该要支付更加对等的费用，来“回报社会和城市”，因此他曾建议北马涨价到500元。消息一出立即引发全网热议，观点迅速分裂为两派：一派声音表示可以接受涨价，毕竟是一个市场的行为，其中更是结合到当下生活必需品的物价相较于前几年都有了攀升；另一派虽占少数，但其观点认为城市和赛事需要拿出更大诚意来满足跑者需求。英国《金融时报》曾将跑步定义为“中国中产阶级的新信仰”，在一身跑步装备动辄几百、几千，往返比赛地交通成本同样高昂的情况下，几百元的报名费对跑者而言恐怕也只是凤毛麟角罢了。如今，马拉松赛事已经过了野蛮生长的时期，政府搭台，市场唱戏是马拉松赛事的全新时代，自负盈亏毫无疑问将成为赛事运营的主要经营模式。在这个时期已经成熟的赛事想要确保赛事品牌持久、创新的传承和发展下去，需要从品牌定位、品牌推广和品牌延伸三大角度来重新审视和布局。全面开发赛事的市场价值，让国内的马拉松最终能够在盈利的基础上反哺城市，而不再如今日被冠以“泡沫”之名。
莫法拉刚刚宣布回归奥运会 欧洲马拉松纪录被打破,近日，莫法拉在一段采访中透露，自己将在明年奥运会中复出，会继续征战万米的比赛。2017年伦敦田径世锦赛，主场作战的莫法拉拿到了10000米的金牌、5000米的银牌，他就此功成身退，开始转战马拉松赛场。他在2018年的伦敦马拉松上获得了第三名，并在当年的芝加哥马拉松中跑出2小时05分11秒的成绩，获得冠军的同时，也打破了欧洲马拉松的纪录。今年，莫法拉再次跑了伦敦马拉和芝加哥马拉松，但这两场比赛他的成绩平平，没能继续突破，他也因为跑芝马，从而放弃了多哈田径世锦赛。上个周末，在瓦伦西亚举行的一场马拉松赛中，来自土耳其的选手Kaan Kigen Ozbilen，跑出2小时04分16秒的成绩，一举打破了莫法拉的欧洲马拉松纪录，并首次跑进205大关。（kyrie）
演员郑恺10公里跑进1小时 这波是什么水平？,今天傍晚，演员郑恺在微博晒了一个跑步卡，10公里用时58分，平均5分48秒的配速。郑恺的跑步记录来源于佳明手表，从跑步轨迹来看，他是从南浦大桥边的滨江公园入口出发，沿着公园的跑步道一直跑了10公里。今天傍晚上海的气温在10度左右，他则穿着长裤长袖的装备。郑恺还特别晒出了自己每公里的配速，他的起步较慢，前5公里用时30分18秒，从6公里开始加速，飙出5分25秒的配速，后面5公里则用了27分49秒，平均5分33秒的配速。这是一次典型的负配速尝试，10公里跑进1小时，郑恺自己显然也很兴奋。网上的公开资料显示，郑恺在高中时考取了国家二级运动员证，他的短跑十分出色，即使后来开启了演艺生涯，他还是保持了运动的习惯。为了保持身材，郑恺平时经常光顾健身房。跑步机跑步。举铁深蹲。俯卧腿弯举。户外跑步。去朝阳公园刷小怪兽。在追我吧的录制中，穿上专业李宁䨻跑鞋。还与徐洁儿的俪量跑团一起约跑，他的跑步日常简直和普通跑友一模一样。对于跑友郑恺，你如何评价呢？（kyrie）
冲击大满贯信心十足！2019新加坡马拉松结束3天赛程,新浪体育讯 （2019年12月1日） – 上周末，随着第18届渣打新加坡马拉松赛（SCSM）系列赛事陆续收官，成功将跑步界的目光都聚焦在了新加坡， 为跑者带来了世界级的跑步体验。周日上午进行的5K和10K，是新加坡马拉松系列赛的最后一个赛程。从周五晚上的儿童短跑开始，然后是周六晚上的特色半程马拉松和马拉松比赛，截止到周日的5K10K，共有来自133个国家的5万多名选手参与其中。新加坡马拉松首次改在晚上起跑，全新的三天赛程设计，在参赛者和观众中受到好评，他们可以欣赏到新加坡美丽的城市景观和夜生活。通过与政府当局以及合作伙伴的协作，主办方将年度盛会带入了下一个时代，朝着加入著名的雅培世界马拉松大项（AbbottWMM）的目标迈进，向着世界上最大、最知名的马拉松赛事联盟努力。雅培世界马拉松大型马拉松赛执行主任蒂姆·哈齐马说：“我们的团队很高兴能回到新加坡。看到到晚上的活动和团队继续取得的进步，真是太棒了。与往年一样，我们的评估团队将花时间审查汇报，根据标准评估相关活动领域。我们非常期待与渣打新加坡马拉松赛继续合作。”2019新加坡马拉松在观众体验方面着重发力，让参与者家人、朋友和各国观众都享受到这一系列比赛魅力。（sama）
2019上合昆明马拉松鸣枪开赛,
Joshua Cheptegei打破10公里世界纪录,
2019新加坡马拉松参赛人数创新高 男女冠军双双蝉联,新浪体育讯 2019 年 11 月 30 日晚，2019 年渣打新加坡马拉松赛 （SCSM） 改在夜间起跑，创下了该赛事 18 年来，马拉松参赛选手最多的纪录。改写了历史，进入了一个新的时代。连续两年，肯尼亚约书亚·基普科里尔成为新加坡马拉松跑得最快的选手，卫冕冠军以2分19分13秒领跑各国高手，在新加坡耀眼的夜空中，将优势保持到了最后。这场胜利使基普科里尔成为该地区唯一一个国际田联金标赛事成功卫冕的选手。肯尼亚选手普里斯卡·切罗诺以2分28分53的成绩将新加坡马拉松女子成绩推向新的高度，一举刷新了尘封13年由萨利娜·科斯盖创造的女子纪录，比她快了近3分钟。科塔·霍科努伊和麦迪逊·德罗萨里奥分别以1分36：23和1分49：56的成绩夺得轮椅精英组冠军。竞争激烈中，两人在SCSM有史以来最豪华的轮椅阵容中战胜了残奥会选手和前马拉松冠军。对麦迪逊来说，新加坡的领奖台是2020年东京残奥会的完美预演：“今天的胜利为2020年东京做了很好铺垫，我现在对此充满信心。和去年相比，今年实现了很好的超越。去年，由于湿度，我滑了一点，但今年一切都非常好。”新加坡组，卫冕冠军苏瑞勇以2分45秒52的成绩第三次加冕男子本土冠军，成就帽子戏法。另一方面，他的队友莎朗·谭以3分12：52赢得了她新加坡马拉松首冠。对于晚上起跑，莎朗·谭说：“我很喜欢。你不需要早起准备，你会有足够的休息，温度也相当凉爽，更有利于个人发挥，沿途的观众非常棒。当他们看到名字在我胸前，很多朋友会为我欢呼，会喊出我的名字。”SCSM 2019新加坡精英组男子冠军苏瑞勇说：“连续第三次赢得渣打新加坡马拉松赛，感觉很棒。新加坡公众站出来为大家加油，真是太好了。我们以前从未得到过这么多的群众支持，它看起来像一个盛大的聚会！我喜欢群众的支持，尤其看到我认识的人，会很开心向他们致意。景色也很棒，尤其是在海湾花园和滨海花园。希勒斯桥，因为我没有想到会有那么多的人们去那里，感觉很好，因为你需要大家的推动和支持。比赛的最后一段是美丽的“整个晚上，在浮华码头的看台上，挤满了喧闹的人群，为跑步者们欢呼雀跃。他们是比赛的一部分，这种规模也是新加坡马拉松的首次。在三个比赛日的第二天，IRONMAN集团亚洲区董事总经理杰夫·迈耶（Geoff Meyer）分享了他的想法，他说：“今天看到观众满员，真是太棒了。晚上起跑似乎对跑步者和观众都很顺利，这从创纪录的投票率和比赛时间中可见一斑。我相信，我们已经朝着正确的方向又迈出了一步，并且非常期待明天的10K和5K比赛结束周末。”（sama）
2019新加坡马拉松10公里赛鸣枪开跑,
2019新加坡马拉松高燃瞬间回顾,
2019新加坡马拉松精彩瞬间,
2019新加坡马拉松参赛包揭秘,
新加坡马拉松儿童短跑鸣枪,
2019新加坡国际马拉松精英冠军赛即将拉开帷幕,（2019 年 11 月 29 日） 2019 渣打银行新加坡国际马拉松赛 （SCSM） 将上演一场 史诗般的对决，目前此项赛事已举办第 18 届，预计将有超过 5 万名来自 133 个国家和地区的选手参加 为期三天的赛事。11 月 30 日晚，50 多名有实力争夺冠军的运动员将出现在这项赛事历史上规模最大、实 力最强的精英赛场上，相互竞争，争夺总额为 420，000 新元的奖金。来自世界各地的跑者都对新加坡马拉松情有独钟，其中数量上明显多数的包括印度（4，569人）、菲律宾（3，984人）、马来西亚（3，977人）和中国（2，293人）。在2万多名新参赛者中，有一些人来自牙买加、芬兰甚至南极洲，这证明了这项活动在全世界的受欢迎程度正在增长。精英男子组有多名马拉松冠军得主参赛，来自肯尼亚、埃塞俄比亚、摩洛哥、巴林等国的选手成为众人瞩 目的焦点。精英组成员包括去年的冠军 Joshua Kipkorir 及其肯尼亚同胞； 巴林的 Benson Surei 和埃塞 俄比亚的 Yemane Tsegay。在女子组，Priscah Cherono（肯尼亚）将回归卫冕之战。其同胞，也是去年的亚军 Stella Barsosio 状态 出色，在 9 月份举办的悉尼马拉松赛上以 2：24：33 的成绩赢得冠军，创下有史以来第三快的比赛成绩。她 将与来自埃塞俄比亚的 Mamitu Daska 和巴林的 Merima Mohammed 一同挑战 Cherono 的冠军宝座。有望夺牌的 Yemane Tsegay 在谈到比赛的准备情况时说道：“对我而言，夜跑不是问题，我们在早晨和夜 间都进行训练。我希望所有运动员都喜欢有史以来的首次夜跑比赛，因为城市夜晚灯光璀璨。我很高兴能 参加这次夜跑。2019 SCSM 轮椅马拉松精英赛规模将会扩大，运动员总数达到 16 人。去年的男子组冠军 Kota Hokonuie （日本）和女子组亚军 Madison de Rozario（澳大利亚）也将回归赛场。他们面临严酷的竞争，对手包括 来自美国的三次芝加哥马拉松冠军和 2015 年伦敦马拉松冠军 Joshua George 以及去年获得季军的澳大利 亚选手 Eliza Ault-Connell。 2018 年精英轮椅赛亚军 Madison de Rozario 在分享对夜跑和路线的想法时说：“新加坡风光优美，老实讲 去年我过桥时走神了。我们知道我们不应该因为风景而分心，但我们控制不住。新加坡太美了，所以夜间 游览新加坡也会有惊喜。”二人组希望在新加坡公开赛全国锦标赛中获得三连冠2019 SCSM 还将举办全国冠军赛 - 本地优秀选手将在男子、女子公开赛和大师赛这四个类别中争夺冠军。两届全国冠军、全国马拉松纪录保持者和两届东南亚运动会马拉松金牌得主 Soh Rui Yong 将与去年名列 第二和第三的选手 Mohamed Iskandar 和 Giebert Foo 以及经验丰富的选手 Evan Chee 和 Ashley Liew 展开角逐，捍卫自己的冠军宝座。当被问及针对新加坡的第一次夜跑进行的训练时，Soh Rui Yong 说道：“我经常在上午 9 点到下午 6 点工 作，所以我的全部艰苦训练都是在夜间进行的，这对我有帮助，这样我不用进行调整就能适应夜跑，我对 这个安排很满意。我认为现场气氛会更加热烈，因为前来为朋友和亲人欢呼喝彩的观众会更多，或者他们 只是出来走走，毕竟是星期六的晚上。我真的非常期待这项赛事，因为氛围会有很大不同！”女子全国组由 Rachel See 领衔，她和 Soh 一样，也赢得了过去两届的全国锦标赛冠军。与她一起参赛的 还有退役军人 Yvonne Chee 和 Sharon Tan，以及律师 Verna Goh，这是她在本土精英赛上首次亮相。跑步界的盛大庆典此次为期三天的全新比赛形式将于今晚 7 点从儿童冲刺赛开始。孩子们将在一条充满乐趣和各种游戏的 700 米赛道上比赛，赛道上布置着怪兽卡车和充气装置。本届盛大的周末节日庆典将延续到周末，马拉 松、半程马拉松和长跑接力赛将于周六下午 6 点结束，选手们将穿越新加坡天际线，途径新加坡标志性的 地标建筑，如海湾花园、滨海湾金沙、滨海艺术中心、新加坡摩天观景轮和滨海堤坝。最后，12 月 1 日星 期日，10 公里和 5 公里组的参赛者将分别在上午 6.30 和 8.30 开始比赛。各种技术水平的选手将在一条完 美的路线上完成比赛，途中还有补水区和降温区。选手还将得到数以千计的观众的热烈支持，他们将在皇后坊草坪、The Promontory 和滨海湾浮动舞台的观 众区围观，另外赛道旁还设有 27 个娱乐站。观众可以参加 Piloxing 和 Zumba 等活动，也可以欣赏各种音 乐演出众的新旧曲目。此次赛事面向所有年龄段的观众开放，可从 F1 Pit Building 和滨海湾浮动舞台观看 运动员在起点和终点上的风采。有关完整的观赛信息，请参见此处。“由于多种原因，今年的渣打银行新加坡国际马拉松赛将具有历史意义。马拉松晚间开赛、实力最强大的精 英选手集结和专用观众区，本届马拉松将是盛况空前的一场赛事。随着赛事不断获得全球认可，我要感谢 所有参赛者、合作伙伴和利益相关者自 SCMS 创立以来的大力支持，”IRONMAN 集团亚洲区董事总经理 Geoff Meyer 表示。（sama）
直击2019新加坡马拉松展会,
直击新加坡马拉松精英选手见面会,
直击新加坡马拉松选手领物,
那些跑马拉松的中年人 能靠跑步来拯救“危机”吗,来源：跑步学院（ID：paobuxueyuan）怎样看待全国马拉松热？这是中年人无处释放的精力，还是对自身严格要求？近几年，要说什么运动在中国最火，相信很多人都能不假思索的脱口而出——跑步。01中年人，跑者中的主力军马拉松在中国到底有多火，我们用几组数字为你解答。根据中国田协发布的2018年田径产业及马拉松工作报告，马拉松参赛人次已达530万。报告指出，截止到2018年11月2日，全国共举办了800人以上路跑、300人以上越野跑赛事共计1072场，参加人次530万，预计年底将接近600万人次；其中中国田径协会认证赛事310场，参赛人次320万；协会认证赛事中，协会共办赛事243场，协会赛事57场。目前中国马拉松位居国际田联标牌赛事总数第一。另据《中国体育行业商业价值报告》显示，跑步已成为“大众经常参与的体育活动”，而曾经令人厌烦的马拉松赛事也迎来“井喷式”发展并成为全民健身平台。▲数据来源：近三年中国田协备案赛事中国田径协会官网数据显示，2011 年国内共举办 22 场马拉松赛事，到 2015 年已达到 134 场，较 2014 年增加了 83 场，增幅超过 160%。从2014年到2016年的短短3年时间，中国马拉松赛事数量增长率达到543%。2011年到2018年间，中国的马拉松赛事从22场急剧增加到1581场。最多时，甚至同一天全国各地有多达43场马拉松赛事同时开赛，有超过26万人一起奔跑，这在当时也创下了国内一天之内举办马拉松数量的纪录。可以说，马拉松是办一场火一场，办一场满一场。马拉松赛事火爆的背后，折射出我国跑步人口的急剧增长，而这其中又以中年人参与跑步的热情最高。也就是说，近几年加入跑步大军的中年人占的比例最高。2017年北京马拉松赛完赛选手中男性平均年龄已经达到39岁，女性平均年龄已经达到37岁，相比2016年，北马参赛选手平均年龄又大了两岁。▲2017北马各年龄段完赛人数图片来自北京马拉松官网另有数据表明，目前美国的铁人三项运动员中，有三分之一处于40到49岁之间，这是十年来赛事中最大的群体，也是最有竞争力的一群。波士顿马拉松中，中年参赛者也很活跃，8200名四十多岁的选手完成了比赛，比例超过31%。2017年的纽约马拉松赛事中，40到44岁之间的人数比例最大，而2015年的伦敦马拉松上，40到49岁的参赛选手平均速度比20到29岁的选手还快。根据《2017年度马拉松赛事白皮书》的相关数据显示，从年龄特征看，参加全马比赛的选手数量和成绩都是中年人占据优势，以2017年杭州马拉松为例（数据源自杭马组委会）：2017杭州马拉松完赛人数最多的是，男子44岁（314人）和女子45岁（61人）年龄段。运动员的记录没有那么详细，但是过去十年中，随着赛事数量的增加，中年人的参赛比例也越来越大。霍夫曼和福加德的研究报告指出，100英里超级马拉松赛事的参赛者，平均年龄是44岁。▲图片来自悦跑圈这些数据无不证实，中年人，是跑者队伍中当仁不让的主力军。这一现象乍一看虽有些意料之外，但细想之下便知乃是在情理之中。02跑步，能拯救“中年危机”吗多数人认为之所以中年跑者如此之多，是因为老年人不适合跑步这样的激烈运动，而年轻人则不喜欢枯燥的跑步，所以自然中年跑者最多。这种说法虽不无道理，但这只不过是表象，我们应该透过现象看本质。而这个本质就是：跑步更像是中年人面对所谓“中年危机”的一场自我救赎。在1957年，加拿大心理学家雅克在英国精神分析学会上递交了自己的论文， 文中第一次提及“中年危机”，直到1965年文章才正式发表。雅克的理论是：人到中年，我们开始意识到自己的生命是有限的，然后，我们就受到惊吓。从科学角度上看，中年危机是否存在且值得探讨，但是从直觉出发，却非常合理。变老的过程中，人们会开始自省，反思时间的流逝，这个过程容易让人焦虑，再加上抑郁、压力和对生命的倦怠感，压力不断累积。一般来讲，步入中年后的人大都已成家立业、工作繁忙且上有老下有小。尽管年龄并不大，但由于长时间不良生活方式的影响，运动量的急剧减少，步入中年后的很多人往往都呈现出一副“大肚便便的中年油腻男”形象。于是，在工作压力与健康压力的双重“压迫”下，他们便想到了运动，开始了跑步。慢慢地，跑步成为这些中年油腻男们恢复身材、重获健康、舒缓压力的最佳方式之一。不少人更是因此减肥成功，并且爱上了跑步这项运动，从一名减肥者成为一名马拉松热爱者。当然，并不是所有中年跑者都是为了减肥。事实上，让他们收获更多的，是从未有过的轻松畅快感。这是因为，跑步除了可以健身，也能治愈心灵。我们在以前的文章中曾经讲过，跑步可以改善焦虑和抑郁。比如大家所熟知的知名企业家毛大庆，由于长期生活在高压状态之下，毛大庆曾一度心情抑郁，身体状况糟糕，医生甚至给他开了六种精神类药物，他过上了以药物为伴的生活。后来在朋友的陪伴帮助下爱上了跑步，他很坦率地说，马拉松或长跑，对治疗抑郁症确实有作用。世界卫生组织统计，目前 20% 的全科医生会在治疗抑郁症时，推荐跑步作为替代药品进行辅助治疗。而且跑步在心理层面上，也能够为抑郁症患者产生积极影响。此外，2013 年发表在‘运动与运动医学与科学’杂志上的一篇文章也表示，运动是治疗抑郁症的有效替代疗法。而且跑完后，你还会发现自己轻松了许多，不良情绪也得到了极大缓解，而长期坚持跑步，你的心理状况也会得到改善。当大脑和身体细胞释放出足够多的快乐分子时，跑者就会感受到良好情绪的迸发，并最终产生跑者的愉悦感。同时，跑者的大脑还会释放另一类化学物质内啡肽，它可以缓解跑步的痛苦感，并激活大脑的奖励系统，带来满足感和成就感。这就是马拉松的魅力所在。很多中年人从跑步到跑马拉松，还认识了更多同样生活积极的朋友，也从跑马的成就感中获得对自己的很大认同和鼓舞。此外，很多中年人不光自己运动，也带动了整个家庭运动，这样不仅带来更轻松愉快的家庭氛围，也本身有助于增进与家人的交流。此外，除了缓解所谓的“中年危机”以外，中年跑者同样也是跑马圈中最认真、严肃的一群跑者。这可能是因为，中年人有更多的自由支配时间，并且有相当的经济基础。他们一旦跑马拉松，一般不是冲动，而是深思熟虑，因此大多数情况下，是认真和严肃的，相反，可能年轻人受马拉松热潮的影响更多。而且，中年人一般很少感情用事，他们不会盲目追潮流，不过一旦决定，也很少放弃。也许只有跑过马拉松的人才能明白，跑马对于中年人而言，究竟意味着什么。正如作家尼采所说的那样：“知道为什么而活的人，便能生存。”同样，知道为何而跑的人，便能抵达终点。你，是为何而跑呢？（跑步学院）
冬天跑步七大误区 看看你中了几项,天气越来越寒冷，各位跑友不由得都增添衣物，用各种方法来预防寒冷，其中有不少跑友就跌入了冬日跑步的误区，快来看看吧！01误区一：忽视做准备运动的重要性！冬日跑步最大的敌人莫过于寒冷。很多跑友一出家门就被刺骨的寒风冻得瑟瑟发抖，因此本能的都是希望赶紧跑起来，让自己的身体暖和起来。所以忽视准备运动也是冬日跑步误区的NO.1。冬天大家的身体机能多少都会下降，在这种情况下若是不做准备运动就开始跑步肯定会受伤，因此跑前最重要的事情就是“做准备运动”。02误区二：跑步穿衣过多很多跑友误以为冬季户外跑步防寒要穿很厚的衣服，其实这也是错误的做法之一。衣服本身并不会产生热量，如果厚度过大，反而会导致衣服间空气对流加大，让热量散失变快，更加留不住热量。并且衣服穿太多，人体自身对温度的调节能力会变弱，反而容易导致患上感冒发烧。冬日跑步穿衣可以采用“洋葱式叠穿法”，穿衣的数量应当以运动后体温缓慢身高，微微出汗为宜！03误区三：围巾、口罩、面罩捂鼻冬天寒风刺骨，裸露在外的鼻尖都像要被冻掉了似的，很多跑友喜欢用围巾裹住口鼻，以减轻吸入寒风和冻鼻头的不适。但是，围巾往往有细小的绒毛或纤维，还会有一些细菌微粒，很容易就会被吸入体内，引发呼吸道感染。正确做法是戴围巾的时候，要把鼻子嘴巴都露出来，以保持呼吸顺畅。如果不是污染严重的天气，最好也不要戴口罩，整天戴着口罩，鼻腔及整个呼吸道的黏膜得不到锻炼，对冷空气的处理能力会被人为地减弱，稍微受寒，反而容易感冒。鼻子吸进的冷空气，经过弯弯曲曲的管道进入肺部时，已接近体温。人体的这种生理功能，能通过锻炼得到增强，从而提高耐寒能力。所以，特意带口罩也是没有必要的，可以采用鼻吸法来控制吸入空气的温度。04误区四：身体一热就开始脱衣散热！对于很多爱出汗的跑友来说，冬天跑步没多久身上的内衣就已经湿透了，并且还热的不行，因此，就会赶紧褪去身上的厚衣服“轻松上阵“。但其实若一出汗就脱衣散热是对身体有极大损害的。一是冷风一吹就把刚舒张开的毛孔收缩了，这样会增加感冒的风险。二是会同样增加寒气湿气入体的危险。正确的做法是：采用洋葱式穿法，当内衣湿掉后应当及时脱下将第二层打底衫换上，防止感冒！05误区五：跑完立刻洗热水澡或泡澡！不少跑友喜欢在跑完步之后洗热水澡或泡泡澡来进行放松，但值得注意的是跑完不能马上洗澡或泡澡。据运动医学专家的研究表明，人在运动时，流向肌肉的血液增多，心率加快。当运动停止后，血液的流动和心率虽有所缓解，但仍会持续一段较长的时间，如果这时立即去洗澡或长时间的泡澡，则又会增加血液向皮肤及肌肉内的流量。这样就使得所剩的血液不足以供应其他重要器官，如心脏及大脑，因而会诱发心脏病。有实例显示：有的人在运动后即去洗热水澡或泡澡，尔后常常会感到头昏眼花，全身无力等不适，就是上述所说的缘故。06误区六：跑完进屋先热手脚！许多跑友跑完后进入室内时，首先把冻僵的手脚放到取暖器边烤或用热水泡，其实这一冷一热的骤然交替对手脚极为不利，很容易使手脚生冻疮。正确的方法是，手脚相互摩擦，使表皮温度自然回升，然后待皮肤表面变红时，再移到取暖器旁或放入温水中取暖。其实，平时偶尔能用冷水洗手、洗脸或洗脚，可以增强身体的抗寒能力，反而不容易生冻疮。07误区七：跑完用雪揉搓冻疮对于生活在北方的跑友来说冬日下雪在正常不过了。因此，很过跑友也十分喜欢在雪地附近跑步，可以一边跑步一边欣赏雪景！但下雪天气异常寒冷，尤其是跑完散热太快，在室外容易引发冻疮，不少跑友就用民间广为流传的解决冻伤方法：雪揉搓冻疮。其实这是极其有害的，虽然用雪搓时疼痛、肿胀较轻，使人们误认为能有效治疗冻疮，但它只能延长冻肢的受冻时间，加重组织损伤，还可能增加冻伤加重冻疮的可能性，并不能起到治疗的作用。（跑步圣经）
没跑过寒冷冬季的人 如何跨越人生的低谷？,很多事只要你迈开第一步，其实就没有想象中的那么困难了，因为努力一定会有收获，跑步也是如此。“有谁会在大冷的冬天还坚持跑步？怕不是脑子冻坏了吧，我才不去呢！”同事轻描淡写的拒绝了我的邀请，年初8个人信誓旦旦的发誓：今年一定要跑出更好的成绩。。。再瘦他个二十斤。。。因为寒潮提前来临，如今只剩下我一人在坚持。每年到这个时候，有一个终极问题一直在我脑子里打转：冬天我到底要不要继续跑步？“冬天坚持跑步太难了，早上根本起不来。。。”“感冒了吧！谁让你怎么冷的天还去跑步，傻X。。。”像上面这些不跑步的理由我分分钟可以给出一百条，寒潮提前来临更让我省事儿，这不就是最好的理由吗？但是在我内心深处，总有那么一点良知：去跑吧！不一样的双十一今天是11月11日，朋友圈里却人间百态，有的人忙着清空购物车享受购物节狂欢，孤单寂寞的人失忆感叹又是一年光棍节，而对我来说今天是距离上马的倒数第6天。自从北马撞墙，意外的跑出了5个小时的成绩给了我不少打击，旧伤发作膝盖隐隐作痛。“跑步随便跑跑就好了，干嘛非要去参加马拉松？跑赢了你是能赚钱还是能出名？天冷了别折腾了。。。”我妈在电话那一头说道，电话这一头的我心里真不是滋味。这一次撞墙让我差点了就放弃了接下来的南马，失落了几天之后我还是忍不住跑了起来，我告诉自己：不是因为希望才坚持，而是因为坚持才能看到希望！什么都别想，跑吧！如今身体已经逐渐恢复，状态渐佳，在慢跑中从七分配速逐渐过渡到六分，平均心率140，步频接近200。目标是430，即使今年无法完成，我也要有始有终！坚持是给今年的自己一个交代，不辜负自己流过的每一滴汗水；是给明年一个开始，告诉自己我还可以再战一年，屡败屡战。跑出人生低谷“还能不能干！不能干给我滚！”老板拍着桌子向我吼着，扬言如果项目还是这样就开了我，今年是我在江北新区待的第三年，我是一名社畜。每天早晨8点15到公司，晚上10点下班，中午和晚上吃饭的时间只有半小时，出门必须打卡，有时候饭没吃几口就被拉回去开会，996算什么？“每天上班12小时，被开除却只用了5分钟”，眼见着要到年底，辞职又没有底气，我的心态彻底崩了，巨大的工作压力压得我喘不过气来，上有老下有小，还有巨额房贷，我该怎么办？焦虑、迷茫，到了晚上辗转反侧、难以入眠，整宿整宿的睡不着觉，更糟糕的是体重从75公斤掉到了60公斤，同事调侃我又瘦了，但只有我自己知道，我现在的身体状态很差，再这样下去我大概活不过40岁。体重直线下降，医生怀疑我的肠道里有息肉，于是做了肠镜，结果却出乎意料。医生诊断我是神经性肠炎，很可能是工作压力太大导致的腹泻，建议我抽时间运动，缓解一下压力，就这样一句话搪塞了我，连药都没开。开始跑步，我记得那天加完班错过了末班车，脑海里突然闪现出一个想法：跑回公寓，就好像《阿甘正传》里的阿甘一样，我也不知道为什么我要这么做，只是突然的想跑起来。我不记得那天跑了几公里，但我记得那天睡了个好觉。跑起来的时候内心原来是那么轻松，我不是哪家公司的员工，也不会去想房贷，我只是一个在冷风中奔跑的人。“没跑过寒冷冬季的人，如何跨越人生的低谷？”从那以后无论再晚，一周4次跑步雷打不动，如今我的体重已经回到了70，准备参加明年开春的半马。我换了一份工作，改变了我面对人生的态度，跑步教会了我如何睡一个好觉，更教会了我如何坦然面对人生的低谷，越是困难、越是要跑出去，迎难而上才不会被困难打败。跑步不是我的爱好，而是我生活中的一部分，就像吃饭喝水、呼吸睡觉一样，本能使然，我没有理由在冬天停止跑步。Anyway跑步是一件非常简单的事，能在冬天一直坚持却是非常不容易的，冬天不跑步的人不仅在冬天停跑，天气热不跑，懒癌犯不跑，工作忙不跑，头疼脑热、鸡毛蒜皮都不跑。但是如果你咨询一个非常喜欢跑步的人，他会告诉你冬天跑步的很多优点。我为什么要在冬天坚持跑步？为了多吃几次火锅，为了春天比赛牛X一点，为了穿漂亮衣服。。。冬天跑步最困难的是走出家门，只要迈出第一步，就没有想象中的那么难了，坚持跑步让这个冬天不会很冷，每次跑完都会期待下一次。村上春树曾说：“今天不想跑，所以才去跑”，冬天很冷，不想跑，才更要跑，不是吗？（慧跑）
跑步凭实力单身？230的跑步大神可不一样,PB228的大神：跑步只是业余爱好，家庭更重要卢志毅，可谓是业余跑者中的“佼佼者”！不仅在北马，上马双双破三，更是在北马跑出了228的个人最好成绩。尽管如此，在说到部分跑友有时候会为了跑步而“疯狂”丢掉了自己的工作，更把家人置一边而不顾。他说：“工作和家庭很重要，跑步只是业余爱好。每天早起跑步，白天正常上班，晚上该加班加班，不加班早回家，把时间给家人和孩子。跑步的初心不变，让身心状态更好，积极面对工作和生活。当然，我们经常带孩子户外运动，目的是想让他有一个好身体，但不会刻意训练他跑步。让孩子喜欢运动是我们的责任，但具体喜欢哪些运动项目就由他自己选择了。”想必大多数跑友都很好奇，非专业出身的他，能够在间隔两周的时间内，连续“作战”的训练计划和安排。小编也都“照顾到了”：赛前一周减跑量至平时的60%左右，但周二和周四保持一定的强度刺激。这样身体得到了充分的休息，能以较好的状态参加比赛。比赛中他一般的原则是不完全拼到底。比如像北马这种想出成绩的比赛把体力最大用到95%左右，适当留余量。这可能就减少了后半程“撞墙”的可能性。赛后休息一天，之后开始十公里左右慢跑，这样到周四周五身体就能逐渐恢复了。但如果想跑成绩的话，连续三周三个比赛还是不提倡的。大神虽说家庭工作很重要，但是在北京这干冷的冬日里，他也丝毫不放松自己。对于卢志毅来说，他能支配的时间只有早晨，所以只能早起训练。访问中他谦虚地说道：“感觉自己还处在上升期，训练了就能进步。对更好成绩的渴望估计就是我早起的动力吧。”北方的冬天比较寒冷，他认为这样的条件不适合练速度，所以还要以耐力训练为主。这个冬天他给自己定了个小目标：想在12月16日至次年的2月15日两个月时间内认真累积跑量，2月16日至3月15日强化速度。当然，卢志毅也说，平时光有跑步是不够的，适当的力量训练还是很有必要的，而且他一般会在周三慢跑时跑跑小山，偶尔游泳。跑进230的目标已经达成，他说不想再为自己量化指标了，但觉得自己以后还能跑的更快，理由是：“现在的我身体没有伤病，对跑步更加热爱！”此外，他还透露，接下来要为2020的重马做准备了！2019的重马，是他p（跑）b（崩）的比赛，明年要去重庆是准备收复失地！我们也期待着卢志毅可以在自己人生的马拉松赛场上越跑越远，越战越勇！东马与她邂逅，上马向她求婚同样是芝华安方的VIP于建华和自己的妻子邂逅在2016年东京马拉松前一晚的聚会上，当时的于建华过于腼腆，聚会上两个人都没怎么说话。在那之后偶尔会在朋友圈聊聊天。可是，如果有缘，就注定会走在一起。就这样两人此后经常跑跑步，约饭、看电影，接着2019年开始二人一起参加比赛。6月去撒野北京站，于建华一路陪跑，向女方表白了，然后就在一起了；7月初的越山向海人车接力赛崇礼站，两个人虽然不在一个队里，但一路上都互相牵挂对方；9月雄安国际马拉松，陪着她跑了半程，最终她以1小时40分54秒的成绩获得半程女子第十一名！在一起时间久了，就要给对方一个“一辈子”的承诺，而于建华选择把这个“承诺”留在今年的上马。据于建华回忆：“其实在上马之前的一周，也就是11月9日，我已经在跑团联赛北京站上求婚成功了。之前她一直以为我会在上海马拉松求婚，后来和朋友商量给她来个惊喜。在跑团联赛上我们俩同跑最后一棒，冲线后求婚成功。之后让她以为上海就没有什么惊喜了，其实暗地里和上海的小伙伴策划了一个赛后环节，其中包括送花、赛后采访和聚餐地点的布置。”女友想在上马实现PB，于建华这次就做她的做私兔，为她保驾护航，带她实现PB跑进330。前半程还比较顺利，1小时44分左右，到26公里左右，由于她纽约马拉松回来之还没完全恢复，加上旧伤复发，左腿有些不舒服，就降速走了一段。她还沮丧的哭了起来，很想退赛。他就一直陪着她，鼓励她，安慰她。就这样女友拖着受伤的左腿坚持走完了后面的16公里，4个多小时后才冲过终点。这也是她最近跑得最慢的一次，冲过终点后，她有些懊悔没有实现PB而大哭起来。当晚，上海的小伙伴们精心的为他们准备了另一个惊喜：订婚宴！把房间布置的漂漂亮亮的，像婚礼现场一样，席间不仅播放了大家的祝福视频，墙上也贴满了他俩在一起的照片，更是得到了大家的祝福。谈到以后，于建华说：“我想我们会一直跑下去，因为还有好多地方和好多比赛都没有去过呢，也还没实现近期的目标（于建华的目标是破三，妻子的目标是BQ330）。更远的目标是让她完成六大满贯，目前只差伦敦和波士顿了。再远的目标就是等以后有了小孩就带着小孩一起跑。”4小时的等待太漫长，干脆一起跑！跑友李彪（芝华安方VIP）和妻子的跑步故事，更是有趣。李彪的首马是2004年北京马拉松，他的妻子当时还不参加跑步，就在边上等着，等了4个钟头，后来觉得很累，还不如自己也跑跑，于是慢慢开始了跑步。2004年厦门马拉松李彪跑全马，妻子也完成了人生中的第一个半马，后来重庆是第一个全马。后来两人干脆“停不下来了”就一起参加了大连、哈尔滨、西昌、北京、上海、广州、成都、都江堰、广安、富士山马拉松等等。最开始两次全马都是李彪前半程陪妻子跑，谁知30多公里处陪跑的李彪“崩掉了”，而一旁的妻子还快一些。后来的比赛里，他们就各跑各的，妻子的成绩很稳定，在430-440左右，李彪也会430以内跑完。有趣的是：经常是前半程我在前面，后半程她慢慢超过我。谈起两人跑马过程中，最有趣的几件事，让小编感受到了这对夫妻对于马拉松近乎“执着的热爱”！2017年8月的哈尔滨马拉松，纪念妻子上大学离开家乡30周年，夫妻二人同时报了名，结果只有妻子中签。阿甘做好了妻子一个人回乡参赛的准备，发现哈尔滨马拉松在招募官方兔子，但是要求兔子年龄不超过45岁，可是很不巧夫妻二人都超龄了。抱着死马当活马医的想法也报了名。李彪的妻子写了一封情真意切的短文，大意说这届哈马是自己上大学后离开家乡的30周年纪念，虽然夫妇年龄已经超过45岁，但一直在跑马拉松，成绩也很稳定，身体也健康，此次如果能让夫妇二人作为兔子，一起为爱奔跑，也是爱家乡，爱家乡人的一种体现。也许是这篇应募的短文起了作用，李彪夫妻顺利地得到了官方兔子的资格。（2017年，哈尔滨马拉松夫妻二人一起成为“官方兔”）哈马完赛后，妻子说报个北马，试试运气吧，果然两人都没有中签，那就顺其自然吧。后来李彪妻子发现北马的完赛奖牌上有龙的图案，而他们的儿子是龙年出生的，妻子非常希望拥有这个完赛奖牌，就到处找名额，幸运地拿到赞助商活动名额。于是夫妇二人又一次踏上了北马的征程，不过这次是夫妻两人共同跑。（芝华安方）
寒冷冬天要怎么跑？看这一篇文章就够了！,进入到寒冷的冬季后，跑步的人似乎变少了，这个季节寒风凛冽，夜色最长，气温低到冻手冻脚，呼吸间吐着哈气，再加上偶尔出现的雾霾天气，这些都成了一些人停跑的理由。其实冬季里身体很容易就积存脂肪，如果停止了运动，很可能会从瘦腰变成了养膘，希望热爱跑步的各位，能用意志力战胜天气，继续奔跑在路上。天 冷 了 也 要 坚 持 跑 步？你 需 要 注 意 以 下 问 题：有多少人是自己主动穿上的秋裤？或者是线裤、绒裤、毛裤、棉裤······但 是，跑 步 千 万 不 能 随 便 穿 ！推荐冬季跑步的三层着装原则：第一层是排汗。要让汗水很快通过衣服挥发或者传导出去，一般是涤纶或者特种涤纶。贴身的衣裤最好是运动型的，不建议穿纯棉的，否则等跑完，内衣吸足了汗，凉下来以后很容易感冒。第二层保暖。一般是涤纶或者特种涤纶做的抓绒，天气凉时用来保暖。第三层保护。防风、防雨、防雪、越野跑防刮擦，一般是涤纶做的风衣。“纯棉是运动的敌人！”所以跑步的时候无论什么季节，贴身衣物千万不要穿纯棉的衣服哦！Ps：这是因为剧烈运动时会大量流汗，然而纯棉衣服比较容易吸汗而且还不透气，这样所吸的汗水就不能较快地散发出去不容易干。加上运动时，身体毛孔处于打开状态，冷空气通过皮肤毛孔进入身体。剧烈运动后使人着凉，引发风寒、感冒、头痛等等不良症状。这些配件请按需增加帽子：冬天，速干运动帽就可以。如果气温低于-5℃，耳朵是重点保护的对象。能把耳朵包住的薄帽子或头巾是不错的选择。手套：现在大多数手套的拇指都有电敏涂层，可以轻松划开智能手机。跑步时操控手机很方便。建议选用轻薄防风的手套。眼镜：等下雪的时候，就可以用得上了。用黑颜色的镜片还可以防雪盲，很拉风的有没有。臂带：可以放手机，钥匙等小物件。除了怎么穿，最重要的一点注意还有▼冬 天 跑 步 怎 么 喘 ？冬季天气寒冷，未来避免过冷的空气刺激咽喉和气管，引起扁桃体炎、气管炎、咽炎等，进而引发感冒、肺气肿等病症。跑步呼吸一般有两种方式：鼻吸气法和口鼻并用吸气法。但值得注意的是，不管是哪种方法，呼气时最好都是用口呼气的方法进行。慢跑热身时，由于人体需氧量不是很大，可以用鼻呼吸。因为鼻腔内有丰富的血管，能温暖吸入的冷空气，鼻粘膜分泌有液体，能提高通过的空气的湿度，鼻毛和鼻粘膜的分泌液，还能阻挡，清除尘埃和细菌，对呼吸道起一定的保护作用。随着跑步速度的提高，单用鼻吸气已经不能满足身体对氧气的需要了，这时就要口鼻同时吸气。但由于天气寒冷，所以跑步时呼吸张嘴不宜过大，最好让嘴微张，舌尖顶住上腭，让冷空气从舌尖两旁绕路吸入口腔，从而对冷空气有个加温的过程，避免直接吸入气管，引发咳嗽、不适。呼气时，舌尖从上腭松开，缓慢地吐气，让热空气顺利从口腔中吐出。正确的跑步呼吸要讲究节奏、频率，讲求呼吸与步速的协调性。要有意识地把跑步节奏与呼吸节奏协调起来，一般来说，根据自己体力状况和跑步速度变化，可以采取二步一吸、二步一呼或三步一吸、三步一呼的方法。跑步速度加快时，人体所需氧气需要量随着跑步速度加大而相应增加，为了改变这种情况，需要加快呼吸频率和增加呼吸深度。当身体出现以下这四种危险信号时，你可要当心了！跑步过程中的心律不齐同样，季节的变化、气候、温度、湿度的差异会让心律不齐的症状放大。如果你在秋冬季节跑步过程中感到自己的心脏明显跳动得时快时慢，那么此时你要注意了！不要瞬间停止跑步动作，注意调整呼吸，将跑步减速为慢跑或快走，当心脏跳动频率稍为平稳下来后改为步行；如果感觉自己不舒服，首先向身边的其他跑友求助，并说明自己的心脏情况，必要的话应及时送医。跑步过程中的体温下降在跑步过程中出现的体温下降。由于秋冬季气温下降，户外跑步前期会产生血管收缩、血压上升等症状，加上秋冬跑步跑友为了保持轻便，往往会保暖不足。一旦出现体温骤降的情况，无论你是何时跑步、在哪里跑步，都一定要停下来，通过补充食物、引用热水、添加衣物等方式做好保暖措施。跑步过程中的胸闷和气喘由于秋冬季节室内外温差大，室外路跑偶尔会出现呼吸道受阻的情况，产生跑步过程中的胸闷和气喘。一旦出现这样的情况，需要跑友减慢跑步速度，及时调整呼吸，并补充饮用水和功能饮料。若症状不能缓解，应该马上求助。跑步过程中的“眼花”相信不少朋友都经历过“眼花”的状况。殊不知，跑步过程中的视线模糊、眼前有光斑、心跳剧烈被称为“最危险的三个征兆”。如果你在跑步过程中，出现视线模糊、眼前有光斑并伴随心跳剧烈的情况，请及时减速，将跑步逐渐调整为走步，调整呼吸并保持顺畅。并在此时注意脚下，避免摔倒。当身体状况稳定后，根据“眼花”的程度决定是否就医。除了以上说的还有几件小事需要注意一下！（细节决定高度，小事也要注意哦~）晨跑最好改到下午晨跑是很多人选择的跑步方式。但实际上，早上并不是一个最佳的时间，尤其是在早高峰以后，空气里面的PM2.5、PM10等污染物含量会增高。如果有条件的话，下午三四点健身是个不错的选择。在一天中，下午相对温暖，污染物也在晚高峰到来前达到最低值。跑步之前要热身跑步之前记得热身，尤其是冬季跑步，突然脱下衣服跑步可能身体不适应，尽量热身时间长一些，然后再跑步。在准备停下来之前也最好逐渐减慢速度，再步行一段时间，以便让身体得到缓冲。规划好路线 循序渐进不管是在操场跑圈还是环湖、绕公园，都要提前规划好路线，计算好跑步距离和时间。如果气温较低，有结冰的路段，尽量避开并注意安全。选择适合自己的跑步距离不管是年轻人，还是年老者，都应该选择适当的路线，在跑步之前计划好路线，跑步过程中根据身体状况进行调整，不要单纯为了距离逞强多跑。跑完后能有个短距离的放松跑完后能有个短距离的放松是最好不过了，这样更有利于身体肌肉的恢复。跑步时要掌握适宜的运动量，循序渐进、量力而行，运动持续时间不宜过长，运动心率应控制在150次/分以下。身体感觉不舒服时，就应该立即停止。跑步结束后不要马上洗澡跑步结束后不要马上洗澡，先把汗擦干，回到温暖的室内，等身体恢复到舒适的状态，再去洗澡。跑步途中注意脚下这是一个最简单但也最容易被忽略的问题，许多人习惯了跑步的时候一直向前看，而在冬天忽略了脚下，实际上冬季的地面会有一些小面积的冰面，甚至藏在雪层下面的冰路，这个时候去跑步一定要多注意脚下，虽然有防滑的鞋子，但是还是要小心。最好有朋友一起跑步冬季跑步最好是至少两三个人一起，这样不仅能相互之间有个照应，而且一起跑步还会多一份乐趣。尤其是年纪较大的跑步者，更应该在家人的陪同下进行锻炼。（42195m）
太心机！南山半马选手用去年号码布套牌,上周末，2019深圳南山半程马拉松鸣枪开跑。今年的南山半马有可能成为“最热”的一届。不仅天气热，报名也很热。作为国内口碑较好的半程马拉松赛事，今年南山半马报名比去年还要火爆。共有超过5万人报名争夺约11500个参赛名额，个人中签率仅为23%。“C31668”两选手都佩戴了手环或许是因为中签太难，在上周的比赛中，出现个别套牌现象。一号码布为“C31668”选手就被一名男子套牌。让人疑惑的是，两名选手都佩戴了手环，到底谁套谁牌一时还真假难辨。去年佩戴的号码布“E50257”可笑的是，身穿黑色短裤，号码为“E50257”的选手居然套上了自己去年的号码布，而今年和去年的号码布明显不同。虽然他面对摄影师会有意遮挡脸部，但仍然逃不掉被发现的命运。今年佩戴的还是这个号码布去年南山半马就出现了不少套牌现象。一号码为“E50484”的男选手被一男一女套牌。这两位套牌者竟不知收敛，一起完赛，一起拍照合影。而号码簿为“B22622”的选手也被一男子套牌。最惹人注目的作弊事件非北马“五胞胎”替跑事件，戴着相同的D0198号码布还明目张胆把合照晒出来的几个人，终于在半年后受到了成绩取消、终身禁赛的处罚。为了严防替跑，很多马拉松组委会都用上了人脸识别。今年大连马拉松，在比赛现场就活捉几十位替跑者，这也是人脸识别拦截人数最多的一次。跑马拉松作弊这种事，不是最近才有的。跑步是为了什么？那个长年坚持每天跑十公里，一年只跑一次马拉松的村上春树说：“在长跑中，如果说有什么必须战胜的对手，那就是过去的自己。”那些在马拉松赛事中作弊的人，你们是战胜了对手，还是打败了自己？（跑马去旅行）
20岁小将半程飚出65分50秒 恩师谈中长跑基础训练,11月24日，刚刚度过20岁生日的山东小将王东辉以65分50秒的个人半程最好成绩夺得2019桐庐国际马拉松男子国内冠军。王东辉，男，山东德州人，身高1米85，体重60公斤，现山东中长跑队运动员。目前，5000米最好成绩：14分25秒；10000米最好成绩：30分30秒；半程最好成绩：65分50秒。2013年初，进入德州市中长跑训练基地接受长跑训练。2016年王东辉进入山东省中长跑队，2016年入选中国国家青年队。现师从我国著名中长跑教练/全运会“金牌教练”郑凯老师（从全运会冠军，到全运会冠军教练）。2015年山东省中学生体育联赛男子1500米、5000米冠军2015年山东省田径锦标赛男子5000米、10000米冠军2015年山东省田径冠军赛男子10000米冠军、5000米亚军2016年李宁全国10公里联赛男子冠军2016年亚洲青年田径锦标赛男子5000米第五名2017年全国青年锦标赛男子10000米季军2017年全国中学生运动会男子5000米冠军2018年上海国际半程马拉松男子国内季军2019年桐庐国际半程马拉松男子国内冠军接下来王东辉恩师现山东中长跑总教练/全运会“金牌”郑凯结合王东辉的训练经历和大家谈一谈中长跑基础训练理念。基础训练阶段——01 重视耐力训练中长跑项目是一项有氧供能为主（80%以上）的运动项目，没有有氧能力的支撑（有氧训练造就良好的心肺功能、肌肉摄氧能力、乳酸消除能力等），无氧能力训练很难得到提升。因此，有氧耐力训练应贯穿中长跑运动员任何训练时期，是中长跑运动员取得好成绩的重要“法宝”。王东辉在德州体校的初级训练阶段，主要是以有氧耐力训练为主。而对于大多数大众马拉松跑者而言，目前的训练阶段依然属于基础训练阶段。这里需要提醒的是大家在基础训练阶段进行有氧训练时，强度不要太高。建议有氧训练强度：心率140-150次/分。02 重视力量训练通常，大众跑者刚接触跑步后，会把更多的时间专注在跑步上，从而忽略了力量训练。虽然跑步看起来没有那么复杂，但如果不重视力量训练，肌肉群力量是很难支撑日常高负荷的训练刺激，不仅无法保证专项训练的开展和提高，也加大了受伤风险。王东辉身材比较高，核心肌肉群力量和下肢力量相对比较差。因此，在基础训练阶段，每周会进行1~2次力量训练或安排轻越野训练。轻越野或土路路面不平，但对下肢、脚踝及身体平衡要求比较高，这种动态的身体力量训练效果有时候比单纯的力量训练还要好。03 重视速度训练速度训练对提高中长跑运动员运动成绩非常关键。但是，中长跑速度训练有别于短跑，中长跑更强调速度耐力，而且加强速度训练需要运动员的核心力量要强。这时候就看出来力量训练的重要性。王东辉的速度训练模式：1、有氧训练结束后5分钟，进行加速跑：150米x6次，间歇时间：30秒/个，强度：9成体力；2、间歇训练：400米x12次，间歇时间：1分/个，强度：8.5成体力；3、间歇训练：（600米+300米）x4组，间歇时间：2分/个，3分/组，强度：8成体力。提高训练阶段——经过在山东中长跑队三年的系统训练，王东辉的有氧耐力水平和专项比赛能力提升较快。目前，王东辉的5000米最好成绩：14分25秒；10000米最好成绩：30分30秒；半程最好成绩：65分50秒。无论是年龄，还是运动能力都已到了挑战“大运动量、高强度”的训练要求，运动生涯也开始进入专项能力提高训练阶段。对于中长跑运动员来说提高训练阶段的核心思想：1、注重周期训练原则2、强调训练效率3、合理安排运动量和强度间的关系而对于大众跑者而言，当全马达到3小时10左右；半马达到1小时30分左右，运动生涯也逐渐进入专项能力提高阶段。1、注重周期训练原则周期训练是一个系统的过程，对提升运动员的比赛成绩非常重要。运动训练过程的周期一般分为：多年训练周期、年度训练周期、年度中周期和年度小周期。2019赛季王东辉年度训练周期安排：>3~6月参加3~5场5000米、10000米，训练内容：以赛代练，旨在提高专项比赛能力；>7~9月（夏训备战期），训练内容间歇训练、速度训练偏多，旨在提高训练强度；>10月（赛季调整期），旨在身体调整；>11月~2月（冬训备战期），训练内容：有氧训练、混氧训练偏多，旨在提高有氧耐力和专项能力。2、强调训练质量和效率当运动员进入提高训练阶段，运动负荷必然会高于基础训练阶段。所以，我们要时刻强调每次课的训练质量和效率。全年训练过程中，每个训练周期，每堂训练课的训练目的要清晰，杜绝垃圾跑量，不盲目地增加训练负荷，做到训练具有针对性。3、合理安排运动量和强度间的关系通常，年度周期训练中，3~9月由于是比赛季和夏训，总的运动负荷要低于11月~2月，但是运动强度却是一年中最高的。对于中长跑运动员来说，加大运动负荷时，就需要适当降低运动强度。特别是冬训期间，强度最好不要超过最大强度的70%，但是运动量要逐渐提高。王东辉 2019桐庐半马赛前两周训练计划——壹周训练计划和强度要求周一上午：12公里下午：慢跑20分钟，1000米x5周二上午：12公里下午：慢跑30分钟周三上午：32公里下午：核心训练周四上午：慢跑50分钟下午：慢跑40分钟周五早上：12公里周六上午：35公里周日早上：慢跑60分钟贰周训练计划和强度要求周一上午：16公里下午：慢跑30分钟，核心训练周二上午：1000米x6+200米x4下午：慢跑40分钟周三上午：16公里下午：慢跑20分钟，核心训练周四上午：10公里+3公里+600米下午：慢跑40分钟周五早上：慢跑：50分钟周六上午：慢跑40分钟周日上午：半马比赛：65分50秒备注：目前王东辉正处在“冬训第一阶段训练阶段”，因此并没有做特别的准备，就是“以赛代练”。结论——山东中长跑队的训练模式比较注重基础训练，总体运动负荷不是很大，但是训练内容覆盖面广（耐力、速度、力量）。对于中长跑运动员而言，有氧能力决定马拉松专项水平，力量训练决定运动员综合身体素质能力，只有把耐力水平和力量水平提升上去，运动员的专项能力才能有所提高，才能无限激活运动员的无氧能力和速度能力。否则，运动员达到一定的运动水平后，专项能力不会再有大的提高。（98跑）
2019中国马拉松大事件 哪一个让你刻骨铭心？,2019年，注定是中国马拉松要被铭记的一年。还有一个月，2019年就要走完。回首今年的中国马拉松圈，你会想到哪些大事件？马拉松助手今天就给大家梳理一下今年中国马拉松发生的那些大事件。李子成，尽管已经退役好几年，但仍保持非常不错的竞技状态。从2015年到现在，参加了100多场比赛，胜率高达80%，被称为体制外一哥；董国建，比李子成还大三岁，曾也想过退役，但还是坚持了下来。稳定的成绩输出让他成为体制内第一高手。因此两人的对决颇具看点，很多人想看看体制外一哥和体制内一哥到底谁更厉害。最终的结果是，李子成技高一筹。他在冲过终点线之后，振臂高呼，更像是为自己正名。不过，输掉厦马的董国建并未因此沉寂。在柏林，他告诉所有人自己才是近10年来中国最强马拉松选手。徐州马拉松作为今年多哈田径世锦赛的选拔赛，自然高手云集。赛前的焦点集中在多布杰能否跑进210，成为中国历史第四人。从埃塞俄比亚训练回来的多布杰也没有辜负人们的期待，在兔子的轮番带领下，他最终跑了2：10：31的个人最好成绩，创造了近11年来中国马拉松最好成绩，同时也成为第一个达标东京奥运的选手。当东京奥运马拉松参赛标准提高到2：11：30的时候，人们对能否有中国人达标是不乐观的，但多布杰让我们看到了希望，只要努力训练，一样是有机会达标的。除了多布杰之外，今年的徐州马拉松，很多其他专业选手也纷纷刷新PB，这也预示着今年的中国马拉松注定是不平凡的一年。柏林马拉松今年的故事特别多，比如贝克勒上演王者归来，距离基普乔格的世界纪录只差2秒。但让国人更振奋的是32岁老将董国建跑了2：08：28的中国马拉松历史第二快成绩，距离全国纪录只差13秒。在徐州马拉松上跑出2：12：09个人历史第二好成绩之后，董国建选择放弃世锦赛参加柏马，志在拿到东京奥运会参赛资格。10公里用时29：30，20公里用时59：18，半程用时62：34。半程用时已经打破了他自己保持10年之久的男子半程全国纪录，也远超过任龙云2007年北马跑出2小时08分16秒全国马拉松纪录的前半程。25公里处董国建用时1：14：32，30公里用时1：29：58，依旧是超国家纪录。35公里用时1：45：26，40公里用时2：01：22，最终，董国跑出2：08：28的成绩，成为中国男子马拉松历史第2快选手，第4位跑进210的中国人，同时拿到奥运资格。希望在东京奥运会上，他和多布杰能够给国人带来更多惊喜。今年是杨绍辉爆发的一年，这位从云南大山里走出来的长跑高手正一步步靠近自己的梦想。2016年，杨绍辉迎来本命年，他最大的愿望是代表中国出战里约奥运，但未能如愿。无缘里约反而激励他更加努力训练。现在，正是刻苦训练得到回报的时候。3月份的徐州马拉松，杨绍辉跑出了2：14：03的个人PB，这也让他获得了代表中国参加多哈田径世锦赛的机会。10月份初的多哈，天气炎热。尽管比赛是从午夜开跑，但温度仍高达32摄氏度。在这样的天气条件下，杨绍辉依然跑出了2：15：17的成绩，第20名完赛，还跑赢了川内优辉在内的三位日本选手，可以说含金量十足。三周后的成都马拉松，赛前一天还进行30公里拉练的杨绍辉出人意料地刷新了个人PB——2：11：40，有些遗憾的是距离奥运标准只差10秒。从离开家乡到进体校进行中长跑训练到现在，杨绍辉已经坚持了10年。他坚信：只要用心做，不管干什么事，就一定能做出成绩。这句话一直激励着他。现在，杨绍辉的奥运梦近在咫尺，相信他还会继续苦练训练，为梦想拼上一切。在徐州马拉松之前，很少人知道彭建华这个名字。他是谁？居然可以一直跟着多布杰？最终，他以2：13：27的成绩完成了自己的首马之旅。虽然这个成绩距离奥运标准还差2分钟，但已经足够惊艳。出生于湘西的彭建华在赛场上给人的感觉是拼劲十足，不管对手是谁，都敢去一较高下。这种大无畏的跑法也让他吃尽苦头，比如今年的柏林马拉松，他前半程跟着董国建跑了62：34，刷新中国半马最快纪录，但此后掉速明显，最终以退赛收场。当众多国内高手在柏林都刷新PB时，彭建华却遭遇了个人马拉松赛场上最大的失利。但年轻是他的资本，他才23岁，还有很多机会可以卷土重来。10月底的长沙马拉松，彭建华领跑了37公里，但最后时刻还是没能跟上黑人的节奏，最终以2：13：17获得国内冠军，刷新个人PB。两周后的南昌马拉松，他再度冲击奥运标准，但又一次擦肩而过，2：12：55，也再一次刷新个人PB。接下来，他将参加广州马拉松，目标依然是奥运标准——2：11：30。希望这位将奥运五环标志纹在左臂上的小伙子能够圆梦。2017年的无锡马拉松，杨定宏跑出了213的个人PB，这也是当年中国马拉松年度最好成绩。这个成绩也让他看到了自己打开210大关的希望，但此后数次冲击210都以失败告终。这也让他跌入低谷，一度想放弃跑步。后来他选择退役，回到地方从事行政工作。离开专业队后，杨定宏反而更忙了，但仍坚持训练，每天5点起床跑步，然后去上班，下班后如果没时间训练，就按摩、拉伸放松。这样自律的生活也让杨定宏保持不错的竞技状态。今年他一共参加了8场全马赛事，获得4个冠军，2个亚军，1个第3，1个第5。在前不久结束的上海马拉松，杨定宏击败众多高手获得国内冠军，这是他退役后的第一场重大比赛的胜利，成绩也创造自己近两年最佳。”这次（上马）又能跑到这个成绩，自己也是很满意的。虽然成绩还不能同国内顶尖选手相比。但他们也给了我很大的动力。他们都能跑出那么好的成绩，如果我能好好训练，也能达到一个更高的高度。”他在赛后接受马拉松助手采访时说道。杨定宏的下一场大赛将是明年初的厦马，他表示将会全力以赴，希望能够刷新个人PB。贾俄仁加，中国最牛大众业余选手。2017年北京马拉松，他首马就跑了2：27：52的成绩，此后不断刷新业余跑者的高度。2017广州马拉松：2：22：27；2018北京马拉松：2：21：41；2018广州马拉松：2：18：22；2019重庆马拉松：2：16：38；2019武汉马拉松：2：18：21；2019柏林马拉松：2：14：31；2019北京马拉松：2：15：03；2019上海马拉松：2：17：57。作为叱咤越野赛场的高手，贾俄仁加从去年下半年开始，将全部的精力放在了马拉松赛场上，为此还放弃了UTMB卫冕的机会。因为他的目标只有一个，那就是参加奥运会。虽然他距离奥运标准还差3分钟，但他还有时间继续提高自己。从一个普通人，到登上奥运会的舞台，这是一个看似不可能的梦想，万一贾俄仁加实现了呢？从2017年转战马拉松赛场到现在，仅仅2年时间，李芷萱就成为中国马拉松名副其实的一姐。3月初的名古屋马拉松，李芷萱一下子将PB从2：30：20提高到2：26：15，同时成为中国首位达标东京奥运的女子马拉松选手。这并不算意外的爆发，也拉开了李芷萱蜕变的2019年。三周后的重庆马拉松，她再度跑进奥运标准——2：27：55。仅仅过了半个月，她又参加了武汉马拉松，以2：30：41的成绩夺得国内冠军。9月的柏林马拉松，她的目标是冲击2小时25分大关，但因为感冒最终未能如愿。11月初的北马，2：29：06，国内冠军，第三次达标东京奥运。两周后的上马，2：33：05，尽管成绩不是特别理想，但足够获得冠军。今年，跑了8场全马比赛的李芷萱已经完成了所有比赛任务。接下来她将会进入到冬训阶段，备战明年的比赛。希望李芷萱能够继续给我们带来惊喜。去年11月，何引丽在苏州（太湖）马拉松上因为“递国旗”事件而被很多人熟知。其实，她早已经在马拉松赛场上打拼十几年，“递国旗”事件只能算是一个小小的插曲。虽然已经31岁，在中国马拉松圈算是一名老将，但热爱跑步的她依然在追逐奥运梦。今年的重庆马拉松，何引丽跑出了2：29：13的成绩，获得国内女子亚军的同时，还成为中国第二位达标东京奥运的女子马拉松选手。与自己4年前在重庆马拉松跑出的2：27：35的个人PB很接近。何引丽算这一路走来颇为不易，2017年全运会之后曾考虑过退役，但她觉得自己还能提高，于是继续坚持训练。现在，她已经达标东京奥运，对于一位坚持跑步10几年的老将来说，便是最好的回报。3月份的无锡马拉松，一共有740人跑进3小时，一举打破了去年上马创下的720人破三的纪录。本月初的北京马拉松，破3人数再创新高，一共有985人跑进3小时，直接逼近千人大关，而去年北马破三人数还只有532人。就当人们把目光聚焦到两周后举行的上海马拉松，期望中国马拉松单场破三人数首次过千时，一场高温让希望破灭。尽管今年没能实现单场全马破三人数达到4位数，但相信随着国内业余选手水平的飞速发展，1000这个数字用不了多久就会被突破。2019年是中国马拉松全面突破的一年，你在跑步方面，有什么大的突破呢？欢迎留言。（马拉松助手）
选手争夺最后一名惹争议 组委会：必严惩,上周末，安徽铜陵举办了一场半程马拉松赛事，组委会为鼓励跑的慢的选手，设置一个特殊的奖励，关门前抵达的最后一名选手可获花环。赛后，组委会对最后一名选手还有露出报道，并邀请全国最美职工为他献上花环，并表示，这是一种马拉松精神的传递。马拉松最后一名受关照，铜陵半马并非首例，此前武汉马拉松，副市长会在终点等候全程最后一名，并为选手亲自挂奖牌。马拉松比赛，选手跑最后一名，有的是能力有限，有的是因伤坚持，能成为一场万人赛事的最后一名，往往都是因为各种机缘巧合。马拉松最后一名，在铜陵半马这却变了味道！赛后，根据铜陵网报道，这次赛事的最后一名选手，在赛前就已经有了“预谋”，比赛中与他“心有灵犀”的选手还大有人在。从赛事的图片来看，铜陵半马最后一名的争夺已趋白热化，关门兔眼看就冲线，有位穿深色衣服的选手在终点线前伺机而动，而红衣选手也是志在必得。当然，最后还是红衣选手“技高一筹”，如愿的拿到了铜陵半马的最后一名。该最后一名选手在群聊中表示，正是因为自己获得了最后一名，发扬了马拉松不放弃的精神，单位特意表扬了他，他也因此升职，不用继续在基层工作了。该事件曝光后引起很大的争议，组委会也收到了举报，赛事相关负责人在接受采访时表示：情况已经了解，本来是一件积极向上的事情，现在被他们搞成了负面事件，我们已经将情报汇报给了领导，等待上面批示，会严肃处理这个事情！（kyrie）
从破产重组到双11破亿 老字号回力鞋二次起飞,白色的帆布鞋身，单薄的橡胶鞋底，这种设计简单且价格便宜的白布鞋，在粤语里被俗称为“白饭鱼”。这种白布鞋曾被国内许多中小学校采用，以规定学生统一穿着，“白饭鱼”一词因此在广东地区被广泛传播。1991年出生的梁永，初中时期穿过三年回力牌的白鞋，她回忆道，“回力是白饭鱼中相对贵点的一款，以前其它白布鞋10来块钱，回力能卖到25元。”中学毕业后很多年，梁永再也没有穿过回力鞋，甚至感觉这个老牌消失在视线中。直至近几年，消费市场吹起国潮风，被遗忘的回力重新回归大众视野。这让梁永感觉很怀旧，她过去三年在实体店买过两双很经典的“白饭鱼”。经典款的设计跟早期差别不大，价格从十余年前的25元升至60元左右。从天猫旗舰店的最新标价来看，经典款的价位提升到99元。2019年双11天猫购物节鞋类销售排行榜与梁永一样怀旧的消费者显然不少——在不久前的2019年双11天猫购物节上，回力官方旗舰店的销售额首次突破亿元人民币，首次跻身双11鞋类销售排行榜，高居第五位。至于为何时隔多年为回力买单，梁永认为，“除了怀旧以外，鞋款本身还挺好看，虽然有些刮脚，但价格便宜，易穿搭。”明星带货则是另一因素，很多消费者表示：“好像杨幂和吴亦凡都有穿过。”这些年轻人发现，这个拥有92年历史的老牌似乎有种别样的时髦。回力鞋亮相第二届上海进博会。图片来源：视觉中国昔日鞋王2019年第二届上海进博会期间，一双白面红标的经典回力运动鞋，被放置在“非物质文化遗产暨中华老字号”展区里——这家老牌得到官方意义上的认可，吸引不少参观者的目光。这家非上市公司并未详尽披露过业绩数据，时任上海回力鞋业总经理杨卫东透露，回力在2015年的销售额超过35亿元，除了经销商收入之外，公司自营的销售额大约为8亿元。据亿欧网等多家媒体报道，从2015年开始，回力品牌的销售额每年以超过20%的速度增长，2018年鞋类销量达到8000万双，市场反应热烈。那些重新穿上“白饭鱼”的青年，未必清楚回力的高光历史。公开资料显示，回力品牌最早可追溯到1927年，早期生产商为一家名为义昌橡皮制物厂的小工厂。1935年，回力鞋业的商标正式注册，诞生时间比阿迪达斯和耐克更早，是中国历史最悠久的运动鞋品牌。回力的意思是“回天之力”，它同时有一个不太出名的英文名叫“Warrior”，意为“战士”。新中国成立之后，回力成为国内专业体育界的首选用鞋。这家国产品牌不仅为国家篮球队研发生产比赛球鞋，乒乓球、田径等项目的国家队选手都穿着回力比赛专用鞋登场。郎平与回力技术人员交流运动鞋设计1980年代，回力的名气达到顶峰。1981年和1984年，中国女排穿着回力鞋先后夺得世界杯和洛杉矶奥运会冠军——郎平、周晓兰、陈招娣等女排名将，都曾到工厂与技术人员交流球鞋设计。自那以后，“白底红线”的品牌标志风靡大江南北，成为当时的国民运动鞋。作为回力代表性产品，低帮WB-1型篮球鞋在那个时期问世，先后荣获上海市名牌产品、国家银质奖和西班牙国际奖等荣誉。这款设计新颖的回力鞋成为经销商的最爱，因为它卖得最快，从不用担心会滞销。曾红极一时的低帮WB-1型篮球鞋然而，回力鞋的陨落同样相当迅速。随着改革开放深化，1990年以后，国际品牌纷纷涌入中国市场，国内亦有众多本土鞋企崛起，回力不再一家独大——耐克、阿迪达斯、安踏和李宁等品牌开始占领市场，后两者逐步取代回力，成为新一代国货的象征。曾任上海回力鞋业执行董事的桂成钢表示，一般企业在1983年左右已经告别集体经济和开启市场化管理，但回力在1993年才自行找销路、搞批发、打造销售网络，市场经济的起步较慢。与此同时，回力的产品创新不足，在消费者心中的廉价观念，使其滞后于市场化经济的大势。在内外夹击之下，回力品牌的人气大幅下滑。从1994年开始，公司旗下的七家工厂以一年一家的速度关闭。作为曾经的本土鞋王，2000年2月，上海回力鞋业总厂正式宣告破产。迟到的转型在人们惋惜一代鞋王就此陨落之时，上海华谊集团买下回力的商标，并由华谊出资80%、经营者群体投资20%的方式，共同组建上海回力鞋业有限公司，回力的名号得以保全。2006年，随着20%的经营者持股退出，回力成为华谊集团独家投资的国有子公司。图片来源：视觉中国不过，经历破产风波的回力难以恢复昔日风光。相比于成百上千元的运动潮流品牌，回力被贴上廉价的标签，在消费者心目中的地位和形象早已不及以往。梁永回忆，自己穿着回力鞋上学的时期处在2004至2006年，“印象中，那会儿除了学生穿得比较多，回力还像是民工鞋，总之就是平价商品的感觉。”当时的业绩数据亦表明回力的窘迫——从2000至2008年，回力鞋业连续8年亏损，2005至2008年间的亏损额达到2.5亿元。期间，回力在上海南京路第一百货和新世界等商场的销售专柜，曾因销量不好和款式老旧被下架。一个重要因素是，“闭门造鞋”式的生存，正在加速这家老字号的衰落。相较之下，安踏、361度和特步等国产同行，在2000年以前完成从工厂模式向品牌运作的转变，早早在国内打响品牌名号。破产重组完成后，后知后觉的回力开始对经营模式进行改变，提出“两头在内，一头在外”的口号。这意味着，产品研发、品牌管理和营销总部依然在上海，附加值低的生产加工环节则外包出去——这是国际鞋服品牌的普遍做法。在这种模式下，回力签约超过10家经销商，后者承担从设计、生产到终端经营的整个链条，经销商大规模铺开销售渠道。回力总部则主要发力品牌建设，从生产型鞋厂转变为运营品牌的贸易型企业，这家老国货开始有了自己的市场推广部。转型后不久，回力迎来品牌建设的契机——2010年，回力获得上海世博会特许生产商和零售商资格，品牌曝光度开始上升。那些国际品牌牌擅长的品牌营销形式，开始出现在这家老国货的身上。2010年9月，回力在上海平凉路开张第一家直营旗舰店，面积达300多平方米。该店首月营业额达167万元，创下历史纪录。回力上海第一家旗舰店为了实现品牌升级，回力把功能指向明确的细分领域作为突破口，接连推出雨鞋、鞋底配备运动轮子的休闲鞋、装有定位系统的童鞋和老年鞋，以及具备专利的“回力撑”减震技术，产品变得多元化。在产品层面，上海回力鞋业常务副总经理张恩祈认为，“经典不能丢，但必须有突破。”值得注意的是，尽管回力的品牌运作较同行滞后，但这家老牌进军电商领域的反应并不迟缓。2012年6月，回力天猫官方旗舰店开张。杨卫东曾向《第一财经日报》透露，网上销售对于回力来说越来越重要，在整体销售中占到约50%的份额，今年双11销售额更是首次破亿，电商成为回力业绩提涨的关键一环。回力在品牌宣传中打出“国货”标签。图片来源：视觉中国“情怀牌”能打多久？2016年前后，随着消费市场吹起怀旧国潮风，业内的中国李宁和回力等国货纷纷受益。如今，这张情怀牌依然奏效，回力在线上线下的品牌宣传中卖力打出“国货”标签。从破产到重生，回力身上体现着民族品牌的生命力。但同时，这家老企业遇到一些新问题。经营模式改变后，回力授权经销商拥有设计、生产到终端经营的产业链。除了老回力经典设计的14款长线产品之外，授权商可在得到回力官方认证后，针对不同类型的需求推出新产品。由于授权厂商过多且较为分散，回力产品的质量管理变得困难。尤其在产品设计环节，回力近年来被诟病不少产品涉嫌抄袭，知乎等平台上有众多帖子对此展开讨论。回力产品（左）从回力官方旗舰店的产品来看，部分鞋款身上有耐克、阿迪达斯、Vans、Jordan、鬼冢虎和李宁等品牌的影子，但售价远低于后者。产品创新动力不足、经销商管理欠缺，或都是回力面临的问题。在法律意义上，回力没有被裁定设计抄袭和产品侵权，但消费市场的质疑正在影响着这家老字号的品牌形象。“回力总部只是品牌管理方，没有自己的渠道和工厂，经销商和授权工厂受各自利益驱动，频繁借鉴他牌设计成为最现实的行为，可见回力在产品研发、供应链管理、渠道管控等方面还有很大的改造空间，”纺织服装管理专家程伟雄曾如是评价。回力已经意识到，公司面临的最大挑战是经销商渠道整合。杨卫东曾表示，回力在全国的实体店有2000多家，还有12个大经销商和若干个中小经销商，渠道较为混乱，需要时间强化管理。此外，长期以廉价鞋款为销售主力的回力，在通往中高端市场的路上并不顺利。近年来，回力尝试增加产品类型，并开拓高端产品线。2018年，回力发售一双限量版新鞋“回天之力”，售价高达999元。该品牌希望打破高性价比的形象，试探高端市场的反应。结果显然让回力有些失望，仅一年之后，这款限量发行的球鞋价格跌至129元，重新回到其普遍价位上。目前，从天猫旗舰店可见，回力的定价集中在80元至200元之间。其中，最畅销的产品价格为89.9元。多次购买回力产品的梁永表示，自己暂不会考虑该品牌200元以上的鞋款。图片来源：视觉中国与此同时，当国产品牌向购物广场和百货商圈靠拢的同时，回力的门店布局基本以街铺为主，大部分店铺形象仍较为传统，难以改变消费者对品牌的低价印象。在这样的形势下，业内认为，回力品牌很难形成溢价——由于低端产品毛利率和附加值较低，即使拥有巨大的销量，公司亦难以获得可观的利润。2016年，回力鞋业常务副总经理张恩祈曾表示，“回力很清楚那些价格较低的产品才是支撑回力漫长生命力的要素之一，我们只是希望在此基础上，可以提升品牌附加值，往中端定位上靠。”他强调，回力在高端领域无法与国际大牌抗衡，精力会放在攻克中端市场。凭借战略转型和国货风潮，92岁的回力用了多年时间实现东山再起的故事。但要，想从100元价位走向300元的中端市场，对于回力来说，这依然是一条漫长的路程。
跑者也得进行重量训练 但该选多重的哑铃？,寒冬将至，不少跑者纷纷从户外转战健身房，将“冬训”的重点放在力量上。而力量训练是门大学问，一个最简单的问题，可能很多人都回答不上来——“你知道多大重量的哑铃和杠铃最适合自己，又能增强跑步表现吗？”近日，美国跑步杂志《Runner‘s World》就邀请了纽约雷曼学院运动学博士布拉德·舍恩菲尔德，给出了跑者制订重量训练计划的诀窍，以及跑者应该如何适度练力量的方法。跑者也不能缺少力量训练。力量训练，适度最重要想要跑出好成绩，力量很重要，特别是核心肌群的力量。在有经验的跑者中间，这已经是一个老生常谈的话题了。但是不同于健身和健美，对于“严肃跑者”来说，对于力量的增强其实有一个限度，而并不是肌肉越大越好。“对于跑者来说，适度的重量训练是最重要的，只有在选择合适自己重量的哑铃或者杠铃进行训练时，身体才能在增强肌肉力量的同时，不至于增长太多的肌肉。”舍恩菲尔德博士强调，跑者需要找到耐力和肌肉量的一个平衡。对于耐力运动而言，肌肉太大或太强壮，反而会成为一种“累赘”，增加跑步途中的体能消耗，“如果能在不增加过多肌肉的同时提高肌肉力量和强度，那么对于跑者才是真正的好事，特别是马拉松跑者。”不仅如此，如果重量训练的强度没有选择得当，还有可能破坏跑步的平衡状态，对肌腱（俗称筋）造成压力。旧金山州立大学运动学博士巴格雷强调，如果跑者进行太多抗阻训练，却没有及时放松和恢复，身体很容易出现伤病，因为跟腱的恢复速度远比肌肉和神经元慢得多。这也意味着，重量训练过后跑步更容易造成肌腱炎。“重量训练会造成肌肉纤维的轻微撕裂，然后才会在恢复中产生更多的肌肉。但肌腱却不是这样，如果恢复和放松不到位，那么炎症就很容易产生。”找到合适的重量是训练的第一步。多重的杠铃才适合自己？重量训练和耐力训练一样，训练量和训练计划都应该因人而异，才能达到最好的效果。那么问题来了，不同体型和年龄的跑者，需要怎么选择适合自己的重量训练呢？根据舍恩菲尔德的长期研究，他将重量训练分为三个等级——大强度、中度和低强度。而判断自己在举起不同重量的杠铃归属于哪个强度时，原则是这样的：当跑者拿起某个重量的哑铃或者杠铃只能重复一个动作1次到5次时，就属于“大强度”；如果选择某个重量的器材可以重复一个动作6次到15次，那就是属于中度；如果能轻松重复15次以上，那么这个重量的器材就是“低强度”。评判运动强度的量表。“必须注意的是，每个动作都不是勉强做完，而应该以标准姿势做完。如果训练动作不标准的话就没有判断价值。”按照舍恩菲尔德的研究结果，跑者如果希望通过重量训练提升跑步能力，就应该选择“大强度”的重量训练，每一个动作重复3到5次，并且训练2到3组就可以了。而适合有氧运动的“运动自觉量表”（RPE），同样可以帮助跑者进一步确认训练器材的重量是不是合适自己。“根据PRE的界定，如果你在做完重量训练2到3组之后，你的状态是停留在8级或者9级，那么，这种重量就可以确定为‘大强度’，是有助于提高跑步成绩的。”重量训练从下肢开始，循序渐进在了解了如何选择适合的重量之后，跑者的重量训练还有几个重要原则。首先就是：循序渐进。新手进行重量训练需要谨防受伤。据舍恩菲尔德研究，“大强度”的重量训练对跑步能力和跑步成绩有显著提高，但并非所有的跑者都可以直接进入“大强度”训练。特别是那些刚刚进入跑圈的“菜鸟”们。“当你选择‘大强度’之前，你必须先学会重量训练，先从‘低强度’或者‘中强度’开始，学会每一个动作的标准姿势，才能够进入‘大强度’。否则那些不标准的动作根本没办法提高肌肉力量，反而增加了受伤的风险。所以在自己训练之前，不妨找一个私教纠正一下姿势。”其次，对于跑者而言，训练应该从下肢开始，才能更快在跑道上看到成效。“专注于大腿、臀部加上下腹部的肌肉群训练，提高身体的稳定性，这对跑步帮助很大，所以可以选择从深蹲、杠铃硬举和撑体勾腿这些重量训练开始。”最后，在训练过程中应该给肌肉足够的放松和“充电”时间。舍恩菲尔德建议，当进入“大强度”之后，每一组训练应该间隔3分钟左右，并且确保自己的体能和状态可以再次进行下一组训练时，才继续训练，否则在没有人保护的情况下反而容易受伤。
聚焦马拉松摄影大赛 用镜头传递城市之美,如同一千人眼中有一千个哈姆雷特，不同的摄影师在拍摄马拉松时也会有各自的想法。碧蓝清澈的海面上，架着一座长长的桥。桥上，是身着各色参赛服的马拉松跑者。远处，翠山、红塔、高楼，交相辉映。这便是去年马拉松摄影大赛银奖作品《万马奔腾跨海湾》所描绘的画面。一个简单的场景，展现了广西防城港这座海滨城市的美，也展现了马拉松赛事的满满活力。据摄影师刘励文回忆，在拍摄的前一天，自己专门在防城港做了踩点，至于为什么要选择这座海湾大桥，他表示想要体现一桥跨海湾、海与城市相互交融的海滨之美。照片，记录的只是一个瞬间。但瞬间背后，却包含了摄影师无数心血。“在每次拍摄前，我的大脑里会先构思出一个画面，然后再去寻找适合的拍摄角度。”刘励文说，他表示自己在拍摄时会预估跑者经过的时间，随时准备带着沉重的拍摄设备转场，在拍摄过程中若是遇上天公不作美，或是烈日当头，或是阴雨绵绵，他也会和跑友一起坚持下去。刘励文认为，当前，马拉松赛事已经成为了国内各个城市炽手可热的全民参与型赛事，马拉松摄影也在不同的城市中呈现着不同的风格。“在不同的城市拍摄，在地点和角度的选择倾向上也会有所不同。”刘励文提到了即将开跑的广州马拉松，作为一个土生土长的广州人，刘励文将会用另一种拍摄思路来体现广州这座城市之美。“很多人可能会将镜头对准珠江两岸，小蛮腰这些具有时尚气息的地方，但是我认为，广州作为一个拥有浓厚历史文化底蕴的城市，那些具有年代感的百年老楼更能体现出广州的城市特色。”如同一千人眼中有一千个哈姆雷特，不同的摄影师在拍摄马拉松时也会有各自的想法，而最终呈现的作品，就是摄影师心中这座城市与马拉松结合得最美的样子。“如果没有马拉松，有些城市可能我这辈子都不会去，马拉松为我和城市搭建了桥梁，而我也要尽我所能地用镜头去传递跑者之美和城市之美。”刘励文说。马拉松让摄影师们有机会去不同的城市展现不同的风景，而马拉松摄影大赛自2017年诞生以来，将这些作品一一呈现在大众面前，让你我足不出户依然能够踏遍千山万水。如今，马拉松摄影大赛已进入第三届，让我们一起期待跟随摄影师们去领略新的风景！
杭州体育班主任不得了 带全班学生和家长跑马拉松,钱江晚报·小时新闻记者 高华生马拉松赛场上的各色“跑团”中，他们不是跑得最快的，却肯定是最别样。#全班学生和老师、家长完赛后一起合影##赛前大家一起热身#11月24日，2019桐庐国际半程马拉松在美丽的富春江畔举行。当天的这场运动盛会共吸引了6000多名跑步爱好者参加，其中有一个特殊的群体要跟大家介绍一下——杭州市安吉路实验学校801班。801班32名学生（有几名学生因为身体原因缺席），加上体育老师班主任厉亮亮和10几位家长组成了一个“跑团”，并成功完成了桐庐国际半程马拉松10公里健身跑。很多学生和家长完成了人生中第一个马拉松，他们成了当天马拉松赛场最别样的风景线，这一切离不开安吉路实验学校801班体育班主任厉亮亮——他的胆子真不小。#体重220斤的张嘉诚突破自我#“他发朋友圈（说），10公里我不慌的！”“我原以为他会走下来，没想到他居然跑下来了。”“每一个胖子都是潜力股，他以后能成帅哥，全身肌肉（的那种）。”同班同学七嘴八舌的“调侃”，是对张嘉诚最大的褒奖。身高1米8多一点，体重却超过220斤的张嘉诚，是大家最担心的困难户。“从来没有跑过这么远的距离，感觉完成了一项壮举，特别自豪。”1小时25分钟，在1小时30分的10公里跑关门时间内完成了比赛，张嘉诚完成自己人生最大的突破和壮举，要知道以前他是个跑800米都心慌的长跑恐惧者。“以前跑800米，听到别人说心里已经特别慌张。后来厉老师当我们班主任，时不时就让我们跑800米，后来增加到1000米，经常测试，跑多了就没那么怕了，跑完看看就那么回事嘛。”张嘉诚说，上次班级10名同学和班主任厉老师一起跑完杭马，他内心就特别赞叹，自己身边的同学完成了一个壮举，也被感染了。这次桐庐马半程马拉松10公里，虽然自己体重最大的，也一定要报名参加，“跑不动，坚持跑啊，走也要走完，不会中途就放弃。”#全班赛道上合影#“10公里，我想要不试试看。班级很多人参加马拉松，我也想试试。尽量跑多一点，少走一点。”眉目清秀的史昊生是801班另外一个运动“困难户”，说他“困难”并不是说他身体条件够不上，而是他平时比较宅，不爱动，让爸爸妈妈急得不行。不过这次的桐马，史昊生却被全班的跑马氛围感染，动了报名的心思，甚至和同学叶文韬打赌——他赢了（完赛），叶文韬要借他几本书。爸爸妈妈高兴又担心：高兴的是，儿子难得主动报名参加比赛；担心的是，儿子到底行不行。后来爸爸史伟报名参赛陪跑。“跑到8公里那段路的时候，脚特别疼，跑完了又感觉特别舒服。以后可能会有更多的运动尝试。”完成了自己人生第一个马拉松后，“宅男”史昊生看上去还是那么冷静，不过1小时多一点就跑完10公里，也让他看到了自己运动的潜力。#右二是叶文韬，完赛后和同学在一起#如果不是班主任厉亮亮，叶文韬可能从来不会参加学校运动会，他们一家也不会爱上运动，更谈不上去跑马拉松。“我们孩子以前从来没有参加过（学校）运动会，直到今年参加校运会1500米比赛，得了第六名。”这次跑团中，叶文韬一家三口都完成了10公里赛程，这在两年前几乎难以想象的。第一次参加校运会、第一次跑马、身高蹿了一大截，老公从一个不怎么运动变成了一个每天要跑5公里的运动达人，叶妈妈陈伟慧说这一切都是从体育老师厉亮亮担任801班班主任开始。“原先体质很差，都没跑过的。我现在每天5公里，在我的带动下，他周末的时候跟我们跑10公里，现在体质完全不一样了。”爸爸叶人海告诉本报记者，体育班主任厉亮亮鼓动他们一家跑步锻炼。说体育和学习是促进、相辅相成的，这些话他和老婆都听见去了，自己先开始改变，没想到一家三口生活习惯都发生了翻天覆地的变化。#4月份叶文韬和妈妈陈伟慧苏马8公里完赛合影#“之前我不喜欢参加运动会，不想也不敢参加，因为觉得太累了。后来六年级厉老师当我们班主任以后，受到影响还是比较大的。4月份苏州马拉松，我自己想报，平时在西湖边跑，参加马拉松就像阶段性检测，很有成就感。”因为平时经常跑步，今年校运会叶文韬有了参加的勇气，没想到第一次参加校运会1500米，就拿到了第六名。这次桐马10公里，叶文韬用时51分就跑完了。他告诉本报记者，最后一公里有200米感觉大脑缺氧，有点想停下来走，坚持一下还是跑下来了。“第一次参加苏马，当时想想都害怕。路上脚上跑了两个水泡，和孩子一起坚持下来非常有成就感。”陈伟慧最欣慰的是，上半年苏州马拉松的时候，儿子还没她高，现在已经比她高了，她把这个归功于跑步。#801班学生比赛途中#刘羿骋爸爸刘斌见到记者就说，要给801班点赞，给班主任厉老师点赞。“不光801班是‘学即学 玩则玩’班级文化的受益者，很多家长，我自己都是这个班级文化受益者。我经常要写东西，以前经常很晚睡觉，早上起得也晚。自从受厉老师和801班影响，现在早上都是五六点钟起床去跑步，喜欢跑步，你会发现熬夜的习惯就变了，包括饮食、爱好兴趣，整个人都不一样了。”刘斌说自己真的是受益匪浅，深刻体会到身体好了才能谈学习、谈未来。他告诉本报记者，工作以后基本没怎么跑步，一家三口第一次锻炼，他跑了2.4公里就跑不动了，儿子也是，跑了3公里左右就上气不接下气喘得不行。但就是这样循序渐进坚持下来，一家人完成了苏州马拉松（8公里），也尝到了运动带来的好处与乐趣。“现在不管出差到哪里，第一要带的是跑鞋和两套运动装备。到哪个地方去，先找旁边哪里有（跑步）打卡路线。他妈妈膝盖不好，就隔天去游泳。今年杭马我们没中签，跟儿子说，我们报个线上10公里，也可以参与一下。这次桐庐马拉松参加10公里，而且是全班一起，到酒店后我们就迫不及待穿上了红色战衣（马拉松T恤）。”#很多家长也完成了10公里，体育班主任改变了班级不少家庭生活习惯#“被厉老师改变最大的是我，我是一个意外的收获。对我儿子来讲，原本比较文弱，现在阳光起来了。”曹绚是801班的学霸，经常在年级考试中名列前茅，学习不太要家人操心。小时候练了五六年的游泳，曹绚的身体素质一直还可以，不过进入初中后运动减少了。厉亮亮成为班主任后，为了鼓励孩子多动动，以前体育课800米从来没有及格的曹绚妈妈董铃和孩子爸爸也动起来了。“孩子有点担心我10公里能不能跑下来。这次参加10公里，就是给孩子做一个榜样嘛，来之前我也给自己做了个测试，10公里跑了1小时19分。请了好几个同事监督我，在学校操场跑25圈（中国计量大学），体军部老师在操场看我跑，跑完后跟我说，明年运动会你可以报名参加了。要知道以前每年的运动会我都不参加的，这次真的突破自我了。”跑团当中还有一位是“插班生”——802班的顾安迪。顾安迪妈妈陈海芬告诉本报记者，一家人都没有体育基因，孩子爸爸读书的时候体育不及格，他也挺差的，顾安迪一到六年级从来没有参加运动。六年级厉亮亮担任孩子班级体育老师后，鼓励孩子锻炼，还鼓励他参加运动。今年自己主动报了400米、800米和400米接力，居然拿到了三等奖，一家人都特别开心。“拿奖后我和他爸爸第一感觉是震惊，那两块牌子他放在书柜，照片拍了又拍，证书也是。这次他回家说，一班的同学全都参加马拉松了，他也要去。他说厉老师班里的女生都能跑下来，自己肯定也能跑下来。我们也特别支持，这次就陪他过来了。”#厉亮亮和儿子小米一起跑完10公里，他们影响了班级很多家庭#“他胆子很大。”陶泓羽妈妈林敏这样评价班主任厉亮亮带全班孩子出来跑马拉松。不过，有这么一个班主任，她是最开心的。女儿陶泓羽以前每次800米跑都是倒数，以致她一直焦虑女儿的中考体育，直到厉亮亮成为801班的班主任。“体育老师当班主任，担心的肯定有，开始大部分家长都担心。我作为一个家长第一反应是开心，因为我们孩子体育一直很差的，中考体育就是拦路虎。而且我们是女孩子，跟着男老师性格方面会开朗一点。后来果然跟我想的那样，进了六年级后，女儿性格完全变了，以前一声不响偏内向，现在话多唠叨，开朗了。”“都是语文、英语老师当班主任比较多一点。开始第一感觉：很意外，感觉不可思议。稍微有点小疑问：文化课和别的班比起来会不会有点劣势？这两年下来感觉非常踏实。初中生压力很大的，除了学习之外身体综合素质还是要跟上的。厉老师让孩子懂得感恩，这些很重要。”刘语彤妈妈周春兰告诉本报记者，一家人本来就有运动习惯，女儿从小学开始参加运动会经常能拿冠军，所以厉亮亮老师刚开始接班主任的时候，她和不少家长一样有点担心对孩子的学习会不会有影响。不过半个学期下来，她觉得放心了。“别人都是多一事不如少一事，带学生跑马拉松是给自己找事，你胆子怎么这么大？”采访的最后，本报记者心里的这个疑问最终还是没忍住。“如果胆子小，什么东西都不敢尝试，一成不变倒是简单得很。既然是体育老师当班主任，我觉得应该有自己的特点与优势，也是孩子们喜欢这个班集体的原因！也是班级孩子更阳光更健康的原因！我何必畏首畏尾！不怕把事搞大！”厉亮亮说，为了让孩子安全跑完马拉松，比赛前后他和家长一起做了细致的准备：包括周五开展马拉松班会课，讲解注意事项；家长监管到位，休息定时打卡；甚至安排了短途投保等等。11月24日当天晚上，微信群里每一个家长安全回家的信息确认后，厉亮亮自己才安心休息。[学生和家长的心里话]千里之行始于足下，10km对于不爱运动的孩子而言似乎很遥远，开始了就能到达。亲身体验是最好的教育，鼓励孩子们拥有让不可能成为可能的勇气。感谢班主任厉老师的带领，801大家庭一起进步。—李沛辰妈妈意念真是神奇的东西，它可瞬间恢复你的体力和毅力，使我神奇般地跑完10公里。是的，坚持就是胜利。非常感谢厉老师组织这次活动，也让我看到王惟可在运动上的潜能。——王惟可妈妈参加马拉松让我懂得了人生就像是一场马拉松，一路上不管遇到多大困难，一定要坚持，要克服，坚持到最后就是胜利！——赵奕铃人生的第二次马拉松，感慨万千。2019年真是个充满挑战的一年，从年初第一次参加苏马的惴惴不安，到年末桐庐马拉松的坦然面对，从叶文韬是班级长跑的垫底到这次的第五，爸爸也是坚持了一年每天跑西湖，终于有机会参加了马拉松，我们全家总动员在此相聚。时间是最好的证明，这脚踏实地的一路跑来，有汗水也有泪水。——叶文韬妈妈遗憾错过杭州马拉松，今天如愿参加了桐庐马拉松。全程10公里，人生的第一次长跑，也是和孩子一起参与的第一次马拉松，过程和结局都相当的完美。以前总觉得马拉松是那么的遥不可及，像我这种普通人怎么能够完成！今天，女儿和我都圆满地挑战成功了，当跑到终点的那一瞬间，眼眶有些湿润，连声音都有些颤抖。那时，我觉得我们棒极了，对，我们都是自己的超级英雄！——刘语彤妈妈汗水与坚持共同铸造出了这次马拉松的胜利结果，孩子的坚持让我感动，第一次觉得他好厉害，希望下次还能更好！一一一史昊生妈妈
最全干货！跑者常见的膝关节损伤指南,每年当跑者们开始备战马拉松的时期，这也是膝关节疼痛的高发期。而且有个十分有趣的现象，新手跑者的周跑量在达到24~32千米时会出现膝关节疼痛，而第一次参加马拉松比赛的跑者会在跑了23~26千米时出现膝关节疼痛。对于跑者来说，膝关节是最常见的损伤部位，绝大多数跑者在不同阶段都出现过膝关节疼痛问题。下面，我们就一起来看看跑步中常见的膝关节损伤。髌股关节综合征髌股关节综合征包括髌骨周围疼痛和不适在内的一系列症状，通常是由于髌骨活动轨迹问题引起的。屈膝时，髌骨并不是在股骨上平滑地移动，而是产生一定的摩擦力，引起髌骨后侧的软骨软化或磨损。绝大多数髌股关节疾病都可以通过非手术疗法得到改善。改善计划侧重于增加柔韧性和加强股四头肌和腘绳肌的力量。在康复期间，应避免锁定膝盖，也应避免任何极端的弯曲姿势（盘腿而坐、跪着或下蹲）或腿部过伸姿势（将腿伸靠在咖啡桌上）。髌腱炎髌腱炎是一种过度使用性损伤，主要特点包括股四头肌无力、髌腱上方压痛和轻微肿胀。对于绝大多数跑者，损伤会发生在完成日常跑步内容之外额外的训练时，例如爬坡跑、体能训练或增强式训练后。对于急性病例，建议批准使用10 天非甾体类消炎药（如果可以忍受的话）。正常情况应该进行一个增强力量训练计划，侧重于股四头肌的拉伸和加强。冰敷按摩可能会有一些好处。前交叉韧带（ACL）和后交叉韧带（PCL） 损伤前交叉韧带（ACL）和后交叉韧带（PCL） 位于膝关节腔内，其限制股骨在胫骨上的向前向后运动。相比较来说，前交叉韧带（ACL）更易损伤，但是跑步造成二者皆损伤的情况很少。交叉韧带往往是受到十分强烈的创伤才会断裂，大部分跑者是由于参加了剧烈运动项目而出现了交叉韧带损伤。后交叉韧带（PCL）的损伤方式基本相同，交替运动模式易造成损伤。突然的制动、急停或膝关节旋转和过伸都会引发膝关节的这些损伤，是膝关节韧带损伤的潜在危险因素。交叉韧带损伤的治疗方案是外科手术。最好的方案就是尽快做手术，只有这样才能避免其他损伤发生。内侧副韧带（MCL）和外侧副韧带（LCL）损伤内/外侧副韧带可以限制膝关节内外侧过度活动。这种损伤通常在足球、橄榄球和滑雪运动中比较常见。在跑步中一个突然的倒地，或是被东西绊倒都容易扭到脚踝，这些足以引发膝关节韧带损伤。无论损伤程度如何，都应对膝关节进行PRICES处理。轻度损伤可能仅需要使用弹性绷带加压包扎和支撑。但是，中度或重度损伤时应使用膝关节固定支具。损伤的康复以增强膝关节内侧肌肉力量为主要目的。半月板损伤半月板撕裂是半月板最常见的损伤，见于半月板外缘、中间、内缘或两端（前角或后角）。半月板撕裂通常伴随膝关节的扭转运动、过度屈曲或过度伸展损伤。半月板撕裂的人通常主诉关节线处疼痛、下肢无法承重、跛行以及关节弹响、被卡住或绞锁现象。无法完全屈伸膝关节，并可能出现一定程度的肿胀。半月板撕裂需要通过手术移除整个半月板（称为半月板切除术）。但是，由于关节镜手术（小型手术器械通过小孔进入膝关节内）的普及，取出一小块撕裂的组织就能够治疗半月板撕裂。根据半月板撕裂位置的不同，有时候可以通过外科手术将撕裂组织重新缝合到一起。在半月板损伤或手术后的康复初期，不要进行患侧腿负重的运动。水疗是帮助重建关节活动度和肌肉力量的理想方法。随后可在承受范围内循序渐进地开展负重运动。脂肪垫综合征脂肪垫综合征也称作Hoffa综合征。膝关节周围存在很多脂肪垫，起缓解撞击力摩擦以及缓冲的作用。伸展膝关节时，脂肪垫可能会卡在髌骨和股骨之间，导致髌骨受到撞击而引发脂肪垫炎症反应。会出现膝下部压痛、肿胀及伸膝时疼痛的症状。初损伤期坚持冰敷，每小时冰敷10分钟。还可以进行超声波治疗。以上内容来自《运动防护指南：运动损伤的预防、评估与恢复》《运动损伤的预防、治疗与恢复》
两男人故意争倒数第一 高调炫耀升职加薪,上周，铜陵半程马拉松落下帷幕。比赛有感动，也有尴尬。最后一名选手受到了英雄般的对待，比冠军还风光！组委会不仅为他上台颁奖，献上花环，媒体的聚光灯一直闪个不停。跑倒数第一应该尴尬吗？有些选手或许会羞于表达，毕竟成绩已经渣到底了。但我们赞赏第一名的拼搏精神，也敬佩最后一名坚忍不拔的毅力，只要能够坚持下来，他们都应该得到尊重。然而，距离比赛还有几秒钟结束，这两名选手居然表演起来。红衣选手和黑衣选手看着计时钟，仿佛时间停止一样，敌不动我不动，就等临近关门的那一秒卡点冲线。这一幕很搞笑，但也无可厚非。在跑步精疲力竭的时候，还能想着争倒数第一，这已经没多少马拉松精神了，更多的是一种娱乐。跑马拉松本身也是一种娱乐。然而，当争抢倒数第一成为一种荣耀，高调炫耀，甚至还能有奖金，能改变命运，能升职加薪时。两名选手这一幕就很尴尬，很丢人。据了解，铜陵马拉松倒数第一这名选手，在开赛前一天就“立志”倒数第一。因为组委会竞赛规程里写明，半程最后一名有荣誉颁奖仪式。荣誉二字现在看来多么的讽刺！不曾想，争倒数第一的不止他一人，还有另外一名红衣选手，于是出现了前面尴尬的一幕。更难以想象的是，倒数第一名高调炫耀，居然受到了公司的嘉奖，改变了命运，升到总部。这多可笑？多讽刺？有场赛事为鼓励马拉松不放弃的精神，甚至设立倒数一二三名的奖励。男女倒数一二三名均可获得100元的奖金。到时候会不会出现，众多选手争抢倒数一二三名的尴尬一幕？为出风头故意争倒数第一名，又因倒数第一改变命运，已经变味了。这事不值得炫耀！人要有羞耻心的！（跑马去旅行）
马拉松更好的恢复 为了更高的挑战！,2019年上海马拉松落下帷幕，高温给这场年尾的“期末考试”添加了不小的难度。成绩不如意、退赛、猝倒，很多跑友在2019年上海马拉松没能给出满意的答卷。但上马已经过去了，为了更好的迎接之后的挑战，此后的一个月调整恢复尤其重要。本期我们就上马后一个月训练计划做一个框架安排。大家都清楚，现在大众马拉松训练不仅仅是单一训练这一狭窄的范围，而是几乎涉及到社会生活的各个方面，跑步已成为广泛联系的社会活动，这就决定了左右训练的因素也多了。但作为一个对成绩有追求的严肃跑者，为来年训练比赛谋篇布局是必须的。马拉松是典型体能主导的耐力性项目，训练安排中，准备期高效率的负荷积累尤其关键，冬训就是这个积累的黄金期，它对明年训练水平的提升乃至整个赛季竞技状态稳定呈现都是至关重要的。为保证整个冬训期的训练质量，冬训之前的调整恢复也显得格外重要，而上马结束到冬训开始前这一个月时间就是非常重要的调整恢复窗口期。可能有朋友会疑惑：上马前我训练的非常系统，竞技状态也特别好我为什么要调整？接下来我给大家讲一下这个原因。对训练计划的安排，运动训练学上有一个非常重要的“系统持续与周期安排”原则。它是指：运动员应该系统持续地从事运动训练，并应分阶段作出周期性安排的训练原则。为了在训练中实现人体的适应性改造，运动员需要多次承受运动负荷，渐进地提高自己的竞技水平。持续的运动训练可使训练效果不断累加，而训练活动的间断则会降低训练效果，世界优秀选手都是在多年系统训练过程中培养出来的。而物质运动普遍存在的周期性特征也清晰地存在于运动训练过程中。人体运动能力的周期性提高、竞技状态的周期性变化、重大赛事的周期性举办，都提示我们，周期性的安排好运动训练过程，处理好负荷与恢复、训练与竞赛的有机联系，是设计、组织运动训练过程的重要原则。系统训练与周期安排原则的科学基础主要有三条：01人体运动生物适应的长期性人体对训练负荷的生物适应必须通过有机体自身的各个系统、各个器官、各条肌肉乃至各个细胞的变化，一点点地去实现。它不仅涉及生理、心理等各个方面，同时又受先天、后天因素的影响，因此人体机能的适应性改造（包括中枢神经系统功能的改造）不是短期内所能奏效的。02运动训练效应的不稳定性当训练的系统性和持续持续性遭到破坏出现间断或停顿的时候，已获得的训练效应也会消退以至于完全丧失。为了避免体能、技能的消退，克服训练效应的不稳定性，必须在训练效应产生并保持一定时间的基础上重复给予负荷，使得训练负荷的积极效应得到强化和累积，使运动能力得到不断改进和完善。03人体生物适应过程的周期性人体在训练负荷下的生物适应过程，不仅是长期的，同时也是分阶段实现的。机体对一次训练负荷的反应可分为工作（疲劳）、适应、恢复和训练效应消失等几个阶段。在更长一些时间跨度内，如几个月至一年的训练过程中，运动员机体能力的变化同样经历着不同阶段，这就是竞技状态的提高、保持和下降的三个阶段。为了在重要比赛中创造出优异成绩，运动员总是力求通过科学的训练与安排使自己从生理上和心理上做好充足的准备，在比赛中最大限度地动员机体的潜力，把自己在训练中获得的竞技能力最充分地发挥出来，创造优异的成绩，这个比赛的状态就是咱们通常讲的竞技状态。但运动员良好的竞技状态有着明显的时限性，不可能始终处于最佳竞技状态。机体在高度的紧张动员之后，必然要进入一个调整阶段，以便在生理上和心理上得到充分的恢复，然后重新动员起来重新进入新的训练周期。所以运动训练过程的组织实施也必须遵循其周期性的特点，有步骤、有秩序地进行。如全程性的多年训练计划依次分为基础训练阶段、专项提高阶段、最佳竞技阶段及高水平保持阶段。一个持续2—6个月的训练大周期，依次分为准备期、比赛期及恢复期；一次训练课也依次分为准备部分、基本部分和结束部分。———蹲下是为了更高的跳起，现在不少跑友甚至跑圈大神，调整的时候下不来，该顶的时候上不去，不上不下的状态徘徊了一年又一年，其实就是训练原则没把握好。说了这么多，不管上马PB与否、成绩是否如意，大家都完全可以充分享受这一个月的调整时光，彻底地放松一下。把跑量降到你常规训练量的1/3~1/4，同时做一些交叉训练，比如游泳、自行车，核心及小肌肉群力量训练（特别是膝、踝关节的练习）。利用调整时间尽快调理伤病也是非常关键的，及时治疗加充分的休养可使伤病恢复事半功倍。当然放松不意味着放纵，规律的生活作息永远都是身体机能恢复的重要措施。这里还要单独提出，有一部分跑友虽然参加了上马，但是上马之前并不是系统性的规律训练（以月为单位），这部分人并不在这次建议的对象之中。（98跑）
秋冬季跑步该怎么穿？遵循这个原则就对了,一股强劲的寒潮来袭，让江南大部分地区在11月下旬还在穿短袖的反常情况一去不复返，真正的秋冬季已经全面来临。虽然全球气候变暖是显而易见的，但秋冬季毕竟还是秋冬季，秋冬季跑步应该怎样穿着呢？秋冬季跑步在着装方面最容易犯的一个错误就是为了保暖，而穿得太多。秋冬季在静坐情况下，你当然需要多穿一些才不会觉得冷。但跑步就完全不是这样了，事实上，跑步时产热量是安静时的8-10倍，甚至更多。由于大量产热，一般来说你即使穿得很少也不会感到冷，而如果穿太多妨碍散热，反而可能导致汗水闷在体内，使得贴身衣服迅速变潮，让你感觉很难受。更为麻烦的是，当你跑步结束后，身体产热减少时，贴上衣服里的汗水慢慢就会凉下来，你会感到十分冰凉，许多人还会因此导致感冒。其实，秋冬季跑步你的穿着是否合适用一个标准衡量就是：出门时你感觉冷不冷，凉不凉，如果感到冷，想迅速跑起来驱寒，这样的感觉就对了！因为这样跑开后，你压根就不会再感觉到冷，同时也不会因为穿太多而导致闷热不堪。如果出门时你感觉不到冷，那么跑开后，你一定热到不行，得脱衣服。在北方已经全面供暖之时，我国的南方，比如海南、广西、广东乃至福建却是进入了最为舒适的跑步季节，这些地方的冬天一般也有10来度，甚至将近20度，并不是特别冷，所以在这些地方冬季跑步没有必要里三层外三层地穿很多，甚至短裤短袖就够了。因此，如果要告诉跑友冬季跑步如何穿衣，那么就应该按照不同温度进行分类指导。如果只是告诉北方跑友如何在冰天雪地中如何着装，你让地处广州、深圳、海南的跑友情何以堪呢？所以，冬季不比夏季。夏季，全国各地都是二三十度，大家都一样的穿短裤短袖跑步，但想告诉广大跑者冬季跑步如何着装，着实难以照顾到全国各地的跑友。为什么？冬季全国各地气温差别实在太大，在哈尔滨跑步你试试看穿着单薄外出跑步？而在南方，跑者却正享受着最舒服的跑步季节，为什么厦马是在每年元旦节举行，不就因为那时的厦门不冷不热，气候适宜嘛。秋冬季跑步怎么着装，归结为一点，就是根据温度来随时增减装备。1、15度以上在祖国的南方，秋冬季15-20度很常见，平时大家穿个外套就够了，跑步时肯定要比平时穿得少，对于这些地方的跑者来说，短裤短袖就足够了。如果感觉稍显冷，那么长裤也是可以的，但要注意要买那种修身细长的跑步长裤，而不要买肥大的普通运动长裤。在上衣选择方面，短袖外加一件皮肤衣足矣。皮肤衣在刚开始跑步时穿着，跑热了之后脱掉系在腰上很方便。2、5-15度在5-15度气温下，跑步时仅仅穿着短裤短袖肯定是有些偏冷了。这时应该如何穿着呢？贴身穿中等厚度的运动型长袖：这类衣物大多由混合面料制成，具有紧身或者贴身效果，一方面可以达到排汗效果，另一方面也具有一定保暖作用。压缩裤加跑步短裤是最常见穿法：冬季穿长裤跑步肯定是需要的。但由于长裤一般不具备紧身效果，出汗后会黏在腿上很不舒服，会妨碍到跑步，所以压缩裤或者弹力裤是这个温度下跑友最主要的选择。很多跑者分不清弹力裤和压缩裤的区别。所谓弹力裤是指由弹性材料，利用其弹性包裹整个腿部的运动长裤，耐克、阿迪达斯、安德玛等运动品牌提供的基本都是弹力裤，弹力裤的特点是各处弹力相等，也即对于下肢各处基本提供相同的压力，弹力裤制造工艺相对较为简单，成本较低，几百元一条。而真正的压缩裤必须提供梯度压力，也即越往小腿弹力越大，越往大腿弹力越小，正是因为这一点，压缩裤往往穿着费劲，且工艺复杂，价格当然也更加昂贵，动辄上千元一条。一半而言，弹力裤就足够好，土豪们则可以随意采购压缩裤。跑友会问跑步时需要在压缩裤外面再穿一条运动长裤吗？答案：一般是不需要的。但短裤一般需要穿在外面，起到保护隐私部位的作用。当然，为了轻便，你也可以在5-15度温度下采用，长袖+短裤+压缩袜的方式，这样既避免了穿得太多不舒服，也不会因为仅仅穿短裤而让腿部受冻。3、5度以下北方冬季寒冷，无论是晨跑还是夜跑，都会面临低温，在5度以下温度该怎么穿呢？贴身衣服建议穿着带有抓绒面料，偏厚一点的贴身运动长袖。当然，如果只是这样穿，你可能还是会觉得冷，需要在长袖外面再穿一件。穿什么呢？如果穿一件卫衣或者长袖外套，的确可以起到防风保暖作用，但跑开后你就会感觉比较闷热，由于外套厚重，这时脱掉外套系在腰间又不是很方便。所以外面穿一件轻薄的羽绒背心应该是最佳选择。羽绒背心一方面可以帮助你保持核心体温，另一方面，你的胳膊部位又能充分散热，同时还不会影响摆臂。在下半身装备选择方面，与之前一样，压缩裤/弹力裤配运动短裤的方式。视情况而定的冬季跑步装备：帽子、手套、魔术头巾等。头颈部是冬季暴露最大的部位，为了减少风吹过头颈部造成的不适，可以带帽子或者使用魔术头巾，手套则要看个人习惯。冬季跑步穿着是否合适的基本标准就是出门时如果你感觉挺冷，这就对了，跑起来后你就不会冷，而如果出门是感觉不冷，那么你一定穿多了。（慧跑）
